%time,field.data
1732437677046987767,0.04813301935791969
1732437677046987767,0.04813301935791969
1732437677058488142,0.04813301935791969
1732437677058488142,0.04813301935791969
1732437677068754058,0.04813301935791969
1732437677068754058,0.04813301935791969
1732437677079064057,0.04813301935791969
1732437677079064057,0.04813301935791969
1732437677089470944,0.04813301935791969
1732437677089470944,0.04813301935791969
1732437677100006992,0.04813301935791969
1732437677100006992,0.04813301935791969
1732437677110968886,0.04813301935791969
1732437677110968886,0.04813301935791969
1732437677121175003,0.04813301935791969
1732437677121175003,0.04813301935791969
1732437677132435894,0.04813301935791969
1732437677132435894,0.04813301935791969
1732437677143065465,0.04813301935791969
1732437677143065465,0.04813301935791969
1732437677153518278,0.04803256690502167
1732437677153518278,0.04803256690502167
1732437677163773651,0.04803256690502167
1732437677163773651,0.04803256690502167
1732437677175050215,0.04803256690502167
1732437677175050215,0.04803256690502167
1732437677185656191,0.04803256690502167
1732437677185656191,0.04803256690502167
1732437677195794040,0.04803256690502167
1732437677195794040,0.04803256690502167
1732437677206200667,0.04803256690502167
1732437677206200667,0.04803256690502167
1732437677216835607,0.04803256690502167
1732437677216835607,0.04803256690502167
1732437677227202491,0.04803256690502167
1732437677227202491,0.04803256690502167
1732437677237382247,0.04803256690502167
1732437677237382247,0.04803256690502167
1732437677247634898,0.048250067979097366
1732437677247634898,0.048250067979097366
1732437677257756978,0.048250067979097366
1732437677257756978,0.048250067979097366
1732437677268400003,0.048250067979097366
1732437677268400003,0.048250067979097366
1732437677278661281,0.048250067979097366
1732437677278661281,0.048250067979097366
1732437677288812090,0.048250067979097366
1732437677288812090,0.048250067979097366
1732437677300292522,0.048250067979097366
1732437677300292522,0.048250067979097366
1732437677310904221,0.048250067979097366
1732437677310904221,0.048250067979097366
1732437677321550397,0.048250067979097366
1732437677321550397,0.048250067979097366
1732437677331918917,0.048250067979097366
1732437677331918917,0.048250067979097366
1732437677342250967,0.048250067979097366
1732437677342250967,0.048250067979097366
1732437677352615616,0.048866868019104004
1732437677352615616,0.048866868019104004
1732437677362708921,0.048866868019104004
1732437677362708921,0.048866868019104004
1732437677372972613,0.048866868019104004
1732437677372972613,0.048866868019104004
1732437677383314841,0.048866868019104004
1732437677383314841,0.048866868019104004
1732437677393975641,0.048866868019104004
1732437677393975641,0.048866868019104004
1732437677404448109,0.048866868019104004
1732437677404448109,0.048866868019104004
1732437677414669122,0.048866868019104004
1732437677414669122,0.048866868019104004
1732437677424847004,0.048866868019104004
1732437677424847004,0.048866868019104004
1732437677435120044,0.048866868019104004
1732437677435120044,0.048866868019104004
1732437677449239176,0.048756539821624756
1732437677449239176,0.048756539821624756
1732437677459687821,0.048756539821624756
1732437677459687821,0.048756539821624756
1732437677470517663,0.048756539821624756
1732437677470517663,0.048756539821624756
1732437677481128197,0.048756539821624756
1732437677481128197,0.048756539821624756
1732437677491663934,0.048756539821624756
1732437677491663934,0.048756539821624756
1732437677502294926,0.048756539821624756
1732437677502294926,0.048756539821624756
1732437677512597811,0.048756539821624756
1732437677512597811,0.048756539821624756
1732437677522785623,0.048756539821624756
1732437677522785623,0.048756539821624756
1732437677533328619,0.048756539821624756
1732437677533328619,0.048756539821624756
1732437677543998918,0.047976840287446976
1732437677543998918,0.047976840287446976
1732437677554434716,0.047976840287446976
1732437677554434716,0.047976840287446976
1732437677564752913,0.047976840287446976
1732437677564752913,0.047976840287446976
1732437677575394015,0.047976840287446976
1732437677575394015,0.047976840287446976
1732437677585830828,0.047976840287446976
1732437677585830828,0.047976840287446976
1732437677596108085,0.047976840287446976
1732437677596108085,0.047976840287446976
1732437677606404076,0.047976840287446976
1732437677606404076,0.047976840287446976
1732437677616881916,0.047976840287446976
1732437677616881916,0.047976840287446976
1732437677627428790,0.047976840287446976
1732437677627428790,0.047976840287446976
1732437677637996800,0.047976840287446976
1732437677637996800,0.047976840287446976
1732437677649135635,0.04829064756631851
1732437677649135635,0.04829064756631851
1732437677659767240,0.04829064756631851
1732437677659767240,0.04829064756631851
1732437677670088979,0.04829064756631851
1732437677670088979,0.04829064756631851
1732437677680832620,0.04829064756631851
1732437677680832620,0.04829064756631851
1732437677690953888,0.04829064756631851
1732437677690953888,0.04829064756631851
1732437677701122231,0.04829064756631851
1732437677701122231,0.04829064756631851
1732437677711484270,0.04829064756631851
1732437677711484270,0.04829064756631851
1732437677721691296,0.04829064756631851
1732437677721691296,0.04829064756631851
1732437677731939639,0.04829064756631851
1732437677731939639,0.04829064756631851
1732437677742017446,0.04829064756631851
1732437677742017446,0.04829064756631851
1732437677752228250,0.047939807176589966
1732437677752228250,0.047939807176589966
1732437677762661217,0.047939807176589966
1732437677762661217,0.047939807176589966
1732437677773066051,0.047939807176589966
1732437677773066051,0.047939807176589966
1732437677783708184,0.047939807176589966
1732437677783708184,0.047939807176589966
1732437677794338015,0.047939807176589966
1732437677794338015,0.047939807176589966
1732437677804493496,0.047939807176589966
1732437677804493496,0.047939807176589966
1732437677814976927,0.047939807176589966
1732437677814976927,0.047939807176589966
1732437677825242381,0.047939807176589966
1732437677825242381,0.047939807176589966
1732437677835621237,0.047939807176589966
1732437677835621237,0.047939807176589966
1732437677846208790,0.049131136387586594
1732437677846208790,0.049131136387586594
1732437677856563049,0.049131136387586594
1732437677856563049,0.049131136387586594
1732437677866845376,0.049131136387586594
1732437677866845376,0.049131136387586594
1732437677877068643,0.049131136387586594
1732437677877068643,0.049131136387586594
1732437677887274494,0.049131136387586594
1732437677887274494,0.049131136387586594
1732437677897501139,0.049131136387586594
1732437677897501139,0.049131136387586594
1732437677908166258,0.049131136387586594
1732437677908166258,0.049131136387586594
1732437677918342969,0.049131136387586594
1732437677918342969,0.049131136387586594
1732437677928395910,0.049131136387586594
1732437677928395910,0.049131136387586594
1732437677938826782,0.049131136387586594
1732437677938826782,0.049131136387586594
1732437677949417247,0.04845944792032242
1732437677949417247,0.04845944792032242
1732437677959665774,0.04845944792032242
1732437677959665774,0.04845944792032242
1732437677969927573,0.04845944792032242
1732437677969927573,0.04845944792032242
1732437677980319192,0.04845944792032242
1732437677980319192,0.04845944792032242
1732437677990818841,0.04845944792032242
1732437677990818841,0.04845944792032242
1732437678001430740,0.04845944792032242
1732437678001430740,0.04845944792032242
1732437678012103540,0.04845944792032242
1732437678012103540,0.04845944792032242
1732437678022584234,0.04845944792032242
1732437678022584234,0.04845944792032242
1732437678033077719,0.04845944792032242
1732437678033077719,0.04845944792032242
1732437678043729575,0.048909738659858704
1732437678043729575,0.048909738659858704
1732437678054038691,0.048909738659858704
1732437678054038691,0.048909738659858704
1732437678064350939,0.048909738659858704
1732437678064350939,0.048909738659858704
1732437678074862081,0.048909738659858704
1732437678074862081,0.048909738659858704
1732437678085280023,0.048909738659858704
1732437678085280023,0.048909738659858704
1732437678095617622,0.048909738659858704
1732437678095617622,0.048909738659858704
1732437678106239528,0.048909738659858704
1732437678106239528,0.048909738659858704
1732437678116877074,0.048909738659858704
1732437678116877074,0.048909738659858704
1732437678127116381,0.048909738659858704
1732437678127116381,0.048909738659858704
1732437678137667245,0.048909738659858704
1732437678137667245,0.048909738659858704
1732437678147871144,0.04931595176458359
1732437678147871144,0.04931595176458359
1732437678158291430,0.04931595176458359
1732437678158291430,0.04931595176458359
1732437678168898799,0.04931595176458359
1732437678168898799,0.04931595176458359
1732437678179256105,0.04931595176458359
1732437678179256105,0.04931595176458359
1732437678190280368,0.04931595176458359
1732437678190280368,0.04931595176458359
1732437678200546221,0.04931595176458359
1732437678200546221,0.04931595176458359
1732437678210719911,0.04931595176458359
1732437678210719911,0.04931595176458359
1732437678221064579,0.04931595176458359
1732437678221064579,0.04931595176458359
1732437678231195225,0.04931595176458359
1732437678231195225,0.04931595176458359
1732437678241319632,0.04931595176458359
1732437678241319632,0.04931595176458359
1732437678251675286,0.04995458200573921
1732437678251675286,0.04995458200573921
1732437678262339025,0.04995458200573921
1732437678262339025,0.04995458200573921
1732437678272700803,0.04995458200573921
1732437678272700803,0.04995458200573921
1732437678283197398,0.04995458200573921
1732437678283197398,0.04995458200573921
1732437678293464673,0.04995458200573921
1732437678293464673,0.04995458200573921
1732437678303758444,0.04995458200573921
1732437678303758444,0.04995458200573921
1732437678314423581,0.04995458200573921
1732437678314423581,0.04995458200573921
1732437678324775507,0.04995458200573921
1732437678324775507,0.04995458200573921
1732437678335111365,0.04995458200573921
1732437678335111365,0.04995458200573921
1732437678345495780,0.050422266125679016
1732437678345495780,0.050422266125679016
1732437678355787504,0.050422266125679016
1732437678355787504,0.050422266125679016
1732437678366245797,0.050422266125679016
1732437678366245797,0.050422266125679016
1732437678376919225,0.050422266125679016
1732437678376919225,0.050422266125679016
1732437678386980446,0.050422266125679016
1732437678386980446,0.050422266125679016
1732437678397307196,0.050422266125679016
1732437678397307196,0.050422266125679016
1732437678407613967,0.050422266125679016
1732437678407613967,0.050422266125679016
1732437678418552791,0.050422266125679016
1732437678418552791,0.050422266125679016
1732437678429039117,0.050422266125679016
1732437678429039117,0.050422266125679016
1732437678439652426,0.050422266125679016
1732437678439652426,0.050422266125679016
1732437678449951084,0.05103689432144165
1732437678449951084,0.05103689432144165
1732437678460260808,0.05103689432144165
1732437678460260808,0.05103689432144165
1732437678470542093,0.05103689432144165
1732437678470542093,0.05103689432144165
1732437678481212813,0.05103689432144165
1732437678481212813,0.05103689432144165
1732437678491536353,0.05103689432144165
1732437678491536353,0.05103689432144165
1732437678502021239,0.05103689432144165
1732437678502021239,0.05103689432144165
1732437678513459931,0.05103689432144165
1732437678513459931,0.05103689432144165
1732437678524050545,0.05103689432144165
1732437678524050545,0.05103689432144165
1732437678534511072,0.05103689432144165
1732437678534511072,0.05103689432144165
1732437678544695220,0.04964197427034378
1732437678544695220,0.04964197427034378
1732437678554757269,0.04964197427034378
1732437678554757269,0.04964197427034378
1732437678565049563,0.04964197427034378
1732437678565049563,0.04964197427034378
1732437678576055783,0.04964197427034378
1732437678576055783,0.04964197427034378
1732437678586576342,0.04964197427034378
1732437678586576342,0.04964197427034378
1732437678596772851,0.04964197427034378
1732437678596772851,0.04964197427034378
1732437678607390649,0.04964197427034378
1732437678607390649,0.04964197427034378
1732437678617814718,0.04964197427034378
1732437678617814718,0.04964197427034378
1732437678627955012,0.04964197427034378
1732437678627955012,0.04964197427034378
1732437678638269599,0.04964197427034378
1732437678638269599,0.04964197427034378
1732437678648546284,0.049685288220644
1732437678648546284,0.049685288220644
1732437678658712305,0.049685288220644
1732437678658712305,0.049685288220644
1732437678668857629,0.049685288220644
1732437678668857629,0.049685288220644
1732437678679010716,0.049685288220644
1732437678679010716,0.049685288220644
1732437678689261494,0.049685288220644
1732437678689261494,0.049685288220644
1732437678699825048,0.049685288220644
1732437678699825048,0.049685288220644
1732437678710280871,0.049685288220644
1732437678710280871,0.049685288220644
1732437678720530689,0.049685288220644
1732437678720530689,0.049685288220644
1732437678730776017,0.049685288220644
1732437678730776017,0.049685288220644
1732437678741223109,0.049685288220644
1732437678741223109,0.049685288220644
1732437678751504831,0.04936238378286362
1732437678751504831,0.04936238378286362
1732437678761669132,0.04936238378286362
1732437678761669132,0.04936238378286362
1732437678771852406,0.04936238378286362
1732437678771852406,0.04936238378286362
1732437678781954848,0.04936238378286362
1732437678781954848,0.04936238378286362
1732437678792182935,0.04936238378286362
1732437678792182935,0.04936238378286362
1732437678802293063,0.04936238378286362
1732437678802293063,0.04936238378286362
1732437678812503366,0.04936238378286362
1732437678812503366,0.04936238378286362
1732437678822851825,0.04936238378286362
1732437678822851825,0.04936238378286362
1732437678832973544,0.04936238378286362
1732437678832973544,0.04936238378286362
1732437678843217266,0.049255792051553726
1732437678843217266,0.049255792051553726
1732437678853283486,0.049255792051553726
1732437678853283486,0.049255792051553726
1732437678863695474,0.049255792051553726
1732437678863695474,0.049255792051553726
1732437678874061575,0.049255792051553726
1732437678874061575,0.049255792051553726
1732437678884670257,0.049255792051553726
1732437678884670257,0.049255792051553726
1732437678894761660,0.049255792051553726
1732437678894761660,0.049255792051553726
1732437678905815477,0.049255792051553726
1732437678905815477,0.049255792051553726
1732437678916540191,0.049255792051553726
1732437678916540191,0.049255792051553726
1732437678927183341,0.049255792051553726
1732437678927183341,0.049255792051553726
1732437678940768562,0.049255792051553726
1732437678940768562,0.049255792051553726
1732437678951296104,0.0480322539806366
1732437678951296104,0.0480322539806366
1732437678962020199,0.0480322539806366
1732437678962020199,0.0480322539806366
1732437678972542792,0.0480322539806366
1732437678972542792,0.0480322539806366
1732437678982651387,0.0480322539806366
1732437678982651387,0.0480322539806366
1732437678993505925,0.0480322539806366
1732437678993505925,0.0480322539806366
1732437679004059635,0.0480322539806366
1732437679004059635,0.0480322539806366
1732437679014303009,0.0480322539806366
1732437679014303009,0.0480322539806366
1732437679024695300,0.0480322539806366
1732437679024695300,0.0480322539806366
1732437679034823151,0.0480322539806366
1732437679034823151,0.0480322539806366
1732437679045030970,0.04916149377822876
1732437679045030970,0.04916149377822876
1732437679055274555,0.04916149377822876
1732437679055274555,0.04916149377822876
1732437679065858933,0.04916149377822876
1732437679065858933,0.04916149377822876
1732437679076364203,0.04916149377822876
1732437679076364203,0.04916149377822876
1732437679086748575,0.04916149377822876
1732437679086748575,0.04916149377822876
1732437679097060200,0.04916149377822876
1732437679097060200,0.04916149377822876
1732437679107284787,0.04916149377822876
1732437679107284787,0.04916149377822876
1732437679117369380,0.04916149377822876
1732437679117369380,0.04916149377822876
1732437679127667878,0.04916149377822876
1732437679127667878,0.04916149377822876
1732437679138320050,0.04916149377822876
1732437679138320050,0.04916149377822876
1732437679148629216,0.04934856295585632
1732437679148629216,0.04934856295585632
1732437679159030365,0.04934856295585632
1732437679159030365,0.04934856295585632
1732437679169515927,0.04934856295585632
1732437679169515927,0.04934856295585632
1732437679179654278,0.04934856295585632
1732437679179654278,0.04934856295585632
1732437679190153046,0.04934856295585632
1732437679190153046,0.04934856295585632
1732437679200504682,0.04934856295585632
1732437679210563104,0.04934856295585632
1732437679210563104,0.04934856295585632
1732437679210563104,0.04934856295585632
1732437679220912285,0.04934856295585632
1732437679220912285,0.04934856295585632
1732437679231647773,0.04934856295585632
1732437679231647773,0.04934856295585632
1732437679242424806,0.04934856295585632
1732437679242424806,0.04934856295585632
1732437679252967517,0.05055636912584305
1732437679252967517,0.05055636912584305
1732437679263558947,0.05055636912584305
1732437679263558947,0.05055636912584305
1732437679274141047,0.05055636912584305
1732437679274141047,0.05055636912584305
1732437679284852343,0.05055636912584305
1732437679284852343,0.05055636912584305
1732437679295662967,0.05055636912584305
1732437679295662967,0.05055636912584305
1732437679305885295,0.05055636912584305
1732437679305885295,0.05055636912584305
1732437679316718715,0.05055636912584305
1732437679316718715,0.05055636912584305
1732437679327560616,0.05055636912584305
1732437679327560616,0.05055636912584305
1732437679338050422,0.05055636912584305
1732437679338050422,0.05055636912584305
1732437679348224067,0.049026332795619965
1732437679348224067,0.049026332795619965
1732437679358714971,0.049026332795619965
1732437679358714971,0.049026332795619965
1732437679369150321,0.049026332795619965
1732437679369150321,0.049026332795619965
1732437679379769574,0.049026332795619965
1732437679379769574,0.049026332795619965
1732437679389897854,0.049026332795619965
1732437679389897854,0.049026332795619965
1732437679400272893,0.049026332795619965
1732437679400272893,0.049026332795619965
1732437679410585306,0.049026332795619965
1732437679410585306,0.049026332795619965
1732437679420899312,0.049026332795619965
1732437679420899312,0.049026332795619965
1732437679431517732,0.049026332795619965
1732437679431517732,0.049026332795619965
1732437679441717527,0.049026332795619965
1732437679441717527,0.049026332795619965
1732437679452367415,0.05006543546915054
1732437679452367415,0.05006543546915054
1732437679462723318,0.05006543546915054
1732437679462723318,0.05006543546915054
1732437679472990266,0.05006543546915054
1732437679472990266,0.05006543546915054
1732437679483810581,0.05006543546915054
1732437679483810581,0.05006543546915054
1732437679494141088,0.05006543546915054
1732437679494141088,0.05006543546915054
1732437679504481032,0.05006543546915054
1732437679504481032,0.05006543546915054
1732437679514691936,0.05006543546915054
1732437679514691936,0.05006543546915054
1732437679525086260,0.05006543546915054
1732437679525086260,0.05006543546915054
1732437679535604075,0.05006543546915054
1732437679535604075,0.05006543546915054
1732437679547360996,0.05108068883419037
1732437679547360996,0.05108068883419037
1732437679557665544,0.05108068883419037
1732437679557665544,0.05108068883419037
1732437679567830684,0.05108068883419037
1732437679567830684,0.05108068883419037
1732437679577970177,0.05108068883419037
1732437679577970177,0.05108068883419037
1732437679588076417,0.05108068883419037
1732437679588076417,0.05108068883419037
1732437679598187166,0.05108068883419037
1732437679598187166,0.05108068883419037
1732437679608484080,0.05108068883419037
1732437679608484080,0.05108068883419037
1732437679618542952,0.05108068883419037
1732437679618542952,0.05108068883419037
1732437679628875853,0.05108068883419037
1732437679628875853,0.05108068883419037
1732437679639460972,0.05108068883419037
1732437679639460972,0.05108068883419037
1732437679650071107,0.04953476041555405
1732437679650071107,0.04953476041555405
1732437679660235776,0.04953476041555405
1732437679660235776,0.04953476041555405
1732437679670598301,0.04953476041555405
1732437679670598301,0.04953476041555405
1732437679681080214,0.04953476041555405
1732437679681080214,0.04953476041555405
1732437679691708606,0.04953476041555405
1732437679691708606,0.04953476041555405
1732437679702109534,0.04953476041555405
1732437679702109534,0.04953476041555405
1732437679712403101,0.04953476041555405
1732437679712403101,0.04953476041555405
1732437679722997838,0.04953476041555405
1732437679722997838,0.04953476041555405
1732437679734239441,0.04953476041555405
1732437679734239441,0.04953476041555405
1732437679744330797,0.04959115758538246
1732437679744330797,0.04959115758538246
1732437679754701186,0.04959115758538246
1732437679754701186,0.04959115758538246
1732437679765200006,0.04959115758538246
1732437679765200006,0.04959115758538246
1732437679775761931,0.04959115758538246
1732437679775761931,0.04959115758538246
1732437679786349244,0.04959115758538246
1732437679786349244,0.04959115758538246
1732437679796919094,0.04959115758538246
1732437679796919094,0.04959115758538246
1732437679807096246,0.04959115758538246
1732437679807096246,0.04959115758538246
1732437679817274250,0.04959115758538246
1732437679817274250,0.04959115758538246
1732437679827615075,0.04959115758538246
1732437679827615075,0.04959115758538246
1732437679837805712,0.04959115758538246
1732437679837805712,0.04959115758538246
1732437679847992783,0.04869406297802925
1732437679847992783,0.04869406297802925
1732437679858149855,0.04869406297802925
1732437679858149855,0.04869406297802925
1732437679868451752,0.04869406297802925
1732437679868451752,0.04869406297802925
1732437679878775516,0.04869406297802925
1732437679878775516,0.04869406297802925
1732437679889223000,0.04869406297802925
1732437679889223000,0.04869406297802925
1732437679899700589,0.04869406297802925
1732437679899700589,0.04869406297802925
1732437679910666002,0.04869406297802925
1732437679910666002,0.04869406297802925
1732437679921026140,0.04869406297802925
1732437679921026140,0.04869406297802925
1732437679931478727,0.04869406297802925
1732437679931478727,0.04869406297802925
1732437679941631713,0.04869406297802925
1732437679941631713,0.04869406297802925
1732437679952186847,0.04885778948664665
1732437679952186847,0.04885778948664665
1732437679962447290,0.04885778948664665
1732437679962447290,0.04885778948664665
1732437679972747333,0.04885778948664665
1732437679972747333,0.04885778948664665
1732437679982883016,0.04885778948664665
1732437679982883016,0.04885778948664665
1732437679993119861,0.04885778948664665
1732437679993119861,0.04885778948664665
1732437680003505820,0.04885778948664665
1732437680003505820,0.04885778948664665
1732437680013783418,0.04885778948664665
1732437680013783418,0.04885778948664665
1732437680024202820,0.04885778948664665
1732437680024202820,0.04885778948664665
1732437680034546993,0.04885778948664665
1732437680034546993,0.04885778948664665
1732437680045204886,0.0484648272395134
1732437680045204886,0.0484648272395134
1732437680056302445,0.0484648272395134
1732437680056302445,0.0484648272395134
1732437680066891903,0.0484648272395134
1732437680066891903,0.0484648272395134
1732437680077237397,0.0484648272395134
1732437680077237397,0.0484648272395134
1732437680087500038,0.0484648272395134
1732437680087500038,0.0484648272395134
1732437680098027960,0.0484648272395134
1732437680098027960,0.0484648272395134
1732437680108718915,0.0484648272395134
1732437680108718915,0.0484648272395134
1732437680118891298,0.0484648272395134
1732437680118891298,0.0484648272395134
1732437680129311622,0.0484648272395134
1732437680129311622,0.0484648272395134
1732437680139875271,0.0484648272395134
1732437680139875271,0.0484648272395134
1732437680150828001,0.047799497842788696
1732437680150828001,0.047799497842788696
1732437680161377985,0.047799497842788696
1732437680161377985,0.047799497842788696
1732437680171601343,0.047799497842788696
1732437680171601343,0.047799497842788696
1732437680182064115,0.047799497842788696
1732437680182064115,0.047799497842788696
1732437680192673248,0.047799497842788696
1732437680192673248,0.047799497842788696
1732437680203529830,0.047799497842788696
1732437680203529830,0.047799497842788696
1732437680213870526,0.047799497842788696
1732437680213870526,0.047799497842788696
1732437680224363644,0.047799497842788696
1732437680224363644,0.047799497842788696
1732437680234565362,0.047799497842788696
1732437680234565362,0.047799497842788696
1732437680246271490,0.04871906340122223
1732437680246271490,0.04871906340122223
1732437680256439645,0.04871906340122223
1732437680256439645,0.04871906340122223
1732437680266514468,0.04871906340122223
1732437680266514468,0.04871906340122223
1732437680276942915,0.04871906340122223
1732437680276942915,0.04871906340122223
1732437680287388285,0.04871906340122223
1732437680287388285,0.04871906340122223
1732437680298531035,0.04871906340122223
1732437680298531035,0.04871906340122223
1732437680308719120,0.04871906340122223
1732437680308719120,0.04871906340122223
1732437680319181682,0.04871906340122223
1732437680319181682,0.04871906340122223
1732437680330006474,0.04871906340122223
1732437680330006474,0.04871906340122223
1732437680340222780,0.04871906340122223
1732437680340222780,0.04871906340122223
1732437680350963949,0.04832640662789345
1732437680350963949,0.04832640662789345
1732437680361226178,0.04832640662789345
1732437680361226178,0.04832640662789345
1732437680371656140,0.04832640662789345
1732437680371656140,0.04832640662789345
1732437680382081952,0.04832640662789345
1732437680382081952,0.04832640662789345
1732437680392450710,0.04832640662789345
1732437680392450710,0.04832640662789345
1732437680402550508,0.04832640662789345
1732437680402550508,0.04832640662789345
1732437680412913726,0.04832640662789345
1732437680412913726,0.04832640662789345
1732437680423103439,0.04832640662789345
1732437680423103439,0.04832640662789345
1732437680433904061,0.04832640662789345
1732437680433904061,0.04832640662789345
1732437680448332096,0.04816977307200432
1732437680448332096,0.04816977307200432
1732437680458630052,0.04816977307200432
1732437680458630052,0.04816977307200432
1732437680469136385,0.04816977307200432
1732437680469136385,0.04816977307200432
1732437680479512446,0.04816977307200432
1732437680479512446,0.04816977307200432
1732437680490023708,0.04816977307200432
1732437680490023708,0.04816977307200432
1732437680500333876,0.04816977307200432
1732437680500333876,0.04816977307200432
1732437680511565264,0.04816977307200432
1732437680511565264,0.04816977307200432
1732437680521980197,0.04816977307200432
1732437680521980197,0.04816977307200432
1732437680532181644,0.04816977307200432
1732437680532181644,0.04816977307200432
1732437680542380337,0.04816977307200432
1732437680542380337,0.04816977307200432
1732437680552998897,0.04736922308802605
1732437680552998897,0.04736922308802605
1732437680563241981,0.04736922308802605
1732437680563241981,0.04736922308802605
1732437680573634202,0.04736922308802605
1732437680573634202,0.04736922308802605
1732437680583891202,0.04736922308802605
1732437680583891202,0.04736922308802605
1732437680594091597,0.04736922308802605
1732437680594091597,0.04736922308802605
1732437680604366551,0.04736922308802605
1732437680604366551,0.04736922308802605
1732437680614813984,0.04736922308802605
1732437680614813984,0.04736922308802605
1732437680625263733,0.04736922308802605
1732437680625263733,0.04736922308802605
1732437680635885689,0.04736922308802605
1732437680635885689,0.04736922308802605
1732437680646265306,0.04823257401585579
1732437680646265306,0.04823257401585579
1732437680656379472,0.04823257401585579
1732437680656379472,0.04823257401585579
1732437680666558588,0.04823257401585579
1732437680666558588,0.04823257401585579
1732437680676992877,0.04823257401585579
1732437680676992877,0.04823257401585579
1732437680687258273,0.04823257401585579
1732437680687258273,0.04823257401585579
1732437680697777500,0.04823257401585579
1732437680697777500,0.04823257401585579
1732437680708130248,0.04823257401585579
1732437680708130248,0.04823257401585579
1732437680718391096,0.04823257401585579
1732437680718391096,0.04823257401585579
1732437680728956047,0.04823257401585579
1732437680728956047,0.04823257401585579
1732437680739196646,0.04823257401585579
1732437680739196646,0.04823257401585579
1732437680749841156,0.04733826220035553
1732437680749841156,0.04733826220035553
1732437680760119525,0.04733826220035553
1732437680760119525,0.04733826220035553
1732437680770544778,0.04733826220035553
1732437680770544778,0.04733826220035553
1732437680780936298,0.04733826220035553
1732437680780936298,0.04733826220035553
1732437680791297241,0.04733826220035553
1732437680791297241,0.04733826220035553
1732437680802060571,0.04733826220035553
1732437680802060571,0.04733826220035553
1732437680812174945,0.04733826220035553
1732437680812174945,0.04733826220035553
1732437680822889325,0.04733826220035553
1732437680822889325,0.04733826220035553
1732437680832979795,0.04733826220035553
1732437680832979795,0.04733826220035553
1732437680843377577,0.0486932173371315
1732437680843377577,0.0486932173371315
1732437680853499568,0.0486932173371315
1732437680853499568,0.0486932173371315
1732437680864033568,0.0486932173371315
1732437680864033568,0.0486932173371315
1732437680874536649,0.0486932173371315
1732437680874536649,0.0486932173371315
1732437680885181898,0.0486932173371315
1732437680885181898,0.0486932173371315
1732437680895629191,0.0486932173371315
1732437680895629191,0.0486932173371315
1732437680905752503,0.0486932173371315
1732437680905752503,0.0486932173371315
1732437680916289904,0.0486932173371315
1732437680916289904,0.0486932173371315
1732437680926530024,0.0486932173371315
1732437680926530024,0.0486932173371315
1732437680936994688,0.0486932173371315
1732437680936994688,0.0486932173371315
1732437680947098265,0.047245949506759644
1732437680947098265,0.047245949506759644
1732437680957487299,0.047245949506759644
1732437680957487299,0.047245949506759644
1732437680968348640,0.047245949506759644
1732437680968348640,0.047245949506759644
1732437680978457231,0.047245949506759644
1732437680978457231,0.047245949506759644
1732437680989125649,0.047245949506759644
1732437680989125649,0.047245949506759644
1732437680999513522,0.047245949506759644
1732437680999513522,0.047245949506759644
1732437681009958882,0.047245949506759644
1732437681009958882,0.047245949506759644
1732437681020249805,0.047245949506759644
1732437681020249805,0.047245949506759644
1732437681030571647,0.047245949506759644
1732437681030571647,0.047245949506759644
1732437681041226685,0.047245949506759644
1732437681041226685,0.047245949506759644
1732437681051684788,0.04816538095474243
1732437681051684788,0.04816538095474243
1732437681062035373,0.04816538095474243
1732437681062035373,0.04816538095474243
1732437681072636050,0.04816538095474243
1732437681072636050,0.04816538095474243
1732437681082994629,0.04816538095474243
1732437681082994629,0.04816538095474243
1732437681093170018,0.04816538095474243
1732437681093170018,0.04816538095474243
1732437681103930743,0.04816538095474243
1732437681103930743,0.04816538095474243
1732437681114825637,0.04816538095474243
1732437681114825637,0.04816538095474243
1732437681125436844,0.04816538095474243
1732437681125436844,0.04816538095474243
1732437681136114144,0.04816538095474243
1732437681136114144,0.04816538095474243
1732437681147218907,0.04723241925239563
1732437681147218907,0.04723241925239563
1732437681157340205,0.04723241925239563
1732437681157340205,0.04723241925239563
1732437681167572411,0.04723241925239563
1732437681167572411,0.04723241925239563
1732437681177769811,0.04723241925239563
1732437681177769811,0.04723241925239563
1732437681187906589,0.04723241925239563
1732437681187906589,0.04723241925239563
1732437681198215626,0.04723241925239563
1732437681198215626,0.04723241925239563
1732437681208537337,0.04723241925239563
1732437681208537337,0.04723241925239563
1732437681218766106,0.04723241925239563
1732437681218766106,0.04723241925239563
1732437681229644557,0.04723241925239563
1732437681229644557,0.04723241925239563
1732437681239954044,0.04723241925239563
1732437681239954044,0.04723241925239563
1732437681250567976,0.04766825586557388
1732437681250567976,0.04766825586557388
1732437681261158326,0.04766825586557388
1732437681261158326,0.04766825586557388
1732437681271374260,0.04766825586557388
1732437681271374260,0.04766825586557388
1732437681281804201,0.04766825586557388
1732437681281804201,0.04766825586557388
1732437681291928645,0.04766825586557388
1732437681291928645,0.04766825586557388
1732437681302593713,0.04766825586557388
1732437681302593713,0.04766825586557388
1732437681316063818,0.04766825586557388
1732437681316063818,0.04766825586557388
1732437681326404377,0.04766825586557388
1732437681326404377,0.04766825586557388
1732437681336893087,0.04766825586557388
1732437681336893087,0.04766825586557388
1732437681347356913,0.0483865961432457
1732437681347356913,0.0483865961432457
1732437681357810684,0.0483865961432457
1732437681357810684,0.0483865961432457
1732437681368153388,0.0483865961432457
1732437681368153388,0.0483865961432457
1732437681378316250,0.0483865961432457
1732437681378316250,0.0483865961432457
1732437681388563426,0.0483865961432457
1732437681388563426,0.0483865961432457
1732437681398750797,0.0483865961432457
1732437681398750797,0.0483865961432457
1732437681411466026,0.0483865961432457
1732437681411466026,0.0483865961432457
1732437681421895676,0.0483865961432457
1732437681421895676,0.0483865961432457
1732437681432606295,0.0483865961432457
1732437681432606295,0.0483865961432457
1732437681442928047,0.0483158603310585
1732437681442928047,0.0483158603310585
1732437681453581853,0.0483158603310585
1732437681453581853,0.0483158603310585
1732437681463684530,0.0483158603310585
1732437681463684530,0.0483158603310585
1732437681474036496,0.0483158603310585
1732437681474036496,0.0483158603310585
1732437681484221082,0.0483158603310585
1732437681484221082,0.0483158603310585
1732437681494388492,0.0483158603310585
1732437681494388492,0.0483158603310585
1732437681504801295,0.0483158603310585
1732437681504801295,0.0483158603310585
1732437681515296597,0.0483158603310585
1732437681515296597,0.0483158603310585
1732437681525923343,0.0483158603310585
1732437681525923343,0.0483158603310585
1732437681536022732,0.0483158603310585
1732437681536022732,0.0483158603310585
1732437681546824063,0.04797966778278351
1732437681546824063,0.04797966778278351
1732437681557051108,0.04797966778278351
1732437681557051108,0.04797966778278351
1732437681567399909,0.04797966778278351
1732437681567399909,0.04797966778278351
1732437681577634607,0.04797966778278351
1732437681577634607,0.04797966778278351
1732437681587971566,0.04797966778278351
1732437681587971566,0.04797966778278351
1732437681598571462,0.04797966778278351
1732437681598571462,0.04797966778278351
1732437681609210328,0.04797966778278351
1732437681609210328,0.04797966778278351
1732437681620166819,0.04797966778278351
1732437681620166819,0.04797966778278351
1732437681630642094,0.04797966778278351
1732437681630642094,0.04797966778278351
1732437681641180937,0.04797966778278351
1732437681641180937,0.04797966778278351
1732437681651450923,0.04776354134082794
1732437681651450923,0.04776354134082794
1732437681661650636,0.04776354134082794
1732437681661650636,0.04776354134082794
1732437681672204448,0.04776354134082794
1732437681672204448,0.04776354134082794
1732437681682738121,0.04776354134082794
1732437681682738121,0.04776354134082794
1732437681693050524,0.04776354134082794
1732437681693050524,0.04776354134082794
1732437681703784890,0.04776354134082794
1732437681703784890,0.04776354134082794
1732437681714139531,0.04776354134082794
1732437681714139531,0.04776354134082794
1732437681724766919,0.04776354134082794
1732437681724766919,0.04776354134082794
1732437681734865236,0.04776354134082794
1732437681734865236,0.04776354134082794
1732437681745004188,0.0473911352455616
1732437681745004188,0.0473911352455616
1732437681755426274,0.0473911352455616
1732437681755426274,0.0473911352455616
1732437681765734590,0.0473911352455616
1732437681765734590,0.0473911352455616
1732437681776234971,0.0473911352455616
1732437681776234971,0.0473911352455616
1732437681786374564,0.0473911352455616
1732437681786374564,0.0473911352455616
1732437681797086478,0.0473911352455616
1732437681797086478,0.0473911352455616
1732437681807441390,0.0473911352455616
1732437681807441390,0.0473911352455616
1732437681817917453,0.0473911352455616
1732437681817917453,0.0473911352455616
1732437681828245025,0.0473911352455616
1732437681828245025,0.0473911352455616
1732437681838859020,0.0473911352455616
1732437681838859020,0.0473911352455616
1732437681849152277,0.04875039681792259
1732437681849152277,0.04875039681792259
1732437681859284307,0.04875039681792259
1732437681859284307,0.04875039681792259
1732437681869676938,0.04875039681792259
1732437681869676938,0.04875039681792259
1732437681880043040,0.04875039681792259
1732437681880043040,0.04875039681792259
1732437681890226826,0.04875039681792259
1732437681890226826,0.04875039681792259
1732437681900568764,0.04875039681792259
1732437681900568764,0.04875039681792259
1732437681911171352,0.04875039681792259
1732437681911171352,0.04875039681792259
1732437681921727171,0.04875039681792259
1732437681921727171,0.04875039681792259
1732437681932066603,0.04875039681792259
1732437681932066603,0.04875039681792259
1732437681942112853,0.04875039681792259
1732437681942112853,0.04875039681792259
1732437681952400160,0.0485348217189312
1732437681952400160,0.0485348217189312
1732437681962931789,0.0485348217189312
1732437681962931789,0.0485348217189312
1732437681973051144,0.0485348217189312
1732437681973051144,0.0485348217189312
1732437681983324365,0.0485348217189312
1732437681983324365,0.0485348217189312
1732437681993674217,0.0485348217189312
1732437681993674217,0.0485348217189312
1732437682003830028,0.0485348217189312
1732437682003830028,0.0485348217189312
1732437682014044052,0.0485348217189312
1732437682014044052,0.0485348217189312
1732437682024832077,0.0485348217189312
1732437682024832077,0.0485348217189312
1732437682035366232,0.0485348217189312
1732437682035366232,0.0485348217189312
1732437682035366232,0.04909394308924675
1732437682046168413,0.04909394308924675
1732437682056391639,0.04909394308924675
1732437682056391639,0.04909394308924675
1732437682066956464,0.04909394308924675
1732437682066956464,0.04909394308924675
1732437682077495898,0.04909394308924675
1732437682077495898,0.04909394308924675
1732437682087830403,0.04909394308924675
1732437682087830403,0.04909394308924675
1732437682098259944,0.04909394308924675
1732437682098259944,0.04909394308924675
1732437682108633721,0.04909394308924675
1732437682108633721,0.04909394308924675
1732437682119230923,0.04909394308924675
1732437682119230923,0.04909394308924675
1732437682129836480,0.04909394308924675
1732437682129836480,0.04909394308924675
1732437682140368541,0.04909394308924675
1732437682140368541,0.04909394308924675
1732437682150893889,0.048668909817934036
1732437682150893889,0.048668909817934036
1732437682161322638,0.048668909817934036
1732437682161322638,0.048668909817934036
1732437682171838940,0.048668909817934036
1732437682171838940,0.048668909817934036
1732437682182464584,0.048668909817934036
1732437682182464584,0.048668909817934036
1732437682193080211,0.048668909817934036
1732437682193080211,0.048668909817934036
1732437682203373087,0.048668909817934036
1732437682203373087,0.048668909817934036
1732437682213966420,0.048668909817934036
1732437682213966420,0.048668909817934036
1732437682224311324,0.048668909817934036
1732437682224311324,0.048668909817934036
1732437682234410553,0.048668909817934036
1732437682234410553,0.048668909817934036
1732437682244916956,0.048999395221471786
1732437682244916956,0.048999395221471786
1732437682255311708,0.048999395221471786
1732437682255311708,0.048999395221471786
1732437682265693991,0.048999395221471786
1732437682265693991,0.048999395221471786
1732437682276218358,0.048999395221471786
1732437682276218358,0.048999395221471786
1732437682287040049,0.048999395221471786
1732437682287040049,0.048999395221471786
1732437682297628751,0.048999395221471786
1732437682297628751,0.048999395221471786
1732437682307723975,0.048999395221471786
1732437682307723975,0.048999395221471786
1732437682317800942,0.048999395221471786
1732437682317800942,0.048999395221471786
1732437682328268254,0.048999395221471786
1732437682328268254,0.048999395221471786
1732437682338622385,0.048999395221471786
1732437682338622385,0.048999395221471786
1732437682349114471,0.045749079436063766
1732437682349114471,0.045749079436063766
1732437682359754803,0.045749079436063766
1732437682359754803,0.045749079436063766
1732437682370168965,0.045749079436063766
1732437682370168965,0.045749079436063766
1732437682380618212,0.045749079436063766
1732437682380618212,0.045749079436063766
1732437682390742105,0.045749079436063766
1732437682390742105,0.045749079436063766
1732437682400986073,0.045749079436063766
1732437682400986073,0.045749079436063766
1732437682411150282,0.045749079436063766
1732437682411150282,0.045749079436063766
1732437682421680589,0.045749079436063766
1732437682421680589,0.045749079436063766
1732437682432276875,0.045749079436063766
1732437682432276875,0.045749079436063766
1732437682442293533,0.045749079436063766
1732437682442293533,0.045749079436063766
1732437682452931891,0.0459132120013237
1732437682452931891,0.0459132120013237
1732437682463566940,0.0459132120013237
1732437682463566940,0.0459132120013237
1732437682474498495,0.0459132120013237
1732437682474498495,0.0459132120013237
1732437682485123257,0.0459132120013237
1732437682485123257,0.0459132120013237
1732437682495439288,0.0459132120013237
1732437682495439288,0.0459132120013237
1732437682505788841,0.0459132120013237
1732437682505788841,0.0459132120013237
1732437682516198284,0.0459132120013237
1732437682516198284,0.0459132120013237
1732437682526418716,0.0459132120013237
1732437682526418716,0.0459132120013237
1732437682536968390,0.0459132120013237
1732437682536968390,0.0459132120013237
1732437682547138130,0.04631844907999039
1732437682547138130,0.04631844907999039
1732437682557658053,0.04631844907999039
1732437682557658053,0.04631844907999039
1732437682568156285,0.04631844907999039
1732437682568156285,0.04631844907999039
1732437682578774334,0.04631844907999039
1732437682578774334,0.04631844907999039
1732437682589211750,0.04631844907999039
1732437682589211750,0.04631844907999039
1732437682599506561,0.04631844907999039
1732437682599506561,0.04631844907999039
1732437682609902960,0.04631844907999039
1732437682609902960,0.04631844907999039
1732437682620388404,0.04631844907999039
1732437682620388404,0.04631844907999039
1732437682630497351,0.04631844907999039
1732437682630497351,0.04631844907999039
1732437682640595276,0.04631844907999039
1732437682640595276,0.04631844907999039
1732437682650661423,0.045237623155117035
1732437682650661423,0.045237623155117035
1732437682661210064,0.045237623155117035
1732437682661210064,0.045237623155117035
1732437682671992791,0.045237623155117035
1732437682671992791,0.045237623155117035
1732437682682254988,0.045237623155117035
1732437682682254988,0.045237623155117035
1732437682692932622,0.045237623155117035
1732437682692932622,0.045237623155117035
1732437682703427714,0.045237623155117035
1732437682703427714,0.045237623155117035
1732437682713648518,0.045237623155117035
1732437682713648518,0.045237623155117035
1732437682724169778,0.045237623155117035
1732437682724169778,0.045237623155117035
1732437682734590663,0.045237623155117035
1732437682734590663,0.045237623155117035
1732437682745047074,0.04404659941792488
1732437682745047074,0.04404659941792488
1732437682755608158,0.04404659941792488
1732437682755608158,0.04404659941792488
1732437682765885868,0.04404659941792488
1732437682765885868,0.04404659941792488
1732437682776555585,0.04404659941792488
1732437682776555585,0.04404659941792488
1732437682786971890,0.04404659941792488
1732437682786971890,0.04404659941792488
1732437682797495595,0.04404659941792488
1732437682797495595,0.04404659941792488
1732437682807715197,0.04404659941792488
1732437682807715197,0.04404659941792488
1732437682817952107,0.04404659941792488
1732437682817952107,0.04404659941792488
1732437682828418850,0.04404659941792488
1732437682828418850,0.04404659941792488
1732437682838735170,0.04404659941792488
1732437682838735170,0.04404659941792488
1732437682849224082,0.0435328409075737
1732437682849224082,0.0435328409075737
1732437682860119315,0.0435328409075737
1732437682860119315,0.0435328409075737
1732437682870351848,0.0435328409075737
1732437682870351848,0.0435328409075737
1732437682880728620,0.0435328409075737
1732437682880728620,0.0435328409075737
1732437682891302342,0.0435328409075737
1732437682891302342,0.0435328409075737
1732437682901819937,0.0435328409075737
1732437682901819937,0.0435328409075737
1732437682912075464,0.0435328409075737
1732437682912075464,0.0435328409075737
1732437682922599717,0.0435328409075737
1732437682922599717,0.0435328409075737
1732437682932745235,0.0435328409075737
1732437682932745235,0.0435328409075737
1732437682943320803,0.0435328409075737
1732437682943320803,0.0435328409075737
1732437682953679887,0.042674437165260315
1732437682953679887,0.042674437165260315
1732437682964250248,0.042674437165260315
1732437682964250248,0.042674437165260315
1732437682974388348,0.042674437165260315
1732437682974388348,0.042674437165260315
1732437682984722663,0.042674437165260315
1732437682984722663,0.042674437165260315
1732437682995133489,0.042674437165260315
1732437682995133489,0.042674437165260315
1732437683005598936,0.042674437165260315
1732437683005598936,0.042674437165260315
1732437683016016985,0.042674437165260315
1732437683016016985,0.042674437165260315
1732437683026812091,0.042674437165260315
1732437683026812091,0.042674437165260315
1732437683037418794,0.042674437165260315
1732437683037418794,0.042674437165260315
1732437683047822426,0.042803190648555756
1732437683047822426,0.042803190648555756
1732437683058206671,0.042803190648555756
1732437683058206671,0.042803190648555756
1732437683068679004,0.042803190648555756
1732437683068679004,0.042803190648555756
1732437683079242783,0.042803190648555756
1732437683079242783,0.042803190648555756
1732437683089920336,0.042803190648555756
1732437683089920336,0.042803190648555756
1732437683100694862,0.042803190648555756
1732437683100694862,0.042803190648555756
1732437683110787241,0.042803190648555756
1732437683110787241,0.042803190648555756
1732437683121213717,0.042803190648555756
1732437683121213717,0.042803190648555756
1732437683131470557,0.042803190648555756
1732437683131470557,0.042803190648555756
1732437683142026133,0.042803190648555756
1732437683142026133,0.042803190648555756
1732437683152374723,0.041781969368457794
1732437683152374723,0.041781969368457794
1732437683162458883,0.041781969368457794
1732437683162458883,0.041781969368457794
1732437683173291362,0.041781969368457794
1732437683173291362,0.041781969368457794
1732437683183778720,0.041781969368457794
1732437683183778720,0.041781969368457794
1732437683194844120,0.041781969368457794
1732437683194844120,0.041781969368457794
1732437683205546818,0.041781969368457794
1732437683205546818,0.041781969368457794
1732437683216018236,0.041781969368457794
1732437683216018236,0.041781969368457794
1732437683226174930,0.041781969368457794
1732437683226174930,0.041781969368457794
1732437683236285120,0.041781969368457794
1732437683236285120,0.041781969368457794
1732437683246369440,0.041317909955978394
1732437683246369440,0.041317909955978394
1732437683256494968,0.041317909955978394
1732437683256494968,0.041317909955978394
1732437683267849204,0.041317909955978394
1732437683267849204,0.041317909955978394
1732437683278110759,0.041317909955978394
1732437683278110759,0.041317909955978394
1732437683288391979,0.041317909955978394
1732437683288391979,0.041317909955978394
1732437683298892612,0.041317909955978394
1732437683298892612,0.041317909955978394
1732437683310114151,0.041317909955978394
1732437683310114151,0.041317909955978394
1732437683320380506,0.041317909955978394
1732437683320380506,0.041317909955978394
1732437683330505295,0.041317909955978394
1732437683330505295,0.041317909955978394
1732437683340663162,0.041317909955978394
1732437683340663162,0.041317909955978394
1732437683351202327,0.04007859528064728
1732437683351202327,0.04007859528064728
1732437683361772677,0.04007859528064728
1732437683361772677,0.04007859528064728
1732437683371948674,0.04007859528064728
1732437683371948674,0.04007859528064728
1732437683382342363,0.04007859528064728
1732437683382342363,0.04007859528064728
1732437683392622984,0.04007859528064728
1732437683392622984,0.04007859528064728
1732437683403000200,0.04007859528064728
1732437683403000200,0.04007859528064728
1732437683413300573,0.04007859528064728
1732437683413300573,0.04007859528064728
1732437683423746433,0.04007859528064728
1732437683423746433,0.04007859528064728
1732437683434122848,0.04007859528064728
1732437683434122848,0.04007859528064728
1732437683444326638,0.03993670269846916
1732437683444326638,0.03993670269846916
1732437683454590802,0.03993670269846916
1732437683454590802,0.03993670269846916
1732437683464886132,0.03993670269846916
1732437683464886132,0.03993670269846916
1732437683475366390,0.03993670269846916
1732437683475366390,0.03993670269846916
1732437683485604672,0.03993670269846916
1732437683485604672,0.03993670269846916
1732437683496233837,0.03993670269846916
1732437683496233837,0.03993670269846916
1732437683506393577,0.03993670269846916
1732437683506393577,0.03993670269846916
1732437683517000027,0.03993670269846916
1732437683517000027,0.03993670269846916
1732437683527268349,0.03993670269846916
1732437683527268349,0.03993670269846916
1732437683538413744,0.03993670269846916
1732437683538413744,0.03993670269846916
1732437683548923393,0.03885876387357712
1732437683548923393,0.03885876387357712
1732437683559392482,0.03885876387357712
1732437683559392482,0.03885876387357712
1732437683569654932,0.03885876387357712
1732437683569654932,0.03885876387357712
1732437683579772685,0.03885876387357712
1732437683579772685,0.03885876387357712
1732437683589946622,0.03885876387357712
1732437683589946622,0.03885876387357712
1732437683600593105,0.03885876387357712
1732437683600593105,0.03885876387357712
1732437683611074954,0.03885876387357712
1732437683611074954,0.03885876387357712
1732437683621324580,0.03885876387357712
1732437683621324580,0.03885876387357712
1732437683631452834,0.03885876387357712
1732437683631452834,0.03885876387357712
1732437683641629006,0.03885876387357712
1732437683641629006,0.03885876387357712
1732437683651869025,0.03899034857749939
1732437683651869025,0.03899034857749939
1732437683662330384,0.03899034857749939
1732437683662330384,0.03899034857749939
1732437683672444091,0.03899034857749939
1732437683672444091,0.03899034857749939
1732437683682587570,0.03899034857749939
1732437683682587570,0.03899034857749939
1732437683693033302,0.03899034857749939
1732437683693033302,0.03899034857749939
1732437683703558250,0.03899034857749939
1732437683703558250,0.03899034857749939
1732437683713981188,0.03899034857749939
1732437683713981188,0.03899034857749939
1732437683724418184,0.03899034857749939
1732437683724418184,0.03899034857749939
1732437683734991953,0.03899034857749939
1732437683734991953,0.03899034857749939
1732437683745124452,0.038188714534044266
1732437683745124452,0.038188714534044266
1732437683755351288,0.038188714534044266
1732437683755351288,0.038188714534044266
1732437683765607195,0.038188714534044266
1732437683765607195,0.038188714534044266
1732437683775983127,0.038188714534044266
1732437683775983127,0.038188714534044266
1732437683786548751,0.038188714534044266
1732437683786548751,0.038188714534044266
1732437683796835868,0.038188714534044266
1732437683796835868,0.038188714534044266
1732437683806969577,0.038188714534044266
1732437683806969577,0.038188714534044266
1732437683818551749,0.038188714534044266
1732437683818551749,0.038188714534044266
1732437683828797835,0.038188714534044266
1732437683828797835,0.038188714534044266
1732437683839229314,0.038188714534044266
1732437683839229314,0.038188714534044266
1732437683849758639,0.038026634603738785
1732437683849758639,0.038026634603738785
1732437683860221712,0.038026634603738785
1732437683860221712,0.038026634603738785
1732437683870866710,0.038026634603738785
1732437683870866710,0.038026634603738785
1732437683881373568,0.038026634603738785
1732437683881373568,0.038026634603738785
1732437683891524942,0.038026634603738785
1732437683891524942,0.038026634603738785
1732437683902163963,0.038026634603738785
1732437683902163963,0.038026634603738785
1732437683912309426,0.038026634603738785
1732437683912309426,0.038026634603738785
1732437683922477201,0.038026634603738785
1732437683922477201,0.038026634603738785
1732437683932937189,0.038026634603738785
1732437683932937189,0.038026634603738785
1732437683942965546,0.038026634603738785
1732437683942965546,0.038026634603738785
1732437683953569450,0.03786597028374672
1732437683953569450,0.03786597028374672
1732437683964314907,0.03786597028374672
1732437683964314907,0.03786597028374672
1732437683974773753,0.03786597028374672
1732437683974773753,0.03786597028374672
1732437683984883882,0.03786597028374672
1732437683984883882,0.03786597028374672
1732437683995418117,0.03786597028374672
1732437683995418117,0.03786597028374672
1732437684005620157,0.03786597028374672
1732437684005620157,0.03786597028374672
1732437684016191741,0.03786597028374672
1732437684016191741,0.03786597028374672
1732437684026845949,0.03786597028374672
1732437684026845949,0.03786597028374672
1732437684037070430,0.03786597028374672
1732437684037070430,0.03786597028374672
1732437684047314286,0.03723861649632454
1732437684047314286,0.03723861649632454
1732437684057811053,0.03723861649632454
1732437684057811053,0.03723861649632454
1732437684068275418,0.03723861649632454
1732437684068275418,0.03723861649632454
1732437684078568323,0.03723861649632454
1732437684078568323,0.03723861649632454
1732437684088852047,0.03723861649632454
1732437684088852047,0.03723861649632454
1732437684099370543,0.03723861649632454
1732437684099370543,0.03723861649632454
1732437684109938060,0.03723861649632454
1732437684109938060,0.03723861649632454
1732437684120496721,0.03723861649632454
1732437684120496721,0.03723861649632454
1732437684130645832,0.03723861649632454
1732437684130645832,0.03723861649632454
1732437684141009150,0.03723861649632454
1732437684141009150,0.03723861649632454
1732437684151443681,0.03691193461418152
1732437684151443681,0.03691193461418152
1732437684161663633,0.03691193461418152
1732437684161663633,0.03691193461418152
1732437684172244826,0.03691193461418152
1732437684172244826,0.03691193461418152
1732437684182804307,0.03691193461418152
1732437684182804307,0.03691193461418152
1732437684193452475,0.03691193461418152
1732437684193452475,0.03691193461418152
1732437684203528521,0.03691193461418152
1732437684203528521,0.03691193461418152
1732437684213968901,0.03691193461418152
1732437684213968901,0.03691193461418152
1732437684224101000,0.03691193461418152
1732437684224101000,0.03691193461418152
1732437684234368909,0.03691193461418152
1732437684234368909,0.03691193461418152
1732437684244486485,0.038134872913360596
1732437684244486485,0.038134872913360596
1732437684254761527,0.038134872913360596
1732437684254761527,0.038134872913360596
1732437684265149865,0.038134872913360596
1732437684265149865,0.038134872913360596
1732437684275370569,0.038134872913360596
1732437684275370569,0.038134872913360596
1732437684285687661,0.038134872913360596
1732437684285687661,0.038134872913360596
1732437684296240842,0.038134872913360596
1732437684296240842,0.038134872913360596
1732437684306614706,0.038134872913360596
1732437684306614706,0.038134872913360596
1732437684317257824,0.038134872913360596
1732437684317257824,0.038134872913360596
1732437684327733303,0.038134872913360596
1732437684327733303,0.038134872913360596
1732437684338054624,0.038134872913360596
1732437684338054624,0.038134872913360596
1732437684348641306,0.03754503279924393
1732437684348641306,0.03754503279924393
1732437684359144344,0.03754503279924393
1732437684359144344,0.03754503279924393
1732437684369567852,0.03754503279924393
1732437684369567852,0.03754503279924393
1732437684379822158,0.03754503279924393
1732437684379822158,0.03754503279924393
1732437684390357416,0.03754503279924393
1732437684390357416,0.03754503279924393
1732437684400697873,0.03754503279924393
1732437684400697873,0.03754503279924393
1732437684410792504,0.03754503279924393
1732437684410792504,0.03754503279924393
1732437684421018398,0.03754503279924393
1732437684421018398,0.03754503279924393
1732437684432105568,0.03754503279924393
1732437684432105568,0.03754503279924393
1732437684442356199,0.03754503279924393
1732437684442356199,0.03754503279924393
1732437684452943240,0.037343256175518036
1732437684452943240,0.037343256175518036
1732437684463546825,0.037343256175518036
1732437684463546825,0.037343256175518036
1732437684474110843,0.037343256175518036
1732437684474110843,0.037343256175518036
1732437684484570564,0.037343256175518036
1732437684484570564,0.037343256175518036
1732437684494738710,0.037343256175518036
1732437684494738710,0.037343256175518036
1732437684504937961,0.037343256175518036
1732437684504937961,0.037343256175518036
1732437684515417058,0.037343256175518036
1732437684515417058,0.037343256175518036
1732437684526044805,0.037343256175518036
1732437684526044805,0.037343256175518036
1732437684536250843,0.037343256175518036
1732437684536250843,0.037343256175518036
1732437684546460666,0.03704947605729103
1732437684546460666,0.03704947605729103
1732437684557088275,0.03704947605729103
1732437684557088275,0.03704947605729103
1732437684567306984,0.03704947605729103
1732437684567306984,0.03704947605729103
1732437684577413227,0.03704947605729103
1732437684577413227,0.03704947605729103
1732437684587702968,0.03704947605729103
1732437684587702968,0.03704947605729103
1732437684598299490,0.03704947605729103
1732437684598299490,0.03704947605729103
1732437684608465100,0.03704947605729103
1732437684608465100,0.03704947605729103
1732437684618816027,0.03704947605729103
1732437684618816027,0.03704947605729103
1732437684629082695,0.03704947605729103
1732437684629082695,0.03704947605729103
1732437684639679207,0.03704947605729103
1732437684639679207,0.03704947605729103
1732437684649940321,0.03693757578730583
1732437684649940321,0.03693757578730583
1732437684660263740,0.03693757578730583
1732437684660263740,0.03693757578730583
1732437684670823151,0.03693757578730583
1732437684670823151,0.03693757578730583
1732437684681377084,0.03693757578730583
1732437684681377084,0.03693757578730583
1732437684691857619,0.03693757578730583
1732437684691857619,0.03693757578730583
1732437684702327155,0.03693757578730583
1732437684702327155,0.03693757578730583
1732437684712863753,0.03693757578730583
1732437684712863753,0.03693757578730583
1732437684723307411,0.03693757578730583
1732437684723307411,0.03693757578730583
1732437684733650442,0.03693757578730583
1732437684733650442,0.03693757578730583
1732437684743976542,0.03693757578730583
1732437684743976542,0.03693757578730583
1732437684754405050,0.03701638802886009
1732437684754405050,0.03701638802886009
1732437684764840953,0.03701638802886009
1732437684764840953,0.03701638802886009
1732437684775581832,0.03701638802886009
1732437684775581832,0.03701638802886009
1732437684786170127,0.03701638802886009
1732437684786170127,0.03701638802886009
1732437684796512988,0.03701638802886009
1732437684796512988,0.03701638802886009
1732437684806682326,0.03701638802886009
1732437684806682326,0.03701638802886009
1732437684817077544,0.03701638802886009
1732437684817077544,0.03701638802886009
1732437684828996206,0.03701638802886009
1732437684828996206,0.03701638802886009
1732437684839613486,0.03701638802886009
1732437684839613486,0.03701638802886009
1732437684850237078,0.036826156079769135
1732437684850237078,0.036826156079769135
1732437684861173551,0.036826156079769135
1732437684861173551,0.036826156079769135
1732437684872540318,0.036826156079769135
1732437684872540318,0.036826156079769135
1732437684882647141,0.036826156079769135
1732437684882647141,0.036826156079769135
1732437684892943725,0.036826156079769135
1732437684892943725,0.036826156079769135
1732437684903626966,0.036826156079769135
1732437684903626966,0.036826156079769135
1732437684914095369,0.036826156079769135
1732437684914095369,0.036826156079769135
1732437684924693905,0.036826156079769135
1732437684924693905,0.036826156079769135
1732437684935162810,0.036826156079769135
1732437684935162810,0.036826156079769135
1732437684945432124,0.03768082708120346
1732437684945432124,0.03768082708120346
1732437684956038172,0.03768082708120346
1732437684956038172,0.03768082708120346
1732437684966477261,0.03768082708120346
1732437684966477261,0.03768082708120346
1732437684977113406,0.03768082708120346
1732437684977113406,0.03768082708120346
1732437684987251726,0.03768082708120346
1732437684987251726,0.03768082708120346
1732437684997480446,0.03768082708120346
1732437684997480446,0.03768082708120346
1732437684997480446,0.03768082708120346
1732437684997480446,0.03768082708120346
1732437685018824935,0.03768082708120346
1732437685018824935,0.03768082708120346
1732437685029315193,0.03768082708120346
1732437685029315193,0.03768082708120346
1732437685039813523,0.03768082708120346
1732437685039813523,0.03768082708120346
1732437685050390538,0.03683725371956825
1732437685050390538,0.03683725371956825
1732437685061017604,0.03683725371956825
1732437685061017604,0.03683725371956825
1732437685071582346,0.03683725371956825
1732437685071582346,0.03683725371956825
1732437685081783935,0.03683725371956825
1732437685081783935,0.03683725371956825
1732437685092318341,0.03683725371956825
1732437685092318341,0.03683725371956825
1732437685102672900,0.03683725371956825
1732437685102672900,0.03683725371956825
1732437685113002950,0.03683725371956825
1732437685113002950,0.03683725371956825
1732437685124555400,0.03683725371956825
1732437685124555400,0.03683725371956825
1732437685134851308,0.03683725371956825
1732437685134851308,0.03683725371956825
1732437685145119150,0.03652263432741165
1732437685145119150,0.03652263432741165
1732437685155266169,0.03652263432741165
1732437685155266169,0.03652263432741165
1732437685165581187,0.03652263432741165
1732437685165581187,0.03652263432741165
1732437685175818699,0.03652263432741165
1732437685175818699,0.03652263432741165
1732437685186017195,0.03652263432741165
1732437685186017195,0.03652263432741165
1732437685196146758,0.03652263432741165
1732437685196146758,0.03652263432741165
1732437685206499578,0.03652263432741165
1732437685206499578,0.03652263432741165
1732437685216884435,0.03652263432741165
1732437685216884435,0.03652263432741165
1732437685227245139,0.03652263432741165
1732437685227245139,0.03652263432741165
1732437685237635007,0.03652263432741165
1732437685237635007,0.03652263432741165
1732437685248154565,0.03608936443924904
1732437685248154565,0.03608936443924904
1732437685258602711,0.03608936443924904
1732437685258602711,0.03608936443924904
1732437685269125916,0.03608936443924904
1732437685269125916,0.03608936443924904
1732437685279635295,0.03608936443924904
1732437685279635295,0.03608936443924904
1732437685290360215,0.03608936443924904
1732437685290360215,0.03608936443924904
1732437685300625838,0.03608936443924904
1732437685300625838,0.03608936443924904
1732437685311088655,0.03608936443924904
1732437685311088655,0.03608936443924904
1732437685321318957,0.03608936443924904
1732437685321318957,0.03608936443924904
1732437685331786389,0.03608936443924904
1732437685331786389,0.03608936443924904
1732437685341973030,0.03608936443924904
1732437685341973030,0.03608936443924904
1732437685352157656,0.03605665639042854
1732437685352157656,0.03605665639042854
1732437685362308732,0.03605665639042854
1732437685362308732,0.03605665639042854
1732437685372994207,0.03605665639042854
1732437685372994207,0.03605665639042854
1732437685383333211,0.03605665639042854
1732437685383333211,0.03605665639042854
1732437685393534119,0.03605665639042854
1732437685393534119,0.03605665639042854
1732437685403814182,0.03605665639042854
1732437685403814182,0.03605665639042854
1732437685414517592,0.03605665639042854
1732437685414517592,0.03605665639042854
1732437685414517592,0.03605665639042854
1732437685414517592,0.03605665639042854
1732437685435758813,0.03605665639042854
1732437685435758813,0.03605665639042854
1732437685446368940,0.03586014732718468
1732437685446368940,0.03586014732718468
1732437685456891563,0.03586014732718468
1732437685456891563,0.03586014732718468
1732437685466937113,0.03586014732718468
1732437685466937113,0.03586014732718468
1732437685477240120,0.03586014732718468
1732437685477240120,0.03586014732718468
1732437685487403938,0.03586014732718468
1732437685487403938,0.03586014732718468
1732437685497688371,0.03586014732718468
1732437685497688371,0.03586014732718468
1732437685507891852,0.03586014732718468
1732437685507891852,0.03586014732718468
1732437685518407684,0.03586014732718468
1732437685518407684,0.03586014732718468
1732437685528863090,0.03586014732718468
1732437685528863090,0.03586014732718468
1732437685539183109,0.03586014732718468
1732437685539183109,0.03586014732718468
1732437685549605448,0.03564257174730301
1732437685549605448,0.03564257174730301
1732437685559841717,0.03564257174730301
1732437685559841717,0.03564257174730301
1732437685570288324,0.03564257174730301
1732437685570288324,0.03564257174730301
1732437685580473433,0.03564257174730301
1732437685580473433,0.03564257174730301
1732437685590676405,0.03564257174730301
1732437685590676405,0.03564257174730301
1732437685600856494,0.03564257174730301
1732437685600856494,0.03564257174730301
1732437685611182913,0.03564257174730301
1732437685611182913,0.03564257174730301
1732437685621654339,0.03564257174730301
1732437685621654339,0.03564257174730301
1732437685631940699,0.03564257174730301
1732437685631940699,0.03564257174730301
1732437685642532741,0.03537768870592117
1732437685642532741,0.03537768870592117
1732437685652941104,0.03537768870592117
1732437685652941104,0.03537768870592117
1732437685663438562,0.03537768870592117
1732437685663438562,0.03537768870592117
1732437685674061820,0.03537768870592117
1732437685674061820,0.03537768870592117
1732437685684323901,0.03537768870592117
1732437685684323901,0.03537768870592117
1732437685694556829,0.03537768870592117
1732437685694556829,0.03537768870592117
1732437685705046522,0.03537768870592117
1732437685705046522,0.03537768870592117
1732437685715537759,0.03537768870592117
1732437685715537759,0.03537768870592117
1732437685726121352,0.03537768870592117
1732437685726121352,0.03537768870592117
1732437685736387925,0.03537768870592117
1732437685736387925,0.03537768870592117
1732437685746436037,0.03514428809285164
1732437685746436037,0.03514428809285164
1732437685757061463,0.03514428809285164
1732437685757061463,0.03514428809285164
1732437685767226312,0.03514428809285164
1732437685767226312,0.03514428809285164
1732437685777638120,0.03514428809285164
1732437685777638120,0.03514428809285164
1732437685788045632,0.03514428809285164
1732437685788045632,0.03514428809285164
1732437685798802188,0.03514428809285164
1732437685798802188,0.03514428809285164
1732437685809185224,0.03514428809285164
1732437685809185224,0.03514428809285164
1732437685819508858,0.03514428809285164
1732437685819508858,0.03514428809285164
1732437685829757283,0.03514428809285164
1732437685829757283,0.03514428809285164
1732437685840381396,0.03514428809285164
1732437685840381396,0.03514428809285164
1732437685850973197,0.03485751897096634
1732437685850973197,0.03485751897096634
1732437685861580299,0.03485751897096634
1732437685861580299,0.03485751897096634
1732437685871972190,0.03485751897096634
1732437685871972190,0.03485751897096634
1732437685882504310,0.03485751897096634
1732437685882504310,0.03485751897096634
1732437685893058302,0.03485751897096634
1732437685893058302,0.03485751897096634
1732437685903529991,0.03485751897096634
1732437685903529991,0.03485751897096634
1732437685913785991,0.03485751897096634
1732437685913785991,0.03485751897096634
1732437685924320323,0.03485751897096634
1732437685924320323,0.03485751897096634
1732437685934561719,0.03485751897096634
1732437685934561719,0.03485751897096634
1732437685944656901,0.03541325405240059
1732437685944656901,0.03541325405240059
1732437685955208387,0.03541325405240059
1732437685955208387,0.03541325405240059
1732437685965612502,0.03541325405240059
1732437685965612502,0.03541325405240059
1732437685976109359,0.03541325405240059
1732437685976109359,0.03541325405240059
1732437685986541675,0.03541325405240059
1732437685986541675,0.03541325405240059
1732437685997064259,0.03541325405240059
1732437685997064259,0.03541325405240059
1732437686007462962,0.03541325405240059
1732437686007462962,0.03541325405240059
1732437686017599311,0.03541325405240059
1732437686017599311,0.03541325405240059
1732437686028214698,0.03541325405240059
1732437686028214698,0.03541325405240059
1732437686038246989,0.03541325405240059
1732437686038246989,0.03541325405240059
1732437686048761533,0.03522789478302002
1732437686048761533,0.03522789478302002
1732437686059015079,0.03522789478302002
1732437686059015079,0.03522789478302002
1732437686069638871,0.03522789478302002
1732437686069638871,0.03522789478302002
1732437686080389554,0.03522789478302002
1732437686080389554,0.03522789478302002
1732437686090653769,0.03522789478302002
1732437686090653769,0.03522789478302002
1732437686100973651,0.03522789478302002
1732437686100973651,0.03522789478302002
1732437686111232497,0.03522789478302002
1732437686111232497,0.03522789478302002
1732437686121791447,0.03522789478302002
1732437686121791447,0.03522789478302002
1732437686132277774,0.03522789478302002
1732437686132277774,0.03522789478302002
1732437686142684745,0.03522789478302002
1732437686142684745,0.03522789478302002
1732437686153180009,0.035141512751579285
1732437686153180009,0.035141512751579285
1732437686163596715,0.035141512751579285
1732437686163596715,0.035141512751579285
1732437686174175534,0.035141512751579285
1732437686174175534,0.035141512751579285
1732437686184720951,0.035141512751579285
1732437686184720951,0.035141512751579285
1732437686194889718,0.035141512751579285
1732437686194889718,0.035141512751579285
1732437686205041314,0.035141512751579285
1732437686205041314,0.035141512751579285
1732437686215838198,0.035141512751579285
1732437686215838198,0.035141512751579285
1732437686226102102,0.035141512751579285
1732437686226102102,0.035141512751579285
1732437686236579791,0.035141512751579285
1732437686236579791,0.035141512751579285
1732437686246618119,0.03565872460603714
1732437686246618119,0.03565872460603714
1732437686256969105,0.03565872460603714
1732437686256969105,0.03565872460603714
1732437686267365716,0.03565872460603714
1732437686267365716,0.03565872460603714
1732437686277484862,0.03565872460603714
1732437686277484862,0.03565872460603714
1732437686288211575,0.03565872460603714
1732437686288211575,0.03565872460603714
1732437686298355138,0.03565872460603714
1732437686298355138,0.03565872460603714
1732437686308660228,0.03565872460603714
1732437686308660228,0.03565872460603714
1732437686318724842,0.03565872460603714
1732437686318724842,0.03565872460603714
1732437686329345859,0.03565872460603714
1732437686329345859,0.03565872460603714
1732437686340239098,0.03565872460603714
1732437686340239098,0.03565872460603714
1732437686350703125,0.036706577986478806
1732437686350703125,0.036706577986478806
1732437686361195805,0.036706577986478806
1732437686361195805,0.036706577986478806
1732437686371823184,0.036706577986478806
1732437686371823184,0.036706577986478806
1732437686381968839,0.036706577986478806
1732437686381968839,0.036706577986478806
1732437686392330250,0.036706577986478806
1732437686392330250,0.036706577986478806
1732437686403214970,0.036706577986478806
1732437686403214970,0.036706577986478806
1732437686413496227,0.036706577986478806
1732437686413496227,0.036706577986478806
1732437686424035683,0.036706577986478806
1732437686424035683,0.036706577986478806
1732437686434662849,0.036706577986478806
1732437686434662849,0.036706577986478806
1732437686444903701,0.03651334345340729
1732437686444903701,0.03651334345340729
1732437686455513497,0.03651334345340729
1732437686455513497,0.03651334345340729
1732437686466329244,0.03651334345340729
1732437686466329244,0.03651334345340729
1732437686466329244,0.03651334345340729
1732437686466329244,0.03651334345340729
1732437686486579138,0.03651334345340729
1732437686486579138,0.03651334345340729
1732437686497722785,0.03651334345340729
1732437686497722785,0.03651334345340729
1732437686507823437,0.03651334345340729
1732437686507823437,0.03651334345340729
1732437686518360909,0.03651334345340729
1732437686518360909,0.03651334345340729
1732437686529491371,0.03651334345340729
1732437686529491371,0.03651334345340729
1732437686539948462,0.03651334345340729
1732437686539948462,0.03651334345340729
1732437686550602000,0.036148976534605026
1732437686550602000,0.036148976534605026
1732437686560902890,0.036148976534605026
1732437686560902890,0.036148976534605026
1732437686571030616,0.036148976534605026
1732437686571030616,0.036148976534605026
1732437686581355492,0.036148976534605026
1732437686581355492,0.036148976534605026
1732437686592340214,0.036148976534605026
1732437686592340214,0.036148976534605026
1732437686602674846,0.036148976534605026
1732437686602674846,0.036148976534605026
1732437686612992783,0.036148976534605026
1732437686612992783,0.036148976534605026
1732437686623465465,0.036148976534605026
1732437686623465465,0.036148976534605026
1732437686633585123,0.036148976534605026
1732437686633585123,0.036148976534605026
1732437686633585123,0.036148976534605026
1732437686644171315,0.03614615276455879
1732437686654817265,0.03614615276455879
1732437686654817265,0.03614615276455879
1732437686664931944,0.03614615276455879
1732437686664931944,0.03614615276455879
1732437686675317414,0.03614615276455879
1732437686675317414,0.03614615276455879
1732437686685630690,0.03614615276455879
1732437686685630690,0.03614615276455879
1732437686695748871,0.03614615276455879
1732437686695748871,0.03614615276455879
1732437686706079784,0.03614615276455879
1732437686706079784,0.03614615276455879
1732437686716544402,0.03614615276455879
1732437686716544402,0.03614615276455879
1732437686727097432,0.03614615276455879
1732437686727097432,0.03614615276455879
1732437686737111793,0.03614615276455879
1732437686737111793,0.03614615276455879
1732437686747282165,0.03605366125702858
1732437686747282165,0.03605366125702858
1732437686757366766,0.03605366125702858
1732437686757366766,0.03605366125702858
1732437686767696143,0.03605366125702858
1732437686767696143,0.03605366125702858
1732437686777882023,0.03605366125702858
1732437686777882023,0.03605366125702858
1732437686788263826,0.03605366125702858
1732437686788263826,0.03605366125702858
1732437686798849368,0.03605366125702858
1732437686798849368,0.03605366125702858
1732437686809340381,0.03605366125702858
1732437686809340381,0.03605366125702858
1732437686819749725,0.03605366125702858
1732437686819749725,0.03605366125702858
1732437686830041682,0.03605366125702858
1732437686830041682,0.03605366125702858
1732437686840572781,0.03605366125702858
1732437686840572781,0.03605366125702858
1732437686851310684,0.03617338091135025
1732437686851310684,0.03617338091135025
1732437686861703093,0.03617338091135025
1732437686861703093,0.03617338091135025
1732437686872058351,0.03617338091135025
1732437686872058351,0.03617338091135025
1732437686882201260,0.03617338091135025
1732437686882201260,0.03617338091135025
1732437686892829379,0.03617338091135025
1732437686892829379,0.03617338091135025
1732437686903303332,0.03617338091135025
1732437686903303332,0.03617338091135025
1732437686913550423,0.03617338091135025
1732437686913550423,0.03617338091135025
1732437686924219559,0.03617338091135025
1732437686924219559,0.03617338091135025
1732437686935122098,0.03617338091135025
1732437686935122098,0.03617338091135025
1732437686945353223,0.03805846348404884
1732437686945353223,0.03805846348404884
1732437686955729081,0.03805846348404884
1732437686955729081,0.03805846348404884
1732437686966293554,0.03805846348404884
1732437686966293554,0.03805846348404884
1732437686976925428,0.03805846348404884
1732437686976925428,0.03805846348404884
1732437686986935211,0.03805846348404884
1732437686986935211,0.03805846348404884
1732437686997227461,0.03805846348404884
1732437686997227461,0.03805846348404884
1732437687007237345,0.03805846348404884
1732437687007237345,0.03805846348404884
1732437687017428084,0.03805846348404884
1732437687017428084,0.03805846348404884
1732437687027649350,0.03805846348404884
1732437687027649350,0.03805846348404884
1732437687038024581,0.03805846348404884
1732437687038024581,0.03805846348404884
1732437687048276975,0.03780602663755417
1732437687048276975,0.03780602663755417
1732437687058588075,0.03780602663755417
1732437687058588075,0.03780602663755417
1732437687069076176,0.03780602663755417
1732437687069076176,0.03780602663755417
1732437687079700676,0.03780602663755417
1732437687079700676,0.03780602663755417
1732437687090051044,0.03780602663755417
1732437687090051044,0.03780602663755417
1732437687100669558,0.03780602663755417
1732437687100669558,0.03780602663755417
1732437687111853859,0.03780602663755417
1732437687111853859,0.03780602663755417
1732437687122162762,0.03780602663755417
1732437687122162762,0.03780602663755417
1732437687132809420,0.03780602663755417
1732437687132809420,0.03780602663755417
1732437687143155468,0.03780602663755417
1732437687143155468,0.03678400442004204
1732437687153420445,0.03678400442004204
1732437687153420445,0.03678400442004204
1732437687164101553,0.03678400442004204
1732437687164101553,0.03678400442004204
1732437687174847001,0.03678400442004204
1732437687174847001,0.03678400442004204
1732437687185365599,0.03678400442004204
1732437687185365599,0.03678400442004204
1732437687195581435,0.03678400442004204
1732437687195581435,0.03678400442004204
1732437687205796919,0.03678400442004204
1732437687205796919,0.03678400442004204
1732437687216087183,0.03678400442004204
1732437687216087183,0.03678400442004204
1732437687226292009,0.03678400442004204
1732437687226292009,0.03678400442004204
1732437687237036896,0.03678400442004204
1732437687237036896,0.03678400442004204
1732437687247516841,0.03698897361755371
1732437687247516841,0.03698897361755371
1732437687257787849,0.03698897361755371
1732437687257787849,0.03698897361755371
1732437687268254447,0.03698897361755371
1732437687268254447,0.03698897361755371
1732437687278541514,0.03698897361755371
1732437687278541514,0.03698897361755371
1732437687289459913,0.03698897361755371
1732437687289459913,0.03698897361755371
1732437687299663613,0.03698897361755371
1732437687299663613,0.03698897361755371
1732437687310186752,0.03698897361755371
1732437687310186752,0.03698897361755371
1732437687320795848,0.03698897361755371
1732437687320795848,0.03698897361755371
1732437687331103209,0.03698897361755371
1732437687331103209,0.03698897361755371
1732437687341492717,0.03698897361755371
1732437687341492717,0.03698897361755371
1732437687351737016,0.03642856329679489
1732437687351737016,0.03642856329679489
1732437687362302290,0.03642856329679489
1732437687362302290,0.03642856329679489
1732437687372789880,0.03642856329679489
1732437687372789880,0.03642856329679489
1732437687382881244,0.03642856329679489
1732437687382881244,0.03642856329679489
1732437687393476013,0.03642856329679489
1732437687393476013,0.03642856329679489
1732437687403628301,0.03642856329679489
1732437687403628301,0.03642856329679489
1732437687413807228,0.03642856329679489
1732437687413807228,0.03642856329679489
1732437687424354719,0.03642856329679489
1732437687424354719,0.03642856329679489
1732437687434865471,0.03642856329679489
1732437687434865471,0.03642856329679489
1732437687445207993,0.03662161901593208
1732437687445207993,0.03662161901593208
1732437687455486034,0.03662161901593208
1732437687455486034,0.03662161901593208
1732437687465763452,0.03662161901593208
1732437687465763452,0.03662161901593208
1732437687476109469,0.03662161901593208
1732437687476109469,0.03662161901593208
1732437687486280782,0.03662161901593208
1732437687486280782,0.03662161901593208
1732437687496907239,0.03662161901593208
1732437687496907239,0.03662161901593208
1732437687507154510,0.03662161901593208
1732437687507154510,0.03662161901593208
1732437687517267408,0.03662161901593208
1732437687517267408,0.03662161901593208
1732437687527717268,0.03662161901593208
1732437687527717268,0.03662161901593208
1732437687538145476,0.03662161901593208
1732437687538145476,0.03662161901593208
1732437687548287411,0.036509253084659576
1732437687548287411,0.036509253084659576
1732437687558875591,0.036509253084659576
1732437687558875591,0.036509253084659576
1732437687569085172,0.036509253084659576
1732437687569085172,0.036509253084659576
1732437687579699290,0.036509253084659576
1732437687579699290,0.036509253084659576
1732437687590076916,0.036509253084659576
1732437687590076916,0.036509253084659576
1732437687600510454,0.036509253084659576
1732437687600510454,0.036509253084659576
1732437687610605774,0.036509253084659576
1732437687610605774,0.036509253084659576
1732437687620875279,0.036509253084659576
1732437687620875279,0.036509253084659576
1732437687631158379,0.036509253084659576
1732437687631158379,0.036509253084659576
1732437687641430791,0.036509253084659576
1732437687641430791,0.036509253084659576
1732437687651974505,0.037187084555625916
1732437687651974505,0.037187084555625916
1732437687662879278,0.037187084555625916
1732437687662879278,0.037187084555625916
1732437687673363440,0.037187084555625916
1732437687673363440,0.037187084555625916
1732437687683590505,0.037187084555625916
1732437687683590505,0.037187084555625916
1732437687693992265,0.037187084555625916
1732437687693992265,0.037187084555625916
1732437687704577045,0.037187084555625916
1732437687704577045,0.037187084555625916
1732437687715020142,0.037187084555625916
1732437687715020142,0.037187084555625916
1732437687725369816,0.037187084555625916
1732437687725369816,0.037187084555625916
1732437687736138427,0.037187084555625916
1732437687736138427,0.037187084555625916
1732437687746540507,0.03681092709302902
1732437687746540507,0.03681092709302902
1732437687757190808,0.03681092709302902
1732437687757190808,0.03681092709302902
1732437687768031071,0.03681092709302902
1732437687768031071,0.03681092709302902
1732437687778871826,0.03681092709302902
1732437687778871826,0.03681092709302902
1732437687789512701,0.03681092709302902
1732437687789512701,0.03681092709302902
1732437687800060402,0.03681092709302902
1732437687800060402,0.03681092709302902
1732437687810200987,0.03681092709302902
1732437687810200987,0.03681092709302902
1732437687820762822,0.03681092709302902
1732437687820762822,0.03681092709302902
1732437687830883251,0.03681092709302902
1732437687830883251,0.03681092709302902
1732437687841290171,0.03681092709302902
1732437687841290171,0.03681092709302902
1732437687851974536,0.04005499556660652
1732437687851974536,0.04005499556660652
1732437687862477604,0.04005499556660652
1732437687862477604,0.04005499556660652
1732437687872872803,0.04005499556660652
1732437687872872803,0.04005499556660652
1732437687883341706,0.04005499556660652
1732437687883341706,0.04005499556660652
1732437687893700567,0.04005499556660652
1732437687893700567,0.04005499556660652
1732437687904010377,0.04005499556660652
1732437687904010377,0.04005499556660652
1732437687914204759,0.04005499556660652
1732437687914204759,0.04005499556660652
1732437687924593249,0.04005499556660652
1732437687924593249,0.04005499556660652
1732437687935227080,0.04005499556660652
1732437687935227080,0.04005499556660652
1732437687945604442,0.03987433388829231
1732437687945604442,0.03987433388829231
1732437687955785887,0.03987433388829231
1732437687955785887,0.03987433388829231
1732437687966284427,0.03987433388829231
1732437687966284427,0.03987433388829231
1732437687976784800,0.03987433388829231
1732437687976784800,0.03987433388829231
1732437687986824771,0.03987433388829231
1732437687986824771,0.03987433388829231
1732437687997089236,0.03987433388829231
1732437687997089236,0.03987433388829231
1732437688007198855,0.03987433388829231
1732437688007198855,0.03987433388829231
1732437688017785609,0.03987433388829231
1732437688017785609,0.03987433388829231
1732437688028288367,0.03987433388829231
1732437688028288367,0.03987433388829231
1732437688038663768,0.03987433388829231
1732437688038663768,0.03987433388829231
1732437688049257064,0.04127541929483414
1732437688049257064,0.04127541929483414
1732437688059501200,0.04127541929483414
1732437688059501200,0.04127541929483414
1732437688069870732,0.04127541929483414
1732437688069870732,0.04127541929483414
1732437688080138490,0.04127541929483414
1732437688080138490,0.04127541929483414
1732437688090745651,0.04127541929483414
1732437688090745651,0.04127541929483414
1732437688101211425,0.04127541929483414
1732437688101211425,0.04127541929483414
1732437688111366317,0.04127541929483414
1732437688111366317,0.04127541929483414
1732437688121942351,0.04127541929483414
1732437688121942351,0.04127541929483414
1732437688132125216,0.04127541929483414
1732437688132125216,0.04127541929483414
1732437688142336062,0.04127541929483414
1732437688142336062,0.04127541929483414
1732437688152518176,0.040413349866867065
1732437688152518176,0.040413349866867065
1732437688162598830,0.040413349866867065
1732437688162598830,0.040413349866867065
1732437688172809727,0.040413349866867065
1732437688172809727,0.040413349866867065
1732437688183377695,0.040413349866867065
1732437688183377695,0.040413349866867065
1732437688193734723,0.040413349866867065
1732437688193734723,0.040413349866867065
1732437688204005862,0.040413349866867065
1732437688204005862,0.040413349866867065
1732437688214811973,0.040413349866867065
1732437688214811973,0.040413349866867065
1732437688225051252,0.040413349866867065
1732437688225051252,0.040413349866867065
1732437688235529353,0.040413349866867065
1732437688235529353,0.040413349866867065
1732437688245971699,0.04127870127558708
1732437688245971699,0.04127870127558708
1732437688256489465,0.04127870127558708
1732437688256489465,0.04127870127558708
1732437688268162219,0.04127870127558708
1732437688268162219,0.04127870127558708
1732437688278225746,0.04127870127558708
1732437688278225746,0.04127870127558708
1732437688288716011,0.04127870127558708
1732437688288716011,0.04127870127558708
1732437688299504158,0.04127870127558708
1732437688299504158,0.04127870127558708
1732437688309832239,0.04127870127558708
1732437688309832239,0.04127870127558708
1732437688320382729,0.04127870127558708
1732437688320382729,0.04127870127558708
1732437688330960876,0.04127870127558708
1732437688330960876,0.04127870127558708
1732437688341205535,0.04127870127558708
1732437688341205535,0.04127870127558708
1732437688351624488,0.041586875915527344
1732437688351624488,0.041586875915527344
1732437688362001122,0.041586875915527344
1732437688362001122,0.041586875915527344
1732437688372269425,0.041586875915527344
1732437688372269425,0.041586875915527344
1732437688382718032,0.041586875915527344
1732437688382718032,0.041586875915527344
1732437688393350000,0.041586875915527344
1732437688393350000,0.041586875915527344
1732437688403517887,0.041586875915527344
1732437688403517887,0.041586875915527344
1732437688413738621,0.041586875915527344
1732437688413738621,0.041586875915527344
1732437688424310324,0.041586875915527344
1732437688424310324,0.041586875915527344
1732437688434999938,0.041586875915527344
1732437688434999938,0.041586875915527344
1732437688445121529,0.042862847447395325
1732437688445121529,0.042862847447395325
1732437688455594001,0.042862847447395325
1732437688455594001,0.042862847447395325
1732437688465800539,0.042862847447395325
1732437688465800539,0.042862847447395325
1732437688476037735,0.042862847447395325
1732437688476037735,0.042862847447395325
1732437688486464482,0.042862847447395325
1732437688486464482,0.042862847447395325
1732437688497221221,0.042862847447395325
1732437688497221221,0.042862847447395325
1732437688507358631,0.042862847447395325
1732437688507358631,0.042862847447395325
1732437688517741867,0.042862847447395325
1732437688517741867,0.042862847447395325
1732437688528382291,0.042862847447395325
1732437688528382291,0.042862847447395325
1732437688538519030,0.042862847447395325
1732437688538519030,0.042862847447395325
1732437688549004365,0.04274072125554085
1732437688549004365,0.04274072125554085
1732437688559519345,0.04274072125554085
1732437688559519345,0.04274072125554085
1732437688569690068,0.04274072125554085
1732437688569690068,0.04274072125554085
1732437688580255412,0.04274072125554085
1732437688580255412,0.04274072125554085
1732437688590704861,0.04274072125554085
1732437688590704861,0.04274072125554085
1732437688601117401,0.04274072125554085
1732437688601117401,0.04274072125554085
1732437688611469230,0.04274072125554085
1732437688611469230,0.04274072125554085
1732437688622003125,0.04274072125554085
1732437688622003125,0.04274072125554085
1732437688632452123,0.04274072125554085
1732437688632452123,0.04274072125554085
1732437688642610282,0.04274072125554085
1732437688642610282,0.04274072125554085
1732437688652834814,0.042043592780828476
1732437688652834814,0.042043592780828476
1732437688663289483,0.042043592780828476
1732437688663289483,0.042043592780828476
1732437688673755613,0.042043592780828476
1732437688673755613,0.042043592780828476
1732437688684021863,0.042043592780828476
1732437688684021863,0.042043592780828476
1732437688694220606,0.042043592780828476
1732437688694220606,0.042043592780828476
1732437688704703307,0.042043592780828476
1732437688704703307,0.042043592780828476
1732437688715059954,0.042043592780828476
1732437688715059954,0.042043592780828476
1732437688725205619,0.042043592780828476
1732437688725205619,0.042043592780828476
1732437688735422988,0.042043592780828476
1732437688735422988,0.042043592780828476
1732437688747899757,0.04283495619893074
1732437688747899757,0.04283495619893074
1732437688758463167,0.04283495619893074
1732437688758463167,0.04283495619893074
1732437688768586602,0.04283495619893074
1732437688768586602,0.04283495619893074
1732437688778741164,0.04283495619893074
1732437688778741164,0.04283495619893074
1732437688788965785,0.04283495619893074
1732437688788965785,0.04283495619893074
1732437688799104108,0.04283495619893074
1732437688799104108,0.04283495619893074
1732437688810167495,0.04283495619893074
1732437688810167495,0.04283495619893074
1732437688820587236,0.04283495619893074
1732437688820587236,0.04283495619893074
1732437688830776936,0.04283495619893074
1732437688830776936,0.04283495619893074
1732437688841190319,0.04283495619893074
1732437688841190319,0.04283495619893074
1732437688851346253,0.04366140440106392
1732437688851346253,0.04366140440106392
1732437688861539627,0.04366140440106392
1732437688861539627,0.04366140440106392
1732437688871732531,0.04366140440106392
1732437688871732531,0.04366140440106392
1732437688882274772,0.04366140440106392
1732437688882274772,0.04366140440106392
1732437688892587334,0.04366140440106392
1732437688892587334,0.04366140440106392
1732437688902742140,0.04366140440106392
1732437688902742140,0.04366140440106392
1732437688912931557,0.04366140440106392
1732437688912931557,0.04366140440106392
1732437688923605392,0.04366140440106392
1732437688923605392,0.04366140440106392
1732437688934125161,0.04366140440106392
1732437688934125161,0.04366140440106392
1732437688944271769,0.04369495064020157
1732437688944271769,0.04369495064020157
1732437688954807494,0.04369495064020157
1732437688954807494,0.04369495064020157
1732437688965354668,0.04369495064020157
1732437688965354668,0.04369495064020157
1732437688975751539,0.04369495064020157
1732437688975751539,0.04369495064020157
1732437688986447696,0.04369495064020157
1732437688986447696,0.04369495064020157
1732437688996771853,0.04369495064020157
1732437688996771853,0.04369495064020157
1732437689006957965,0.04369495064020157
1732437689006957965,0.04369495064020157
1732437689017009326,0.04369495064020157
1732437689017009326,0.04369495064020157
1732437689027471308,0.04369495064020157
1732437689027471308,0.04369495064020157
1732437689037479228,0.04369495064020157
1732437689037479228,0.04369495064020157
1732437689047543653,0.04551912471652031
1732437689047543653,0.04551912471652031
1732437689057777072,0.04551912471652031
1732437689057777072,0.04551912471652031
1732437689067915243,0.04551912471652031
1732437689067915243,0.04551912471652031
1732437689078713491,0.04551912471652031
1732437689078713491,0.04551912471652031
1732437689089203883,0.04551912471652031
1732437689089203883,0.04551912471652031
1732437689099656708,0.04551912471652031
1732437689099656708,0.04551912471652031
1732437689110251741,0.04551912471652031
1732437689110251741,0.04551912471652031
1732437689120667798,0.04551912471652031
1732437689120667798,0.04551912471652031
1732437689131072033,0.04551912471652031
1732437689131072033,0.04551912471652031
1732437689141661261,0.04551912471652031
1732437689141661261,0.04551912471652031
1732437689152008851,0.0446922592818737
1732437689152008851,0.0446922592818737
1732437689162575277,0.0446922592818737
1732437689162575277,0.0446922592818737
1732437689173287123,0.0446922592818737
1732437689173287123,0.0446922592818737
1732437689183750888,0.0446922592818737
1732437689183750888,0.0446922592818737
1732437689194208282,0.0446922592818737
1732437689194208282,0.0446922592818737
1732437689204611485,0.0446922592818737
1732437689204611485,0.0446922592818737
1732437689215119392,0.0446922592818737
1732437689215119392,0.0446922592818737
1732437689225397614,0.0446922592818737
1732437689225397614,0.0446922592818737
1732437689235853625,0.0446922592818737
1732437689235853625,0.0446922592818737
1732437689246503887,0.046029433608055115
1732437689246503887,0.046029433608055115
1732437689256846678,0.046029433608055115
1732437689256846678,0.046029433608055115
1732437689267023498,0.046029433608055115
1732437689267023498,0.046029433608055115
1732437689277263652,0.046029433608055115
1732437689277263652,0.046029433608055115
1732437689287680310,0.046029433608055115
1732437689287680310,0.046029433608055115
1732437689298403788,0.046029433608055115
1732437689298403788,0.046029433608055115
1732437689308561577,0.046029433608055115
1732437689308561577,0.046029433608055115
1732437689319029050,0.046029433608055115
1732437689319029050,0.046029433608055115
1732437689329435319,0.046029433608055115
1732437689329435319,0.046029433608055115
1732437689340056366,0.046029433608055115
1732437689340056366,0.046029433608055115
1732437689350738183,0.04570214822888374
1732437689350738183,0.04570214822888374
1732437689360912936,0.04570214822888374
1732437689360912936,0.04570214822888374
1732437689371067969,0.04570214822888374
1732437689371067969,0.04570214822888374
1732437689381336993,0.04570214822888374
1732437689381336993,0.04570214822888374
1732437689392024203,0.04570214822888374
1732437689392024203,0.04570214822888374
1732437689402603573,0.04570214822888374
1732437689402603573,0.04570214822888374
1732437689412907993,0.04570214822888374
1732437689412907993,0.04570214822888374
1732437689422985172,0.04570214822888374
1732437689422985172,0.04570214822888374
1732437689433322824,0.04570214822888374
1732437689433322824,0.04570214822888374
1732437689443670574,0.04497956857085228
1732437689443670574,0.04497956857085228
1732437689454059380,0.04497956857085228
1732437689454059380,0.04497956857085228
1732437689464507905,0.04497956857085228
1732437689464507905,0.04497956857085228
1732437689475224453,0.04497956857085228
1732437689475224453,0.04497956857085228
1732437689485737189,0.04497956857085228
1732437689485737189,0.04497956857085228
1732437689495954638,0.04497956857085228
1732437689495954638,0.04497956857085228
1732437689506542453,0.04497956857085228
1732437689506542453,0.04497956857085228
1732437689517076228,0.04497956857085228
1732437689517076228,0.04497956857085228
1732437689527807652,0.04497956857085228
1732437689527807652,0.04497956857085228
1732437689538369079,0.04497956857085228
1732437689538369079,0.04497956857085228
1732437689548905820,0.04612074792385101
1732437689548905820,0.04612074792385101
1732437689559240025,0.04612074792385101
1732437689559240025,0.04612074792385101
1732437689569436241,0.04612074792385101
1732437689569436241,0.04612074792385101
1732437689579643194,0.04612074792385101
1732437689579643194,0.04612074792385101
1732437689590118468,0.04612074792385101
1732437689590118468,0.04612074792385101
1732437689600548424,0.04612074792385101
1732437689600548424,0.04612074792385101
1732437689610700789,0.04612074792385101
1732437689610700789,0.04612074792385101
1732437689622166626,0.04612074792385101
1732437689622166626,0.04612074792385101
1732437689632747959,0.04612074792385101
1732437689632747959,0.04612074792385101
1732437689642934254,0.04612074792385101
1732437689642934254,0.04868580773472786
1732437689653485803,0.04868580773472786
1732437689653485803,0.04868580773472786
1732437689664132628,0.04868580773472786
1732437689664132628,0.04868580773472786
1732437689674735060,0.04868580773472786
1732437689674735060,0.04868580773472786
1732437689684975532,0.04868580773472786
1732437689684975532,0.04868580773472786
1732437689695479872,0.04868580773472786
1732437689695479872,0.04868580773472786
1732437689705727778,0.04868580773472786
1732437689705727778,0.04868580773472786
1732437689716231678,0.04868580773472786
1732437689716231678,0.04868580773472786
1732437689726411393,0.04868580773472786
1732437689726411393,0.04868580773472786
1732437689736936736,0.04868580773472786
1732437689736936736,0.04868580773472786
1732437689747143716,0.05321439728140831
1732437689747143716,0.05321439728140831
1732437689757221736,0.05321439728140831
1732437689757221736,0.05321439728140831
1732437689767336194,0.05321439728140831
1732437689767336194,0.05321439728140831
1732437689777771536,0.05321439728140831
1732437689777771536,0.05321439728140831
1732437689787956111,0.05321439728140831
1732437689787956111,0.05321439728140831
1732437689798267488,0.05321439728140831
1732437689798267488,0.05321439728140831
1732437689808745369,0.05321439728140831
1732437689808745369,0.05321439728140831
1732437689818909740,0.05321439728140831
1732437689818909740,0.05321439728140831
1732437689829345674,0.05321439728140831
1732437689829345674,0.05321439728140831
1732437689840317321,0.05321439728140831
1732437689840317321,0.05321439728140831
1732437689850925952,0.06558219343423843
1732437689850925952,0.06558219343423843
1732437689861599032,0.06558219343423843
1732437689861599032,0.06558219343423843
1732437689871918070,0.06558219343423843
1732437689871918070,0.06558219343423843
1732437689882440684,0.06558219343423843
1732437689882440684,0.06558219343423843
1732437689892985871,0.06558219343423843
1732437689892985871,0.06558219343423843
1732437689903327600,0.06558219343423843
1732437689903327600,0.06558219343423843
1732437689913629435,0.06558219343423843
1732437689913629435,0.06558219343423843
1732437689923789268,0.06558219343423843
1732437689923789268,0.06558219343423843
1732437689934041026,0.06558219343423843
1732437689934041026,0.06558219343423843
1732437689944531235,0.06947974860668182
1732437689944531235,0.06947974860668182
1732437689954662390,0.06947974860668182
1732437689954662390,0.06947974860668182
1732437689965081135,0.06947974860668182
1732437689965081135,0.06947974860668182
1732437689975504766,0.06947974860668182
1732437689975504766,0.06947974860668182
1732437689986092131,0.06947974860668182
1732437689986092131,0.06947974860668182
1732437689996258014,0.06947974860668182
1732437689996258014,0.06947974860668182
1732437690007186352,0.06947974860668182
1732437690007186352,0.06947974860668182
1732437690017308614,0.06947974860668182
1732437690017308614,0.06947974860668182
1732437690029257023,0.06947974860668182
1732437690029257023,0.06947974860668182
1732437690039386510,0.06947974860668182
1732437690039386510,0.06947974860668182
1732437690049975368,0.07006935775279999
1732437690049975368,0.07006935775279999
1732437690060405792,0.07006935775279999
1732437690060405792,0.07006935775279999
1732437690070808554,0.07006935775279999
1732437690070808554,0.07006935775279999
1732437690081153829,0.07006935775279999
1732437690081153829,0.07006935775279999
1732437690091396377,0.07006935775279999
1732437690091396377,0.07006935775279999
1732437690101656565,0.07006935775279999
1732437690101656565,0.07006935775279999
1732437690111985196,0.07006935775279999
1732437690111985196,0.07006935775279999
1732437690122441431,0.07006935775279999
1732437690122441431,0.07006935775279999
1732437690132773423,0.07006935775279999
1732437690132773423,0.07006935775279999
1732437690143190284,0.06487474590539932
1732437690143190284,0.06487474590539932
1732437690153613695,0.06487474590539932
1732437690153613695,0.06487474590539932
1732437690163884143,0.06487474590539932
1732437690163884143,0.06487474590539932
1732437690174421315,0.06487474590539932
1732437690174421315,0.06487474590539932
1732437690184961111,0.06487474590539932
1732437690184961111,0.06487474590539932
1732437690195384001,0.06487474590539932
1732437690195384001,0.06487474590539932
1732437690205995520,0.06487474590539932
1732437690205995520,0.06487474590539932
1732437690216510912,0.06487474590539932
1732437690216510912,0.06487474590539932
1732437690227092145,0.06487474590539932
1732437690227092145,0.06487474590539932
1732437690237325516,0.06487474590539932
1732437690237325516,0.06487474590539932
1732437690247542784,0.063099704682827
1732437690247542784,0.063099704682827
1732437690257764451,0.063099704682827
1732437690257764451,0.063099704682827
1732437690267940763,0.063099704682827
1732437690267940763,0.063099704682827
1732437690278048809,0.063099704682827
1732437690278048809,0.063099704682827
1732437690288356787,0.063099704682827
1732437690288356787,0.063099704682827
1732437690298744151,0.063099704682827
1732437690298744151,0.063099704682827
1732437690309251578,0.063099704682827
1732437690309251578,0.063099704682827
1732437690319575273,0.063099704682827
1732437690319575273,0.063099704682827
1732437690330119841,0.063099704682827
1732437690330119841,0.063099704682827
1732437690340900293,0.063099704682827
1732437690340900293,0.063099704682827
1732437690351240250,0.06148304045200348
1732437690351240250,0.06148304045200348
1732437690361966789,0.06148304045200348
1732437690361966789,0.06148304045200348
1732437690372135822,0.06148304045200348
1732437690372135822,0.06148304045200348
1732437690382778681,0.06148304045200348
1732437690382778681,0.06148304045200348
1732437690393236896,0.06148304045200348
1732437690393236896,0.06148304045200348
1732437690403457782,0.06148304045200348
1732437690403457782,0.06148304045200348
1732437690413939350,0.06148304045200348
1732437690413939350,0.06148304045200348
1732437690424395101,0.06148304045200348
1732437690424395101,0.06148304045200348
1732437690434731612,0.06148304045200348
1732437690434731612,0.06148304045200348
1732437690445623352,0.06941673159599304
1732437690445623352,0.06941673159599304
1732437690455916491,0.06941673159599304
1732437690455916491,0.06941673159599304
1732437690466194943,0.06941673159599304
1732437690466194943,0.06941673159599304
1732437690476265971,0.06941673159599304
1732437690476265971,0.06941673159599304
1732437690486790129,0.06941673159599304
1732437690486790129,0.06941673159599304
1732437690497426525,0.06941673159599304
1732437690497426525,0.06941673159599304
1732437690507533268,0.06941673159599304
1732437690507533268,0.06941673159599304
1732437690518256324,0.06941673159599304
1732437690518256324,0.06941673159599304
1732437690528743085,0.06941673159599304
1732437690528743085,0.06941673159599304
1732437690539238790,0.06941673159599304
1732437690539238790,0.06941673159599304
1732437690549627456,0.07008947432041168
1732437690549627456,0.07008947432041168
1732437690560025620,0.07008947432041168
1732437690560025620,0.07008947432041168
1732437690570453429,0.07008947432041168
1732437690570453429,0.07008947432041168
1732437690580947352,0.07008947432041168
1732437690580947352,0.07008947432041168
1732437690591561616,0.07008947432041168
1732437690591561616,0.07008947432041168
1732437690601741356,0.07008947432041168
1732437690601741356,0.07008947432041168
1732437690611869348,0.07008947432041168
1732437690611869348,0.07008947432041168
1732437690622155216,0.07008947432041168
1732437690622155216,0.07008947432041168
1732437690632705482,0.07008947432041168
1732437690632705482,0.07008947432041168
1732437690644808417,0.07008947432041168
1732437690644808417,0.07008947432041168
1732437690655550459,0.07479085773229599
1732437690655550459,0.07479085773229599
1732437690665865455,0.07479085773229599
1732437690665865455,0.07479085773229599
1732437690676091475,0.07479085773229599
1732437690676091475,0.07479085773229599
1732437690686481284,0.07479085773229599
1732437690686481284,0.07479085773229599
1732437690697142755,0.07479085773229599
1732437690697142755,0.07479085773229599
1732437690707711506,0.07479085773229599
1732437690707711506,0.07479085773229599
1732437690718049510,0.07479085773229599
1732437690718049510,0.07479085773229599
1732437690728348290,0.07479085773229599
1732437690728348290,0.07479085773229599
1732437690738656016,0.07479085773229599
1732437690738656016,0.07479085773229599
1732437690748869838,0.07802822440862656
1732437690748869838,0.07802822440862656
1732437690759026333,0.07802822440862656
1732437690759026333,0.07802822440862656
1732437690769380938,0.07802822440862656
1732437690769380938,0.07802822440862656
1732437690779552031,0.07802822440862656
1732437690779552031,0.07802822440862656
1732437690789663022,0.07802822440862656
1732437690789663022,0.07802822440862656
1732437690799986194,0.07802822440862656
1732437690799986194,0.07802822440862656
1732437690810238010,0.07802822440862656
1732437690810238010,0.07802822440862656
1732437690820542298,0.07802822440862656
1732437690820542298,0.07802822440862656
1732437690830789165,0.07802822440862656
1732437690830789165,0.07802822440862656
1732437690840987549,0.07802822440862656
1732437690840987549,0.07802822440862656
1732437690851531423,0.07531363517045975
1732437690851531423,0.07531363517045975
1732437690862336872,0.07531363517045975
1732437690862336872,0.07531363517045975
1732437690873054781,0.07531363517045975
1732437690873054781,0.07531363517045975
1732437690883385469,0.07531363517045975
1732437690883385469,0.07531363517045975
1732437690893710317,0.07531363517045975
1732437690893710317,0.07531363517045975
1732437690903799288,0.07531363517045975
1732437690903799288,0.07531363517045975
1732437690915694598,0.07531363517045975
1732437690915694598,0.07531363517045975
1732437690926293050,0.07531363517045975
1732437690926293050,0.07531363517045975
1732437690936579080,0.07531363517045975
1732437690936579080,0.07531363517045975
1732437690946994806,0.0725477784872055
1732437690946994806,0.0725477784872055
1732437690957187980,0.0725477784872055
1732437690957187980,0.0725477784872055
1732437690967740712,0.0725477784872055
1732437690967740712,0.0725477784872055
1732437690977973530,0.0725477784872055
1732437690977973530,0.0725477784872055
1732437690988077979,0.0725477784872055
1732437690988077979,0.0725477784872055
1732437690998723883,0.0725477784872055
1732437690998723883,0.0725477784872055
1732437691011416684,0.0725477784872055
1732437691011416684,0.0725477784872055
1732437691022077054,0.0725477784872055
1732437691022077054,0.0725477784872055
1732437691032420917,0.0725477784872055
1732437691032420917,0.0725477784872055
1732437691042841685,0.0725477784872055
1732437691042841685,0.07075829058885574
1732437691053683922,0.07075829058885574
1732437691053683922,0.07075829058885574
1732437691064024539,0.07075829058885574
1732437691064024539,0.07075829058885574
1732437691074378314,0.07075829058885574
1732437691074378314,0.07075829058885574
1732437691084863556,0.07075829058885574
1732437691084863556,0.07075829058885574
1732437691095259390,0.07075829058885574
1732437691095259390,0.07075829058885574
1732437691105454837,0.07075829058885574
1732437691105454837,0.07075829058885574
1732437691115713633,0.07075829058885574
1732437691115713633,0.07075829058885574
1732437691126782207,0.07075829058885574
1732437691126782207,0.07075829058885574
1732437691137546726,0.07075829058885574
1732437691137546726,0.07075829058885574
1732437691147733587,0.07356690615415573
1732437691147733587,0.07356690615415573
1732437691158085606,0.07356690615415573
1732437691158085606,0.07356690615415573
1732437691168292617,0.07356690615415573
1732437691168292617,0.07356690615415573
1732437691178720586,0.07356690615415573
1732437691178720586,0.07356690615415573
1732437691188998564,0.07356690615415573
1732437691188998564,0.07356690615415573
1732437691199459640,0.07356690615415573
1732437691199459640,0.07356690615415573
1732437691209756306,0.07356690615415573
1732437691209756306,0.07356690615415573
1732437691220254385,0.07356690615415573
1732437691220254385,0.07356690615415573
1732437691231187442,0.07356690615415573
1732437691231187442,0.07356690615415573
1732437691241557625,0.07356690615415573
1732437691241557625,0.07356690615415573
1732437691252014778,0.07163551449775696
1732437691252014778,0.07163551449775696
1732437691262295157,0.07163551449775696
1732437691262295157,0.07163551449775696
1732437691273174443,0.07163551449775696
1732437691273174443,0.07163551449775696
1732437691283596150,0.07163551449775696
1732437691283596150,0.07163551449775696
1732437691294190418,0.07163551449775696
1732437691294190418,0.07163551449775696
1732437691304391326,0.07163551449775696
1732437691304391326,0.07163551449775696
1732437691314565304,0.07163551449775696
1732437691314565304,0.07163551449775696
1732437691325088943,0.07163551449775696
1732437691325088943,0.07163551449775696
1732437691335160591,0.07163551449775696
1732437691335160591,0.07163551449775696
1732437691345492302,0.07712522894144058
1732437691345492302,0.07712522894144058
1732437691355930632,0.07712522894144058
1732437691355930632,0.07712522894144058
1732437691366183246,0.07712522894144058
1732437691366183246,0.07712522894144058
1732437691376334343,0.07712522894144058
1732437691376334343,0.07712522894144058
1732437691386430317,0.07712522894144058
1732437691386430317,0.07712522894144058
1732437691386430317,0.07712522894144058
1732437691386430317,0.07712522894144058
1732437691407186611,0.07712522894144058
1732437691407186611,0.07712522894144058
1732437691417189420,0.07712522894144058
1732437691417189420,0.07712522894144058
1732437691427400160,0.07712522894144058
1732437691427400160,0.07712522894144058
1732437691437883211,0.07712522894144058
1732437691437883211,0.07712522894144058
1732437691448331760,0.07289278507232666
1732437691448331760,0.07289278507232666
1732437691458588652,0.07289278507232666
1732437691458588652,0.07289278507232666
1732437691468728026,0.07289278507232666
1732437691468728026,0.07289278507232666
1732437691478823621,0.07289278507232666
1732437691478823621,0.07289278507232666
1732437691489425158,0.07289278507232666
1732437691489425158,0.07289278507232666
1732437691499655495,0.07289278507232666
1732437691499655495,0.07289278507232666
1732437691510184312,0.07289278507232666
1732437691510184312,0.07289278507232666
1732437691520615908,0.07289278507232666
1732437691520615908,0.07289278507232666
1732437691530823956,0.07289278507232666
1732437691530823956,0.07289278507232666
1732437691541363945,0.07289278507232666
1732437691541363945,0.07289278507232666
1732437691552235640,0.06935083866119385
1732437691552235640,0.06935083866119385
1732437691562394521,0.06935083866119385
1732437691562394521,0.06935083866119385
1732437691572683093,0.06935083866119385
1732437691572683093,0.06935083866119385
1732437691583284905,0.06935083866119385
1732437691583284905,0.06935083866119385
1732437691593878441,0.06935083866119385
1732437691593878441,0.06935083866119385
1732437691604082166,0.06935083866119385
1732437691604082166,0.06935083866119385
1732437691614704626,0.06935083866119385
1732437691614704626,0.06935083866119385
1732437691625071142,0.06935083866119385
1732437691625071142,0.06935083866119385
1732437691635566517,0.06935083866119385
1732437691635566517,0.06935083866119385
1732437691645895012,0.07177088409662247
1732437691645895012,0.07177088409662247
1732437691656496791,0.07177088409662247
1732437691656496791,0.07177088409662247
1732437691667210354,0.07177088409662247
1732437691667210354,0.07177088409662247
1732437691677620640,0.07177088409662247
1732437691677620640,0.07177088409662247
1732437691687870019,0.07177088409662247
1732437691687870019,0.07177088409662247
1732437691698715073,0.07177088409662247
1732437691698715073,0.07177088409662247
1732437691709177296,0.07177088409662247
1732437691709177296,0.07177088409662247
1732437691719508856,0.07177088409662247
1732437691719508856,0.07177088409662247
1732437691729922440,0.07177088409662247
1732437691729922440,0.07177088409662247
1732437691740058518,0.07177088409662247
1732437691740058518,0.07177088409662247
1732437691750382306,0.06792300194501877
1732437691750382306,0.06792300194501877
1732437691760770523,0.06792300194501877
1732437691760770523,0.06792300194501877
1732437691771093878,0.06792300194501877
1732437691771093878,0.06792300194501877
1732437691781707158,0.06792300194501877
1732437691781707158,0.06792300194501877
1732437691791869318,0.06792300194501877
1732437691791869318,0.06792300194501877
1732437691802411829,0.06792300194501877
1732437691802411829,0.06792300194501877
1732437691812678250,0.06792300194501877
1732437691812678250,0.06792300194501877
1732437691823441842,0.06792300194501877
1732437691823441842,0.06792300194501877
1732437691834030910,0.06792300194501877
1732437691834030910,0.06792300194501877
1732437691844127967,0.06848549097776413
1732437691844127967,0.06848549097776413
1732437691854759995,0.06848549097776413
1732437691854759995,0.06848549097776413
1732437691865163124,0.06848549097776413
1732437691865163124,0.06848549097776413
1732437691875703277,0.06848549097776413
1732437691875703277,0.06848549097776413
1732437691885986194,0.06848549097776413
1732437691885986194,0.06848549097776413
1732437691896604846,0.06848549097776413
1732437691896604846,0.06848549097776413
1732437691907130499,0.06848549097776413
1732437691907130499,0.06848549097776413
1732437691917365052,0.06848549097776413
1732437691917365052,0.06848549097776413
1732437691927738341,0.06848549097776413
1732437691927738341,0.06848549097776413
1732437691938054594,0.06848549097776413
1732437691938054594,0.06848549097776413
1732437691948460813,0.06366027891635895
1732437691948460813,0.06366027891635895
1732437691959053879,0.06366027891635895
1732437691959053879,0.06366027891635895
1732437691969523156,0.06366027891635895
1732437691969523156,0.06366027891635895
1732437691979926830,0.06366027891635895
1732437691979926830,0.06366027891635895
1732437691990379575,0.06366027891635895
1732437691990379575,0.06366027891635895
1732437692001007938,0.06366027891635895
1732437692001007938,0.06366027891635895
1732437692011483185,0.06366027891635895
1732437692011483185,0.06366027891635895
1732437692021929280,0.06366027891635895
1732437692021929280,0.06366027891635895
1732437692032073462,0.06366027891635895
1732437692032073462,0.06366027891635895
1732437692042174395,0.06366027891635895
1732437692042174395,0.06366027891635895
1732437692052798099,0.059216901659965515
1732437692052798099,0.059216901659965515
1732437692063075846,0.059216901659965515
1732437692063075846,0.059216901659965515
1732437692073511404,0.059216901659965515
1732437692073511404,0.059216901659965515
1732437692083653593,0.059216901659965515
1732437692083653593,0.059216901659965515
1732437692094040939,0.059216901659965515
1732437692094040939,0.059216901659965515
1732437692104328248,0.059216901659965515
1732437692104328248,0.059216901659965515
1732437692115415251,0.059216901659965515
1732437692115415251,0.059216901659965515
1732437692126178321,0.059216901659965515
1732437692126178321,0.059216901659965515
1732437692136694495,0.059216901659965515
1732437692136694495,0.059216901659965515
1732437692147320062,0.05585043504834175
1732437692147320062,0.05585043504834175
1732437692157645141,0.05585043504834175
1732437692157645141,0.05585043504834175
1732437692167891074,0.05585043504834175
1732437692167891074,0.05585043504834175
1732437692178670695,0.05585043504834175
1732437692178670695,0.05585043504834175
1732437692189251990,0.05585043504834175
1732437692189251990,0.05585043504834175
1732437692199612504,0.05585043504834175
1732437692199612504,0.05585043504834175
1732437692209993929,0.05585043504834175
1732437692209993929,0.05585043504834175
1732437692220388346,0.05585043504834175
1732437692220388346,0.05585043504834175
1732437692230524536,0.05585043504834175
1732437692230524536,0.05585043504834175
1732437692240912581,0.05585043504834175
1732437692240912581,0.05585043504834175
1732437692251362112,0.054140493273735046
1732437692251362112,0.054140493273735046
1732437692261724781,0.054140493273735046
1732437692261724781,0.054140493273735046
1732437692272416205,0.054140493273735046
1732437692272416205,0.054140493273735046
1732437692282807581,0.054140493273735046
1732437692282807581,0.054140493273735046
1732437692293194434,0.054140493273735046
1732437692293194434,0.054140493273735046
1732437692303560881,0.054140493273735046
1732437692303560881,0.054140493273735046
1732437692314070091,0.054140493273735046
1732437692314070091,0.054140493273735046
1732437692324666284,0.054140493273735046
1732437692324666284,0.054140493273735046
1732437692334765934,0.054140493273735046
1732437692334765934,0.054140493273735046
1732437692345370329,0.05338359251618385
1732437692345370329,0.05338359251618385
1732437692355619981,0.05338359251618385
1732437692355619981,0.05338359251618385
1732437692365941444,0.05338359251618385
1732437692365941444,0.05338359251618385
1732437692376616221,0.05338359251618385
1732437692376616221,0.05338359251618385
1732437692386935297,0.05338359251618385
1732437692386935297,0.05338359251618385
1732437692398890963,0.05338359251618385
1732437692398890963,0.05338359251618385
1732437692409153306,0.05338359251618385
1732437692409153306,0.05338359251618385
1732437692419509723,0.05338359251618385
1732437692419509723,0.05338359251618385
1732437692430158822,0.05338359251618385
1732437692430158822,0.05338359251618385
1732437692440353511,0.05338359251618385
1732437692440353511,0.05338359251618385
1732437692451066174,0.05473899468779564
1732437692451066174,0.05473899468779564
1732437692461483078,0.05473899468779564
1732437692461483078,0.05473899468779564
1732437692471654478,0.05473899468779564
1732437692471654478,0.05473899468779564
1732437692481997895,0.05473899468779564
1732437692481997895,0.05473899468779564
1732437692492345816,0.05473899468779564
1732437692492345816,0.05473899468779564
1732437692502547518,0.05473899468779564
1732437692502547518,0.05473899468779564
1732437692513107592,0.05473899468779564
1732437692513107592,0.05473899468779564
1732437692523638424,0.05473899468779564
1732437692523638424,0.05473899468779564
1732437692534226169,0.05473899468779564
1732437692534226169,0.05473899468779564
1732437692544397063,0.055785469710826874
1732437692544397063,0.055785469710826874
1732437692554545655,0.055785469710826874
1732437692554545655,0.055785469710826874
1732437692564672125,0.055785469710826874
1732437692564672125,0.055785469710826874
1732437692575202055,0.055785469710826874
1732437692575202055,0.055785469710826874
1732437692585439801,0.055785469710826874
1732437692585439801,0.055785469710826874
1732437692596185291,0.055785469710826874
1732437692596185291,0.055785469710826874
1732437692606415343,0.055785469710826874
1732437692606415343,0.055785469710826874
1732437692617389919,0.055785469710826874
1732437692617389919,0.055785469710826874
1732437692627671917,0.055785469710826874
1732437692627671917,0.055785469710826874
1732437692638410012,0.055785469710826874
1732437692638410012,0.055785469710826874
1732437692648541191,0.056911807507276535
1732437692648541191,0.056911807507276535
1732437692658586340,0.056911807507276535
1732437692658586340,0.056911807507276535
1732437692669337581,0.056911807507276535
1732437692669337581,0.056911807507276535
1732437692679643004,0.056911807507276535
1732437692679643004,0.056911807507276535
1732437692689867567,0.056911807507276535
1732437692689867567,0.056911807507276535
1732437692700523078,0.056911807507276535
1732437692700523078,0.056911807507276535
1732437692710782683,0.056911807507276535
1732437692710782683,0.056911807507276535
1732437692721091456,0.056911807507276535
1732437692721091456,0.056911807507276535
1732437692731746027,0.056911807507276535
1732437692731746027,0.056911807507276535
1732437692742527031,0.056911807507276535
1732437692742527031,0.056911807507276535
1732437692753622569,0.05696078762412071
1732437692753622569,0.05696078762412071
1732437692763880243,0.05696078762412071
1732437692763880243,0.05696078762412071
1732437692774140893,0.05696078762412071
1732437692774140893,0.05696078762412071
1732437692784988711,0.05696078762412071
1732437692784988711,0.05696078762412071
1732437692795468086,0.05696078762412071
1732437692795468086,0.05696078762412071
1732437692805951720,0.05696078762412071
1732437692805951720,0.05696078762412071
1732437692816405424,0.05696078762412071
1732437692816405424,0.05696078762412071
1732437692826564339,0.05696078762412071
1732437692826564339,0.05696078762412071
1732437692837094678,0.05696078762412071
1732437692837094678,0.05696078762412071
1732437692847785697,0.05637291073799133
1732437692847785697,0.05637291073799133
1732437692858020137,0.05637291073799133
1732437692858020137,0.05637291073799133
1732437692868377366,0.05637291073799133
1732437692868377366,0.05637291073799133
1732437692878697796,0.05637291073799133
1732437692878697796,0.05637291073799133
1732437692889032584,0.05637291073799133
1732437692889032584,0.05637291073799133
1732437692899573149,0.05637291073799133
1732437692899573149,0.05637291073799133
1732437692910168414,0.05637291073799133
1732437692910168414,0.05637291073799133
1732437692920707295,0.05637291073799133
1732437692920707295,0.05637291073799133
1732437692931576677,0.05637291073799133
1732437692931576677,0.05637291073799133
1732437692941766282,0.05637291073799133
1732437692941766282,0.05637291073799133
1732437692953050723,0.05497980862855911
1732437692953050723,0.05497980862855911
1732437692963697911,0.05497980862855911
1732437692963697911,0.05497980862855911
1732437692974177366,0.05497980862855911
1732437692974177366,0.05497980862855911
1732437692984427097,0.05497980862855911
1732437692984427097,0.05497980862855911
1732437692994630019,0.05497980862855911
1732437692994630019,0.05497980862855911
1732437693004828494,0.05497980862855911
1732437693004828494,0.05497980862855911
1732437693015571357,0.05497980862855911
1732437693015571357,0.05497980862855911
1732437693025788597,0.05497980862855911
1732437693025788597,0.05497980862855911
1732437693036374099,0.05497980862855911
1732437693036374099,0.05497980862855911
1732437693046983636,0.05901350826025009
1732437693046983636,0.05901350826025009
1732437693057158997,0.05901350826025009
1732437693057158997,0.05901350826025009
1732437693067788692,0.05901350826025009
1732437693067788692,0.05901350826025009
1732437693078419429,0.05901350826025009
1732437693078419429,0.05901350826025009
1732437693088878165,0.05901350826025009
1732437693088878165,0.05901350826025009
1732437693099179300,0.05901350826025009
1732437693099179300,0.05901350826025009
1732437693109845219,0.05901350826025009
1732437693109845219,0.05901350826025009
1732437693120175552,0.05901350826025009
1732437693120175552,0.05901350826025009
1732437693130665187,0.05901350826025009
1732437693130665187,0.05901350826025009
1732437693141189244,0.05901350826025009
1732437693141189244,0.05901350826025009
1732437693151743700,0.060449667274951935
1732437693151743700,0.060449667274951935
1732437693162557184,0.060449667274951935
1732437693162557184,0.060449667274951935
1732437693173045457,0.060449667274951935
1732437693173045457,0.060449667274951935
1732437693183370536,0.060449667274951935
1732437693183370536,0.060449667274951935
1732437693193688762,0.060449667274951935
1732437693193688762,0.060449667274951935
1732437693204064887,0.060449667274951935
1732437693204064887,0.060449667274951935
1732437693214457661,0.060449667274951935
1732437693214457661,0.060449667274951935
1732437693225028227,0.060449667274951935
1732437693225028227,0.060449667274951935
1732437693235696712,0.060449667274951935
1732437693235696712,0.060449667274951935
1732437693245970817,0.06654265522956848
1732437693245970817,0.06654265522956848
1732437693256107689,0.06654265522956848
1732437693256107689,0.06654265522956848
1732437693266442405,0.06654265522956848
1732437693266442405,0.06654265522956848
1732437693276933974,0.06654265522956848
1732437693276933974,0.06654265522956848
1732437693287392110,0.06654265522956848
1732437693287392110,0.06654265522956848
1732437693297643392,0.06654265522956848
1732437693297643392,0.06654265522956848
1732437693307905685,0.06654265522956848
1732437693307905685,0.06654265522956848
1732437693318875260,0.06654265522956848
1732437693318875260,0.06654265522956848
1732437693329493715,0.06654265522956848
1732437693329493715,0.06654265522956848
1732437693339845912,0.06654265522956848
1732437693339845912,0.06654265522956848
1732437693350587285,0.07185333967208862
1732437693350587285,0.07185333967208862
1732437693361065178,0.07185333967208862
1732437693361065178,0.07185333967208862
1732437693371508607,0.07185333967208862
1732437693371508607,0.07185333967208862
1732437693381943390,0.07185333967208862
1732437693381943390,0.07185333967208862
1732437693392256546,0.07185333967208862
1732437693392256546,0.07185333967208862
1732437693403248363,0.07185333967208862
1732437693403248363,0.07185333967208862
1732437693413651226,0.07185333967208862
1732437693413651226,0.07185333967208862
1732437693424041647,0.07185333967208862
1732437693424041647,0.07185333967208862
1732437693434396268,0.07185333967208862
1732437693434396268,0.07185333967208862
1732437693444782503,0.07703253626823425
1732437693444782503,0.07703253626823425
1732437693454870344,0.07703253626823425
1732437693454870344,0.07703253626823425
1732437693465325423,0.07703253626823425
1732437693465325423,0.07703253626823425
1732437693475755569,0.07703253626823425
1732437693475755569,0.07703253626823425
1732437693486074305,0.07703253626823425
1732437693486074305,0.07703253626823425
1732437693496411458,0.07703253626823425
1732437693496411458,0.07703253626823425
1732437693506637393,0.07703253626823425
1732437693506637393,0.07703253626823425
1732437693517247281,0.07703253626823425
1732437693517247281,0.07703253626823425
1732437693529152261,0.07703253626823425
1732437693529152261,0.07703253626823425
1732437693539810056,0.07703253626823425
1732437693539810056,0.07703253626823425
1732437693550197662,0.0856466144323349
1732437693550197662,0.0856466144323349
1732437693560560782,0.0856466144323349
1732437693560560782,0.0856466144323349
1732437693571050116,0.0856466144323349
1732437693571050116,0.0856466144323349
1732437693581864754,0.0856466144323349
1732437693581864754,0.0856466144323349
1732437693592600110,0.0856466144323349
1732437693592600110,0.0856466144323349
1732437693603579547,0.0856466144323349
1732437693603579547,0.0856466144323349
1732437693613869412,0.0856466144323349
1732437693613869412,0.0856466144323349
1732437693624113480,0.0856466144323349
1732437693624113480,0.0856466144323349
1732437693634811001,0.0856466144323349
1732437693634811001,0.0856466144323349
1732437693645100283,0.0926942303776741
1732437693645100283,0.0926942303776741
1732437693655389988,0.0926942303776741
1732437693655389988,0.0926942303776741
1732437693665831128,0.0926942303776741
1732437693665831128,0.0926942303776741
1732437693676115196,0.0926942303776741
1732437693676115196,0.0926942303776741
1732437693686467456,0.0926942303776741
1732437693686467456,0.0926942303776741
1732437693696845363,0.0926942303776741
1732437693696845363,0.0926942303776741
1732437693706845867,0.0926942303776741
1732437693706845867,0.0926942303776741
1732437693717055144,0.0926942303776741
1732437693717055144,0.0926942303776741
1732437693727262697,0.0926942303776741
1732437693727262697,0.0926942303776741
1732437693737340874,0.0926942303776741
1732437693737340874,0.0926942303776741
1732437693747617808,0.09570244699716568
1732437693747617808,0.09570244699716568
1732437693758012777,0.09570244699716568
1732437693758012777,0.09570244699716568
1732437693768332336,0.09570244699716568
1732437693768332336,0.09570244699716568
1732437693778437779,0.09570244699716568
1732437693778437779,0.09570244699716568
1732437693788660217,0.09570244699716568
1732437693788660217,0.09570244699716568
1732437693799129043,0.09570244699716568
1732437693799129043,0.09570244699716568
1732437693809570768,0.09570244699716568
1732437693809570768,0.09570244699716568
1732437693819867706,0.09570244699716568
1732437693819867706,0.09570244699716568
1732437693830069828,0.09570244699716568
1732437693830069828,0.09570244699716568
1732437693840344954,0.09570244699716568
1732437693840344954,0.09570244699716568
1732437693850548649,0.10389726608991623
1732437693850548649,0.10389726608991623
1732437693860798238,0.10389726608991623
1732437693860798238,0.10389726608991623
1732437693871713903,0.10389726608991623
1732437693871713903,0.10389726608991623
1732437693881800489,0.10389726608991623
1732437693881800489,0.10389726608991623
1732437693892677259,0.10389726608991623
1732437693892677259,0.10389726608991623
1732437693903400091,0.10389726608991623
1732437693903400091,0.10389726608991623
1732437693913927474,0.10389726608991623
1732437693913927474,0.10389726608991623
1732437693924296726,0.10389726608991623
1732437693924296726,0.10389726608991623
1732437693934580899,0.10389726608991623
1732437693934580899,0.10389726608991623
1732437693944928370,0.0936509296298027
1732437693944928370,0.0936509296298027
1732437693955489046,0.0936509296298027
1732437693955489046,0.0936509296298027
1732437693965604697,0.0936509296298027
1732437693965604697,0.0936509296298027
1732437693975813682,0.0936509296298027
1732437693975813682,0.0936509296298027
1732437693986036982,0.0936509296298027
1732437693986036982,0.0936509296298027
1732437693996760651,0.0936509296298027
1732437693996760651,0.0936509296298027
1732437694006847398,0.0936509296298027
1732437694006847398,0.0936509296298027
1732437694017083403,0.0936509296298027
1732437694017083403,0.0936509296298027
1732437694027422880,0.0936509296298027
1732437694027422880,0.0936509296298027
1732437694037809233,0.0936509296298027
1732437694037809233,0.0936509296298027
1732437694048009931,0.09848564863204956
1732437694048009931,0.09848564863204956
1732437694058407125,0.09848564863204956
1732437694058407125,0.09848564863204956
1732437694068638290,0.09848564863204956
1732437694068638290,0.09848564863204956
1732437694078994668,0.09848564863204956
1732437694078994668,0.09848564863204956
1732437694089425955,0.09848564863204956
1732437694089425955,0.09848564863204956
1732437694100009795,0.09848564863204956
1732437694100009795,0.09848564863204956
1732437694111551490,0.09848564863204956
1732437694111551490,0.09848564863204956
1732437694122103821,0.09848564863204956
1732437694122103821,0.09848564863204956
1732437694132548850,0.09848564863204956
1732437694132548850,0.09848564863204956
1732437694132548850,0.09848564863204956
1732437694132548850,0.09848564863204956
1732437694153282257,0.09014297276735306
1732437694153282257,0.09014297276735306
1732437694163813369,0.09014297276735306
1732437694163813369,0.09014297276735306
1732437694174166501,0.09014297276735306
1732437694174166501,0.09014297276735306
1732437694185046439,0.09014297276735306
1732437694185046439,0.09014297276735306
1732437694195968012,0.09014297276735306
1732437694195968012,0.09014297276735306
1732437694206399222,0.09014297276735306
1732437694206399222,0.09014297276735306
1732437694216883167,0.09014297276735306
1732437694216883167,0.09014297276735306
1732437694227171057,0.09014297276735306
1732437694227171057,0.09014297276735306
1732437694237222810,0.09014297276735306
1732437694237222810,0.09014297276735306
1732437694247751296,0.08441083133220673
1732437694247751296,0.08441083133220673
1732437694258230842,0.08441083133220673
1732437694258230842,0.08441083133220673
1732437694268427915,0.08441083133220673
1732437694268427915,0.08441083133220673
1732437694279178334,0.08441083133220673
1732437694279178334,0.08441083133220673
1732437694289549298,0.08441083133220673
1732437694289549298,0.08441083133220673
1732437694300121526,0.08441083133220673
1732437694300121526,0.08441083133220673
1732437694310717118,0.08441083133220673
1732437694310717118,0.08441083133220673
1732437694321147863,0.08441083133220673
1732437694321147863,0.08441083133220673
1732437694331301584,0.08441083133220673
1732437694331301584,0.08441083133220673
1732437694342615886,0.08031654357910156
1732437694342615886,0.08031654357910156
1732437694353160275,0.08031654357910156
1732437694353160275,0.08031654357910156
1732437694363594958,0.08031654357910156
1732437694363594958,0.08031654357910156
1732437694373892196,0.08031654357910156
1732437694373892196,0.08031654357910156
1732437694384495643,0.08031654357910156
1732437694384495643,0.08031654357910156
1732437694395057090,0.08031654357910156
1732437694395057090,0.08031654357910156
1732437694405527349,0.08031654357910156
1732437694405527349,0.08031654357910156
1732437694415658951,0.08031654357910156
1732437694415658951,0.08031654357910156
1732437694427424779,0.08031654357910156
1732437694427424779,0.08031654357910156
1732437694437518552,0.08031654357910156
1732437694437518552,0.08031654357910156
1732437694447869881,0.07769988477230072
1732437694447869881,0.07769988477230072
1732437694458504796,0.07769988477230072
1732437694458504796,0.07769988477230072
1732437694468811882,0.07769988477230072
1732437694468811882,0.07769988477230072
1732437694479396943,0.07769988477230072
1732437694479396943,0.07769988477230072
1732437694489540006,0.07769988477230072
1732437694489540006,0.07769988477230072
1732437694500085604,0.07769988477230072
1732437694500085604,0.07769988477230072
1732437694511449600,0.07769988477230072
1732437694511449600,0.07769988477230072
1732437694522065790,0.07769988477230072
1732437694522065790,0.07769988477230072
1732437694532301173,0.07769988477230072
1732437694532301173,0.07769988477230072
1732437694543079773,0.07769988477230072
1732437694543079773,0.07769988477230072
1732437694553944814,0.07445418834686279
1732437694553944814,0.07445418834686279
1732437694564172524,0.07445418834686279
1732437694564172524,0.07445418834686279
1732437694574569407,0.07445418834686279
1732437694574569407,0.07445418834686279
1732437694585206714,0.07445418834686279
1732437694585206714,0.07445418834686279
1732437694595639294,0.07445418834686279
1732437694595639294,0.07445418834686279
1732437694606102066,0.07445418834686279
1732437694606102066,0.07445418834686279
1732437694616749917,0.07445418834686279
1732437694616749917,0.07445418834686279
1732437694626879083,0.07445418834686279
1732437694626879083,0.07445418834686279
1732437694636928372,0.07445418834686279
1732437694636928372,0.07445418834686279
1732437694646940450,0.07434771955013275
1732437694646940450,0.07434771955013275
1732437694657051012,0.07434771955013275
1732437694657051012,0.07434771955013275
1732437694667418551,0.07434771955013275
1732437694667418551,0.07434771955013275
1732437694677910025,0.07434771955013275
1732437694677910025,0.07434771955013275
1732437694688571402,0.07434771955013275
1732437694688571402,0.07434771955013275
1732437694698616684,0.07434771955013275
1732437694698616684,0.07434771955013275
1732437694709031239,0.07434771955013275
1732437694709031239,0.07434771955013275
1732437694719460542,0.07434771955013275
1732437694719460542,0.07434771955013275
1732437694730036537,0.07434771955013275
1732437694730036537,0.07434771955013275
1732437694741202436,0.07434771955013275
1732437694741202436,0.07434771955013275
1732437694751513348,0.07266344875097275
1732437694751513348,0.07266344875097275
1732437694762296945,0.07266344875097275
1732437694762296945,0.07266344875097275
1732437694772862445,0.07266344875097275
1732437694772862445,0.07266344875097275
1732437694783127562,0.07266344875097275
1732437694783127562,0.07266344875097275
1732437694793808843,0.07266344875097275
1732437694793808843,0.07266344875097275
1732437694804384788,0.07266344875097275
1732437694804384788,0.07266344875097275
1732437694814568025,0.07266344875097275
1732437694814568025,0.07266344875097275
1732437694824707249,0.07266344875097275
1732437694824707249,0.07266344875097275
1732437694835096929,0.07266344875097275
1732437694835096929,0.07266344875097275
1732437694845336597,0.0724734291434288
1732437694845336597,0.0724734291434288
1732437694855677609,0.0724734291434288
1732437694855677609,0.0724734291434288
1732437694866279753,0.0724734291434288
1732437694866279753,0.0724734291434288
1732437694876606366,0.0724734291434288
1732437694876606366,0.0724734291434288
1732437694887156442,0.0724734291434288
1732437694887156442,0.0724734291434288
1732437694897237971,0.0724734291434288
1732437694897237971,0.0724734291434288
1732437694907429824,0.0724734291434288
1732437694907429824,0.0724734291434288
1732437694917562406,0.0724734291434288
1732437694917562406,0.0724734291434288
1732437694928414302,0.0724734291434288
1732437694928414302,0.0724734291434288
1732437694938544672,0.0724734291434288
1732437694938544672,0.0724734291434288
1732437694948644002,0.07145034521818161
1732437694948644002,0.07145034521818161
1732437694959075369,0.07145034521818161
1732437694959075369,0.07145034521818161
1732437694969638370,0.07145034521818161
1732437694969638370,0.07145034521818161
1732437694980042827,0.07145034521818161
1732437694980042827,0.07145034521818161
1732437694990352807,0.07145034521818161
1732437694990352807,0.07145034521818161
1732437695000642121,0.07145034521818161
1732437695000642121,0.07145034521818161
1732437695011061323,0.07145034521818161
1732437695011061323,0.07145034521818161
1732437695021557210,0.07145034521818161
1732437695021557210,0.07145034521818161
1732437695031753393,0.07145034521818161
1732437695031753393,0.07145034521818161
1732437695041997072,0.07145034521818161
1732437695041997072,0.07145034521818161
1732437695052227246,0.07248992472887039
1732437695052227246,0.07248992472887039
1732437695062487356,0.07248992472887039
1732437695062487356,0.07248992472887039
1732437695072743304,0.07248992472887039
1732437695072743304,0.07248992472887039
1732437695082901579,0.07248992472887039
1732437695082901579,0.07248992472887039
1732437695093344823,0.07248992472887039
1732437695093344823,0.07248992472887039
1732437695103540597,0.07248992472887039
1732437695103540597,0.07248992472887039
1732437695114217650,0.07248992472887039
1732437695114217650,0.07248992472887039
1732437695124643316,0.07248992472887039
1732437695124643316,0.07248992472887039
1732437695134703285,0.07248992472887039
1732437695134703285,0.07248992472887039
1732437695144895228,0.07277064025402069
1732437695144895228,0.07277064025402069
1732437695155450133,0.07277064025402069
1732437695155450133,0.07277064025402069
1732437695166190824,0.07277064025402069
1732437695166190824,0.07277064025402069
1732437695176628473,0.07277064025402069
1732437695176628473,0.07277064025402069
1732437695187114462,0.07277064025402069
1732437695187114462,0.07277064025402069
1732437695197416849,0.07277064025402069
1732437695197416849,0.07277064025402069
1732437695207864456,0.07277064025402069
1732437695207864456,0.07277064025402069
1732437695218148670,0.07277064025402069
1732437695218148670,0.07277064025402069
1732437695228611415,0.07277064025402069
1732437695228611415,0.07277064025402069
1732437695239146255,0.07277064025402069
1732437695239146255,0.07277064025402069
1732437695249501230,0.0756995677947998
1732437695249501230,0.0756995677947998
1732437695260035307,0.0756995677947998
1732437695260035307,0.0756995677947998
1732437695270340229,0.0756995677947998
1732437695270340229,0.0756995677947998
1732437695280716163,0.0756995677947998
1732437695280716163,0.0756995677947998
1732437695290967106,0.0756995677947998
1732437695290967106,0.0756995677947998
1732437695301435412,0.0756995677947998
1732437695301435412,0.0756995677947998
1732437695311607287,0.0756995677947998
1732437695311607287,0.0756995677947998
1732437695322017922,0.0756995677947998
1732437695322017922,0.0756995677947998
1732437695332143953,0.0756995677947998
1732437695332143953,0.0756995677947998
1732437695342562650,0.0756995677947998
1732437695342562650,0.0756995677947998
1732437695353232500,0.07754626870155334
1732437695353232500,0.07754626870155334
1732437695363800630,0.07754626870155334
1732437695363800630,0.07754626870155334
1732437695374013672,0.07754626870155334
1732437695374013672,0.07754626870155334
1732437695384885235,0.07754626870155334
1732437695384885235,0.07754626870155334
1732437695396037299,0.07754626870155334
1732437695396037299,0.07754626870155334
1732437695406354364,0.07754626870155334
1732437695406354364,0.07754626870155334
1732437695416828942,0.07754626870155334
1732437695416828942,0.07754626870155334
1732437695427223390,0.07754626870155334
1732437695427223390,0.07754626870155334
1732437695437472178,0.07754626870155334
1732437695437472178,0.07754626870155334
1732437695447638363,0.08393750339746475
1732437695447638363,0.08393750339746475
1732437695457847257,0.08393750339746475
1732437695457847257,0.08393750339746475
1732437695468538136,0.08393750339746475
1732437695468538136,0.08393750339746475
1732437695478611419,0.08393750339746475
1732437695478611419,0.08393750339746475
1732437695488963789,0.08393750339746475
1732437695488963789,0.08393750339746475
1732437695499545274,0.08393750339746475
1732437695499545274,0.08393750339746475
1732437695509869412,0.08393750339746475
1732437695509869412,0.08393750339746475
1732437695520326626,0.08393750339746475
1732437695520326626,0.08393750339746475
1732437695530547453,0.08393750339746475
1732437695530547453,0.08393750339746475
1732437695542822951,0.08393750339746475
1732437695542822951,0.08393750339746475
1732437695553321853,0.08479909598827362
1732437695553321853,0.08479909598827362
1732437695563784046,0.08479909598827362
1732437695563784046,0.08479909598827362
1732437695574093307,0.08479909598827362
1732437695574093307,0.08479909598827362
1732437695584383502,0.08479909598827362
1732437695584383502,0.08479909598827362
1732437695594883096,0.08479909598827362
1732437695594883096,0.08479909598827362
1732437695605281592,0.08479909598827362
1732437695605281592,0.08479909598827362
1732437695615692391,0.08479909598827362
1732437695615692391,0.08479909598827362
1732437695626225266,0.08479909598827362
1732437695626225266,0.08479909598827362
1732437695636950558,0.08479909598827362
1732437695636950558,0.08479909598827362
1732437695647348854,0.08488024771213531
1732437695647348854,0.08488024771213531
1732437695657584589,0.08488024771213531
1732437695657584589,0.08488024771213531
1732437695667853444,0.08488024771213531
1732437695667853444,0.08488024771213531
1732437695678187340,0.08488024771213531
1732437695678187340,0.08488024771213531
1732437695688682937,0.08488024771213531
1732437695688682937,0.08488024771213531
1732437695699312831,0.08488024771213531
1732437695699312831,0.08488024771213531
1732437695709593399,0.08488024771213531
1732437695709593399,0.08488024771213531
1732437695720242480,0.08488024771213531
1732437695720242480,0.08488024771213531
1732437695730842239,0.08488024771213531
1732437695730842239,0.08488024771213531
1732437695741311716,0.08488024771213531
1732437695741311716,0.08488024771213531
1732437695752144237,0.0868145301938057
1732437695752144237,0.0868145301938057
1732437695763023355,0.0868145301938057
1732437695763023355,0.0868145301938057
1732437695773602323,0.0868145301938057
1732437695773602323,0.0868145301938057
1732437695784170617,0.0868145301938057
1732437695784170617,0.0868145301938057
1732437695794641658,0.0868145301938057
1732437695794641658,0.0868145301938057
1732437695805012983,0.0868145301938057
1732437695805012983,0.0868145301938057
1732437695818211762,0.0868145301938057
1732437695818211762,0.0868145301938057
1732437695828471180,0.0868145301938057
1732437695828471180,0.0868145301938057
1732437695838591260,0.0868145301938057
1732437695838591260,0.0868145301938057
1732437695848866829,0.08525293320417404
1732437695848866829,0.08525293320417404
1732437695858977202,0.08525293320417404
1732437695858977202,0.08525293320417404
1732437695869133007,0.08525293320417404
1732437695869133007,0.08525293320417404
1732437695879480718,0.08525293320417404
1732437695879480718,0.08525293320417404
1732437695890027378,0.08525293320417404
1732437695890027378,0.08525293320417404
1732437695900755267,0.08525293320417404
1732437695900755267,0.08525293320417404
1732437695910905428,0.08525293320417404
1732437695910905428,0.08525293320417404
1732437695921092917,0.08525293320417404
1732437695921092917,0.08525293320417404
1732437695931893978,0.08525293320417404
1732437695931893978,0.08525293320417404
1732437695942750744,0.08525293320417404
1732437695942750744,0.08525293320417404
1732437695953427196,0.08615390211343765
1732437695953427196,0.08615390211343765
1732437695964340187,0.08615390211343765
1732437695964340187,0.08615390211343765
1732437695974876709,0.08615390211343765
1732437695974876709,0.08615390211343765
1732437695985411554,0.08615390211343765
1732437695985411554,0.08615390211343765
1732437695996080485,0.08615390211343765
1732437695996080485,0.08615390211343765
1732437696006725959,0.08615390211343765
1732437696006725959,0.08615390211343765
1732437696017331900,0.08615390211343765
1732437696017331900,0.08615390211343765
1732437696027913095,0.08615390211343765
1732437696027913095,0.08615390211343765
1732437696038642545,0.08615390211343765
1732437696038642545,0.08615390211343765
1732437696049241073,0.08852710574865341
1732437696049241073,0.08852710574865341
1732437696059805707,0.08852710574865341
1732437696059805707,0.08852710574865341
1732437696070687039,0.08852710574865341
1732437696070687039,0.08852710574865341
1732437696081308729,0.08852710574865341
1732437696081308729,0.08852710574865341
1732437696091578586,0.08852710574865341
1732437696091578586,0.08852710574865341
1732437696102005656,0.08852710574865341
1732437696102005656,0.08852710574865341
1732437696112344713,0.08852710574865341
1732437696112344713,0.08852710574865341
1732437696122566217,0.08852710574865341
1732437696122566217,0.08852710574865341
1732437696132958785,0.08852710574865341
1732437696132958785,0.08852710574865341
1732437696143593957,0.08907899260520935
1732437696143593957,0.08907899260520935
1732437696153849268,0.08907899260520935
1732437696153849268,0.08907899260520935
1732437696164388728,0.08907899260520935
1732437696164388728,0.08907899260520935
1732437696174900294,0.08907899260520935
1732437696174900294,0.08907899260520935
1732437696185368090,0.08907899260520935
1732437696185368090,0.08907899260520935
1732437696195570773,0.08907899260520935
1732437696195570773,0.08907899260520935
1732437696206065978,0.08907899260520935
1732437696206065978,0.08907899260520935
1732437696216748431,0.08907899260520935
1732437696216748431,0.08907899260520935
1732437696228276282,0.08907899260520935
1732437696228276282,0.08907899260520935
1732437696238798046,0.08907899260520935
1732437696238798046,0.08907899260520935
1732437696249183939,0.0890103355050087
1732437696249183939,0.0890103355050087
1732437696259467923,0.0890103355050087
1732437696259467923,0.0890103355050087
1732437696269826275,0.0890103355050087
1732437696269826275,0.0890103355050087
1732437696280289561,0.0890103355050087
1732437696280289561,0.0890103355050087
1732437696290923294,0.0890103355050087
1732437696290923294,0.0890103355050087
1732437696301582794,0.0890103355050087
1732437696301582794,0.0890103355050087
1732437696311746335,0.0890103355050087
1732437696311746335,0.0890103355050087
1732437696322259934,0.0890103355050087
1732437696322259934,0.0890103355050087
1732437696332622695,0.0890103355050087
1732437696332622695,0.0890103355050087
1732437696342898093,0.09229515492916107
1732437696342898093,0.09229515492916107
1732437696353345650,0.09229515492916107
1732437696353345650,0.09229515492916107
1732437696363788257,0.09229515492916107
1732437696363788257,0.09229515492916107
1732437696374163331,0.09229515492916107
1732437696374163331,0.09229515492916107
1732437696384623972,0.09229515492916107
1732437696384623972,0.09229515492916107
1732437696395431146,0.09229515492916107
1732437696395431146,0.09229515492916107
1732437696405712554,0.09229515492916107
1732437696405712554,0.09229515492916107
1732437696416068913,0.09229515492916107
1732437696416068913,0.09229515492916107
1732437696427218549,0.09229515492916107
1732437696427218549,0.09229515492916107
1732437696437268051,0.09229515492916107
1732437696437268051,0.09229515492916107
1732437696447401917,0.09435902535915375
1732437696447401917,0.09435902535915375
1732437696457558284,0.09435902535915375
1732437696457558284,0.09435902535915375
1732437696467777368,0.09435902535915375
1732437696467777368,0.09435902535915375
1732437696477977746,0.09435902535915375
1732437696477977746,0.09435902535915375
1732437696488366494,0.09435902535915375
1732437696488366494,0.09435902535915375
1732437696498609573,0.09435902535915375
1732437696498609573,0.09435902535915375
1732437696509091654,0.09435902535915375
1732437696509091654,0.09435902535915375
1732437696519217575,0.09435902535915375
1732437696519217575,0.09435902535915375
1732437696529531715,0.09435902535915375
1732437696529531715,0.09435902535915375
1732437696539776094,0.09435902535915375
1732437696539776094,0.09435902535915375
1732437696549920659,0.09579937905073166
1732437696549920659,0.09579937905073166
1732437696560087626,0.09579937905073166
1732437696560087626,0.09579937905073166
1732437696570258971,0.09579937905073166
1732437696570258971,0.09579937905073166
1732437696580705176,0.09579937905073166
1732437696580705176,0.09579937905073166
1732437696591205061,0.09579937905073166
1732437696591205061,0.09579937905073166
1732437696601393097,0.09579937905073166
1732437696601393097,0.09579937905073166
1732437696611486527,0.09579937905073166
1732437696611486527,0.09579937905073166
1732437696621962036,0.09579937905073166
1732437696621962036,0.09579937905073166
1732437696632198322,0.09579937905073166
1732437696632198322,0.09579937905073166
1732437696642384254,0.09579937905073166
1732437696642384254,0.09579937905073166
1732437696652570843,0.10152408480644226
1732437696652570843,0.10152408480644226
1732437696662673936,0.10152408480644226
1732437696662673936,0.10152408480644226
1732437696673301036,0.10152408480644226
1732437696673301036,0.10152408480644226
1732437696683666380,0.10152408480644226
1732437696683666380,0.10152408480644226
1732437696694142630,0.10152408480644226
1732437696694142630,0.10152408480644226
1732437696704580700,0.10152408480644226
1732437696704580700,0.10152408480644226
1732437696714720256,0.10152408480644226
1732437696714720256,0.10152408480644226
1732437696725117079,0.10152408480644226
1732437696725117079,0.10152408480644226
1732437696735372319,0.10152408480644226
1732437696735372319,0.10152408480644226
1732437696745934930,0.10277574509382248
1732437696745934930,0.10277574509382248
1732437696757490369,0.10277574509382248
1732437696757490369,0.10277574509382248
1732437696767698756,0.10277574509382248
1732437696767698756,0.10277574509382248
1732437696778526007,0.10277574509382248
1732437696778526007,0.10277574509382248
1732437696788751673,0.10277574509382248
1732437696788751673,0.10277574509382248
1732437696798870451,0.10277574509382248
1732437696798870451,0.10277574509382248
1732437696809541413,0.10277574509382248
1732437696809541413,0.10277574509382248
1732437696820085349,0.10277574509382248
1732437696820085349,0.10277574509382248
1732437696830797867,0.10277574509382248
1732437696830797867,0.10277574509382248
1732437696841376828,0.10277574509382248
1732437696841376828,0.10277574509382248
1732437696851898142,0.10550546646118164
1732437696851898142,0.10550546646118164
1732437696862075168,0.10550546646118164
1732437696862075168,0.10550546646118164
1732437696872601001,0.10550546646118164
1732437696872601001,0.10550546646118164
1732437696883497780,0.10550546646118164
1732437696883497780,0.10550546646118164
1732437696893952561,0.10550546646118164
1732437696893952561,0.10550546646118164
1732437696904105973,0.10550546646118164
1732437696904105973,0.10550546646118164
1732437696914752449,0.10550546646118164
1732437696914752449,0.10550546646118164
1732437696924929995,0.10550546646118164
1732437696924929995,0.10550546646118164
1732437696935583454,0.10550546646118164
1732437696935583454,0.10550546646118164
1732437696945832293,0.1077083945274353
1732437696945832293,0.1077083945274353
1732437696956385396,0.1077083945274353
1732437696956385396,0.1077083945274353
1732437696966975458,0.1077083945274353
1732437696966975458,0.1077083945274353
1732437696977531817,0.1077083945274353
1732437696977531817,0.1077083945274353
1732437696987844765,0.1077083945274353
1732437696987844765,0.1077083945274353
1732437696997943344,0.1077083945274353
1732437696997943344,0.1077083945274353
1732437697008542854,0.1077083945274353
1732437697008542854,0.1077083945274353
1732437697019147699,0.1077083945274353
1732437697019147699,0.1077083945274353
1732437697029547371,0.1077083945274353
1732437697029547371,0.1077083945274353
1732437697040544568,0.1077083945274353
1732437697040544568,0.1077083945274353
1732437697050935701,0.11376789212226868
1732437697050935701,0.11376789212226868
1732437697061517818,0.11376789212226868
1732437697061517818,0.11376789212226868
1732437697072154526,0.11376789212226868
1732437697072154526,0.11376789212226868
1732437697082334036,0.11376789212226868
1732437697082334036,0.11376789212226868
1732437697092769742,0.11376789212226868
1732437697092769742,0.11376789212226868
1732437697103311895,0.11376789212226868
1732437697103311895,0.11376789212226868
1732437697113971146,0.11376789212226868
1732437697113971146,0.11376789212226868
1732437697124392074,0.11376789212226868
1732437697124392074,0.11376789212226868
1732437697134683423,0.11376789212226868
1732437697134683423,0.11376789212226868
1732437697145373408,0.11627911776304245
1732437697145373408,0.11627911776304245
1732437697155621907,0.11627911776304245
1732437697155621907,0.11627911776304245
1732437697166034399,0.11627911776304245
1732437697166034399,0.11627911776304245
1732437697176531308,0.11627911776304245
1732437697176531308,0.11627911776304245
1732437697186850207,0.11627911776304245
1732437697186850207,0.11627911776304245
1732437697197023055,0.11627911776304245
1732437697197023055,0.11627911776304245
1732437697207599471,0.11627911776304245
1732437697207599471,0.11627911776304245
1732437697217858199,0.11627911776304245
1732437697217858199,0.11627911776304245
1732437697228325924,0.11627911776304245
1732437697228325924,0.11627911776304245
1732437697238581906,0.11627911776304245
1732437697238581906,0.11627911776304245
1732437697249256634,0.11858893185853958
1732437697249256634,0.11858893185853958
1732437697259560946,0.11858893185853958
1732437697259560946,0.11858893185853958
1732437697270071210,0.11858893185853958
1732437697270071210,0.11858893185853958
1732437697280359552,0.11858893185853958
1732437697280359552,0.11858893185853958
1732437697290609783,0.11858893185853958
1732437697290609783,0.11858893185853958
1732437697301092637,0.11858893185853958
1732437697301092637,0.11858893185853958
1732437697311361303,0.11858893185853958
1732437697311361303,0.11858893185853958
1732437697321672033,0.11858893185853958
1732437697321672033,0.11858893185853958
1732437697332335124,0.11858893185853958
1732437697332335124,0.11858893185853958
1732437697342546804,0.11858893185853958
1732437697342546804,0.1217317059636116
1732437697353091531,0.1217317059636116
1732437697353091531,0.1217317059636116
1732437697363205059,0.1217317059636116
1732437697363205059,0.1217317059636116
1732437697373797435,0.1217317059636116
1732437697373797435,0.1217317059636116
1732437697384346647,0.1217317059636116
1732437697384346647,0.1217317059636116
1732437697394692707,0.1217317059636116
1732437697394692707,0.1217317059636116
1732437697405026887,0.1217317059636116
1732437697405026887,0.1217317059636116
1732437697415542952,0.1217317059636116
1732437697415542952,0.1217317059636116
1732437697426054417,0.1217317059636116
1732437697426054417,0.1217317059636116
1732437697436492288,0.1217317059636116
1732437697436492288,0.1217317059636116
1732437697447103087,0.12138719856739044
1732437697447103087,0.12138719856739044
1732437697457233598,0.12138719856739044
1732437697457233598,0.12138719856739044
1732437697467390735,0.12138719856739044
1732437697467390735,0.12138719856739044
1732437697477426390,0.12138719856739044
1732437697477426390,0.12138719856739044
1732437697487612301,0.12138719856739044
1732437697487612301,0.12138719856739044
1732437697497778187,0.12138719856739044
1732437697497778187,0.12138719856739044
1732437697508233915,0.12138719856739044
1732437697508233915,0.12138719856739044
1732437697518679179,0.12138719856739044
1732437697518679179,0.12138719856739044
1732437697529296575,0.12138719856739044
1732437697529296575,0.12138719856739044
1732437697539475711,0.12138719856739044
1732437697539475711,0.12138719856739044
1732437697550102103,0.12645480036735535
1732437697550102103,0.12645480036735535
1732437697560496723,0.12645480036735535
1732437697560496723,0.12645480036735535
1732437697570795794,0.12645480036735535
1732437697570795794,0.12645480036735535
1732437697581508213,0.12645480036735535
1732437697581508213,0.12645480036735535
1732437697591910997,0.12645480036735535
1732437697591910997,0.12645480036735535
1732437697602232581,0.12645480036735535
1732437697602232581,0.12645480036735535
1732437697612403255,0.12645480036735535
1732437697612403255,0.12645480036735535
1732437697622712987,0.12645480036735535
1732437697622712987,0.12645480036735535
1732437697633048015,0.12645480036735535
1732437697633048015,0.12645480036735535
1732437697643847856,0.13036541640758514
1732437697643847856,0.13036541640758514
1732437697654452346,0.13036541640758514
1732437697654452346,0.13036541640758514
1732437697665097789,0.13036541640758514
1732437697665097789,0.13036541640758514
1732437697675584937,0.13036541640758514
1732437697675584937,0.13036541640758514
1732437697686201240,0.13036541640758514
1732437697686201240,0.13036541640758514
1732437697696702908,0.13036541640758514
1732437697696702908,0.13036541640758514
1732437697706906453,0.13036541640758514
1732437697706906453,0.13036541640758514
1732437697716921178,0.13036541640758514
1732437697716921178,0.13036541640758514
1732437697727476445,0.13036541640758514
1732437697727476445,0.13036541640758514
1732437697737588661,0.13036541640758514
1732437697737588661,0.13036541640758514
1732437697747708670,0.13187871873378754
1732437697747708670,0.13187871873378754
1732437697758308837,0.13187871873378754
1732437697758308837,0.13187871873378754
1732437697768935220,0.13187871873378754
1732437697768935220,0.13187871873378754
1732437697779526334,0.13187871873378754
1732437697779526334,0.13187871873378754
1732437697789845803,0.13187871873378754
1732437697789845803,0.13187871873378754
1732437697800372638,0.13187871873378754
1732437697800372638,0.13187871873378754
1732437697811695799,0.13187871873378754
1732437697811695799,0.13187871873378754
1732437697822242392,0.13187871873378754
1732437697822242392,0.13187871873378754
1732437697832432571,0.13187871873378754
1732437697832432571,0.13187871873378754
1732437697842594255,0.13187871873378754
1732437697842594255,0.13187871873378754
1732437697853203926,0.1369551122188568
1732437697853203926,0.1369551122188568
1732437697863662104,0.1369551122188568
1732437697863662104,0.1369551122188568
1732437697874081679,0.1369551122188568
1732437697874081679,0.1369551122188568
1732437697884530329,0.1369551122188568
1732437697884530329,0.1369551122188568
1732437697894873669,0.1369551122188568
1732437697894873669,0.1369551122188568
1732437697905330918,0.1369551122188568
1732437697905330918,0.1369551122188568
1732437697915778272,0.1369551122188568
1732437697915778272,0.1369551122188568
1732437697926245350,0.1369551122188568
1732437697926245350,0.1369551122188568
1732437697937135257,0.1369551122188568
1732437697937135257,0.1369551122188568
1732437697947486676,0.1420239955186844
1732437697947486676,0.1420239955186844
1732437697957855878,0.1420239955186844
1732437697957855878,0.1420239955186844
1732437697968215713,0.1420239955186844
1732437697968215713,0.1420239955186844
1732437697978594163,0.1420239955186844
1732437697978594163,0.1420239955186844
1732437697988845555,0.1420239955186844
1732437697988845555,0.1420239955186844
1732437697999128929,0.1420239955186844
1732437697999128929,0.1420239955186844
1732437698009791384,0.1420239955186844
1732437698009791384,0.1420239955186844
1732437698020235916,0.1420239955186844
1732437698020235916,0.1420239955186844
1732437698030783750,0.1420239955186844
1732437698030783750,0.1420239955186844
1732437698041341161,0.1420239955186844
1732437698041341161,0.1420239955186844
1732437698051873787,0.14642813801765442
1732437698051873787,0.14642813801765442
1732437698063411043,0.14642813801765442
1732437698063411043,0.14642813801765442
1732437698073541756,0.14642813801765442
1732437698073541756,0.14642813801765442
1732437698084089890,0.14642813801765442
1732437698084089890,0.14642813801765442
1732437698094230548,0.14642813801765442
1732437698094230548,0.14642813801765442
1732437698104486320,0.14642813801765442
1732437698104486320,0.14642813801765442
1732437698114888715,0.14642813801765442
1732437698114888715,0.14642813801765442
1732437698125313507,0.14642813801765442
1732437698125313507,0.14642813801765442
1732437698135577667,0.14642813801765442
1732437698135577667,0.14642813801765442
1732437698145861501,0.1558995395898819
1732437698145861501,0.1558995395898819
1732437698156110828,0.1558995395898819
1732437698156110828,0.1558995395898819
1732437698166844731,0.1558995395898819
1732437698166844731,0.1558995395898819
1732437698177784491,0.1558995395898819
1732437698177784491,0.1558995395898819
1732437698188345970,0.1558995395898819
1732437698188345970,0.1558995395898819
1732437698198961305,0.1558995395898819
1732437698198961305,0.1558995395898819
1732437698209271473,0.1558995395898819
1732437698209271473,0.1558995395898819
1732437698219709000,0.1558995395898819
1732437698219709000,0.1558995395898819
1732437698230200280,0.1558995395898819
1732437698230200280,0.1558995395898819
1732437698240370463,0.1558995395898819
1732437698240370463,0.1558995395898819
1732437698250671910,0.15105362236499786
1732437698250671910,0.15105362236499786
1732437698261140001,0.15105362236499786
1732437698261140001,0.15105362236499786
1732437698271810937,0.15105362236499786
1732437698271810937,0.15105362236499786
1732437698282281508,0.15105362236499786
1732437698282281508,0.15105362236499786
1732437698293031142,0.15105362236499786
1732437698293031142,0.15105362236499786
1732437698303624694,0.15105362236499786
1732437698303624694,0.15105362236499786
1732437698314026904,0.15105362236499786
1732437698314026904,0.15105362236499786
1732437698324628842,0.15105362236499786
1732437698324628842,0.15105362236499786
1732437698335145168,0.15105362236499786
1732437698335145168,0.15105362236499786
1732437698345333714,0.1551300436258316
1732437698345333714,0.1551300436258316
1732437698355837015,0.1551300436258316
1732437698355837015,0.1551300436258316
1732437698366478242,0.1551300436258316
1732437698366478242,0.1551300436258316
1732437698377196843,0.1551300436258316
1732437698377196843,0.1551300436258316
1732437698387466881,0.1551300436258316
1732437698387466881,0.1551300436258316
1732437698398666063,0.1551300436258316
1732437698398666063,0.1551300436258316
1732437698409106567,0.1551300436258316
1732437698409106567,0.1551300436258316
1732437698419325842,0.1551300436258316
1732437698419325842,0.1551300436258316
1732437698429558390,0.1551300436258316
1732437698429558390,0.1551300436258316
1732437698439810094,0.1551300436258316
1732437698439810094,0.1551300436258316
1732437698450406259,0.15981575846672058
1732437698450406259,0.15981575846672058
1732437698460923766,0.15981575846672058
1732437698460923766,0.15981575846672058
1732437698471918538,0.15981575846672058
1732437698471918538,0.15981575846672058
1732437698482572277,0.15981575846672058
1732437698482572277,0.15981575846672058
1732437698492847623,0.15981575846672058
1732437698492847623,0.15981575846672058
1732437698503980927,0.15981575846672058
1732437698503980927,0.15981575846672058
1732437698514351231,0.15981575846672058
1732437698514351231,0.15981575846672058
1732437698524591183,0.15981575846672058
1732437698524591183,0.15981575846672058
1732437698535005038,0.15981575846672058
1732437698535005038,0.15981575846672058
1732437698545043107,0.17159615457057953
1732437698545043107,0.17159615457057953
1732437698555253624,0.17159615457057953
1732437698555253624,0.17159615457057953
1732437698565920579,0.17159615457057953
1732437698565920579,0.17159615457057953
1732437698576288299,0.17159615457057953
1732437698576288299,0.17159615457057953
1732437698586564739,0.17159615457057953
1732437698586564739,0.17159615457057953
1732437698596901791,0.17159615457057953
1732437698596901791,0.17159615457057953
1732437698607329152,0.17159615457057953
1732437698607329152,0.17159615457057953
1732437698617767493,0.17159615457057953
1732437698617767493,0.17159615457057953
1732437698628213518,0.17159615457057953
1732437698628213518,0.17159615457057953
1732437698638388600,0.17159615457057953
1732437698638388600,0.17159615457057953
1732437698648705234,0.17609746754169464
1732437698648705234,0.17609746754169464
1732437698658736420,0.17609746754169464
1732437698658736420,0.17609746754169464
1732437698668872751,0.17609746754169464
1732437698668872751,0.17609746754169464
1732437698679342800,0.17609746754169464
1732437698679342800,0.17609746754169464
1732437698689985259,0.17609746754169464
1732437698689985259,0.17609746754169464
1732437698700595658,0.17609746754169464
1732437698700595658,0.17609746754169464
1732437698710741837,0.17609746754169464
1732437698710741837,0.17609746754169464
1732437698721040138,0.17609746754169464
1732437698721040138,0.17609746754169464
1732437698731314543,0.17609746754169464
1732437698731314543,0.17609746754169464
1732437698741819608,0.17609746754169464
1732437698741819608,0.17609746754169464
1732437698752692515,0.2086106836795807
1732437698752692515,0.2086106836795807
1732437698762907251,0.2086106836795807
1732437698762907251,0.2086106836795807
1732437698773121375,0.2086106836795807
1732437698773121375,0.2086106836795807
1732437698783343655,0.2086106836795807
1732437698783343655,0.2086106836795807
1732437698793598446,0.2086106836795807
1732437698793598446,0.2086106836795807
1732437698803667832,0.2086106836795807
1732437698803667832,0.2086106836795807
1732437698813906281,0.2086106836795807
1732437698813906281,0.2086106836795807
1732437698824054524,0.2086106836795807
1732437698824054524,0.2086106836795807
1732437698834255845,0.2086106836795807
1732437698834255845,0.2086106836795807
1732437698844454020,0.2170282006263733
1732437698844454020,0.2170282006263733
1732437698854664147,0.2170282006263733
1732437698854664147,0.2170282006263733
1732437698865052094,0.2170282006263733
1732437698865052094,0.2170282006263733
1732437698875456032,0.2170282006263733
1732437698875456032,0.2170282006263733
1732437698886104461,0.2170282006263733
1732437698886104461,0.2170282006263733
1732437698896898772,0.2170282006263733
1732437698896898772,0.2170282006263733
1732437698907135398,0.2170282006263733
1732437698907135398,0.2170282006263733
1732437698917299460,0.2170282006263733
1732437698917299460,0.2170282006263733
1732437698928395752,0.2170282006263733
1732437698928395752,0.2170282006263733
1732437698938566776,0.2170282006263733
1732437698938566776,0.2170282006263733
1732437698948747299,0.2619987726211548
1732437698948747299,0.2619987726211548
1732437698959086876,0.2619987726211548
1732437698959086876,0.2619987726211548
1732437698969673202,0.2619987726211548
1732437698969673202,0.2619987726211548
1732437698980005083,0.2619987726211548
1732437698980005083,0.2619987726211548
1732437698990503737,0.2619987726211548
1732437698990503737,0.2619987726211548
1732437699000788612,0.2619987726211548
1732437699000788612,0.2619987726211548
1732437699012198184,0.2619987726211548
1732437699012198184,0.2619987726211548
1732437699022846194,0.2619987726211548
1732437699022846194,0.2619987726211548
1732437699033480267,0.2619987726211548
1732437699033480267,0.2619987726211548
1732437699044005549,0.26415157318115234
1732437699044005549,0.26415157318115234
1732437699054437959,0.26415157318115234
1732437699054437959,0.26415157318115234
1732437699064612230,0.26415157318115234
1732437699064612230,0.26415157318115234
1732437699075130950,0.26415157318115234
1732437699075130950,0.26415157318115234
1732437699085444279,0.26415157318115234
1732437699085444279,0.26415157318115234
1732437699095925669,0.26415157318115234
1732437699095925669,0.26415157318115234
1732437699106578257,0.26415157318115234
1732437699106578257,0.26415157318115234
1732437699117248859,0.26415157318115234
1732437699117248859,0.26415157318115234
1732437699127594925,0.26415157318115234
1732437699127594925,0.26415157318115234
1732437699137841604,0.26415157318115234
1732437699137841604,0.26415157318115234
1732437699148064465,0.30275535583496094
1732437699148064465,0.30275535583496094
1732437699158239398,0.30275535583496094
1732437699158239398,0.30275535583496094
1732437699168405594,0.30275535583496094
1732437699168405594,0.30275535583496094
1732437699178730674,0.30275535583496094
1732437699178730674,0.30275535583496094
1732437699189289759,0.30275535583496094
1732437699189289759,0.30275535583496094
1732437699199721798,0.30275535583496094
1732437699199721798,0.30275535583496094
1732437699210715488,0.30275535583496094
1732437699210715488,0.30275535583496094
1732437699221458404,0.30275535583496094
1732437699221458404,0.30275535583496094
1732437699231810345,0.30275535583496094
1732437699231810345,0.30275535583496094
1732437699242604785,0.30275535583496094
1732437699242604785,0.30275535583496094
1732437699253414756,0.31354308128356934
1732437699253414756,0.31354308128356934
1732437699263922957,0.31354308128356934
1732437699263922957,0.31354308128356934
1732437699274489725,0.31354308128356934
1732437699274489725,0.31354308128356934
1732437699284762149,0.31354308128356934
1732437699284762149,0.31354308128356934
1732437699295083433,0.31354308128356934
1732437699295083433,0.31354308128356934
1732437699305595680,0.31354308128356934
1732437699305595680,0.31354308128356934
1732437699315966115,0.31354308128356934
1732437699315966115,0.31354308128356934
1732437699326172793,0.31354308128356934
1732437699326172793,0.31354308128356934
1732437699336591280,0.31354308128356934
1732437699336591280,0.31354308128356934
1732437699347030612,0.30714356899261475
1732437699347030612,0.30714356899261475
1732437699357244377,0.30714356899261475
1732437699357244377,0.30714356899261475
1732437699367375207,0.30714356899261475
1732437699367375207,0.30714356899261475
1732437699377887264,0.30714356899261475
1732437699377887264,0.30714356899261475
1732437699388251688,0.30714356899261475
1732437699388251688,0.30714356899261475
1732437699398636851,0.30714356899261475
1732437699398636851,0.30714356899261475
1732437699409306589,0.30714356899261475
1732437699409306589,0.30714356899261475
1732437699419776319,0.30714356899261475
1732437699419776319,0.30714356899261475
1732437699431005797,0.30714356899261475
1732437699431005797,0.30714356899261475
1732437699441316661,0.30714356899261475
1732437699441316661,0.30714356899261475
1732437699451649606,0.3087538182735443
1732437699451649606,0.3087538182735443
1732437699461828934,0.3087538182735443
1732437699461828934,0.3087538182735443
1732437699472358153,0.3087538182735443
1732437699472358153,0.3087538182735443
1732437699482544519,0.3087538182735443
1732437699482544519,0.3087538182735443
1732437699492996556,0.3087538182735443
1732437699492996556,0.3087538182735443
1732437699503932390,0.3087538182735443
1732437699503932390,0.3087538182735443
1732437699514283377,0.3087538182735443
1732437699514283377,0.3087538182735443
1732437699524848784,0.3087538182735443
1732437699524848784,0.3087538182735443
1732437699535775512,0.3087538182735443
1732437699535775512,0.3087538182735443
1732437699546025493,0.30706989765167236
1732437699546025493,0.30706989765167236
1732437699556522843,0.30706989765167236
1732437699556522843,0.30706989765167236
1732437699567005637,0.30706989765167236
1732437699567005637,0.30706989765167236
1732437699577414228,0.30706989765167236
1732437699577414228,0.30706989765167236
1732437699587708936,0.30706989765167236
1732437699587708936,0.30706989765167236
1732437699597845327,0.30706989765167236
1732437699597845327,0.30706989765167236
1732437699608195173,0.30706989765167236
1732437699608195173,0.30706989765167236
1732437699618363132,0.30706989765167236
1732437699618363132,0.30706989765167236
1732437699628652337,0.30706989765167236
1732437699628652337,0.30706989765167236
1732437699639126865,0.30706989765167236
1732437699639126865,0.30706989765167236
1732437699649316674,0.33297446370124817
1732437699649316674,0.33297446370124817
1732437699659658836,0.33297446370124817
1732437699659658836,0.33297446370124817
1732437699669948311,0.33297446370124817
1732437699669948311,0.33297446370124817
1732437699680263954,0.33297446370124817
1732437699680263954,0.33297446370124817
1732437699690381099,0.33297446370124817
1732437699690381099,0.33297446370124817
1732437699700780088,0.33297446370124817
1732437699700780088,0.33297446370124817
1732437699711131868,0.33297446370124817
1732437699711131868,0.33297446370124817
1732437699721621303,0.33297446370124817
1732437699721621303,0.33297446370124817
1732437699732139402,0.33297446370124817
1732437699732139402,0.33297446370124817
1732437699742647953,0.33297446370124817
1732437699742647953,0.33297446370124817
1732437699753160772,0.357559472322464
1732437699753160772,0.357559472322464
1732437699763392800,0.357559472322464
1732437699763392800,0.357559472322464
1732437699774062981,0.357559472322464
1732437699774062981,0.357559472322464
1732437699784676146,0.357559472322464
1732437699784676146,0.357559472322464
1732437699794971141,0.357559472322464
1732437699794971141,0.357559472322464
1732437699805063811,0.357559472322464
1732437699805063811,0.357559472322464
1732437699815713914,0.357559472322464
1732437699815713914,0.357559472322464
1732437699826252240,0.357559472322464
1732437699826252240,0.357559472322464
1732437699836497973,0.357559472322464
1732437699836497973,0.357559472322464
1732437699847069859,0.36054500937461853
1732437699847069859,0.36054500937461853
1732437699857175796,0.36054500937461853
1732437699857175796,0.36054500937461853
1732437699867663769,0.36054500937461853
1732437699867663769,0.36054500937461853
1732437699877977378,0.36054500937461853
1732437699877977378,0.36054500937461853
1732437699888087459,0.36054500937461853
1732437699888087459,0.36054500937461853
1732437699898207430,0.36054500937461853
1732437699898207430,0.36054500937461853
1732437699908450608,0.36054500937461853
1732437699908450608,0.36054500937461853
1732437699918879461,0.36054500937461853
1732437699918879461,0.36054500937461853
1732437699929423919,0.36054500937461853
1732437699929423919,0.36054500937461853
1732437699939684450,0.36054500937461853
1732437699939684450,0.36054500937461853
1732437699949930030,0.39003005623817444
1732437699949930030,0.39003005623817444
1732437699960421793,0.39003005623817444
1732437699960421793,0.39003005623817444
1732437699970725582,0.39003005623817444
1732437699970725582,0.39003005623817444
1732437699981465865,0.39003005623817444
1732437699981465865,0.39003005623817444
1732437699992136457,0.39003005623817444
1732437699992136457,0.39003005623817444
1732437700002802550,0.39003005623817444
1732437700002802550,0.39003005623817444
1732437700012956925,0.39003005623817444
1732437700012956925,0.39003005623817444
1732437700023574609,0.39003005623817444
1732437700023574609,0.39003005623817444
1732437700033979627,0.39003005623817444
1732437700033979627,0.39003005623817444
1732437700044222025,0.3982650637626648
1732437700044222025,0.3982650637626648
1732437700054842944,0.3982650637626648
1732437700054842944,0.3982650637626648
1732437700065209333,0.3982650637626648
1732437700065209333,0.3982650637626648
1732437700075799034,0.3982650637626648
1732437700075799034,0.3982650637626648
1732437700086519297,0.3982650637626648
1732437700086519297,0.3982650637626648
1732437700097257745,0.3982650637626648
1732437700097257745,0.3982650637626648
1732437700107578588,0.3982650637626648
1732437700107578588,0.3982650637626648
1732437700117797713,0.3982650637626648
1732437700117797713,0.3982650637626648
1732437700128384339,0.3982650637626648
1732437700128384339,0.3982650637626648
1732437700138701815,0.3982650637626648
1732437700138701815,0.3982650637626648
1732437700149096446,0.41113191843032837
1732437700149096446,0.41113191843032837
1732437700159414994,0.41113191843032837
1732437700159414994,0.41113191843032837
1732437700169785139,0.41113191843032837
1732437700169785139,0.41113191843032837
1732437700180008721,0.41113191843032837
1732437700180008721,0.41113191843032837
1732437700190475776,0.41113191843032837
1732437700190475776,0.41113191843032837
1732437700200978897,0.41113191843032837
1732437700200978897,0.41113191843032837
1732437700211485811,0.41113191843032837
1732437700211485811,0.41113191843032837
1732437700221787112,0.41113191843032837
1732437700221787112,0.41113191843032837
1732437700232348421,0.41113191843032837
1732437700232348421,0.41113191843032837
1732437700242394806,0.419338196516037
1732437700242394806,0.419338196516037
1732437700252498685,0.419338196516037
1732437700252498685,0.419338196516037
1732437700263100319,0.419338196516037
1732437700263100319,0.419338196516037
1732437700273359237,0.419338196516037
1732437700273359237,0.419338196516037
1732437700284006025,0.419338196516037
1732437700284006025,0.419338196516037
1732437700294338280,0.419338196516037
1732437700294338280,0.419338196516037
1732437700304539096,0.419338196516037
1732437700304539096,0.419338196516037
1732437700314889967,0.419338196516037
1732437700314889967,0.419338196516037
1732437700314889967,0.419338196516037
1732437700325311117,0.419338196516037
1732437700335857859,0.419338196516037
1732437700335857859,0.419338196516037
1732437700346387299,0.40766602754592896
1732437700346387299,0.40766602754592896
1732437700356753696,0.40766602754592896
1732437700356753696,0.40766602754592896
1732437700366934360,0.40766602754592896
1732437700366934360,0.40766602754592896
1732437700377340150,0.40766602754592896
1732437700377340150,0.40766602754592896
1732437700387598177,0.40766602754592896
1732437700387598177,0.40766602754592896
1732437700397738595,0.40766602754592896
1732437700397738595,0.40766602754592896
1732437700408045422,0.40766602754592896
1732437700408045422,0.40766602754592896
1732437700418187023,0.40766602754592896
1732437700418187023,0.40766602754592896
1732437700428350654,0.40766602754592896
1732437700428350654,0.40766602754592896
1732437700438783134,0.40766602754592896
1732437700438783134,0.40766602754592896
1732437700449147118,0.42049485445022583
1732437700449147118,0.42049485445022583
1732437700459335305,0.42049485445022583
1732437700459335305,0.42049485445022583
1732437700469734303,0.42049485445022583
1732437700469734303,0.42049485445022583
1732437700480397981,0.42049485445022583
1732437700480397981,0.42049485445022583
1732437700490874663,0.42049485445022583
1732437700490874663,0.42049485445022583
1732437700501377093,0.42049485445022583
1732437700501377093,0.42049485445022583
1732437700511841443,0.42049485445022583
1732437700511841443,0.42049485445022583
1732437700522324627,0.42049485445022583
1732437700522324627,0.42049485445022583
1732437700533030721,0.42049485445022583
1732437700533030721,0.42049485445022583
1732437700543508720,0.435073584318161
1732437700543508720,0.435073584318161
1732437700553798421,0.435073584318161
1732437700553798421,0.435073584318161
1732437700564581995,0.435073584318161
1732437700564581995,0.435073584318161
1732437700574863215,0.435073584318161
1732437700574863215,0.435073584318161
1732437700585466092,0.435073584318161
1732437700585466092,0.435073584318161
1732437700595858187,0.435073584318161
1732437700595858187,0.435073584318161
1732437700606181153,0.435073584318161
1732437700606181153,0.435073584318161
1732437700616674787,0.435073584318161
1732437700616674787,0.435073584318161
1732437700626736299,0.435073584318161
1732437700626736299,0.435073584318161
1732437700637573530,0.435073584318161
1732437700637573530,0.435073584318161
1732437700647752500,0.48080193996429443
1732437700647752500,0.48080193996429443
1732437700658310131,0.48080193996429443
1732437700658310131,0.48080193996429443
1732437700668685476,0.48080193996429443
1732437700668685476,0.48080193996429443
1732437700679148703,0.48080193996429443
1732437700679148703,0.48080193996429443
1732437700689456149,0.48080193996429443
1732437700689456149,0.48080193996429443
1732437700699968550,0.48080193996429443
1732437700699968550,0.48080193996429443
1732437700710310238,0.48080193996429443
1732437700710310238,0.48080193996429443
1732437700720479483,0.48080193996429443
1732437700720479483,0.48080193996429443
1732437700730535615,0.48080193996429443
1732437700730535615,0.48080193996429443
1732437700740733311,0.48080193996429443
1732437700740733311,0.48080193996429443
1732437700750810322,0.5361311435699463
1732437700750810322,0.5361311435699463
1732437700761315876,0.5361311435699463
1732437700761315876,0.5361311435699463
1732437700771828877,0.5361311435699463
1732437700771828877,0.5361311435699463
1732437700782471773,0.5361311435699463
1732437700782471773,0.5361311435699463
1732437700792745753,0.5361311435699463
1732437700792745753,0.5361311435699463
1732437700803336647,0.5361311435699463
1732437700803336647,0.5361311435699463
1732437700813453893,0.5361311435699463
1732437700813453893,0.5361311435699463
1732437700824015763,0.5361311435699463
1732437700824015763,0.5361311435699463
1732437700834436901,0.5361311435699463
1732437700834436901,0.5361311435699463
1732437700844756933,0.5933919548988342
1732437700844756933,0.5933919548988342
1732437700854992869,0.5933919548988342
1732437700854992869,0.5933919548988342
1732437700865630560,0.5933919548988342
1732437700865630560,0.5933919548988342
1732437700875936224,0.5933919548988342
1732437700875936224,0.5933919548988342
1732437700886545582,0.5933919548988342
1732437700886545582,0.5933919548988342
1732437700897123418,0.5933919548988342
1732437700897123418,0.5933919548988342
1732437700907150410,0.5933919548988342
1732437700907150410,0.5933919548988342
1732437700917594152,0.5933919548988342
1732437700917594152,0.5933919548988342
1732437700928023155,0.5933919548988342
1732437700928023155,0.5933919548988342
1732437700938499055,0.5933919548988342
1732437700938499055,0.5933919548988342
1732437700948577095,0.6082695722579956
1732437700948577095,0.6082695722579956
1732437700958682812,0.6082695722579956
1732437700958682812,0.6082695722579956
1732437700968829610,0.6082695722579956
1732437700968829610,0.6082695722579956
1732437700979441252,0.6082695722579956
1732437700979441252,0.6082695722579956
1732437700989631457,0.6082695722579956
1732437700989631457,0.6082695722579956
1732437700999788115,0.6082695722579956
1732437700999788115,0.6082695722579956
1732437701011992772,0.6082695722579956
1732437701011992772,0.6082695722579956
1732437701022412125,0.6082695722579956
1732437701022412125,0.6082695722579956
1732437701032883631,0.6082695722579956
1732437701032883631,0.6082695722579956
1732437701043090493,0.6082695722579956
1732437701043090493,0.6227020025253296
1732437701053138921,0.6227020025253296
1732437701053138921,0.6227020025253296
1732437701063436060,0.6227020025253296
1732437701063436060,0.6227020025253296
1732437701074032516,0.6227020025253296
1732437701074032516,0.6227020025253296
1732437701084605646,0.6227020025253296
1732437701084605646,0.6227020025253296
1732437701094732410,0.6227020025253296
1732437701094732410,0.6227020025253296
1732437701105180710,0.6227020025253296
1732437701105180710,0.6227020025253296
1732437701115832256,0.6227020025253296
1732437701115832256,0.6227020025253296
1732437701126162045,0.6227020025253296
1732437701126162045,0.6227020025253296
1732437701136291774,0.6227020025253296
1732437701136291774,0.6227020025253296
1732437701146553717,0.6353617906570435
1732437701146553717,0.6353617906570435
1732437701157197551,0.6353617906570435
1732437701157197551,0.6353617906570435
1732437701167460847,0.6353617906570435
1732437701167460847,0.6353617906570435
1732437701177824540,0.6353617906570435
1732437701177824540,0.6353617906570435
1732437701188196959,0.6353617906570435
1732437701188196959,0.6353617906570435
1732437701198781321,0.6353617906570435
1732437701198781321,0.6353617906570435
1732437701209284923,0.6353617906570435
1732437701209284923,0.6353617906570435
1732437701220052114,0.6353617906570435
1732437701220052114,0.6353617906570435
1732437701230449951,0.6353617906570435
1732437701230449951,0.6353617906570435
1732437701241067163,0.6353617906570435
1732437701241067163,0.6353617906570435
1732437701251813946,0.6342466473579407
1732437701251813946,0.6342466473579407
1732437701261999770,0.6342466473579407
1732437701261999770,0.6342466473579407
1732437701272317817,0.6342466473579407
1732437701272317817,0.6342466473579407
1732437701282872114,0.6342466473579407
1732437701282872114,0.6342466473579407
1732437701293271072,0.6342466473579407
1732437701293271072,0.6342466473579407
1732437701303466451,0.6342466473579407
1732437701303466451,0.6342466473579407
1732437701313739413,0.6342466473579407
1732437701313739413,0.6342466473579407
1732437701324056332,0.6342466473579407
1732437701324056332,0.6342466473579407
1732437701334601162,0.6342466473579407
1732437701334601162,0.6342466473579407
1732437701344865159,0.65496426820755
1732437701344865159,0.65496426820755
1732437701355081770,0.65496426820755
1732437701355081770,0.65496426820755
1732437701365264196,0.65496426820755
1732437701365264196,0.65496426820755
1732437701376313511,0.65496426820755
1732437701376313511,0.65496426820755
1732437701386732276,0.65496426820755
1732437701386732276,0.65496426820755
1732437701397063074,0.65496426820755
1732437701397063074,0.65496426820755
1732437701407657795,0.65496426820755
1732437701407657795,0.65496426820755
1732437701417909314,0.65496426820755
1732437701417909314,0.65496426820755
1732437701428485460,0.65496426820755
1732437701428485460,0.65496426820755
1732437701438860882,0.65496426820755
1732437701438860882,0.65496426820755
1732437701449515918,0.6660335659980774
1732437701449515918,0.6660335659980774
1732437701460015703,0.6660335659980774
1732437701460015703,0.6660335659980774
1732437701470439224,0.6660335659980774
1732437701470439224,0.6660335659980774
1732437701480748098,0.6660335659980774
1732437701480748098,0.6660335659980774
1732437701491750666,0.6660335659980774
1732437701491750666,0.6660335659980774
1732437701502752253,0.6660335659980774
1732437701502752253,0.6660335659980774
1732437701513173974,0.6660335659980774
1732437701513173974,0.6660335659980774
1732437701523393529,0.6660335659980774
1732437701523393529,0.6660335659980774
1732437701533876833,0.6660335659980774
1732437701533876833,0.6660335659980774
1732437701544053054,0.6823421120643616
1732437701544053054,0.6823421120643616
1732437701554321955,0.6823421120643616
1732437701554321955,0.6823421120643616
1732437701564880058,0.6823421120643616
1732437701564880058,0.6823421120643616
1732437701575195682,0.6823421120643616
1732437701575195682,0.6823421120643616
1732437701585625888,0.6823421120643616
1732437701585625888,0.6823421120643616
1732437701595982388,0.6823421120643616
1732437701595982388,0.6823421120643616
1732437701606269547,0.6823421120643616
1732437701606269547,0.6823421120643616
1732437701616570965,0.6823421120643616
1732437701616570965,0.6823421120643616
1732437701627854440,0.6823421120643616
1732437701627854440,0.6823421120643616
1732437701638371200,0.6823421120643616
1732437701638371200,0.6823421120643616
1732437701648597037,0.6732247471809387
1732437701648597037,0.6732247471809387
1732437701659182893,0.6732247471809387
1732437701659182893,0.6732247471809387
1732437701669800917,0.6732247471809387
1732437701669800917,0.6732247471809387
1732437701679989966,0.6732247471809387
1732437701679989966,0.6732247471809387
1732437701690493198,0.6732247471809387
1732437701690493198,0.6732247471809387
1732437701701139003,0.6732247471809387
1732437701701139003,0.6732247471809387
1732437701712244632,0.6732247471809387
1732437701712244632,0.6732247471809387
1732437701722338173,0.6732247471809387
1732437701722338173,0.6732247471809387
1732437701732851303,0.6732247471809387
1732437701732851303,0.6732247471809387
1732437701743177446,0.6386401653289795
1732437701743177446,0.6386401653289795
1732437701753570450,0.6386401653289795
1732437701753570450,0.6386401653289795
1732437701764251795,0.6386401653289795
1732437701764251795,0.6386401653289795
1732437701774624775,0.6386401653289795
1732437701774624775,0.6386401653289795
1732437701784866372,0.6386401653289795
1732437701784866372,0.6386401653289795
1732437701795434855,0.6386401653289795
1732437701795434855,0.6386401653289795
1732437701805938925,0.6386401653289795
1732437701805938925,0.6386401653289795
1732437701816388210,0.6386401653289795
1732437701816388210,0.6386401653289795
1732437701826946103,0.6386401653289795
1732437701826946103,0.6386401653289795
1732437701837257949,0.6386401653289795
1732437701837257949,0.6386401653289795
1732437701847759999,0.6244628429412842
1732437701847759999,0.6244628429412842
1732437701858684843,0.6244628429412842
1732437701858684843,0.6244628429412842
1732437701868954490,0.6244628429412842
1732437701868954490,0.6244628429412842
1732437701879212336,0.6244628429412842
1732437701879212336,0.6244628429412842
1732437701889676075,0.6244628429412842
1732437701889676075,0.6244628429412842
1732437701900240530,0.6244628429412842
1732437701900240530,0.6244628429412842
1732437701910637614,0.6244628429412842
1732437701910637614,0.6244628429412842
1732437701920805554,0.6244628429412842
1732437701920805554,0.6244628429412842
1732437701931234368,0.6244628429412842
1732437701931234368,0.6244628429412842
1732437701941602860,0.6244628429412842
1732437701941602860,0.6244628429412842
1732437701952248615,0.6003237366676331
1732437701952248615,0.6003237366676331
1732437701962586270,0.6003237366676331
1732437701962586270,0.6003237366676331
1732437701973095432,0.6003237366676331
1732437701973095432,0.6003237366676331
1732437701983438497,0.6003237366676331
1732437701983438497,0.6003237366676331
1732437701994081178,0.6003237366676331
1732437701994081178,0.6003237366676331
1732437702004994038,0.6003237366676331
1732437702004994038,0.6003237366676331
1732437702015405721,0.6003237366676331
1732437702015405721,0.6003237366676331
1732437702025504182,0.6003237366676331
1732437702025504182,0.6003237366676331
1732437702035790832,0.6003237366676331
1732437702035790832,0.6003237366676331
1732437702045917576,0.579759418964386
1732437702045917576,0.579759418964386
1732437702056391323,0.579759418964386
1732437702056391323,0.579759418964386
1732437702067063187,0.579759418964386
1732437702067063187,0.579759418964386
1732437702077493394,0.579759418964386
1732437702077493394,0.579759418964386
1732437702087788389,0.579759418964386
1732437702087788389,0.579759418964386
1732437702098097330,0.579759418964386
1732437702098097330,0.579759418964386
1732437702108325919,0.579759418964386
1732437702108325919,0.579759418964386
1732437702118495596,0.579759418964386
1732437702118495596,0.579759418964386
1732437702128831578,0.579759418964386
1732437702128831578,0.579759418964386
1732437702139506367,0.579759418964386
1732437702139506367,0.579759418964386
1732437702150132186,0.5480413436889648
1732437702150132186,0.5480413436889648
1732437702160675793,0.5480413436889648
1732437702160675793,0.5480413436889648
1732437702170914596,0.5480413436889648
1732437702170914596,0.5480413436889648
1732437702181402218,0.5480413436889648
1732437702181402218,0.5480413436889648
1732437702191720377,0.5480413436889648
1732437702191720377,0.5480413436889648
1732437702202125948,0.5480413436889648
1732437702202125948,0.5480413436889648
1732437702212441678,0.5480413436889648
1732437702212441678,0.5480413436889648
1732437702222679471,0.5480413436889648
1732437702222679471,0.5480413436889648
1732437702232917291,0.5480413436889648
1732437702232917291,0.5480413436889648
1732437702243249445,0.5496331453323364
1732437702243249445,0.5496331453323364
1732437702253590155,0.5496331453323364
1732437702253590155,0.5496331453323364
1732437702263745271,0.5496331453323364
1732437702263745271,0.5496331453323364
1732437702274309042,0.5496331453323364
1732437702274309042,0.5496331453323364
1732437702284791859,0.5496331453323364
1732437702284791859,0.5496331453323364
1732437702295367365,0.5496331453323364
1732437702295367365,0.5496331453323364
1732437702305808953,0.5496331453323364
1732437702305808953,0.5496331453323364
1732437702316047323,0.5496331453323364
1732437702316047323,0.5496331453323364
1732437702326174487,0.5496331453323364
1732437702326174487,0.5496331453323364
1732437702337228000,0.5496331453323364
1732437702337228000,0.5496331453323364
1732437702347321913,0.5357751250267029
1732437702347321913,0.5357751250267029
1732437702357625150,0.5357751250267029
1732437702357625150,0.5357751250267029
1732437702367812510,0.5357751250267029
1732437702367812510,0.5357751250267029
1732437702377979849,0.5357751250267029
1732437702377979849,0.5357751250267029
1732437702388074733,0.5357751250267029
1732437702388074733,0.5357751250267029
1732437702398312622,0.5357751250267029
1732437702398312622,0.5357751250267029
1732437702408716491,0.5357751250267029
1732437702408716491,0.5357751250267029
1732437702419437676,0.5357751250267029
1732437702419437676,0.5357751250267029
1732437702430078934,0.5357751250267029
1732437702430078934,0.5357751250267029
1732437702440199215,0.5357751250267029
1732437702440199215,0.5357751250267029
1732437702450876500,0.5361942052841187
1732437702450876500,0.5361942052841187
1732437702461290436,0.5361942052841187
1732437702461290436,0.5361942052841187
1732437702471573199,0.5361942052841187
1732437702471573199,0.5361942052841187
1732437702481932052,0.5361942052841187
1732437702481932052,0.5361942052841187
1732437702493243223,0.5361942052841187
1732437702493243223,0.5361942052841187
1732437702503246267,0.5361942052841187
1732437702503246267,0.5361942052841187
1732437702514290683,0.5361942052841187
1732437702514290683,0.5361942052841187
1732437702524759531,0.5361942052841187
1732437702524759531,0.5361942052841187
1732437702534890251,0.5361942052841187
1732437702534890251,0.5361942052841187
1732437702545504870,0.5333009958267212
1732437702545504870,0.5333009958267212
1732437702555751597,0.5333009958267212
1732437702555751597,0.5333009958267212
1732437702565953196,0.5333009958267212
1732437702565953196,0.5333009958267212
1732437702576293818,0.5333009958267212
1732437702576293818,0.5333009958267212
1732437702586474673,0.5333009958267212
1732437702586474673,0.5333009958267212
1732437702597102362,0.5333009958267212
1732437702597102362,0.5333009958267212
1732437702607404594,0.5333009958267212
1732437702607404594,0.5333009958267212
1732437702617450087,0.5333009958267212
1732437702617450087,0.5333009958267212
1732437702627531142,0.5333009958267212
1732437702627531142,0.5333009958267212
1732437702637745107,0.5333009958267212
1732437702637745107,0.5333009958267212
1732437702648321074,0.5183455944061279
1732437702648321074,0.5183455944061279
1732437702658715828,0.5183455944061279
1732437702658715828,0.5183455944061279
1732437702669063952,0.5183455944061279
1732437702669063952,0.5183455944061279
1732437702679249945,0.5183455944061279
1732437702679249945,0.5183455944061279
1732437702689422404,0.5183455944061279
1732437702689422404,0.5183455944061279
1732437702699939368,0.5183455944061279
1732437702699939368,0.5183455944061279
1732437702710214850,0.5183455944061279
1732437702710214850,0.5183455944061279
1732437702720621303,0.5183455944061279
1732437702720621303,0.5183455944061279
1732437702731008279,0.5183455944061279
1732437702731008279,0.5183455944061279
1732437702741512934,0.5183455944061279
1732437702741512934,0.5183455944061279
1732437702752000185,0.5167919993400574
1732437702752000185,0.5167919993400574
1732437702762312493,0.5167919993400574
1732437702762312493,0.5167919993400574
1732437702772807279,0.5167919993400574
1732437702772807279,0.5167919993400574
1732437702783359401,0.5167919993400574
1732437702783359401,0.5167919993400574
1732437702793514828,0.5167919993400574
1732437702793514828,0.5167919993400574
1732437702803534352,0.5167919993400574
1732437702803534352,0.5167919993400574
1732437702813976861,0.5167919993400574
1732437702813976861,0.5167919993400574
1732437702824515739,0.5167919993400574
1732437702824515739,0.5167919993400574
1732437702834962166,0.5167919993400574
1732437702834962166,0.5167919993400574
1732437702845324396,0.5263929963111877
1732437702845324396,0.5263929963111877
1732437702855534685,0.5263929963111877
1732437702855534685,0.5263929963111877
1732437702866254748,0.5263929963111877
1732437702866254748,0.5263929963111877
1732437702876585841,0.5263929963111877
1732437702876585841,0.5263929963111877
1732437702887143524,0.5263929963111877
1732437702887143524,0.5263929963111877
1732437702897480908,0.5263929963111877
1732437702897480908,0.5263929963111877
1732437702907616756,0.5263929963111877
1732437702907616756,0.5263929963111877
1732437702917733373,0.5263929963111877
1732437702917733373,0.5263929963111877
1732437702928075797,0.5263929963111877
1732437702928075797,0.5263929963111877
1732437702938389819,0.5263929963111877
1732437702938389819,0.5263929963111877
1732437702948916915,0.5458080172538757
1732437702948916915,0.5458080172538757
1732437702959663233,0.5458080172538757
1732437702959663233,0.5458080172538757
1732437702970062536,0.5458080172538757
1732437702970062536,0.5458080172538757
1732437702980289726,0.5458080172538757
1732437702980289726,0.5458080172538757
1732437702990463513,0.5458080172538757
1732437702990463513,0.5458080172538757
1732437703000648247,0.5458080172538757
1732437703000648247,0.5458080172538757
1732437703010972517,0.5458080172538757
1732437703010972517,0.5458080172538757
1732437703021346269,0.5458080172538757
1732437703021346269,0.5458080172538757
1732437703031739407,0.5458080172538757
1732437703031739407,0.5458080172538757
1732437703042191284,0.5458080172538757
1732437703042191284,0.5458080172538757
1732437703052413524,0.5590614676475525
1732437703052413524,0.5590614676475525
1732437703062531762,0.5590614676475525
1732437703062531762,0.5590614676475525
1732437703073097270,0.5590614676475525
1732437703073097270,0.5590614676475525
1732437703083332173,0.5590614676475525
1732437703083332173,0.5590614676475525
1732437703093640134,0.5590614676475525
1732437703093640134,0.5590614676475525
1732437703103882342,0.5590614676475525
1732437703103882342,0.5590614676475525
1732437703114429124,0.5590614676475525
1732437703114429124,0.5590614676475525
1732437703124618964,0.5590614676475525
1732437703124618964,0.5590614676475525
1732437703134767679,0.5590614676475525
1732437703134767679,0.5590614676475525
1732437703144882220,0.570673942565918
1732437703144882220,0.570673942565918
1732437703155376703,0.570673942565918
1732437703155376703,0.570673942565918
1732437703165549612,0.570673942565918
1732437703165549612,0.570673942565918
1732437703175967449,0.570673942565918
1732437703175967449,0.570673942565918
1732437703186290607,0.570673942565918
1732437703186290607,0.570673942565918
1732437703196453337,0.570673942565918
1732437703196453337,0.570673942565918
1732437703206645052,0.570673942565918
1732437703206645052,0.570673942565918
1732437703217268226,0.570673942565918
1732437703217268226,0.570673942565918
1732437703227368898,0.570673942565918
1732437703227368898,0.570673942565918
1732437703237459568,0.570673942565918
1732437703237459568,0.570673942565918
1732437703247837938,0.6103267073631287
1732437703247837938,0.6103267073631287
1732437703258353502,0.6103267073631287
1732437703258353502,0.6103267073631287
1732437703268541201,0.6103267073631287
1732437703268541201,0.6103267073631287
1732437703279024906,0.6103267073631287
1732437703279024906,0.6103267073631287
1732437703289434134,0.6103267073631287
1732437703289434134,0.6103267073631287
1732437703299655993,0.6103267073631287
1732437703299655993,0.6103267073631287
1732437703310077684,0.6103267073631287
1732437703310077684,0.6103267073631287
1732437703320399540,0.6103267073631287
1732437703320399540,0.6103267073631287
1732437703330893565,0.6103267073631287
1732437703330893565,0.6103267073631287
1732437703341237071,0.6103267073631287
1732437703341237071,0.6103267073631287
1732437703351502762,0.6555864810943604
1732437703351502762,0.6555864810943604
1732437703361915192,0.6555864810943604
1732437703361915192,0.6555864810943604
1732437703372213708,0.6555864810943604
1732437703372213708,0.6555864810943604
1732437703382578494,0.6555864810943604
1732437703382578494,0.6555864810943604
1732437703392827691,0.6555864810943604
1732437703392827691,0.6555864810943604
1732437703403369828,0.6555864810943604
1732437703403369828,0.6555864810943604
1732437703413603540,0.6555864810943604
1732437703413603540,0.6555864810943604
1732437703423950078,0.6555864810943604
1732437703423950078,0.6555864810943604
1732437703434729815,0.6555864810943604
1732437703434729815,0.6555864810943604
1732437703445209115,0.6776368618011475
1732437703445209115,0.6776368618011475
1732437703455699202,0.6776368618011475
1732437703455699202,0.6776368618011475
1732437703466205740,0.6776368618011475
1732437703466205740,0.6776368618011475
1732437703476632486,0.6776368618011475
1732437703476632486,0.6776368618011475
1732437703487072454,0.6776368618011475
1732437703487072454,0.6776368618011475
1732437703497219546,0.6776368618011475
1732437703497219546,0.6776368618011475
1732437703507329879,0.6776368618011475
1732437703507329879,0.6776368618011475
1732437703517711596,0.6776368618011475
1732437703517711596,0.6776368618011475
1732437703527883470,0.6776368618011475
1732437703527883470,0.6776368618011475
1732437703538007689,0.6776368618011475
1732437703538007689,0.6776368618011475
1732437703548120838,0.6833932399749756
1732437703548120838,0.6833932399749756
1732437703558247896,0.6833932399749756
1732437703558247896,0.6833932399749756
1732437703568782856,0.6833932399749756
1732437703568782856,0.6833932399749756
1732437703579877595,0.6833932399749756
1732437703579877595,0.6833932399749756
1732437703590203698,0.6833932399749756
1732437703590203698,0.6833932399749756
1732437703600583480,0.6833932399749756
1732437703600583480,0.6833932399749756
1732437703600583480,0.6833932399749756
1732437703610861892,0.6833932399749756
1732437703621521649,0.6833932399749756
1732437703621521649,0.6833932399749756
1732437703632064661,0.6833932399749756
1732437703632064661,0.6833932399749756
1732437703642528494,0.6833932399749756
1732437703642528494,0.7142563462257385
1732437703653023790,0.7142563462257385
1732437703653023790,0.7142563462257385
1732437703663535598,0.7142563462257385
1732437703663535598,0.7142563462257385
1732437703674197821,0.7142563462257385
1732437703674197821,0.7142563462257385
1732437703684774283,0.7142563462257385
1732437703684774283,0.7142563462257385
1732437703694923920,0.7142563462257385
1732437703694923920,0.7142563462257385
1732437703705365196,0.7142563462257385
1732437703705365196,0.7142563462257385
1732437703716528950,0.7142563462257385
1732437703716528950,0.7142563462257385
1732437703727707378,0.7142563462257385
1732437703727707378,0.7142563462257385
1732437703738050028,0.7142563462257385
1732437703738050028,0.7142563462257385
1732437703738050028,0.7401852011680603
1732437703748251815,0.7401852011680603
1732437703758760087,0.7401852011680603
1732437703758760087,0.7401852011680603
1732437703769031175,0.7401852011680603
1732437703769031175,0.7401852011680603
1732437703779469489,0.7401852011680603
1732437703779469489,0.7401852011680603
1732437703789932436,0.7401852011680603
1732437703789932436,0.7401852011680603
1732437703800587481,0.7401852011680603
1732437703800587481,0.7401852011680603
1732437703811162496,0.7401852011680603
1732437703811162496,0.7401852011680603
1732437703821821708,0.7401852011680603
1732437703821821708,0.7401852011680603
1732437703832400339,0.7401852011680603
1732437703832400339,0.7401852011680603
1732437703845011061,0.7401852011680603
1732437703845011061,0.7401852011680603
1732437703855322636,0.7472649812698364
1732437703855322636,0.7472649812698364
1732437703865786905,0.7472649812698364
1732437703865786905,0.7472649812698364
1732437703875879666,0.7472649812698364
1732437703875879666,0.7472649812698364
1732437703886215249,0.7472649812698364
1732437703886215249,0.7472649812698364
1732437703896756681,0.7472649812698364
1732437703896756681,0.7472649812698364
1732437703907061835,0.7472649812698364
1732437703907061835,0.7472649812698364
1732437703917538097,0.7472649812698364
1732437703917538097,0.7472649812698364
1732437703927792988,0.7472649812698364
1732437703927792988,0.7472649812698364
1732437703938632173,0.7472649812698364
1732437703938632173,0.7472649812698364
1732437703948891580,0.7543091177940369
1732437703948891580,0.7543091177940369
1732437703959373556,0.7543091177940369
1732437703959373556,0.7543091177940369
1732437704042199017,0.7623407244682312
1732437704042199017,0.7623407244682312
1732437704052843080,0.7623407244682312
1732437704052843080,0.7623407244682312
1732437704062973430,0.7623407244682312
1732437704062973430,0.7623407244682312
1732437704073648251,0.7623407244682312
1732437704073648251,0.7623407244682312
1732437704084300700,0.7623407244682312
1732437704084300700,0.7623407244682312
1732437704094675134,0.7623407244682312
1732437704094675134,0.7623407244682312
1732437704105132891,0.7623407244682312
1732437704105132891,0.7623407244682312
1732437704116589442,0.7623407244682312
1732437704116589442,0.7623407244682312
1732437704127107883,0.7623407244682312
1732437704127107883,0.7623407244682312
1732437704137354308,0.7623407244682312
1732437704137354308,0.7623407244682312
1732437704147529601,0.7629788517951965
1732437704147529601,0.7629788517951965
1732437704157881113,0.7629788517951965
1732437704157881113,0.7629788517951965
1732437704167993359,0.7629788517951965
1732437704167993359,0.7629788517951965
1732437704178533560,0.7629788517951965
1732437704178533560,0.7629788517951965
1732437704188808399,0.7629788517951965
1732437704188808399,0.7629788517951965
1732437704199259615,0.7629788517951965
1732437704199259615,0.7629788517951965
1732437704209798179,0.7629788517951965
1732437704209798179,0.7629788517951965
1732437704220376885,0.7629788517951965
1732437704220376885,0.7629788517951965
1732437704230557038,0.7629788517951965
1732437704230557038,0.7629788517951965
1732437704240830684,0.7629788517951965
1732437704240830684,0.7629788517951965
1732437704251159843,0.7634047269821167
1732437704251159843,0.7634047269821167
1732437704261479557,0.7634047269821167
1732437704261479557,0.7634047269821167
1732437704271830847,0.7634047269821167
1732437704271830847,0.7634047269821167
1732437704282265931,0.7634047269821167
1732437704282265931,0.7634047269821167
1732437704293009279,0.7634047269821167
1732437704293009279,0.7634047269821167
1732437704303876076,0.7634047269821167
1732437704303876076,0.7634047269821167
1732437704314543724,0.7634047269821167
1732437704314543724,0.7634047269821167
1732437704324769010,0.7634047269821167
1732437704324769010,0.7634047269821167
1732437704335210428,0.7634047269821167
1732437704335210428,0.7634047269821167
1732437704345403024,0.7621577382087708
1732437704345403024,0.7621577382087708
1732437704449511202,0.7347264885902405
1732437704449511202,0.7347264885902405
1732437704459694621,0.7347264885902405
1732437704459694621,0.7347264885902405
1732437704469958685,0.7347264885902405
1732437704469958685,0.7347264885902405
1732437704480391562,0.7347264885902405
1732437704480391562,0.7347264885902405
1732437704490795956,0.7347264885902405
1732437704490795956,0.7347264885902405
1732437704500969740,0.7347264885902405
1732437704500969740,0.7347264885902405
1732437704511391883,0.7347264885902405
1732437704511391883,0.7347264885902405
1732437704522090217,0.7347264885902405
1732437704522090217,0.7347264885902405
1732437704532519852,0.7347264885902405
1732437704532519852,0.7347264885902405
1732437704543033964,0.702899694442749
1732437704543033964,0.702899694442749
1732437704553469963,0.702899694442749
1732437704553469963,0.702899694442749
1732437704563605723,0.702899694442749
1732437704563605723,0.702899694442749
1732437704574212878,0.702899694442749
1732437704574212878,0.702899694442749
1732437704584973077,0.702899694442749
1732437704584973077,0.702899694442749
1732437704595698671,0.702899694442749
1732437704595698671,0.702899694442749
1732437704605927124,0.702899694442749
1732437704605927124,0.702899694442749
1732437704616342734,0.702899694442749
1732437704616342734,0.702899694442749
1732437704626894893,0.702899694442749
1732437704626894893,0.702899694442749
1732437704637104394,0.702899694442749
1732437704637104394,0.702899694442749
1732437704647713709,0.6743581891059875
1732437704647713709,0.6743581891059875
1732437704741053658,0.6610101461410522
1732437704751452626,0.6610101461410522
1732437704751452626,0.6610101461410522
1732437704761791964,0.6610101461410522
1732437704761791964,0.6610101461410522
1732437704772283375,0.6610101461410522
1732437704772283375,0.6610101461410522
1732437704782807134,0.6610101461410522
1732437704782807134,0.6610101461410522
1732437704793036729,0.6610101461410522
1732437704793036729,0.6610101461410522
1732437704803346684,0.6610101461410522
1732437704803346684,0.6610101461410522
1732437704813875273,0.6610101461410522
1732437704813875273,0.6610101461410522
1732437704824109756,0.6610101461410522
1732437704824109756,0.6610101461410522
1732437704834502163,0.6610101461410522
1732437704834502163,0.6610101461410522
1732437704844743750,0.6149054169654846
1732437704844743750,0.6149054169654846
1732437704855116239,0.6149054169654846
1732437704855116239,0.6149054169654846
1732437704865547898,0.6149054169654846
1732437704865547898,0.6149054169654846
1732437704875958820,0.6149054169654846
1732437704875958820,0.6149054169654846
1732437704886877172,0.6149054169654846
1732437704886877172,0.6149054169654846
1732437704897131683,0.6149054169654846
1732437704897131683,0.6149054169654846
1732437704907358904,0.6149054169654846
1732437704907358904,0.6149054169654846
1732437704917580934,0.6149054169654846
1732437704917580934,0.6149054169654846
1732437704929425875,0.6149054169654846
1732437704929425875,0.6149054169654846
1732437704939667140,0.6149054169654846
1732437704939667140,0.6149054169654846
1732437704949931902,0.5908675193786621
1732437704949931902,0.5908675193786621
1732437704960220897,0.5908675193786621
1732437704960220897,0.5908675193786621
1732437704970740969,0.5908675193786621
1732437704970740969,0.5908675193786621
1732437704981101607,0.5908675193786621
1732437704981101607,0.5908675193786621
1732437704991382948,0.5908675193786621
1732437704991382948,0.5908675193786621
1732437705001982959,0.5908675193786621
1732437705001982959,0.5908675193786621
1732437705012424638,0.5908675193786621
1732437705012424638,0.5908675193786621
1732437705022894348,0.5908675193786621
1732437705022894348,0.5908675193786621
1732437705033182037,0.5908675193786621
1732437705033182037,0.5908675193786621
1732437705043440470,0.5737856030464172
1732437705043440470,0.5737856030464172
1732437705053475082,0.5737856030464172
1732437705053475082,0.5737856030464172
1732437705064106693,0.5737856030464172
1732437705064106693,0.5737856030464172
1732437705075312218,0.5737856030464172
1732437705075312218,0.5737856030464172
1732437705085440325,0.5737856030464172
1732437705085440325,0.5737856030464172
1732437705095561629,0.5737856030464172
1732437705095561629,0.5737856030464172
1732437705105965627,0.5737856030464172
1732437705105965627,0.5737856030464172
1732437705116508163,0.5737856030464172
1732437705116508163,0.5737856030464172
1732437705126873940,0.5737856030464172
1732437705126873940,0.5737856030464172
1732437705137435791,0.5737856030464172
1732437705137435791,0.5737856030464172
1732437705147823469,0.5510870218276978
1732437705147823469,0.5510870218276978
1732437705252870922,0.5302462577819824
1732437705252870922,0.5302462577819824
1732437705263190312,0.5302462577819824
1732437705263190312,0.5302462577819824
1732437705273877436,0.5302462577819824
1732437705273877436,0.5302462577819824
1732437705284048950,0.5302462577819824
1732437705284048950,0.5302462577819824
1732437705294324294,0.5302462577819824
1732437705294324294,0.5302462577819824
1732437705304583913,0.5302462577819824
1732437705304583913,0.5302462577819824
1732437705314707882,0.5302462577819824
1732437705314707882,0.5302462577819824
1732437705324947406,0.5302462577819824
1732437705324947406,0.5302462577819824
1732437705335470124,0.5302462577819824
1732437705335470124,0.5302462577819824
1732437705346156637,0.5156859755516052
1732437705346156637,0.5156859755516052
1732437705356254237,0.5156859755516052
1732437705356254237,0.5156859755516052
1732437705366943353,0.5156859755516052
1732437705366943353,0.5156859755516052
1732437705377408135,0.5156859755516052
1732437705377408135,0.5156859755516052
1732437705387762200,0.5156859755516052
1732437705387762200,0.5156859755516052
1732437705398047897,0.5156859755516052
1732437705398047897,0.5156859755516052
1732437705408238612,0.5156859755516052
1732437705408238612,0.5156859755516052
1732437705418764592,0.5156859755516052
1732437705418764592,0.5156859755516052
1732437705429298616,0.5156859755516052
1732437705429298616,0.5156859755516052
1732437705439568702,0.5156859755516052
1732437705439568702,0.5156859755516052
1732437705450271950,0.48132389783859253
1732437705450271950,0.48132389783859253
1732437705544185018,0.4770468473434448
1732437705544185018,0.4770468473434448
1732437705554480396,0.4770468473434448
1732437705554480396,0.4770468473434448
1732437705564948640,0.4770468473434448
1732437705564948640,0.4770468473434448
1732437705575157280,0.4770468473434448
1732437705575157280,0.4770468473434448
1732437705585548284,0.4770468473434448
1732437705585548284,0.4770468473434448
1732437705596024105,0.4770468473434448
1732437705596024105,0.4770468473434448
1732437705606593000,0.4770468473434448
1732437705606593000,0.4770468473434448
1732437705617392121,0.4770468473434448
1732437705617392121,0.4770468473434448
1732437705627477338,0.4770468473434448
1732437705627477338,0.4770468473434448
1732437705637659101,0.4770468473434448
1732437705637659101,0.4770468473434448
1732437705647859414,0.4750767648220062
1732437705647859414,0.4750767648220062
1732437705657983885,0.4750767648220062
1732437705657983885,0.4750767648220062
1732437705668165881,0.4750767648220062
1732437705668165881,0.4750767648220062
1732437705678800959,0.4750767648220062
1732437705678800959,0.4750767648220062
1732437705689244450,0.4750767648220062
1732437705689244450,0.4750767648220062
1732437705707083369,0.4750767648220062
1732437705707083369,0.4750767648220062
1732437705717286402,0.4750767648220062
1732437705717286402,0.4750767648220062
1732437705727540042,0.4750767648220062
1732437705727540042,0.4750767648220062
1732437705737691885,0.4750767648220062
1732437705737691885,0.4750767648220062
1732437705747798823,0.47819364070892334
1732437705747798823,0.47819364070892334
1732437705758080734,0.47819364070892334
1732437705758080734,0.47819364070892334
1732437705768270806,0.47819364070892334
1732437705768270806,0.47819364070892334
1732437705778706974,0.47819364070892334
1732437705778706974,0.47819364070892334
1732437705789184288,0.47819364070892334
1732437705789184288,0.47819364070892334
1732437705799327162,0.47819364070892334
1732437705799327162,0.47819364070892334
1732437705809859365,0.47819364070892334
1732437705809859365,0.47819364070892334
1732437705820454451,0.47819364070892334
1732437705820454451,0.47819364070892334
1732437705830605317,0.47819364070892334
1732437705830605317,0.47819364070892334
1732437705841184874,0.4382789134979248
1732437705841184874,0.4382789134979248
1732437705851643775,0.4382789134979248
1732437705851643775,0.4382789134979248
1732437705862055386,0.4382789134979248
1732437705862055386,0.4382789134979248
1732437705872254336,0.4382789134979248
1732437705872254336,0.4382789134979248
1732437705882636393,0.4382789134979248
1732437705882636393,0.4382789134979248
1732437705893037335,0.4382789134979248
1732437705893037335,0.4382789134979248
1732437705903386913,0.4382789134979248
1732437705903386913,0.4382789134979248
1732437705913799236,0.4382789134979248
1732437705913799236,0.4382789134979248
1732437705923990701,0.4382789134979248
1732437705923990701,0.4382789134979248
1732437705934576305,0.4382789134979248
1732437705934576305,0.4382789134979248
1732437705944754565,0.4155200719833374
1732437705944754565,0.4155200719833374
1732437705955142254,0.4155200719833374
1732437705955142254,0.4155200719833374
1732437705965659822,0.4155200719833374
1732437705965659822,0.4155200719833374
1732437705976275283,0.4155200719833374
1732437705976275283,0.4155200719833374
1732437705986768517,0.4155200719833374
1732437705986768517,0.4155200719833374
1732437705996878940,0.4155200719833374
1732437705996878940,0.4155200719833374
1732437706007152406,0.4155200719833374
1732437706007152406,0.4155200719833374
1732437706017257572,0.4155200719833374
1732437706017257572,0.4155200719833374
1732437706027597771,0.4155200719833374
1732437706027597771,0.4155200719833374
1732437706037885966,0.4155200719833374
1732437706037885966,0.4155200719833374
1732437706048266129,0.39374348521232605
1732437706048266129,0.39374348521232605
1732437706058858495,0.39374348521232605
1732437706058858495,0.39374348521232605
1732437706069030756,0.39374348521232605
1732437706069030756,0.39374348521232605
1732437706079233462,0.39374348521232605
1732437706079233462,0.39374348521232605
1732437706089760989,0.39374348521232605
1732437706089760989,0.39374348521232605
1732437706100318673,0.39374348521232605
1732437706100318673,0.39374348521232605
1732437706110622876,0.39374348521232605
1732437706110622876,0.39374348521232605
1732437706120981070,0.39374348521232605
1732437706120981070,0.39374348521232605
1732437706131227836,0.39374348521232605
1732437706131227836,0.39374348521232605
1732437706141746939,0.39374348521232605
1732437706141746939,0.3897976279258728
1732437706152392776,0.3897976279258728
1732437706152392776,0.3897976279258728
1732437706163211143,0.3897976279258728
1732437706163211143,0.3897976279258728
1732437706173372141,0.3897976279258728
1732437706173372141,0.3897976279258728
1732437706183910599,0.3897976279258728
1732437706183910599,0.3897976279258728
1732437706194577907,0.3897976279258728
1732437706194577907,0.3897976279258728
1732437706205102595,0.3897976279258728
1732437706205102595,0.3897976279258728
1732437706216000714,0.3897976279258728
1732437706216000714,0.3897976279258728
1732437706226345632,0.3897976279258728
1732437706226345632,0.3897976279258728
1732437706236573154,0.3897976279258728
1732437706236573154,0.3897976279258728
1732437706247072670,0.37106603384017944
1732437706247072670,0.37106603384017944
1732437706257198714,0.37106603384017944
1732437706257198714,0.37106603384017944
1732437706267347244,0.37106603384017944
1732437706267347244,0.37106603384017944
1732437706277963621,0.37106603384017944
1732437706277963621,0.37106603384017944
1732437706288337632,0.37106603384017944
1732437706288337632,0.37106603384017944
1732437706298542343,0.37106603384017944
1732437706298542343,0.37106603384017944
1732437706308708739,0.37106603384017944
1732437706308708739,0.37106603384017944
1732437706318780082,0.37106603384017944
1732437706318780082,0.37106603384017944
1732437706329360708,0.37106603384017944
1732437706329360708,0.37106603384017944
1732437706339640085,0.37106603384017944
1732437706339640085,0.37106603384017944
1732437706350143237,0.37072405219078064
1732437706350143237,0.37072405219078064
1732437706360763808,0.37072405219078064
1732437706360763808,0.37072405219078064
1732437706371298829,0.37072405219078064
1732437706371298829,0.37072405219078064
1732437706381594748,0.37072405219078064
1732437706381594748,0.37072405219078064
1732437706391850942,0.37072405219078064
1732437706391850942,0.37072405219078064
1732437706402363843,0.37072405219078064
1732437706402363843,0.37072405219078064
1732437706412697501,0.37072405219078064
1732437706412697501,0.37072405219078064
1732437706423327148,0.37072405219078064
1732437706423327148,0.37072405219078064
1732437706433607688,0.37072405219078064
1732437706433607688,0.37072405219078064
1732437706445526557,0.3558349907398224
1732437706445526557,0.3558349907398224
1732437706456223856,0.3558349907398224
1732437706456223856,0.3558349907398224
1732437706466842071,0.3558349907398224
1732437706466842071,0.3558349907398224
1732437706477303010,0.3558349907398224
1732437706477303010,0.3558349907398224
1732437706487930632,0.3558349907398224
1732437706487930632,0.3558349907398224
1732437706498017304,0.3558349907398224
1732437706498017304,0.3558349907398224
1732437706508210456,0.3558349907398224
1732437706508210456,0.3558349907398224
1732437706518530894,0.3558349907398224
1732437706518530894,0.3558349907398224
1732437706528795032,0.3558349907398224
1732437706528795032,0.3558349907398224
1732437706539640050,0.3558349907398224
1732437706539640050,0.3558349907398224
1732437706550101384,0.32726627588272095
1732437706550101384,0.32726627588272095
1732437706560378959,0.32726627588272095
1732437706560378959,0.32726627588272095
1732437706570790140,0.32726627588272095
1732437706570790140,0.32726627588272095
1732437706581519593,0.32726627588272095
1732437706581519593,0.32726627588272095
1732437706592959333,0.32726627588272095
1732437706592959333,0.32726627588272095
1732437706603336742,0.32726627588272095
1732437706603336742,0.32726627588272095
1732437706614077595,0.32726627588272095
1732437706614077595,0.32726627588272095
1732437706624457897,0.32726627588272095
1732437706624457897,0.32726627588272095
1732437706634941936,0.32726627588272095
1732437706634941936,0.32726627588272095
1732437706645184446,0.30273061990737915
1732437706645184446,0.30273061990737915
1732437706655878012,0.30273061990737915
1732437706655878012,0.30273061990737915
1732437706666503037,0.30273061990737915
1732437706666503037,0.30273061990737915
1732437706677624857,0.30273061990737915
1732437706677624857,0.30273061990737915
1732437706687723973,0.30273061990737915
1732437706687723973,0.30273061990737915
1732437706697847863,0.30273061990737915
1732437706697847863,0.30273061990737915
1732437706708059624,0.30273061990737915
1732437706708059624,0.30273061990737915
1732437706718684674,0.30273061990737915
1732437706718684674,0.30273061990737915
1732437706729065478,0.30273061990737915
1732437706729065478,0.30273061990737915
1732437706739169451,0.30273061990737915
1732437706739169451,0.30273061990737915
1732437706749457584,0.2950080931186676
1732437706749457584,0.2950080931186676
1732437706759663787,0.2950080931186676
1732437706759663787,0.2950080931186676
1732437706769892559,0.2950080931186676
1732437706769892559,0.2950080931186676
1732437706780337134,0.2950080931186676
1732437706780337134,0.2950080931186676
1732437706790769043,0.2950080931186676
1732437706790769043,0.2950080931186676
1732437706801299147,0.2950080931186676
1732437706801299147,0.2950080931186676
1732437706811541475,0.2950080931186676
1732437706811541475,0.2950080931186676
1732437706822090684,0.2950080931186676
1732437706822090684,0.2950080931186676
1732437706832317153,0.2950080931186676
1732437706832317153,0.2950080931186676
1732437706843360046,0.26528507471084595
1732437706843360046,0.26528507471084595
1732437706853451284,0.26528507471084595
1732437706853451284,0.26528507471084595
1732437706863650604,0.26528507471084595
1732437706863650604,0.26528507471084595
1732437706874149669,0.26528507471084595
1732437706874149669,0.26528507471084595
1732437706884739302,0.26528507471084595
1732437706884739302,0.26528507471084595
1732437706895015504,0.26528507471084595
1732437706895015504,0.26528507471084595
1732437706905290689,0.26528507471084595
1732437706905290689,0.26528507471084595
1732437706915596259,0.26528507471084595
1732437706915596259,0.26528507471084595
1732437706926206961,0.26528507471084595
1732437706926206961,0.26528507471084595
1732437706936309571,0.26528507471084595
1732437706936309571,0.26528507471084595
1732437706946386602,0.2510985732078552
1732437706946386602,0.2510985732078552
1732437706956916715,0.2510985732078552
1732437706956916715,0.2510985732078552
1732437706967038075,0.2510985732078552
1732437706967038075,0.2510985732078552
1732437706977181574,0.2510985732078552
1732437706977181574,0.2510985732078552
1732437706987186882,0.2510985732078552
1732437706987186882,0.2510985732078552
1732437706997816240,0.2510985732078552
1732437706997816240,0.2510985732078552
1732437707008073727,0.2510985732078552
1732437707008073727,0.2510985732078552
1732437707018679379,0.2510985732078552
1732437707018679379,0.2510985732078552
1732437707028809801,0.2510985732078552
1732437707028809801,0.2510985732078552
1732437707039108113,0.2510985732078552
1732437707039108113,0.2510985732078552
1732437707049666658,0.2290271818637848
1732437707049666658,0.2290271818637848
1732437707060044690,0.2290271818637848
1732437707060044690,0.2290271818637848
1732437707070652392,0.2290271818637848
1732437707070652392,0.2290271818637848
1732437707080818500,0.2290271818637848
1732437707080818500,0.2290271818637848
1732437707090992526,0.2290271818637848
1732437707090992526,0.2290271818637848
1732437707101406953,0.2290271818637848
1732437707101406953,0.2290271818637848
1732437707111564966,0.2290271818637848
1732437707111564966,0.2290271818637848
1732437707122045377,0.2290271818637848
1732437707122045377,0.2290271818637848
1732437707132244422,0.2290271818637848
1732437707132244422,0.2290271818637848
1732437707142536487,0.2290271818637848
1732437707142536487,0.2290271818637848
1732437707153205819,0.2091580033302307
1732437707153205819,0.2091580033302307
1732437707163704578,0.2091580033302307
1732437707163704578,0.2091580033302307
1732437707173897459,0.2091580033302307
1732437707173897459,0.2091580033302307
1732437707184437390,0.2091580033302307
1732437707184437390,0.2091580033302307
1732437707194704465,0.2091580033302307
1732437707194704465,0.2091580033302307
1732437707204900255,0.2091580033302307
1732437707204900255,0.2091580033302307
1732437707215094878,0.2091580033302307
1732437707215094878,0.2091580033302307
1732437707227028664,0.2091580033302307
1732437707227028664,0.2091580033302307
1732437707237404602,0.2091580033302307
1732437707237404602,0.2091580033302307
1732437707247559908,0.19274452328681946
1732437707247559908,0.19274452328681946
1732437707257585355,0.19274452328681946
1732437707257585355,0.19274452328681946
1732437707267712582,0.19274452328681946
1732437707267712582,0.19274452328681946
1732437707277973534,0.19274452328681946
1732437707277973534,0.19274452328681946
1732437707288480875,0.19274452328681946
1732437707288480875,0.19274452328681946
1732437707298565893,0.19274452328681946
1732437707298565893,0.19274452328681946
1732437707308652752,0.19274452328681946
1732437707308652752,0.19274452328681946
1732437707308652752,0.19274452328681946
1732437707318721129,0.19274452328681946
1732437707329366526,0.19274452328681946
1732437707329366526,0.19274452328681946
1732437707339603764,0.19274452328681946
1732437707339603764,0.19274452328681946
1732437707350182127,0.17909109592437744
1732437707350182127,0.17909109592437744
1732437707361060615,0.17909109592437744
1732437707361060615,0.17909109592437744
1732437707371991742,0.17909109592437744
1732437707371991742,0.17909109592437744
1732437707382414206,0.17909109592437744
1732437707382414206,0.17909109592437744
1732437707392770696,0.17909109592437744
1732437707392770696,0.17909109592437744
1732437707402852497,0.17909109592437744
1732437707402852497,0.17909109592437744
1732437707413441389,0.17909109592437744
1732437707413441389,0.17909109592437744
1732437707423837442,0.17909109592437744
1732437707423837442,0.17909109592437744
1732437707434002278,0.17909109592437744
1732437707434002278,0.17909109592437744
1732437707444285613,0.1612238734960556
1732437707444285613,0.1612238734960556
1732437707454443505,0.1612238734960556
1732437707454443505,0.1612238734960556
1732437707464802180,0.1612238734960556
1732437707464802180,0.1612238734960556
1732437707475448368,0.1612238734960556
1732437707475448368,0.1612238734960556
1732437707485895062,0.1612238734960556
1732437707485895062,0.1612238734960556
1732437707496505528,0.1612238734960556
1732437707496505528,0.1612238734960556
1732437707507170610,0.1612238734960556
1732437707507170610,0.1612238734960556
1732437707517211646,0.1612238734960556
1732437707517211646,0.1612238734960556
1732437707527237504,0.1612238734960556
1732437707527237504,0.1612238734960556
1732437707537708116,0.1612238734960556
1732437707537708116,0.1612238734960556
1732437707548479586,0.146253302693367
1732437707548479586,0.146253302693367
1732437707652755078,0.1320970356464386
1732437707652755078,0.1320970356464386
1732437707663334154,0.1320970356464386
1732437707663334154,0.1320970356464386
1732437707673931834,0.1320970356464386
1732437707673931834,0.1320970356464386
1732437707684354746,0.1320970356464386
1732437707684354746,0.1320970356464386
1732437707694468778,0.1320970356464386
1732437707694468778,0.1320970356464386
1732437707704984274,0.1320970356464386
1732437707704984274,0.1320970356464386
1732437707715623798,0.1320970356464386
1732437707715623798,0.1320970356464386
1732437707725977384,0.1320970356464386
1732437707725977384,0.1320970356464386
1732437707736481025,0.1320970356464386
1732437707736481025,0.1320970356464386
1732437707747284497,0.1210811585187912
1732437707747284497,0.1210811585187912
1732437707757558344,0.1210811585187912
1732437707757558344,0.1210811585187912
1732437707767836740,0.1210811585187912
1732437707767836740,0.1210811585187912
1732437707778231071,0.1210811585187912
1732437707778231071,0.1210811585187912
1732437707788697286,0.1210811585187912
1732437707788697286,0.1210811585187912
1732437707799065347,0.1210811585187912
1732437707799065347,0.1210811585187912
1732437707809336580,0.1210811585187912
1732437707809336580,0.1210811585187912
1732437707820102491,0.1210811585187912
1732437707820102491,0.1210811585187912
1732437707830375756,0.1210811585187912
1732437707830375756,0.1210811585187912
1732437707840732367,0.1210811585187912
1732437707840732367,0.1210811585187912
1732437707850915958,0.11021646857261658
1732437707850915958,0.11021646857261658
1732437707944588965,0.10344158858060837
1732437707944588965,0.10344158858060837
1732437707954638095,0.10344158858060837
1732437707954638095,0.10344158858060837
1732437707964893659,0.10344158858060837
1732437707964893659,0.10344158858060837
1732437707975166785,0.10344158858060837
1732437707975166785,0.10344158858060837
1732437707985493851,0.10344158858060837
1732437707985493851,0.10344158858060837
1732437707995838992,0.10344158858060837
1732437707995838992,0.10344158858060837
1732437708006485786,0.10344158858060837
1732437708006485786,0.10344158858060837
1732437708017141276,0.10344158858060837
1732437708017141276,0.10344158858060837
1732437708027832117,0.10344158858060837
1732437708027832117,0.10344158858060837
1732437708039016865,0.10344158858060837
1732437708039016865,0.10344158858060837
1732437708049280321,0.09325841814279556
1732437708049280321,0.09325841814279556
1732437708059552707,0.09325841814279556
1732437708059552707,0.09325841814279556
1732437708069931319,0.09325841814279556
1732437708069931319,0.09325841814279556
1732437708080412037,0.09325841814279556
1732437708080412037,0.09325841814279556
1732437708090773900,0.09325841814279556
1732437708090773900,0.09325841814279556
1732437708101185333,0.09325841814279556
1732437708101185333,0.09325841814279556
1732437708111474250,0.09325841814279556
1732437708111474250,0.09325841814279556
1732437708121962195,0.09325841814279556
1732437708121962195,0.09325841814279556
1732437708132267060,0.09325841814279556
1732437708132267060,0.09325841814279556
1732437708142592502,0.08640802651643753
1732437708142592502,0.08640802651643753
1732437708152820365,0.08640802651643753
1732437708152820365,0.08640802651643753
1732437708163356450,0.08640802651643753
1732437708163356450,0.08640802651643753
1732437708174032991,0.08640802651643753
1732437708174032991,0.08640802651643753
1732437708184477557,0.08640802651643753
1732437708184477557,0.08640802651643753
1732437708194534353,0.08640802651643753
1732437708194534353,0.08640802651643753
1732437708204996831,0.08640802651643753
1732437708204996831,0.08640802651643753
1732437708215551910,0.08640802651643753
1732437708215551910,0.08640802651643753
1732437708225678934,0.08640802651643753
1732437708225678934,0.08640802651643753
1732437708235847808,0.08640802651643753
1732437708235847808,0.08640802651643753
1732437708246194942,0.07958752661943436
1732437708246194942,0.07958752661943436
1732437708349886345,0.07629325985908508
1732437708349886345,0.07629325985908508
1732437708360027402,0.07629325985908508
1732437708360027402,0.07629325985908508
1732437708370880795,0.07629325985908508
1732437708370880795,0.07629325985908508
1732437708381092321,0.07629325985908508
1732437708381092321,0.07629325985908508
1732437708391547745,0.07629325985908508
1732437708391547745,0.07629325985908508
1732437708402187497,0.07629325985908508
1732437708402187497,0.07629325985908508
1732437708412715901,0.07629325985908508
1732437708412715901,0.07629325985908508
1732437708423061873,0.07629325985908508
1732437708423061873,0.07629325985908508
1732437708433230846,0.07629325985908508
1732437708433230846,0.07629325985908508
1732437708443620227,0.07127731293439865
1732437708443620227,0.07127731293439865
1732437708453710154,0.07127731293439865
1732437708453710154,0.07127731293439865
1732437708464386779,0.07127731293439865
1732437708464386779,0.07127731293439865
1732437708474851350,0.07127731293439865
1732437708474851350,0.07127731293439865
1732437708485315470,0.07127731293439865
1732437708485315470,0.07127731293439865
1732437708495599353,0.07127731293439865
1732437708495599353,0.07127731293439865
1732437708506074537,0.07127731293439865
1732437708506074537,0.07127731293439865
1732437708516846777,0.07127731293439865
1732437708516846777,0.07127731293439865
1732437708527314286,0.07127731293439865
1732437708527314286,0.07127731293439865
1732437708537431423,0.07127731293439865
1732437708537431423,0.07127731293439865
1732437708547672851,0.0674147978425026
1732437708547672851,0.0674147978425026
1732437708558150918,0.0674147978425026
1732437708558150918,0.0674147978425026
1732437708568355948,0.0674147978425026
1732437708568355948,0.0674147978425026
1732437708578858399,0.0674147978425026
1732437708578858399,0.0674147978425026
1732437708589208468,0.0674147978425026
1732437708589208468,0.0674147978425026
1732437708599781287,0.0674147978425026
1732437708599781287,0.0674147978425026
1732437708610179055,0.0674147978425026
1732437708610179055,0.0674147978425026
1732437708620484162,0.0674147978425026
1732437708620484162,0.0674147978425026
1732437708630770534,0.0674147978425026
1732437708630770534,0.0674147978425026
1732437708641278767,0.0674147978425026
1732437708641278767,0.0674147978425026
1732437708651767233,0.06653419882059097
1732437708651767233,0.06653419882059097
1732437708662287245,0.06653419882059097
1732437708662287245,0.06653419882059097
1732437708672819402,0.06653419882059097
1732437708672819402,0.06653419882059097
1732437708682873644,0.06653419882059097
1732437708682873644,0.06653419882059097
1732437708693536573,0.06653419882059097
1732437708693536573,0.06653419882059097
1732437708703662285,0.06653419882059097
1732437708703662285,0.06653419882059097
1732437708714405554,0.06653419882059097
1732437708714405554,0.06653419882059097
1732437708724598241,0.06653419882059097
1732437708724598241,0.06653419882059097
1732437708735044719,0.06653419882059097
1732437708735044719,0.06653419882059097
1732437708745538514,0.06447990238666534
1732437708745538514,0.06447990238666534
1732437708755813813,0.06447990238666534
1732437708755813813,0.06447990238666534
1732437708766749780,0.06447990238666534
1732437708766749780,0.06447990238666534
1732437708777540196,0.06447990238666534
1732437708777540196,0.06447990238666534
1732437708788301634,0.06447990238666534
1732437708788301634,0.06447990238666534
1732437708798927347,0.06447990238666534
1732437708798927347,0.06447990238666534
1732437708809432124,0.06447990238666534
1732437708809432124,0.06447990238666534
1732437708819961125,0.06447990238666534
1732437708819961125,0.06447990238666534
1732437708830987870,0.06447990238666534
1732437708830987870,0.06447990238666534
1732437708841326345,0.06447990238666534
1732437708841326345,0.06447990238666534
1732437708851969288,0.06326644122600555
1732437708851969288,0.06326644122600555
1732437708862392504,0.06326644122600555
1732437708862392504,0.06326644122600555
1732437708872839421,0.06326644122600555
1732437708872839421,0.06326644122600555
1732437708883101828,0.06326644122600555
1732437708883101828,0.06326644122600555
1732437708893503132,0.06326644122600555
1732437708893503132,0.06326644122600555
1732437708903846990,0.06326644122600555
1732437708903846990,0.06326644122600555
1732437708914520580,0.06326644122600555
1732437708914520580,0.06326644122600555
1732437708924670425,0.06326644122600555
1732437708924670425,0.06326644122600555
1732437708934781331,0.06326644122600555
1732437708934781331,0.06326644122600555
1732437708945700787,0.06133124232292175
1732437708945700787,0.06133124232292175
1732437708955899846,0.06133124232292175
1732437708955899846,0.06133124232292175
1732437708966877387,0.06133124232292175
1732437708966877387,0.06133124232292175
1732437708976908605,0.06133124232292175
1732437708976908605,0.06133124232292175
1732437708987058975,0.06133124232292175
1732437708987058975,0.06133124232292175
1732437708997759204,0.06133124232292175
1732437708997759204,0.06133124232292175
1732437709007868091,0.06133124232292175
1732437709007868091,0.06133124232292175
1732437709018071261,0.06133124232292175
1732437709018071261,0.06133124232292175
1732437709028565604,0.06133124232292175
1732437709028565604,0.06133124232292175
1732437709038988893,0.06133124232292175
1732437709038988893,0.06133124232292175
1732437709049065872,0.06036108359694481
1732437709049065872,0.06036108359694481
1732437709059307924,0.06036108359694481
1732437709059307924,0.06036108359694481
1732437709069531496,0.06036108359694481
1732437709069531496,0.06036108359694481
1732437709080038570,0.06036108359694481
1732437709080038570,0.06036108359694481
1732437709090756461,0.06036108359694481
1732437709090756461,0.06036108359694481
1732437709100937636,0.06036108359694481
1732437709100937636,0.06036108359694481
1732437709100937636,0.06036108359694481
1732437709100937636,0.06036108359694481
1732437709121917474,0.06036108359694481
1732437709121917474,0.06036108359694481
1732437709132233551,0.06036108359694481
1732437709132233551,0.06036108359694481
1732437709142591123,0.06036108359694481
1732437709142591123,0.05692445486783981
1732437709153209812,0.05692445486783981
1732437709153209812,0.05692445486783981
1732437709164018272,0.05692445486783981
1732437709164018272,0.05692445486783981
1732437709174381852,0.05692445486783981
1732437709174381852,0.05692445486783981
1732437709185207455,0.05692445486783981
1732437709185207455,0.05692445486783981
1732437709195547115,0.05692445486783981
1732437709195547115,0.05692445486783981
1732437709205991108,0.05692445486783981
1732437709205991108,0.05692445486783981
1732437709216322223,0.05692445486783981
1732437709216322223,0.05692445486783981
1732437709226440943,0.05692445486783981
1732437709226440943,0.05692445486783981
1732437709237080179,0.05692445486783981
1732437709237080179,0.05692445486783981
1732437709248613583,0.05594571679830551
1732437709248613583,0.05594571679830551
1732437709258975605,0.05594571679830551
1732437709258975605,0.05594571679830551
1732437709269434374,0.05594571679830551
1732437709269434374,0.05594571679830551
1732437709279996497,0.05594571679830551
1732437709279996497,0.05594571679830551
1732437709290286325,0.05594571679830551
1732437709290286325,0.05594571679830551
1732437709300845010,0.05594571679830551
1732437709300845010,0.05594571679830551
1732437709311971911,0.05594571679830551
1732437709311971911,0.05594571679830551
1732437709322764131,0.05594571679830551
1732437709322764131,0.05594571679830551
1732437709333125201,0.05594571679830551
1732437709333125201,0.05594571679830551
1732437709343352342,0.05435275658965111
1732437709343352342,0.05435275658965111
1732437709353503671,0.05435275658965111
1732437709353503671,0.05435275658965111
1732437709363783450,0.05435275658965111
1732437709363783450,0.05435275658965111
1732437709374144390,0.05435275658965111
1732437709374144390,0.05435275658965111
1732437709384436421,0.05435275658965111
1732437709384436421,0.05435275658965111
1732437709394883631,0.05435275658965111
1732437709394883631,0.05435275658965111
1732437709405011809,0.05435275658965111
1732437709405011809,0.05435275658965111
1732437709415466011,0.05435275658965111
1732437709415466011,0.05435275658965111
1732437709426046769,0.05435275658965111
1732437709426046769,0.05435275658965111
1732437709436301370,0.05435275658965111
1732437709436301370,0.05435275658965111
1732437709446923904,0.05321981757879257
1732437709446923904,0.05321981757879257
1732437709457086645,0.05321981757879257
1732437709457086645,0.05321981757879257
1732437709467331441,0.05321981757879257
1732437709467331441,0.05321981757879257
1732437709477932726,0.05321981757879257
1732437709477932726,0.05321981757879257
1732437709488247429,0.05321981757879257
1732437709488247429,0.05321981757879257
1732437709498523712,0.05321981757879257
1732437709498523712,0.05321981757879257
1732437709509159461,0.05321981757879257
1732437709509159461,0.05321981757879257
1732437709519685773,0.05321981757879257
1732437709519685773,0.05321981757879257
1732437709529924258,0.05321981757879257
1732437709529924258,0.05321981757879257
1732437709540277513,0.05321981757879257
1732437709540277513,0.05321981757879257
1732437709551096041,0.051115136593580246
1732437709551096041,0.051115136593580246
1732437709561132740,0.051115136593580246
1732437709561132740,0.051115136593580246
1732437709571412819,0.051115136593580246
1732437709571412819,0.051115136593580246
1732437709581900344,0.051115136593580246
1732437709581900344,0.051115136593580246
1732437709592210258,0.051115136593580246
1732437709592210258,0.051115136593580246
1732437709602365817,0.051115136593580246
1732437709602365817,0.051115136593580246
1732437709613294698,0.051115136593580246
1732437709613294698,0.051115136593580246
1732437709623698323,0.051115136593580246
1732437709623698323,0.051115136593580246
1732437709634215687,0.051115136593580246
1732437709634215687,0.051115136593580246
1732437709644811372,0.0503736287355423
1732437709644811372,0.0503736287355423
1732437709655294588,0.0503736287355423
1732437709655294588,0.0503736287355423
1732437709665689751,0.0503736287355423
1732437709665689751,0.0503736287355423
1732437709676234532,0.0503736287355423
1732437709676234532,0.0503736287355423
1732437709686458147,0.0503736287355423
1732437709686458147,0.0503736287355423
1732437709697114663,0.0503736287355423
1732437709697114663,0.0503736287355423
1732437709707307380,0.0503736287355423
1732437709707307380,0.0503736287355423
1732437709717529983,0.0503736287355423
1732437709717529983,0.0503736287355423
1732437709728085343,0.0503736287355423
1732437709728085343,0.0503736287355423
1732437709738333304,0.0503736287355423
1732437709738333304,0.0503736287355423
1732437709748683724,0.04945916682481766
1732437709748683724,0.04945916682481766
1732437709759014347,0.04945916682481766
1732437709759014347,0.04945916682481766
1732437709769269219,0.04945916682481766
1732437709769269219,0.04945916682481766
1732437709779735599,0.04945916682481766
1732437709779735599,0.04945916682481766
1732437709790493004,0.04945916682481766
1732437709790493004,0.04945916682481766
1732437709800913689,0.04945916682481766
1732437709800913689,0.04945916682481766
1732437709811399249,0.04945916682481766
1732437709811399249,0.04945916682481766
1732437709822040419,0.04945916682481766
1732437709822040419,0.04945916682481766
1732437709832242423,0.04945916682481766
1732437709832242423,0.04945916682481766
1732437709844369335,0.04945916682481766
1732437709844369335,0.04945916682481766
1732437709855128707,0.04733716696500778
1732437709855128707,0.04733716696500778
1732437709865560978,0.04733716696500778
1732437709865560978,0.04733716696500778
1732437709875909214,0.04733716696500778
1732437709875909214,0.04733716696500778
1732437709886381810,0.04733716696500778
1732437709886381810,0.04733716696500778
1732437709897031265,0.04733716696500778
1732437709897031265,0.04733716696500778
1732437709907189729,0.04733716696500778
1732437709907189729,0.04733716696500778
1732437709917502349,0.04733716696500778
1732437709917502349,0.04733716696500778
1732437709927896330,0.04733716696500778
1732437709927896330,0.04733716696500778
1732437709938244402,0.04733716696500778
1732437709938244402,0.04733716696500778
1732437709948910921,0.04677097499370575
1732437709948910921,0.04677097499370575
1732437709959224803,0.04677097499370575
1732437709959224803,0.04677097499370575
1732437709969866433,0.04677097499370575
1732437709969866433,0.04677097499370575
1732437709980335880,0.04677097499370575
1732437709980335880,0.04677097499370575
1732437709990531126,0.04677097499370575
1732437709990531126,0.04677097499370575
1732437710000908205,0.04677097499370575
1732437710000908205,0.04677097499370575
1732437710011124607,0.04677097499370575
1732437710011124607,0.04677097499370575
1732437710021479415,0.04677097499370575
1732437710021479415,0.04677097499370575
1732437710031797194,0.04677097499370575
1732437710031797194,0.04677097499370575
1732437710041938036,0.04677097499370575
1732437710041938036,0.04543577879667282
1732437710052582271,0.04543577879667282
1732437710052582271,0.04543577879667282
1732437710062754901,0.04543577879667282
1732437710062754901,0.04543577879667282
1732437710073329697,0.04543577879667282
1732437710073329697,0.04543577879667282
1732437710083817592,0.04543577879667282
1732437710083817592,0.04543577879667282
1732437710094160859,0.04543577879667282
1732437710094160859,0.04543577879667282
1732437710104655668,0.04543577879667282
1732437710104655668,0.04543577879667282
1732437710115148892,0.04543577879667282
1732437710115148892,0.04543577879667282
1732437710125750899,0.04543577879667282
1732437710125750899,0.04543577879667282
1732437710136986177,0.04543577879667282
1732437710136986177,0.04543577879667282
1732437710147433530,0.04485652968287468
1732437710147433530,0.04485652968287468
1732437710157744527,0.04485652968287468
1732437710157744527,0.04485652968287468
1732437710168052838,0.04485652968287468
1732437710168052838,0.04485652968287468
1732437710178302151,0.04485652968287468
1732437710178302151,0.04485652968287468
1732437710188487786,0.04485652968287468
1732437710188487786,0.04485652968287468
1732437710198715238,0.04485652968287468
1732437710198715238,0.04485652968287468
1732437710209392223,0.04485652968287468
1732437710209392223,0.04485652968287468
1732437710219472572,0.04485652968287468
1732437710219472572,0.04485652968287468
1732437710230113561,0.04485652968287468
1732437710230113561,0.04485652968287468
1732437710240801297,0.04485652968287468
1732437710240801297,0.04485652968287468
1732437710251244269,0.04447308927774429
1732437710251244269,0.04447308927774429
1732437710261628122,0.04447308927774429
1732437710261628122,0.04447308927774429
1732437710271991532,0.04447308927774429
1732437710271991532,0.04447308927774429
1732437710282184473,0.04447308927774429
1732437710282184473,0.04447308927774429
1732437710292704204,0.04447308927774429
1732437710292704204,0.04447308927774429
1732437710302802500,0.04447308927774429
1732437710302802500,0.04447308927774429
1732437710313382445,0.04447308927774429
1732437710313382445,0.04447308927774429
1732437710323744266,0.04447308927774429
1732437710323744266,0.04447308927774429
1732437710334352124,0.04447308927774429
1732437710334352124,0.04447308927774429
1732437710344486724,0.04286005720496178
1732437710344486724,0.04286005720496178
1732437710354661578,0.04286005720496178
1732437710354661578,0.04286005720496178
1732437710365248417,0.04286005720496178
1732437710365248417,0.04286005720496178
1732437710375943547,0.04286005720496178
1732437710375943547,0.04286005720496178
1732437710387077861,0.04286005720496178
1732437710387077861,0.04286005720496178
1732437710397389535,0.04286005720496178
1732437710397389535,0.04286005720496178
1732437710407496858,0.04286005720496178
1732437710407496858,0.04286005720496178
1732437710417795482,0.04286005720496178
1732437710417795482,0.04286005720496178
1732437710428077936,0.04286005720496178
1732437710428077936,0.04286005720496178
1732437710438860447,0.04286005720496178
1732437710438860447,0.04286005720496178
1732437710449198395,0.04142157360911369
1732437710449198395,0.04142157360911369
1732437710459490733,0.04142157360911369
1732437710459490733,0.04142157360911369
1732437710469732295,0.04142157360911369
1732437710469732295,0.04142157360911369
1732437710479995593,0.04142157360911369
1732437710479995593,0.04142157360911369
1732437710490533060,0.04142157360911369
1732437710490533060,0.04142157360911369
1732437710501307137,0.04142157360911369
1732437710501307137,0.04142157360911369
1732437710511525538,0.04142157360911369
1732437710511525538,0.04142157360911369
1732437710521806793,0.04142157360911369
1732437710521806793,0.04142157360911369
1732437710532433545,0.04142157360911369
1732437710532433545,0.04142157360911369
1732437710542535956,0.04142157360911369
1732437710542535956,0.04142157360911369
1732437710552996560,0.040872395038604736
1732437710552996560,0.040872395038604736
1732437710563573039,0.040872395038604736
1732437710563573039,0.040872395038604736
1732437710573622778,0.040872395038604736
1732437710573622778,0.040872395038604736
1732437710584024928,0.040872395038604736
1732437710584024928,0.040872395038604736
1732437710594214228,0.040872395038604736
1732437710594214228,0.040872395038604736
1732437710604486483,0.040872395038604736
1732437710604486483,0.040872395038604736
1732437710614943642,0.040872395038604736
1732437710614943642,0.040872395038604736
1732437710625537774,0.040872395038604736
1732437710625537774,0.040872395038604736
1732437710635811913,0.040872395038604736
1732437710635811913,0.040872395038604736
1732437710646455576,0.041211292147636414
1732437710646455576,0.041211292147636414
1732437710657076959,0.041211292147636414
1732437710657076959,0.041211292147636414
1732437710667209401,0.041211292147636414
1732437710667209401,0.041211292147636414
1732437710677326261,0.041211292147636414
1732437710677326261,0.041211292147636414
1732437710687498361,0.041211292147636414
1732437710687498361,0.041211292147636414
1732437710697785554,0.041211292147636414
1732437710697785554,0.041211292147636414
1732437710708378363,0.041211292147636414
1732437710708378363,0.041211292147636414
1732437710718970291,0.041211292147636414
1732437710718970291,0.041211292147636414
1732437710729283232,0.041211292147636414
1732437710729283232,0.041211292147636414
1732437710739539808,0.041211292147636414
1732437710739539808,0.041211292147636414
1732437710750403781,0.03928471729159355
1732437710750403781,0.03928471729159355
1732437710760865447,0.03928471729159355
1732437710760865447,0.03928471729159355
1732437710771341811,0.03928471729159355
1732437710771341811,0.03928471729159355
1732437710781910055,0.03928471729159355
1732437710781910055,0.03928471729159355
1732437710792326097,0.03928471729159355
1732437710792326097,0.03928471729159355
1732437710802829160,0.03928471729159355
1732437710802829160,0.03928471729159355
1732437710813091904,0.03928471729159355
1732437710813091904,0.03928471729159355
1732437710823745878,0.03928471729159355
1732437710823745878,0.03928471729159355
1732437710834198938,0.03928471729159355
1732437710834198938,0.03928471729159355
1732437710844831312,0.03962361067533493
1732437710844831312,0.03962361067533493
1732437710855159111,0.03962361067533493
1732437710855159111,0.03962361067533493
1732437710865384498,0.03962361067533493
1732437710865384498,0.03962361067533493
1732437710875662313,0.03962361067533493
1732437710875662313,0.03962361067533493
1732437710885894705,0.03962361067533493
1732437710885894705,0.03962361067533493
1732437710896403408,0.03962361067533493
1732437710896403408,0.03962361067533493
1732437710906570298,0.03962361067533493
1732437710906570298,0.03962361067533493
1732437710917284663,0.03962361067533493
1732437710917284663,0.03962361067533493
1732437710928785337,0.03962361067533493
1732437710928785337,0.03962361067533493
1732437710938857351,0.03962361067533493
1732437710938857351,0.03962361067533493
1732437710949592505,0.039895519614219666
1732437710949592505,0.039895519614219666
1732437710960081030,0.039895519614219666
1732437710960081030,0.039895519614219666
1732437710970456316,0.039895519614219666
1732437710970456316,0.039895519614219666
1732437710980717461,0.039895519614219666
1732437710980717461,0.039895519614219666
1732437710991771135,0.039895519614219666
1732437710991771135,0.039895519614219666
1732437711002346915,0.039895519614219666
1732437711002346915,0.039895519614219666
1732437711012846735,0.039895519614219666
1732437711012846735,0.039895519614219666
1732437711023321045,0.039895519614219666
1732437711023321045,0.039895519614219666
1732437711033768134,0.039895519614219666
1732437711033768134,0.039895519614219666
1732437711044086120,0.04031273350119591
1732437711044086120,0.04031273350119591
1732437711054570974,0.04031273350119591
1732437711054570974,0.04031273350119591
1732437711064798285,0.04031273350119591
1732437711064798285,0.04031273350119591
1732437711075145620,0.04031273350119591
1732437711075145620,0.04031273350119591
1732437711085389362,0.04031273350119591
1732437711085389362,0.04031273350119591
1732437711096038645,0.04031273350119591
1732437711096038645,0.04031273350119591
1732437711106253883,0.04031273350119591
1732437711106253883,0.04031273350119591
1732437711116800881,0.04031273350119591
1732437711116800881,0.04031273350119591
1732437711127305738,0.04031273350119591
1732437711127305738,0.04031273350119591
1732437711137455657,0.04031273350119591
1732437711137455657,0.04031273350119591
1732437711147655757,0.042594458907842636
1732437711147655757,0.042594458907842636
1732437711158016453,0.042594458907842636
1732437711158016453,0.042594458907842636
1732437711168713350,0.042594458907842636
1732437711168713350,0.042594458907842636
1732437711179315165,0.042594458907842636
1732437711179315165,0.042594458907842636
1732437711190095673,0.042594458907842636
1732437711190095673,0.042594458907842636
1732437711200778712,0.042594458907842636
1732437711200778712,0.042594458907842636
1732437711211164658,0.042594458907842636
1732437711211164658,0.042594458907842636
1732437711221565793,0.042594458907842636
1732437711221565793,0.042594458907842636
1732437711232115722,0.042594458907842636
1732437711232115722,0.042594458907842636
1732437711242231748,0.042594458907842636
1732437711242231748,0.042594458907842636
1732437711252476852,0.044224467128515244
1732437711252476852,0.044224467128515244
1732437711347134942,0.046106189489364624
1732437711347134942,0.046106189489364624
1732437711357383893,0.046106189489364624
1732437711357383893,0.046106189489364624
1732437711368028803,0.046106189489364624
1732437711368028803,0.046106189489364624
1732437711378190282,0.046106189489364624
1732437711378190282,0.046106189489364624
1732437711388757056,0.046106189489364624
1732437711388757056,0.046106189489364624
1732437711398995017,0.046106189489364624
1732437711398995017,0.046106189489364624
1732437711409192474,0.046106189489364624
1732437711409192474,0.046106189489364624
1732437711419320211,0.046106189489364624
1732437711419320211,0.046106189489364624
1732437711429467864,0.046106189489364624
1732437711429467864,0.046106189489364624
1732437711440091131,0.046106189489364624
1732437711440091131,0.046106189489364624
1732437711450564119,0.048701800405979156
1732437711450564119,0.048701800405979156
1732437711461399588,0.048701800405979156
1732437711461399588,0.048701800405979156
1732437711471692071,0.048701800405979156
1732437711471692071,0.048701800405979156
1732437711482158647,0.048701800405979156
1732437711482158647,0.048701800405979156
1732437711493278164,0.048701800405979156
1732437711493278164,0.048701800405979156
1732437711503592818,0.048701800405979156
1732437711503592818,0.048701800405979156
1732437711515911389,0.048701800405979156
1732437711515911389,0.048701800405979156
1732437711526113754,0.048701800405979156
1732437711526113754,0.048701800405979156
1732437711536732582,0.048701800405979156
1732437711536732582,0.048701800405979156
1732437711546761996,0.053666964173316956
1732437711546761996,0.053666964173316956
1732437711557304693,0.053666964173316956
1732437711557304693,0.053666964173316956
1732437711567594097,0.053666964173316956
1732437711567594097,0.053666964173316956
1732437711577954340,0.053666964173316956
1732437711577954340,0.053666964173316956
1732437711588063703,0.053666964173316956
1732437711588063703,0.053666964173316956
1732437711598360133,0.053666964173316956
1732437711598360133,0.053666964173316956
1732437711609078031,0.053666964173316956
1732437711609078031,0.053666964173316956
1732437711619481573,0.053666964173316956
1732437711619481573,0.053666964173316956
1732437711630443568,0.053666964173316956
1732437711630443568,0.053666964173316956
1732437711641020859,0.053666964173316956
1732437711641020859,0.053666964173316956
1732437711651334621,0.0580611526966095
1732437711651334621,0.0580611526966095
1732437711661436171,0.0580611526966095
1732437711661436171,0.0580611526966095
1732437711671546776,0.0580611526966095
1732437711671546776,0.0580611526966095
1732437711682082821,0.0580611526966095
1732437711682082821,0.0580611526966095
1732437711692688654,0.0580611526966095
1732437711692688654,0.0580611526966095
1732437711702745119,0.0580611526966095
1732437711702745119,0.0580611526966095
1732437711713259684,0.0580611526966095
1732437711713259684,0.0580611526966095
1732437711723698097,0.0580611526966095
1732437711723698097,0.0580611526966095
1732437711734170453,0.0580611526966095
1732437711734170453,0.0580611526966095
1732437711747230610,0.0629454255104065
1732437711747230610,0.0629454255104065
1732437711757354091,0.0629454255104065
1732437711757354091,0.0629454255104065
1732437711767355674,0.0629454255104065
1732437711767355674,0.0629454255104065
1732437711777458424,0.0629454255104065
1732437711777458424,0.0629454255104065
1732437711787536680,0.0629454255104065
1732437711787536680,0.0629454255104065
1732437711798059079,0.0629454255104065
1732437711798059079,0.0629454255104065
1732437711808315334,0.0629454255104065
1732437711808315334,0.0629454255104065
1732437711819010494,0.0629454255104065
1732437711819010494,0.0629454255104065
1732437711832301438,0.0629454255104065
1732437711832301438,0.0629454255104065
1732437711842327667,0.0629454255104065
1732437711842327667,0.0629454255104065
1732437711852772624,0.06173832714557648
1732437711852772624,0.06173832714557648
1732437711863233680,0.06173832714557648
1732437711863233680,0.06173832714557648
1732437711874281182,0.06173832714557648
1732437711874281182,0.06173832714557648
1732437711884557805,0.06173832714557648
1732437711884557805,0.06173832714557648
1732437711894771943,0.06173832714557648
1732437711894771943,0.06173832714557648
1732437711905051200,0.06173832714557648
1732437711905051200,0.06173832714557648
1732437711915416459,0.06173832714557648
1732437711915416459,0.06173832714557648
1732437711925724990,0.06173832714557648
1732437711925724990,0.06173832714557648
1732437711936226672,0.06173832714557648
1732437711936226672,0.06173832714557648
1732437711946655889,0.06628358364105225
1732437711946655889,0.06628358364105225
1732437711957569714,0.06628358364105225
1732437711957569714,0.06628358364105225
1732437711968045426,0.06628358364105225
1732437711968045426,0.06628358364105225
1732437711978201898,0.06628358364105225
1732437711978201898,0.06628358364105225
1732437711988699580,0.06628358364105225
1732437711988699580,0.06628358364105225
1732437711998849058,0.06628358364105225
1732437711998849058,0.06628358364105225
1732437712009048748,0.06628358364105225
1732437712009048748,0.06628358364105225
1732437712019758797,0.06628358364105225
1732437712019758797,0.06628358364105225
1732437712030356465,0.06628358364105225
1732437712030356465,0.06628358364105225
1732437712040553211,0.06628358364105225
1732437712040553211,0.06951310485601425
1732437712051167961,0.06951310485601425
1732437712051167961,0.06951310485601425
1732437712061274419,0.06951310485601425
1732437712061274419,0.06951310485601425
1732437712072566678,0.06951310485601425
1732437712072566678,0.06951310485601425
1732437712083007666,0.06951310485601425
1732437712083007666,0.06951310485601425
1732437712093115776,0.06951310485601425
1732437712093115776,0.06951310485601425
1732437712104440283,0.06951310485601425
1732437712104440283,0.06951310485601425
1732437712114802747,0.06951310485601425
1732437712114802747,0.06951310485601425
1732437712124921428,0.06951310485601425
1732437712124921428,0.06951310485601425
1732437712135294199,0.06951310485601425
1732437712135294199,0.06951310485601425
1732437712145819945,0.0721169114112854
1732437712145819945,0.0721169114112854
1732437712156474501,0.0721169114112854
1732437712156474501,0.0721169114112854
1732437712166635349,0.0721169114112854
1732437712166635349,0.0721169114112854
1732437712176853123,0.0721169114112854
1732437712176853123,0.0721169114112854
1732437712186901910,0.0721169114112854
1732437712186901910,0.0721169114112854
1732437712197200808,0.0721169114112854
1732437712197200808,0.0721169114112854
1732437712207318618,0.0721169114112854
1732437712207318618,0.0721169114112854
1732437712217689015,0.0721169114112854
1732437712217689015,0.0721169114112854
1732437712228336406,0.0721169114112854
1732437712228336406,0.0721169114112854
1732437712238916842,0.0721169114112854
1732437712238916842,0.0721169114112854
1732437712249453350,0.07334158569574356
1732437712249453350,0.07334158569574356
1732437712260155613,0.07334158569574356
1732437712260155613,0.07334158569574356
1732437712270899062,0.07334158569574356
1732437712270899062,0.07334158569574356
1732437712281402542,0.07334158569574356
1732437712281402542,0.07334158569574356
1732437712291632894,0.07334158569574356
1732437712291632894,0.07334158569574356
1732437712302229098,0.07334158569574356
1732437712302229098,0.07334158569574356
1732437712313220550,0.07334158569574356
1732437712313220550,0.07334158569574356
1732437712323342497,0.07334158569574356
1732437712323342497,0.07334158569574356
1732437712333913536,0.07334158569574356
1732437712333913536,0.07334158569574356
1732437712344054288,0.0712784081697464
1732437712344054288,0.0712784081697464
1732437712354451806,0.0712784081697464
1732437712354451806,0.0712784081697464
1732437712364633643,0.0712784081697464
1732437712364633643,0.0712784081697464
1732437712374764065,0.0712784081697464
1732437712374764065,0.0712784081697464
1732437712385132932,0.0712784081697464
1732437712385132932,0.0712784081697464
1732437712395437156,0.0712784081697464
1732437712395437156,0.0712784081697464
1732437712405887892,0.0712784081697464
1732437712405887892,0.0712784081697464
1732437712416062245,0.0712784081697464
1732437712416062245,0.0712784081697464
1732437712426270482,0.0712784081697464
1732437712426270482,0.0712784081697464
1732437712436957033,0.0712784081697464
1732437712436957033,0.0712784081697464
1732437712447155856,0.07636213302612305
1732437712447155856,0.07636213302612305
1732437712457518899,0.07636213302612305
1732437712457518899,0.07636213302612305
1732437712467698032,0.07636213302612305
1732437712467698032,0.07636213302612305
1732437712477860354,0.07636213302612305
1732437712477860354,0.07636213302612305
1732437712488029248,0.07636213302612305
1732437712488029248,0.07636213302612305
1732437712498143140,0.07636213302612305
1732437712498143140,0.07636213302612305
1732437712509139588,0.07636213302612305
1732437712509139588,0.07636213302612305
1732437712519375918,0.07636213302612305
1732437712519375918,0.07636213302612305
1732437712529532890,0.07636213302612305
1732437712529532890,0.07636213302612305
1732437712539955363,0.07636213302612305
1732437712539955363,0.07636213302612305
1732437712550169998,0.07296619564294815
1732437712550169998,0.07296619564294815
1732437712560464538,0.07296619564294815
1732437712560464538,0.07296619564294815
1732437712570874206,0.07296619564294815
1732437712570874206,0.07296619564294815
1732437712581290127,0.07296619564294815
1732437712581290127,0.07296619564294815
1732437712591587923,0.07296619564294815
1732437712591587923,0.07296619564294815
1732437712601860218,0.07296619564294815
1732437712601860218,0.07296619564294815
1732437712612003125,0.07296619564294815
1732437712612003125,0.07296619564294815
1732437712622625981,0.07296619564294815
1732437712622625981,0.07296619564294815
1732437712633261690,0.07296619564294815
1732437712633261690,0.07296619564294815
1732437712645691387,0.07032926380634308
1732437712645691387,0.07032926380634308
1732437712655832008,0.07032926380634308
1732437712655832008,0.07032926380634308
1732437712666213728,0.07032926380634308
1732437712666213728,0.07032926380634308
1732437712676823429,0.07032926380634308
1732437712676823429,0.07032926380634308
1732437712687595011,0.07032926380634308
1732437712687595011,0.07032926380634308
1732437712697967992,0.07032926380634308
1732437712697967992,0.07032926380634308
1732437712708998075,0.07032926380634308
1732437712708998075,0.07032926380634308
1732437712719520163,0.07032926380634308
1732437712719520163,0.07032926380634308
1732437712730123442,0.07032926380634308
1732437712730123442,0.07032926380634308
1732437712740626302,0.07032926380634308
1732437712740626302,0.07032926380634308
1732437712750717707,0.0748206228017807
1732437712750717707,0.0748206228017807
1732437712760890928,0.0748206228017807
1732437712760890928,0.0748206228017807
1732437712771210471,0.0748206228017807
1732437712771210471,0.0748206228017807
1732437712781843615,0.0748206228017807
1732437712781843615,0.0748206228017807
1732437712792211468,0.0748206228017807
1732437712792211468,0.0748206228017807
1732437712802548915,0.0748206228017807
1732437712802548915,0.0748206228017807
1732437712813022503,0.0748206228017807
1732437712813022503,0.0748206228017807
1732437712823157040,0.0748206228017807
1732437712823157040,0.0748206228017807
1732437712833323402,0.0748206228017807
1732437712833323402,0.0748206228017807
1732437712843574145,0.07941819727420807
1732437712843574145,0.07941819727420807
1732437712854125451,0.07941819727420807
1732437712854125451,0.07941819727420807
1732437712864931797,0.07941819727420807
1732437712864931797,0.07941819727420807
1732437712875310500,0.07941819727420807
1732437712875310500,0.07941819727420807
1732437712885711976,0.07941819727420807
1732437712885711976,0.07941819727420807
1732437712896346934,0.07941819727420807
1732437712896346934,0.07941819727420807
1732437712906629759,0.07941819727420807
1732437712906629759,0.07941819727420807
1732437712917143732,0.07941819727420807
1732437712917143732,0.07941819727420807
1732437712927564800,0.07941819727420807
1732437712927564800,0.07941819727420807
1732437712937743343,0.07941819727420807
1732437712937743343,0.07941819727420807
1732437712947846357,0.10688187927007675
1732437712947846357,0.10688187927007675
1732437712958965613,0.10688187927007675
1732437712958965613,0.10688187927007675
1732437712969056432,0.10688187927007675
1732437712969056432,0.10688187927007675
1732437712979239674,0.10688187927007675
1732437712979239674,0.10688187927007675
1732437712989977713,0.10688187927007675
1732437712989977713,0.10688187927007675
1732437713000388692,0.10688187927007675
1732437713000388692,0.10688187927007675
1732437713012424603,0.10688187927007675
1732437713012424603,0.10688187927007675
1732437713022523627,0.10688187927007675
1732437713022523627,0.10688187927007675
1732437713032715944,0.10688187927007675
1732437713032715944,0.10688187927007675
1732437713042819944,0.10378307104110718
1732437713042819944,0.10378307104110718
1732437713053462898,0.10378307104110718
1732437713053462898,0.10378307104110718
1732437713063655249,0.10378307104110718
1732437713063655249,0.10378307104110718
1732437713073925862,0.10378307104110718
1732437713073925862,0.10378307104110718
1732437713084550291,0.10378307104110718
1732437713084550291,0.10378307104110718
1732437713094642171,0.10378307104110718
1732437713094642171,0.10378307104110718
1732437713104951897,0.10378307104110718
1732437713104951897,0.10378307104110718
1732437713115625256,0.10378307104110718
1732437713115625256,0.10378307104110718
1732437713126404462,0.10378307104110718
1732437713126404462,0.10378307104110718
1732437713136842616,0.10378307104110718
1732437713136842616,0.10378307104110718
1732437713147021197,0.11138308048248291
1732437713147021197,0.11138308048248291
1732437713157246136,0.11138308048248291
1732437713157246136,0.11138308048248291
1732437713167969869,0.11138308048248291
1732437713167969869,0.11138308048248291
1732437713178215615,0.11138308048248291
1732437713178215615,0.11138308048248291
1732437713188633029,0.11138308048248291
1732437713188633029,0.11138308048248291
1732437713199045977,0.11138308048248291
1732437713199045977,0.11138308048248291
1732437713209208018,0.11138308048248291
1732437713209208018,0.11138308048248291
1732437713219382922,0.11138308048248291
1732437713219382922,0.11138308048248291
1732437713229684925,0.11138308048248291
1732437713229684925,0.11138308048248291
1732437713240124650,0.11138308048248291
1732437713240124650,0.11138308048248291
1732437713250614345,0.11052540689706802
1732437713250614345,0.11052540689706802
1732437713260826039,0.11052540689706802
1732437713260826039,0.11052540689706802
1732437713270927201,0.11052540689706802
1732437713270927201,0.11052540689706802
1732437713281512016,0.11052540689706802
1732437713281512016,0.11052540689706802
1732437713292863324,0.11052540689706802
1732437713292863324,0.11052540689706802
1732437713303612033,0.11052540689706802
1732437713303612033,0.11052540689706802
1732437713313969967,0.11052540689706802
1732437713313969967,0.11052540689706802
1732437713324563760,0.11052540689706802
1732437713324563760,0.11052540689706802
1732437713334969503,0.11052540689706802
1732437713334969503,0.11052540689706802
1732437713345087760,0.11242883652448654
1732437713345087760,0.11242883652448654
1732437713355271004,0.11242883652448654
1732437713355271004,0.11242883652448654
1732437713365740845,0.11242883652448654
1732437713365740845,0.11242883652448654
1732437713375934986,0.11242883652448654
1732437713375934986,0.11242883652448654
1732437713386267224,0.11242883652448654
1732437713386267224,0.11242883652448654
1732437713396760128,0.11242883652448654
1732437713396760128,0.11242883652448654
1732437713407166665,0.11242883652448654
1732437713407166665,0.11242883652448654
1732437713417850844,0.11242883652448654
1732437713417850844,0.11242883652448654
1732437713427994466,0.11242883652448654
1732437713427994466,0.11242883652448654
1732437713438448644,0.11242883652448654
1732437713438448644,0.11242883652448654
1732437713448782704,0.11024918407201767
1732437713448782704,0.11024918407201767
1732437713459160565,0.11024918407201767
1732437713459160565,0.11024918407201767
1732437713469501959,0.11024918407201767
1732437713469501959,0.11024918407201767
1732437713479924153,0.11024918407201767
1732437713479924153,0.11024918407201767
1732437713490553761,0.11024918407201767
1732437713490553761,0.11024918407201767
1732437713500988179,0.11024918407201767
1732437713500988179,0.11024918407201767
1732437713511352675,0.11024918407201767
1732437713511352675,0.11024918407201767
1732437713521984717,0.11024918407201767
1732437713521984717,0.11024918407201767
1732437713532103469,0.11024918407201767
1732437713532103469,0.11024918407201767
1732437713542457085,0.11024918407201767
1732437713542457085,0.12488580495119095
1732437713553091562,0.12488580495119095
1732437713553091562,0.12488580495119095
1732437713563621798,0.12488580495119095
1732437713563621798,0.12488580495119095
1732437713574130201,0.12488580495119095
1732437713574130201,0.12488580495119095
1732437713584492844,0.12488580495119095
1732437713584492844,0.12488580495119095
1732437713595081657,0.12488580495119095
1732437713595081657,0.12488580495119095
1732437713606580788,0.12488580495119095
1732437713606580788,0.12488580495119095
1732437713617124488,0.12488580495119095
1732437713617124488,0.12488580495119095
1732437713627246907,0.12488580495119095
1732437713627246907,0.12488580495119095
1732437713637605591,0.12488580495119095
1732437713637605591,0.12488580495119095
1732437713647724183,0.13381721079349518
1732437713647724183,0.13381721079349518
1732437713657958168,0.13381721079349518
1732437713657958168,0.13381721079349518
1732437713668295553,0.13381721079349518
1732437713668295553,0.13381721079349518
1732437713678375784,0.13381721079349518
1732437713678375784,0.13381721079349518
1732437713689063640,0.13381721079349518
1732437713689063640,0.13381721079349518
1732437713699216233,0.13381721079349518
1732437713699216233,0.13381721079349518
1732437713709360362,0.13381721079349518
1732437713709360362,0.13381721079349518
1732437713719838780,0.13381721079349518
1732437713719838780,0.13381721079349518
1732437713731004612,0.13381721079349518
1732437713731004612,0.13381721079349518
1732437713741514861,0.13381721079349518
1732437713741514861,0.13381721079349518
1732437713751856826,0.15270306169986725
1732437713751856826,0.15270306169986725
1732437713762475183,0.15270306169986725
1732437713762475183,0.15270306169986725
1732437713772878202,0.15270306169986725
1732437713772878202,0.15270306169986725
1732437713782961826,0.15270306169986725
1732437713782961826,0.15270306169986725
1732437713793604298,0.15270306169986725
1732437713793604298,0.15270306169986725
1732437713803873380,0.15270306169986725
1732437713803873380,0.15270306169986725
1732437713814324393,0.15270306169986725
1732437713814324393,0.15270306169986725
1732437713825032480,0.15270306169986725
1732437713825032480,0.15270306169986725
1732437713835554109,0.15270306169986725
1732437713835554109,0.15270306169986725
1732437713846448238,0.17158623039722443
1732437713846448238,0.17158623039722443
1732437713856773973,0.17158623039722443
1732437713856773973,0.17158623039722443
1732437713866983539,0.17158623039722443
1732437713866983539,0.17158623039722443
1732437713877335596,0.17158623039722443
1732437713877335596,0.17158623039722443
1732437713887806992,0.17158623039722443
1732437713887806992,0.17158623039722443
1732437713897949717,0.17158623039722443
1732437713897949717,0.17158623039722443
1732437713908196295,0.17158623039722443
1732437713908196295,0.17158623039722443
1732437713918916050,0.17158623039722443
1732437713918916050,0.17158623039722443
1732437713929350026,0.17158623039722443
1732437713929350026,0.17158623039722443
1732437713939978663,0.17158623039722443
1732437713939978663,0.17158623039722443
1732437713950421255,0.1882380247116089
1732437713950421255,0.1882380247116089
1732437713961037158,0.1882380247116089
1732437713961037158,0.1882380247116089
1732437713971479058,0.1882380247116089
1732437713971479058,0.1882380247116089
1732437713981878530,0.1882380247116089
1732437713981878530,0.1882380247116089
1732437713992473163,0.1882380247116089
1732437713992473163,0.1882380247116089
1732437714002834313,0.1882380247116089
1732437714002834313,0.1882380247116089
1732437714013429729,0.1882380247116089
1732437714013429729,0.1882380247116089
1732437714024315272,0.1882380247116089
1732437714024315272,0.1882380247116089
1732437714034452759,0.1882380247116089
1732437714034452759,0.1882380247116089
1732437714046986629,0.2081114947795868
1732437714046986629,0.2081114947795868
1732437714057647988,0.2081114947795868
1732437714057647988,0.2081114947795868
1732437714067837610,0.2081114947795868
1732437714067837610,0.2081114947795868
1732437714078305880,0.2081114947795868
1732437714078305880,0.2081114947795868
1732437714088895470,0.2081114947795868
1732437714088895470,0.2081114947795868
1732437714099205740,0.2081114947795868
1732437714099205740,0.2081114947795868
1732437714109313558,0.2081114947795868
1732437714109313558,0.2081114947795868
1732437714120300593,0.2081114947795868
1732437714120300593,0.2081114947795868
1732437714130789387,0.2081114947795868
1732437714130789387,0.2081114947795868
1732437714141006754,0.2081114947795868
1732437714141006754,0.2081114947795868
1732437714151685124,0.25525856018066406
1732437714151685124,0.25525856018066406
1732437714161939065,0.25525856018066406
1732437714161939065,0.25525856018066406
1732437714172141933,0.25525856018066406
1732437714172141933,0.25525856018066406
1732437714182285349,0.25525856018066406
1732437714182285349,0.25525856018066406
1732437714192503386,0.25525856018066406
1732437714192503386,0.25525856018066406
1732437714202612768,0.25525856018066406
1732437714202612768,0.25525856018066406
1732437714212952967,0.25525856018066406
1732437714212952967,0.25525856018066406
1732437714223151189,0.25525856018066406
1732437714223151189,0.25525856018066406
1732437714233493275,0.25525856018066406
1732437714233493275,0.25525856018066406
1732437714243887437,0.30516523122787476
1732437714243887437,0.30516523122787476
1732437714254054737,0.30516523122787476
1732437714254054737,0.30516523122787476
1732437714264543826,0.30516523122787476
1732437714264543826,0.30516523122787476
1732437714274813036,0.30516523122787476
1732437714274813036,0.30516523122787476
1732437714285054291,0.30516523122787476
1732437714285054291,0.30516523122787476
1732437714295679525,0.30516523122787476
1732437714295679525,0.30516523122787476
1732437714305853710,0.30516523122787476
1732437714305853710,0.30516523122787476
1732437714316161130,0.30516523122787476
1732437714316161130,0.30516523122787476
1732437714326411436,0.30516523122787476
1732437714326411436,0.30516523122787476
1732437714336470085,0.30516523122787476
1732437714336470085,0.30516523122787476
1732437714346912977,0.35345786809921265
1732437714346912977,0.35345786809921265
1732437714357250645,0.35345786809921265
1732437714357250645,0.35345786809921265
1732437714367610112,0.35345786809921265
1732437714367610112,0.35345786809921265
1732437714377979028,0.35345786809921265
1732437714377979028,0.35345786809921265
1732437714388573971,0.35345786809921265
1732437714388573971,0.35345786809921265
1732437714398662618,0.35345786809921265
1732437714398662618,0.35345786809921265
1732437714398662618,0.35345786809921265
1732437714398662618,0.35345786809921265
1732437714419023810,0.35345786809921265
1732437714419023810,0.35345786809921265
1732437714429262602,0.35345786809921265
1732437714429262602,0.35345786809921265
1732437714439611869,0.35345786809921265
1732437714439611869,0.35345786809921265
1732437714450186559,0.40106281638145447
1732437714450186559,0.40106281638145447
1732437714460542901,0.40106281638145447
1732437714460542901,0.40106281638145447
1732437714470639256,0.40106281638145447
1732437714470639256,0.40106281638145447
1732437714480815998,0.40106281638145447
1732437714480815998,0.40106281638145447
1732437714491076302,0.40106281638145447
1732437714491076302,0.40106281638145447
1732437714501392189,0.40106281638145447
1732437714501392189,0.40106281638145447
1732437714512093050,0.40106281638145447
1732437714512093050,0.40106281638145447
1732437714522519863,0.40106281638145447
1732437714522519863,0.40106281638145447
1732437714532844566,0.40106281638145447
1732437714532844566,0.40106281638145447
1732437714543392774,0.4131362736225128
1732437714543392774,0.4131362736225128
1732437714553558994,0.4131362736225128
1732437714553558994,0.4131362736225128
1732437714564474041,0.4131362736225128
1732437714564474041,0.4131362736225128
1732437714574717635,0.4131362736225128
1732437714574717635,0.4131362736225128
1732437714584928496,0.4131362736225128
1732437714584928496,0.4131362736225128
1732437714595150588,0.4131362736225128
1732437714595150588,0.4131362736225128
1732437714605626453,0.4131362736225128
1732437714605626453,0.4131362736225128
1732437714616418379,0.4131362736225128
1732437714616418379,0.4131362736225128
1732437714626802502,0.4131362736225128
1732437714626802502,0.4131362736225128
1732437714637742776,0.4131362736225128
1732437714637742776,0.4131362736225128
1732437714647935239,0.4688604176044464
1732437714647935239,0.4688604176044464
1732437714658719934,0.4688604176044464
1732437714658719934,0.4688604176044464
1732437714668890940,0.4688604176044464
1732437714668890940,0.4688604176044464
1732437714679373879,0.4688604176044464
1732437714679373879,0.4688604176044464
1732437714689626861,0.4688604176044464
1732437714689626861,0.4688604176044464
1732437714700502925,0.4688604176044464
1732437714700502925,0.4688604176044464
1732437714710766336,0.4688604176044464
1732437714710766336,0.4688604176044464
1732437714721615581,0.4688604176044464
1732437714721615581,0.4688604176044464
1732437714731876696,0.4688604176044464
1732437714731876696,0.4688604176044464
1732437714742247231,0.4688604176044464
1732437714742247231,0.4688604176044464
1732437714752630186,0.5444034934043884
1732437714752630186,0.5444034934043884
1732437714763054845,0.5444034934043884
1732437714763054845,0.5444034934043884
1732437714773264544,0.5444034934043884
1732437714773264544,0.5444034934043884
1732437714783549263,0.5444034934043884
1732437714783549263,0.5444034934043884
1732437714793853618,0.5444034934043884
1732437714793853618,0.5444034934043884
1732437714804040276,0.5444034934043884
1732437714804040276,0.5444034934043884
1732437714814332589,0.5444034934043884
1732437714814332589,0.5444034934043884
1732437714825004527,0.5444034934043884
1732437714825004527,0.5444034934043884
1732437714835108068,0.5444034934043884
1732437714835108068,0.5444034934043884
1732437714845978506,0.569372832775116
1732437714845978506,0.569372832775116
1732437714856846756,0.569372832775116
1732437714856846756,0.569372832775116
1732437714866922847,0.569372832775116
1732437714866922847,0.569372832775116
1732437714877069962,0.569372832775116
1732437714877069962,0.569372832775116
1732437714887400294,0.569372832775116
1732437714887400294,0.569372832775116
1732437714897924188,0.569372832775116
1732437714897924188,0.569372832775116
1732437714897924188,0.569372832775116
1732437714908841179,0.569372832775116
1732437714919151657,0.569372832775116
1732437714919151657,0.569372832775116
1732437714929589579,0.569372832775116
1732437714929589579,0.569372832775116
1732437714940193812,0.569372832775116
1732437714940193812,0.569372832775116
1732437714950709989,0.6053026914596558
1732437714950709989,0.6053026914596558
1732437714961359697,0.6053026914596558
1732437714961359697,0.6053026914596558
1732437714971925597,0.6053026914596558
1732437714971925597,0.6053026914596558
1732437714982154583,0.6053026914596558
1732437714982154583,0.6053026914596558
1732437714992644242,0.6053026914596558
1732437714992644242,0.6053026914596558
1732437715002752124,0.6053026914596558
1732437715002752124,0.6053026914596558
1732437715013458163,0.6053026914596558
1732437715013458163,0.6053026914596558
1732437715023768752,0.6053026914596558
1732437715023768752,0.6053026914596558
1732437715034296851,0.6053026914596558
1732437715034296851,0.6053026914596558
1732437715045036635,0.6333807706832886
1732437715045036635,0.6333807706832886
1732437715055161026,0.6333807706832886
1732437715055161026,0.6333807706832886
1732437715065659532,0.6333807706832886
1732437715065659532,0.6333807706832886
1732437715075908957,0.6333807706832886
1732437715075908957,0.6333807706832886
1732437715086572197,0.6333807706832886
1732437715086572197,0.6333807706832886
1732437715096939982,0.6333807706832886
1732437715096939982,0.6333807706832886
1732437715106957894,0.6333807706832886
1732437715106957894,0.6333807706832886
1732437715117091424,0.6333807706832886
1732437715117091424,0.6333807706832886
1732437715127256992,0.6333807706832886
1732437715127256992,0.6333807706832886
1732437715137889536,0.6333807706832886
1732437715137889536,0.6333807706832886
1732437715148117099,0.6773505806922913
1732437715148117099,0.6773505806922913
1732437715158537952,0.6773505806922913
1732437715158537952,0.6773505806922913
1732437715168848378,0.6773505806922913
1732437715168848378,0.6773505806922913
1732437715179183911,0.6773505806922913
1732437715179183911,0.6773505806922913
1732437715189563947,0.6773505806922913
1732437715189563947,0.6773505806922913
1732437715199816476,0.6773505806922913
1732437715199816476,0.6773505806922913
1732437715210439113,0.6773505806922913
1732437715210439113,0.6773505806922913
1732437715221020363,0.6773505806922913
1732437715221020363,0.6773505806922913
1732437715232460735,0.6773505806922913
1732437715232460735,0.6773505806922913
1732437715242681793,0.7087221741676331
1732437715242681793,0.7087221741676331
1732437715253253207,0.7087221741676331
1732437715253253207,0.7087221741676331
1732437715264171192,0.7087221741676331
1732437715264171192,0.7087221741676331
1732437715274559023,0.7087221741676331
1732437715274559023,0.7087221741676331
1732437715284689291,0.7087221741676331
1732437715284689291,0.7087221741676331
1732437715295082015,0.7087221741676331
1732437715295082015,0.7087221741676331
1732437715305610255,0.7087221741676331
1732437715305610255,0.7087221741676331
1732437715316109673,0.7087221741676331
1732437715316109673,0.7087221741676331
1732437715326412765,0.7087221741676331
1732437715326412765,0.7087221741676331
1732437715337079694,0.7087221741676331
1732437715337079694,0.7087221741676331
1732437715347108749,0.7535505890846252
1732437715347108749,0.7535505890846252
1732437715357695097,0.7535505890846252
1732437715357695097,0.7535505890846252
1732437715368153339,0.7535505890846252
1732437715368153339,0.7535505890846252
1732437715378433549,0.7535505890846252
1732437715378433549,0.7535505890846252
1732437715388599288,0.7535505890846252
1732437715388599288,0.7535505890846252
1732437715398716696,0.7535505890846252
1732437715398716696,0.7535505890846252
1732437715409069683,0.7535505890846252
1732437715409069683,0.7535505890846252
1732437715420231901,0.7535505890846252
1732437715420231901,0.7535505890846252
1732437715430721819,0.7535505890846252
1732437715430721819,0.7535505890846252
1732437715441325120,0.7535505890846252
1732437715441325120,0.7535505890846252
1732437715451974575,0.7959208488464355
1732437715451974575,0.7959208488464355
1732437715462874997,0.7959208488464355
1732437715462874997,0.7959208488464355
1732437715473247790,0.7959208488464355
1732437715473247790,0.7959208488464355
1732437715483566963,0.7959208488464355
1732437715483566963,0.7959208488464355
1732437715493980612,0.7959208488464355
1732437715493980612,0.7959208488464355
1732437715504417752,0.7959208488464355
1732437715504417752,0.7959208488464355
1732437715514646499,0.7959208488464355
1732437715514646499,0.7959208488464355
1732437715524923414,0.7959208488464355
1732437715524923414,0.7959208488464355
1732437715535489054,0.7959208488464355
1732437715535489054,0.7959208488464355
1732437715546189836,0.8280293941497803
1732437715546189836,0.8280293941497803
1732437715557379002,0.8280293941497803
1732437715557379002,0.8280293941497803
1732437715567652792,0.8280293941497803
1732437715567652792,0.8280293941497803
1732437715578050880,0.8280293941497803
1732437715578050880,0.8280293941497803
1732437715588598858,0.8280293941497803
1732437715588598858,0.8280293941497803
1732437715598780327,0.8280293941497803
1732437715598780327,0.8280293941497803
1732437715609069323,0.8280293941497803
1732437715609069323,0.8280293941497803
1732437715619550548,0.8280293941497803
1732437715619550548,0.8280293941497803
1732437715629690036,0.8280293941497803
1732437715629690036,0.8280293941497803
1732437715640308425,0.8280293941497803
1732437715640308425,0.8280293941497803
1732437715650557166,0.8481191992759705
1732437715650557166,0.8481191992759705
1732437715661200332,0.8481191992759705
1732437715661200332,0.8481191992759705
1732437715671811868,0.8481191992759705
1732437715671811868,0.8481191992759705
1732437715682025193,0.8481191992759705
1732437715682025193,0.8481191992759705
1732437715692622082,0.8481191992759705
1732437715692622082,0.8481191992759705
1732437715703341497,0.8481191992759705
1732437715703341497,0.8481191992759705
1732437715713898298,0.8481191992759705
1732437715713898298,0.8481191992759705
1732437715724424438,0.8481191992759705
1732437715724424438,0.8481191992759705
1732437715734557677,0.8481191992759705
1732437715734557677,0.8481191992759705
1732437715744733825,0.8680539727210999
1732437715744733825,0.8680539727210999
1732437715755068877,0.8680539727210999
1732437715755068877,0.8680539727210999
1732437715765443794,0.8680539727210999
1732437715765443794,0.8680539727210999
1732437715775699298,0.8680539727210999
1732437715775699298,0.8680539727210999
1732437715786160265,0.8680539727210999
1732437715786160265,0.8680539727210999
1732437715796480900,0.8680539727210999
1732437715796480900,0.8680539727210999
1732437715807118043,0.8680539727210999
1732437715807118043,0.8680539727210999
1732437715817373077,0.8680539727210999
1732437715817373077,0.8680539727210999
1732437715829355766,0.8680539727210999
1732437715829355766,0.8680539727210999
1732437715839953176,0.8680539727210999
1732437715839953176,0.8680539727210999
1732437715850454245,0.8664625287055969
1732437715850454245,0.8664625287055969
1732437715860683933,0.8664625287055969
1732437715860683933,0.8664625287055969
1732437715870794400,0.8664625287055969
1732437715870794400,0.8664625287055969
1732437715881049885,0.8664625287055969
1732437715881049885,0.8664625287055969
1732437715891689062,0.8664625287055969
1732437715891689062,0.8664625287055969
1732437715902104379,0.8664625287055969
1732437715902104379,0.8664625287055969
1732437715912322979,0.8664625287055969
1732437715912322979,0.8664625287055969
1732437715922564467,0.8664625287055969
1732437715922564467,0.8664625287055969
1732437715932818160,0.8664625287055969
1732437715932818160,0.8664625287055969
1732437715943078405,0.8775562047958374
1732437715943078405,0.8775562047958374
1732437715953223523,0.8775562047958374
1732437715953223523,0.8775562047958374
1732437715963673771,0.8775562047958374
1732437715963673771,0.8775562047958374
1732437715974339666,0.8775562047958374
1732437715974339666,0.8775562047958374
1732437715984818973,0.8775562047958374
1732437715984818973,0.8775562047958374
1732437715995390177,0.8775562047958374
1732437715995390177,0.8775562047958374
1732437716005876461,0.8775562047958374
1732437716005876461,0.8775562047958374
1732437716016342837,0.8775562047958374
1732437716016342837,0.8775562047958374
1732437716026617188,0.8775562047958374
1732437716026617188,0.8775562047958374
1732437716036816868,0.8775562047958374
1732437716036816868,0.8775562047958374
1732437716047025574,0.8913794159889221
1732437716047025574,0.8913794159889221
1732437716057317170,0.8913794159889221
1732437716057317170,0.8913794159889221
1732437716067592601,0.8913794159889221
1732437716067592601,0.8913794159889221
1732437716077974027,0.8913794159889221
1732437716077974027,0.8913794159889221
1732437716088509224,0.8913794159889221
1732437716088509224,0.8913794159889221
1732437716098681785,0.8913794159889221
1732437716098681785,0.8913794159889221
1732437716108937922,0.8913794159889221
1732437716108937922,0.8913794159889221
1732437716119382969,0.8913794159889221
1732437716119382969,0.8913794159889221
1732437716130202790,0.8913794159889221
1732437716130202790,0.8913794159889221
1732437716140471180,0.8913794159889221
1732437716150941194,0.903734028339386
1732437716150941194,0.903734028339386
1732437716161417338,0.903734028339386
1732437716161417338,0.903734028339386
1732437716171809666,0.903734028339386
1732437716171809666,0.903734028339386
1732437716182090931,0.903734028339386
1732437716182090931,0.903734028339386
1732437716192398853,0.903734028339386
1732437716192398853,0.903734028339386
1732437716202949515,0.903734028339386
1732437716202949515,0.903734028339386
1732437716213589023,0.903734028339386
1732437716213589023,0.903734028339386
1732437716223891065,0.903734028339386
1732437716223891065,0.903734028339386
1732437716234349546,0.903734028339386
1732437716234349546,0.903734028339386
1732437716244686382,0.9174703359603882
1732437716244686382,0.9174703359603882
1732437716255241694,0.9174703359603882
1732437716255241694,0.9174703359603882
1732437716265850834,0.9174703359603882
1732437716265850834,0.9174703359603882
1732437716276436252,0.9174703359603882
1732437716276436252,0.9174703359603882
1732437716286917947,0.9174703359603882
1732437716286917947,0.9174703359603882
1732437716297340011,0.9174703359603882
1732437716297340011,0.9174703359603882
1732437716307464382,0.9174703359603882
1732437716307464382,0.9174703359603882
1732437716317492457,0.9174703359603882
1732437716317492457,0.9174703359603882
1732437716328094684,0.9174703359603882
1732437716328094684,0.9174703359603882
1732437716338341884,0.9174703359603882
1732437716338341884,0.9174703359603882
1732437716348440369,0.9264906048774719
1732437716348440369,0.9264906048774719
1732437716358504740,0.9264906048774719
1732437716358504740,0.9264906048774719
1732437716369118348,0.9264906048774719
1732437716369118348,0.9264906048774719
1732437716379343167,0.9264906048774719
1732437716379343167,0.9264906048774719
1732437716389647459,0.9264906048774719
1732437716389647459,0.9264906048774719
1732437716400065790,0.9264906048774719
1732437716400065790,0.9264906048774719
1732437716410617170,0.9264906048774719
1732437716410617170,0.9264906048774719
1732437716420965903,0.9264906048774719
1732437716420965903,0.9264906048774719
1732437716431188156,0.9264906048774719
1732437716431188156,0.9264906048774719
1732437716441790564,0.9264906048774719
1732437716441790564,0.9264906048774719
1732437716451967995,0.9362223148345947
1732437716451967995,0.9362223148345947
1732437716462550086,0.9362223148345947
1732437716462550086,0.9362223148345947
1732437716473161602,0.9362223148345947
1732437716473161602,0.9362223148345947
1732437716483448336,0.9362223148345947
1732437716483448336,0.9362223148345947
1732437716494142735,0.9362223148345947
1732437716494142735,0.9362223148345947
1732437716504584475,0.9362223148345947
1732437716504584475,0.9362223148345947
1732437716514734195,0.9362223148345947
1732437716514734195,0.9362223148345947
1732437716525378180,0.9362223148345947
1732437716525378180,0.9362223148345947
1732437716535642912,0.9362223148345947
1732437716535642912,0.9362223148345947
1732437716546282631,0.9420272707939148
1732437716546282631,0.9420272707939148
1732437716556598158,0.9420272707939148
1732437716556598158,0.9420272707939148
1732437716567063952,0.9420272707939148
1732437716567063952,0.9420272707939148
1732437716577149552,0.9420272707939148
1732437716577149552,0.9420272707939148
1732437716587439462,0.9420272707939148
1732437716587439462,0.9420272707939148
1732437716597614367,0.9420272707939148
1732437716597614367,0.9420272707939148
1732437716607732848,0.9420272707939148
1732437716607732848,0.9420272707939148
1732437716618354713,0.9420272707939148
1732437716618354713,0.9420272707939148
1732437716628813295,0.9420272707939148
1732437716628813295,0.9420272707939148
1732437716639094257,0.9420272707939148
1732437716639094257,0.9420272707939148
1732437716649240841,0.9478331804275513
1732437716649240841,0.9478331804275513
1732437716660045482,0.9478331804275513
1732437716660045482,0.9478331804275513
1732437716670221431,0.9478331804275513
1732437716670221431,0.9478331804275513
1732437716680814012,0.9478331804275513
1732437716680814012,0.9478331804275513
1732437716691135370,0.9478331804275513
1732437716691135370,0.9478331804275513
1732437716701547304,0.9478331804275513
1732437716701547304,0.9478331804275513
1732437716711999405,0.9478331804275513
1732437716711999405,0.9478331804275513
1732437716722179841,0.9478331804275513
1732437716722179841,0.9478331804275513
1732437716733105761,0.9478331804275513
1732437716733105761,0.9478331804275513
1732437716743378717,0.9501555562019348
1732437716743378717,0.9501555562019348
1732437716753447106,0.9501555562019348
1732437716753447106,0.9501555562019348
1732437716764356875,0.9501555562019348
1732437716764356875,0.9501555562019348
1732437716774964904,0.9501555562019348
1732437716774964904,0.9501555562019348
1732437716785338518,0.9501555562019348
1732437716785338518,0.9501555562019348
1732437716795713376,0.9501555562019348
1732437716795713376,0.9501555562019348
1732437716806141209,0.9501555562019348
1732437716806141209,0.9501555562019348
1732437716816749780,0.9501555562019348
1732437716816749780,0.9501555562019348
1732437716827287830,0.9501555562019348
1732437716827287830,0.9501555562019348
1732437716837965096,0.9501555562019348
1732437716837965096,0.9501555562019348
1732437716848141615,0.9585935473442078
1732437716848141615,0.9585935473442078
1732437716858335162,0.9585935473442078
1732437716858335162,0.9585935473442078
1732437716868813284,0.9585935473442078
1732437716868813284,0.9585935473442078
1732437716879590112,0.9585935473442078
1732437716879590112,0.9585935473442078
1732437716889904521,0.9585935473442078
1732437716889904521,0.9585935473442078
1732437716900080197,0.9585935473442078
1732437716900080197,0.9585935473442078
1732437716910731717,0.9585935473442078
1732437716910731717,0.9585935473442078
1732437716921038308,0.9585935473442078
1732437716921038308,0.9585935473442078
1732437716931392797,0.9585935473442078
1732437716931392797,0.9585935473442078
1732437716942437876,0.9585935473442078
1732437716942437876,0.9585935473442078
1732437716952640153,0.9596881866455078
1732437716952640153,0.9596881866455078
1732437716962857929,0.9596881866455078
1732437716962857929,0.9596881866455078
1732437716973290132,0.9596881866455078
1732437716973290132,0.9596881866455078
1732437716983800790,0.9596881866455078
1732437716983800790,0.9596881866455078
1732437716993945530,0.9596881866455078
1732437716993945530,0.9596881866455078
1732437717004923575,0.9596881866455078
1732437717004923575,0.9596881866455078
1732437717015206331,0.9596881866455078
1732437717015206331,0.9596881866455078
1732437717025738376,0.9596881866455078
1732437717025738376,0.9596881866455078
1732437717036158540,0.9596881866455078
1732437717036158540,0.9596881866455078
1732437717046721587,0.9518956542015076
1732437717046721587,0.9518956542015076
1732437717057149257,0.9518956542015076
1732437717057149257,0.9518956542015076
1732437717067762038,0.9518956542015076
1732437717067762038,0.9518956542015076
1732437717078079539,0.9518956542015076
1732437717078079539,0.9518956542015076
1732437717088290682,0.9518956542015076
1732437717088290682,0.9518956542015076
1732437717098694002,0.9518956542015076
1732437717098694002,0.9518956542015076
1732437717109248152,0.9518956542015076
1732437717109248152,0.9518956542015076
1732437717119484442,0.9518956542015076
1732437717119484442,0.9518956542015076
1732437717130179572,0.9518956542015076
1732437717130179572,0.9518956542015076
1732437717140617115,0.9518956542015076
1732437717140617115,0.9518956542015076
1732437717150696375,0.9533233046531677
1732437717150696375,0.9533233046531677
1732437717161115784,0.9533233046531677
1732437717161115784,0.9533233046531677
1732437717171536135,0.9533233046531677
1732437717171536135,0.9533233046531677
1732437717181916120,0.9533233046531677
1732437717181916120,0.9533233046531677
1732437717192432461,0.9533233046531677
1732437717192432461,0.9533233046531677
1732437717202519835,0.9533233046531677
1732437717202519835,0.9533233046531677
1732437717213013993,0.9533233046531677
1732437717213013993,0.9533233046531677
1732437717223546571,0.9533233046531677
1732437717223546571,0.9533233046531677
1732437717233827654,0.9533233046531677
1732437717233827654,0.9533233046531677
1732437717244770785,0.9533233046531677
1732437717244770785,0.9533233046531677
1732437717255344631,0.9453327655792236
1732437717255344631,0.9453327655792236
1732437717265859147,0.9453327655792236
1732437717265859147,0.9453327655792236
1732437717276392820,0.9453327655792236
1732437717276392820,0.9453327655792236
1732437717287015304,0.9453327655792236
1732437717287015304,0.9453327655792236
1732437717297468747,0.9453327655792236
1732437717297468747,0.9453327655792236
1732437717307588852,0.9453327655792236
1732437717307588852,0.9453327655792236
1732437717317771693,0.9453327655792236
1732437717317771693,0.9453327655792236
1732437717328105674,0.9453327655792236
1732437717328105674,0.9453327655792236
1732437717338484707,0.9453327655792236
1732437717338484707,0.9453327655792236
1732437717348750803,0.9292100071907043
1732437717348750803,0.9292100071907043
1732437717359001319,0.9292100071907043
1732437717359001319,0.9292100071907043
1732437717369572501,0.9292100071907043
1732437717369572501,0.9292100071907043
1732437717380166394,0.9292100071907043
1732437717380166394,0.9292100071907043
1732437717390593388,0.9292100071907043
1732437717390593388,0.9292100071907043
1732437717400855895,0.9292100071907043
1732437717400855895,0.9292100071907043
1732437717414163894,0.9292100071907043
1732437717414163894,0.9292100071907043
1732437717424487095,0.9292100071907043
1732437717424487095,0.9292100071907043
1732437717434791842,0.9292100071907043
1732437717434791842,0.9292100071907043
1732437717444967509,0.9362381100654602
1732437717444967509,0.9362381100654602
1732437717455519574,0.9362381100654602
1732437717455519574,0.9362381100654602
1732437717465913446,0.9362381100654602
1732437717465913446,0.9362381100654602
1732437717476375896,0.9362381100654602
1732437717476375896,0.9362381100654602
1732437717486590866,0.9362381100654602
1732437717486590866,0.9362381100654602
1732437717497044699,0.9362381100654602
1732437717497044699,0.9362381100654602
1732437717507200070,0.9362381100654602
1732437717507200070,0.9362381100654602
1732437717517583601,0.9362381100654602
1732437717517583601,0.9362381100654602
1732437717528603325,0.9362381100654602
1732437717528603325,0.9362381100654602
1732437717539245657,0.9362381100654602
1732437717539245657,0.9362381100654602
1732437717549710822,0.9419894814491272
1732437717549710822,0.9419894814491272
1732437717560398219,0.9419894814491272
1732437717560398219,0.9419894814491272
1732437717570804202,0.9419894814491272
1732437717570804202,0.9419894814491272
1732437717581394118,0.9419894814491272
1732437717581394118,0.9419894814491272
1732437717592131709,0.9419894814491272
1732437717592131709,0.9419894814491272
1732437717602493923,0.9419894814491272
1732437717602493923,0.9419894814491272
1732437717612730143,0.9419894814491272
1732437717612730143,0.9419894814491272
1732437717622811502,0.9419894814491272
1732437717622811502,0.9419894814491272
1732437717633619804,0.9419894814491272
1732437717633619804,0.9419894814491272
1732437717643938839,0.9380133748054504
1732437717643938839,0.9380133748054504
1732437717654294961,0.9380133748054504
1732437717654294961,0.9380133748054504
1732437717664647396,0.9380133748054504
1732437717664647396,0.9380133748054504
1732437717675001023,0.9380133748054504
1732437717675001023,0.9380133748054504
1732437717685484100,0.9380133748054504
1732437717685484100,0.9380133748054504
1732437717695809836,0.9380133748054504
1732437717695809836,0.9380133748054504
1732437717705924690,0.9380133748054504
1732437717705924690,0.9380133748054504
1732437717716058080,0.9380133748054504
1732437717716058080,0.9380133748054504
1732437717726605638,0.9380133748054504
1732437717726605638,0.9380133748054504
1732437717737082173,0.9380133748054504
1732437717737082173,0.9380133748054504
1732437717747604532,0.9266802072525024
1732437717747604532,0.9266802072525024
1732437717758137031,0.9266802072525024
1732437717758137031,0.9266802072525024
1732437717768616203,0.9266802072525024
1732437717768616203,0.9266802072525024
1732437717778711952,0.9266802072525024
1732437717778711952,0.9266802072525024
1732437717789181634,0.9266802072525024
1732437717789181634,0.9266802072525024
1732437717799631479,0.9266802072525024
1732437717799631479,0.9266802072525024
1732437717811713884,0.9266802072525024
1732437717811713884,0.9266802072525024
1732437717822331307,0.9266802072525024
1732437717822331307,0.9266802072525024
1732437717832952084,0.9266802072525024
1732437717832952084,0.9266802072525024
1732437717843088029,0.9266802072525024
1732437717843088029,0.9266802072525024
1732437717853378966,0.9262707233428955
1732437717853378966,0.9262707233428955
1732437717863851868,0.9262707233428955
1732437717863851868,0.9262707233428955
1732437717874492698,0.9262707233428955
1732437717874492698,0.9262707233428955
1732437717884783910,0.9262707233428955
1732437717884783910,0.9262707233428955
1732437717895021138,0.9262707233428955
1732437717895021138,0.9262707233428955
1732437717905216816,0.9262707233428955
1732437717905216816,0.9262707233428955
1732437717915529807,0.9262707233428955
1732437717915529807,0.9262707233428955
1732437717925649758,0.9262707233428955
1732437717925649758,0.9262707233428955
1732437717936313264,0.9262707233428955
1732437717936313264,0.9262707233428955
1732437717946593042,0.9176895618438721
1732437717946593042,0.9176895618438721
1732437717956869940,0.9176895618438721
1732437717956869940,0.9176895618438721
1732437717967470245,0.9176895618438721
1732437717967470245,0.9176895618438721
1732437717977624673,0.9176895618438721
1732437717977624673,0.9176895618438721
1732437717987836538,0.9176895618438721
1732437717987836538,0.9176895618438721
1732437717998101741,0.9176895618438721
1732437717998101741,0.9176895618438721
1732437718008228777,0.9176895618438721
1732437718008228777,0.9176895618438721
1732437718018621868,0.9176895618438721
1732437718018621868,0.9176895618438721
1732437718029310327,0.9176895618438721
1732437718029310327,0.9176895618438721
1732437718040144185,0.9176895618438721
1732437718040144185,0.9176895618438721
1732437718050498845,0.909769594669342
1732437718050498845,0.909769594669342
1732437718060700491,0.909769594669342
1732437718060700491,0.909769594669342
1732437718071047846,0.909769594669342
1732437718071047846,0.909769594669342
1732437718081807958,0.909769594669342
1732437718081807958,0.909769594669342
1732437718092740220,0.909769594669342
1732437718092740220,0.909769594669342
1732437718103168326,0.909769594669342
1732437718103168326,0.909769594669342
1732437718113358487,0.909769594669342
1732437718113358487,0.909769594669342
1732437718123807154,0.909769594669342
1732437718123807154,0.909769594669342
1732437718134281165,0.909769594669342
1732437718134281165,0.909769594669342
1732437718144375130,0.9106459617614746
1732437718144375130,0.9106459617614746
1732437718154851044,0.9106459617614746
1732437718154851044,0.9106459617614746
1732437718164938298,0.9106459617614746
1732437718164938298,0.9106459617614746
1732437718175309909,0.9106459617614746
1732437718175309909,0.9106459617614746
1732437718185654681,0.9106459617614746
1732437718185654681,0.9106459617614746
1732437718196099728,0.9106459617614746
1732437718196099728,0.9106459617614746
1732437718206757149,0.9106459617614746
1732437718206757149,0.9106459617614746
1732437718217744823,0.9106459617614746
1732437718217744823,0.9106459617614746
1732437718228179531,0.9106459617614746
1732437718228179531,0.9106459617614746
1732437718238679801,0.9106459617614746
1732437718238679801,0.9106459617614746
1732437718249170944,0.9139604568481445
1732437718249170944,0.9139604568481445
1732437718259599431,0.9139604568481445
1732437718259599431,0.9139604568481445
1732437718270037224,0.9139604568481445
1732437718270037224,0.9139604568481445
1732437718280415878,0.9139604568481445
1732437718280415878,0.9139604568481445
1732437718290861175,0.9139604568481445
1732437718290861175,0.9139604568481445
1732437718301379840,0.9139604568481445
1732437718301379840,0.9139604568481445
1732437718311797385,0.9139604568481445
1732437718311797385,0.9139604568481445
1732437718322694781,0.9139604568481445
1732437718322694781,0.9139604568481445
1732437718333432462,0.9139604568481445
1732437718333432462,0.9139604568481445
1732437718343758274,0.915015459060669
1732437718343758274,0.915015459060669
1732437718354119400,0.915015459060669
1732437718354119400,0.915015459060669
1732437718364654304,0.915015459060669
1732437718364654304,0.915015459060669
1732437718374953981,0.915015459060669
1732437718374953981,0.915015459060669
1732437718385260752,0.915015459060669
1732437718385260752,0.915015459060669
1732437718395821315,0.915015459060669
1732437718395821315,0.915015459060669
1732437718406259368,0.915015459060669
1732437718406259368,0.915015459060669
1732437718416819158,0.915015459060669
1732437718416819158,0.915015459060669
1732437718427038557,0.915015459060669
1732437718427038557,0.915015459060669
1732437718437219975,0.915015459060669
1732437718437219975,0.915015459060669
1732437718447588286,0.9156750440597534
1732437718447588286,0.9156750440597534
1732437718458031449,0.9156750440597534
1732437718458031449,0.9156750440597534
1732437718468368490,0.9156750440597534
1732437718468368490,0.9156750440597534
1732437718483636691,0.9156750440597534
1732437718483636691,0.9156750440597534
1732437718493927506,0.9156750440597534
1732437718493927506,0.9156750440597534
1732437718504204097,0.9156750440597534
1732437718504204097,0.9156750440597534
1732437718514706904,0.9156750440597534
1732437718514706904,0.9156750440597534
1732437718525139749,0.9156750440597534
1732437718525139749,0.9156750440597534
1732437718535724556,0.9156750440597534
1732437718535724556,0.9156750440597534
1732437718545864477,0.9096261858940125
1732437718545864477,0.9096261858940125
1732437718556306509,0.9096261858940125
1732437718556306509,0.9096261858940125
1732437718566885425,0.9096261858940125
1732437718566885425,0.9096261858940125
1732437718577032900,0.9096261858940125
1732437718577032900,0.9096261858940125
1732437718587467845,0.9096261858940125
1732437718587467845,0.9096261858940125
1732437718597589175,0.9096261858940125
1732437718597589175,0.9096261858940125
1732437718609316491,0.9096261858940125
1732437718609316491,0.9096261858940125
1732437718619579441,0.9096261858940125
1732437718619579441,0.9096261858940125
1732437718630303406,0.9096261858940125
1732437718630303406,0.9096261858940125
1732437718640448496,0.9096261858940125
1732437718640448496,0.9096261858940125
1732437718651090288,0.8994693160057068
1732437718651090288,0.8994693160057068
1732437718661250958,0.8994693160057068
1732437718661250958,0.8994693160057068
1732437718671560123,0.8994693160057068
1732437718671560123,0.8994693160057068
1732437718682463497,0.8994693160057068
1732437718682463497,0.8994693160057068
1732437718692931510,0.8994693160057068
1732437718692931510,0.8994693160057068
1732437718703335070,0.8994693160057068
1732437718703335070,0.8994693160057068
1732437718714800741,0.8994693160057068
1732437718714800741,0.8994693160057068
1732437718725142337,0.8994693160057068
1732437718725142337,0.8994693160057068
1732437718735706074,0.8994693160057068
1732437718735706074,0.8994693160057068
1732437718747752873,0.8927990198135376
1732437718747752873,0.8927990198135376
1732437718758282738,0.8927990198135376
1732437718758282738,0.8927990198135376
1732437718768444529,0.8927990198135376
1732437718768444529,0.8927990198135376
1732437718778818054,0.8927990198135376
1732437718778818054,0.8927990198135376
1732437718789278610,0.8927990198135376
1732437718789278610,0.8927990198135376
1732437718799649539,0.8927990198135376
1732437718799649539,0.8927990198135376
1732437718811791837,0.8927990198135376
1732437718811791837,0.8927990198135376
1732437718822268672,0.8927990198135376
1732437718822268672,0.8927990198135376
1732437718832396521,0.8927990198135376
1732437718832396521,0.8927990198135376
1732437718842851696,0.8927990198135376
1732437718842851696,0.8927990198135376
1732437718853396639,0.8661226630210876
1732437718853396639,0.8661226630210876
1732437718863862696,0.8661226630210876
1732437718863862696,0.8661226630210876
1732437718874530967,0.8661226630210876
1732437718874530967,0.8661226630210876
1732437718884963021,0.8661226630210876
1732437718884963021,0.8661226630210876
1732437718895480919,0.8661226630210876
1732437718895480919,0.8661226630210876
1732437718905953802,0.8661226630210876
1732437718905953802,0.8661226630210876
1732437718916308061,0.8661226630210876
1732437718916308061,0.8661226630210876
1732437718926636672,0.8661226630210876
1732437718926636672,0.8661226630210876
1732437718936947310,0.8661226630210876
1732437718936947310,0.8661226630210876
1732437718947088324,0.8719266653060913
1732437718947088324,0.8719266653060913
1732437718957651289,0.8719266653060913
1732437718957651289,0.8719266653060913
1732437718968167127,0.8719266653060913
1732437718968167127,0.8719266653060913
1732437718978550540,0.8719266653060913
1732437718978550540,0.8719266653060913
1732437718988760943,0.8719266653060913
1732437718988760943,0.8719266653060913
1732437718999185251,0.8719266653060913
1732437718999185251,0.8719266653060913
1732437719009778603,0.8719266653060913
1732437719009778603,0.8719266653060913
1732437719020636497,0.8719266653060913
1732437719020636497,0.8719266653060913
1732437719031056658,0.8719266653060913
1732437719031056658,0.8719266653060913
1732437719041685658,0.8719266653060913
1732437719041685658,0.8719266653060913
1732437719052227013,0.8795642852783203
1732437719052227013,0.8795642852783203
1732437719062644641,0.8795642852783203
1732437719062644641,0.8795642852783203
1732437719073277816,0.8795642852783203
1732437719073277816,0.8795642852783203
1732437719083893782,0.8795642852783203
1732437719083893782,0.8795642852783203
1732437719094265953,0.8795642852783203
1732437719094265953,0.8795642852783203
1732437719104425842,0.8795642852783203
1732437719104425842,0.8795642852783203
1732437719114739306,0.8795642852783203
1732437719114739306,0.8795642852783203
1732437719124839683,0.8795642852783203
1732437719124839683,0.8795642852783203
1732437719135208055,0.8795642852783203
1732437719135208055,0.8795642852783203
1732437719145667332,0.8668157458305359
1732437719145667332,0.8668157458305359
1732437719156178341,0.8668157458305359
1732437719156178341,0.8668157458305359
1732437719166808452,0.8668157458305359
1732437719166808452,0.8668157458305359
1732437719177275410,0.8668157458305359
1732437719177275410,0.8668157458305359
1732437719187673931,0.8668157458305359
1732437719187673931,0.8668157458305359
1732437719198130039,0.8668157458305359
1732437719198130039,0.8668157458305359
1732437719208309264,0.8668157458305359
1732437719208309264,0.8668157458305359
1732437719218765873,0.8668157458305359
1732437719218765873,0.8668157458305359
1732437719229066342,0.8668157458305359
1732437719229066342,0.8668157458305359
1732437719239229587,0.8668157458305359
1732437719239229587,0.8668157458305359
1732437719249457061,0.8838281035423279
1732437719249457061,0.8838281035423279
1732437719260038732,0.8838281035423279
1732437719260038732,0.8838281035423279
1732437719270627546,0.8838281035423279
1732437719270627546,0.8838281035423279
1732437719281317337,0.8838281035423279
1732437719281317337,0.8838281035423279
1732437719291687757,0.8838281035423279
1732437719291687757,0.8838281035423279
1732437719302111394,0.8838281035423279
1732437719302111394,0.8838281035423279
1732437719312774156,0.8838281035423279
1732437719312774156,0.8838281035423279
1732437719323168248,0.8838281035423279
1732437719323168248,0.8838281035423279
1732437719333451116,0.8838281035423279
1732437719333451116,0.8838281035423279
1732437719343637783,0.878292441368103
1732437719343637783,0.878292441368103
1732437719354091558,0.878292441368103
1732437719354091558,0.878292441368103
1732437719364368933,0.878292441368103
1732437719364368933,0.878292441368103
1732437719374781010,0.878292441368103
1732437719374781010,0.878292441368103
1732437719385253578,0.878292441368103
1732437719385253578,0.878292441368103
1732437719398116181,0.878292441368103
1732437719398116181,0.878292441368103
1732437719408456033,0.878292441368103
1732437719408456033,0.878292441368103
1732437719418574134,0.878292441368103
1732437719418574134,0.878292441368103
1732437719428821043,0.878292441368103
1732437719428821043,0.878292441368103
1732437719439742695,0.878292441368103
1732437719439742695,0.878292441368103
1732437719450279493,0.8778550028800964
1732437719450279493,0.8778550028800964
1732437719460706076,0.8778550028800964
1732437719460706076,0.8778550028800964
1732437719470821371,0.8778550028800964
1732437719470821371,0.8778550028800964
1732437719481345235,0.8778550028800964
1732437719481345235,0.8778550028800964
1732437719491824226,0.8778550028800964
1732437719491824226,0.8778550028800964
1732437719502247833,0.8778550028800964
1732437719502247833,0.8778550028800964
1732437719512795301,0.8778550028800964
1732437719512795301,0.8778550028800964
1732437719522944709,0.8778550028800964
1732437719522944709,0.8778550028800964
1732437719533474955,0.8778550028800964
1732437719533474955,0.8778550028800964
1732437719543876341,0.8797751069068909
1732437719543876341,0.8797751069068909
1732437719554552966,0.8797751069068909
1732437719554552966,0.8797751069068909
1732437719564918889,0.8797751069068909
1732437719564918889,0.8797751069068909
1732437719575327900,0.8797751069068909
1732437719575327900,0.8797751069068909
1732437719585728485,0.8797751069068909
1732437719585728485,0.8797751069068909
1732437719596392959,0.8797751069068909
1732437719596392959,0.8797751069068909
1732437719607070635,0.8797751069068909
1732437719607070635,0.8797751069068909
1732437719617119692,0.8797751069068909
1732437719617119692,0.8797751069068909
1732437719627467519,0.8797751069068909
1732437719627467519,0.8797751069068909
1732437719637609974,0.8797751069068909
1732437719637609974,0.8797751069068909
1732437719647727214,0.8704939484596252
1732437719647727214,0.8704939484596252
1732437719657832231,0.8704939484596252
1732437719657832231,0.8704939484596252
1732437719668241332,0.8704939484596252
1732437719668241332,0.8704939484596252
1732437719678728838,0.8704939484596252
1732437719678728838,0.8704939484596252
1732437719688943227,0.8704939484596252
1732437719688943227,0.8704939484596252
1732437719699870419,0.8704939484596252
1732437719699870419,0.8704939484596252
1732437719710062066,0.8704939484596252
1732437719710062066,0.8704939484596252
1732437719720206516,0.8704939484596252
1732437719720206516,0.8704939484596252
1732437719730695604,0.8704939484596252
1732437719730695604,0.8704939484596252
1732437719741057939,0.8704939484596252
1732437719741057939,0.8704939484596252
1732437719751604574,0.8596426248550415
1732437719751604574,0.8596426248550415
1732437719761934268,0.8596426248550415
1732437719761934268,0.8596426248550415
1732437719772550152,0.8596426248550415
1732437719772550152,0.8596426248550415
1732437719783089175,0.8596426248550415
1732437719783089175,0.8596426248550415
1732437719793629425,0.8596426248550415
1732437719793629425,0.8596426248550415
1732437719803799566,0.8596426248550415
1732437719803799566,0.8596426248550415
1732437719814250525,0.8596426248550415
1732437719814250525,0.8596426248550415
1732437719824379242,0.8596426248550415
1732437719824379242,0.8596426248550415
1732437719834524846,0.8596426248550415
1732437719834524846,0.8596426248550415
1732437719844709021,0.8662996888160706
1732437719844709021,0.8662996888160706
1732437719854788329,0.8662996888160706
1732437719854788329,0.8662996888160706
1732437719865125544,0.8662996888160706
1732437719865125544,0.8662996888160706
1732437719875407892,0.8662996888160706
1732437719875407892,0.8662996888160706
1732437719885783361,0.8662996888160706
1732437719885783361,0.8662996888160706
1732437719896311602,0.8662996888160706
1732437719896311602,0.8662996888160706
1732437719907213158,0.8662996888160706
1732437719907213158,0.8662996888160706
1732437719917559561,0.8662996888160706
1732437719917559561,0.8662996888160706
1732437719929929640,0.8662996888160706
1732437719929929640,0.8662996888160706
1732437719940376631,0.8662996888160706
1732437719940376631,0.8662996888160706
1732437719950624723,0.8214735388755798
1732437719950624723,0.8214735388755798
1732437719961175036,0.8214735388755798
1732437719961175036,0.8214735388755798
1732437719971625413,0.8214735388755798
1732437719971625413,0.8214735388755798
1732437719982126895,0.8214735388755798
1732437719982126895,0.8214735388755798
1732437719992352031,0.8214735388755798
1732437719992352031,0.8214735388755798
1732437720002483931,0.8214735388755798
1732437720002483931,0.8214735388755798
1732437720013240487,0.8214735388755798
1732437720013240487,0.8214735388755798
1732437720023706433,0.8214735388755798
1732437720023706433,0.8214735388755798
1732437720034140081,0.8214735388755798
1732437720034140081,0.8214735388755798
1732437720044537360,0.7980643510818481
1732437720044537360,0.7980643510818481
1732437720054663846,0.7980643510818481
1732437720054663846,0.7980643510818481
1732437720065091681,0.7980643510818481
1732437720065091681,0.7980643510818481
1732437720075224190,0.7980643510818481
1732437720075224190,0.7980643510818481
1732437720085607362,0.7980643510818481
1732437720085607362,0.7980643510818481
1732437720095844651,0.7980643510818481
1732437720095844651,0.7980643510818481
1732437720106044033,0.7980643510818481
1732437720106044033,0.7980643510818481
1732437720117063019,0.7980643510818481
1732437720117063019,0.7980643510818481
1732437720127473008,0.7980643510818481
1732437720127473008,0.7980643510818481
1732437720137720018,0.7980643510818481
1732437720137720018,0.7980643510818481
1732437720148338041,0.7501679062843323
1732437720148338041,0.7501679062843323
1732437720158713244,0.7501679062843323
1732437720158713244,0.7501679062843323
1732437720169240879,0.7501679062843323
1732437720169240879,0.7501679062843323
1732437720179359442,0.7501679062843323
1732437720179359442,0.7501679062843323
1732437720189889066,0.7501679062843323
1732437720189889066,0.7501679062843323
1732437720200269464,0.7501679062843323
1732437720200269464,0.7501679062843323
1732437720210801499,0.7501679062843323
1732437720210801499,0.7501679062843323
1732437720220903985,0.7501679062843323
1732437720220903985,0.7501679062843323
1732437720231383515,0.7501679062843323
1732437720231383515,0.7501679062843323
1732437720241994342,0.7501679062843323
1732437720241994342,0.7501679062843323
1732437720252306823,0.7358680963516235
1732437720252306823,0.7358680963516235
1732437720262885919,0.7358680963516235
1732437720262885919,0.7358680963516235
1732437720272973974,0.7358680963516235
1732437720272973974,0.7358680963516235
1732437720283554684,0.7358680963516235
1732437720283554684,0.7358680963516235
1732437720294150591,0.7358680963516235
1732437720294150591,0.7358680963516235
1732437720304362557,0.7358680963516235
1732437720304362557,0.7358680963516235
1732437720314613776,0.7358680963516235
1732437720314613776,0.7358680963516235
1732437720324848673,0.7358680963516235
1732437720324848673,0.7358680963516235
1732437720335337141,0.7358680963516235
1732437720335337141,0.7358680963516235
1732437720345861827,0.7070974707603455
1732437720345861827,0.7070974707603455
1732437720356152538,0.7070974707603455
1732437720356152538,0.7070974707603455
1732437720366451611,0.7070974707603455
1732437720366451611,0.7070974707603455
1732437720377226334,0.7070974707603455
1732437720377226334,0.7070974707603455
1732437720388136255,0.7070974707603455
1732437720388136255,0.7070974707603455
1732437720398579816,0.7070974707603455
1732437720398579816,0.7070974707603455
1732437720409021701,0.7070974707603455
1732437720409021701,0.7070974707603455
1732437720419573477,0.7070974707603455
1732437720419573477,0.7070974707603455
1732437720430182249,0.7070974707603455
1732437720430182249,0.7070974707603455
1732437720440778556,0.7070974707603455
1732437720440778556,0.7070974707603455
1732437720450838631,0.6415606737136841
1732437720450838631,0.6415606737136841
1732437720461001776,0.6415606737136841
1732437720461001776,0.6415606737136841
1732437720471523575,0.6415606737136841
1732437720471523575,0.6415606737136841
1732437720482073177,0.6415606737136841
1732437720482073177,0.6415606737136841
1732437720492826457,0.6415606737136841
1732437720492826457,0.6415606737136841
1732437720503567744,0.6415606737136841
1732437720503567744,0.6415606737136841
1732437720515572906,0.6415606737136841
1732437720515572906,0.6415606737136841
1732437720525803852,0.6415606737136841
1732437720525803852,0.6415606737136841
1732437720536429188,0.6415606737136841
1732437720536429188,0.6415606737136841
1732437720547096888,0.5779618620872498
1732437720547096888,0.5779618620872498
1732437720557693057,0.5779618620872498
1732437720557693057,0.5779618620872498
1732437720567854008,0.5779618620872498
1732437720567854008,0.5779618620872498
1732437720578293231,0.5779618620872498
1732437720578293231,0.5779618620872498
1732437720589122171,0.5779618620872498
1732437720589122171,0.5779618620872498
1732437720599630659,0.5779618620872498
1732437720599630659,0.5779618620872498
1732437720612448619,0.5779618620872498
1732437720612448619,0.5779618620872498
1732437720622820953,0.5779618620872498
1732437720622820953,0.5779618620872498
1732437720633811121,0.5779618620872498
1732437720633811121,0.5779618620872498
1732437720644130011,0.502821147441864
1732437720644130011,0.502821147441864
1732437720654427615,0.502821147441864
1732437720654427615,0.502821147441864
1732437720664878938,0.502821147441864
1732437720664878938,0.502821147441864
1732437720675229762,0.502821147441864
1732437720675229762,0.502821147441864
1732437720685633402,0.502821147441864
1732437720685633402,0.502821147441864
1732437720696188093,0.502821147441864
1732437720696188093,0.502821147441864
1732437720706827157,0.502821147441864
1732437720706827157,0.502821147441864
1732437720717265966,0.502821147441864
1732437720717265966,0.502821147441864
1732437720727745238,0.502821147441864
1732437720727745238,0.502821147441864
1732437720737891662,0.502821147441864
1732437720737891662,0.502821147441864
1732437720748236714,0.45677629113197327
1732437720748236714,0.45677629113197327
1732437720758787839,0.45677629113197327
1732437720758787839,0.45677629113197327
1732437720769345365,0.45677629113197327
1732437720769345365,0.45677629113197327
1732437720779955930,0.45677629113197327
1732437720779955930,0.45677629113197327
1732437720790100238,0.45677629113197327
1732437720790100238,0.45677629113197327
1732437720800679977,0.45677629113197327
1732437720800679977,0.45677629113197327
1732437720811056468,0.45677629113197327
1732437720811056468,0.45677629113197327
1732437720821650541,0.45677629113197327
1732437720821650541,0.45677629113197327
1732437720832177611,0.45677629113197327
1732437720832177611,0.45677629113197327
1732437720842550455,0.45677629113197327
1732437720842550455,0.45677629113197327
1732437720852694570,0.3953830301761627
1732437720852694570,0.3953830301761627
1732437720862870001,0.3953830301761627
1732437720862870001,0.3953830301761627
1732437720873422279,0.3953830301761627
1732437720873422279,0.3953830301761627
1732437720884129269,0.3953830301761627
1732437720884129269,0.3953830301761627
1732437720894698741,0.3953830301761627
1732437720894698741,0.3953830301761627
1732437720905113872,0.3953830301761627
1732437720905113872,0.3953830301761627
1732437720915556165,0.3953830301761627
1732437720915556165,0.3953830301761627
1732437720925917326,0.3953830301761627
1732437720925917326,0.3953830301761627
1732437720936097152,0.3953830301761627
1732437720936097152,0.3953830301761627
1732437720946655191,0.35110825300216675
1732437720946655191,0.35110825300216675
1732437720957320487,0.35110825300216675
1732437720957320487,0.35110825300216675
1732437720967516569,0.35110825300216675
1732437720967516569,0.35110825300216675
1732437720977665230,0.35110825300216675
1732437720977665230,0.35110825300216675
1732437720987843800,0.35110825300216675
1732437720987843800,0.35110825300216675
1732437720998071587,0.35110825300216675
1732437720998071587,0.35110825300216675
1732437721008340218,0.35110825300216675
1732437721008340218,0.35110825300216675
1732437721018719074,0.35110825300216675
1732437721018719074,0.35110825300216675
1732437721029139366,0.35110825300216675
1732437721029139366,0.35110825300216675
1732437721039289536,0.35110825300216675
1732437721039289536,0.35110825300216675
1732437721049748701,0.3092934191226959
1732437721049748701,0.3092934191226959
1732437721060120763,0.3092934191226959
1732437721060120763,0.3092934191226959
1732437721070280291,0.3092934191226959
1732437721070280291,0.3092934191226959
1732437721080691386,0.3092934191226959
1732437721080691386,0.3092934191226959
1732437721091120455,0.3092934191226959
1732437721091120455,0.3092934191226959
1732437721101714509,0.3092934191226959
1732437721101714509,0.3092934191226959
1732437721112445156,0.3092934191226959
1732437721112445156,0.3092934191226959
1732437721123354946,0.3092934191226959
1732437721123354946,0.3092934191226959
1732437721134092005,0.3092934191226959
1732437721134092005,0.3092934191226959
1732437721144183217,0.2762048840522766
1732437721144183217,0.2762048840522766
1732437721154405581,0.2762048840522766
1732437721154405581,0.2762048840522766
1732437721164626724,0.2762048840522766
1732437721164626724,0.2762048840522766
1732437721175409088,0.2762048840522766
1732437721175409088,0.2762048840522766
1732437721185602889,0.2762048840522766
1732437721185602889,0.2762048840522766
1732437721196000630,0.2762048840522766
1732437721196000630,0.2762048840522766
1732437721206447511,0.2762048840522766
1732437721206447511,0.2762048840522766
1732437721216938384,0.2762048840522766
1732437721216938384,0.2762048840522766
1732437721227744131,0.2762048840522766
1732437721227744131,0.2762048840522766
1732437721238079366,0.2762048840522766
1732437721238079366,0.2762048840522766
1732437721248254092,0.24661891162395477
1732437721248254092,0.24661891162395477
1732437721258483119,0.24661891162395477
1732437721258483119,0.24661891162395477
1732437721268941978,0.24661891162395477
1732437721268941978,0.24661891162395477
1732437721279361379,0.24661891162395477
1732437721279361379,0.24661891162395477
1732437721289526771,0.24661891162395477
1732437721289526771,0.24661891162395477
1732437721299700827,0.24661891162395477
1732437721299700827,0.24661891162395477
1732437721309940002,0.24661891162395477
1732437721309940002,0.24661891162395477
1732437721320443539,0.24661891162395477
1732437721320443539,0.24661891162395477
1732437721330656257,0.24661891162395477
1732437721330656257,0.24661891162395477
1732437721341158450,0.24661891162395477
1732437721341158450,0.24661891162395477
1732437721351389226,0.23123611509799957
1732437721351389226,0.23123611509799957
1732437721361606816,0.23123611509799957
1732437721361606816,0.23123611509799957
1732437721372014201,0.23123611509799957
1732437721372014201,0.23123611509799957
1732437721382789785,0.23123611509799957
1732437721382789785,0.23123611509799957
1732437721393188918,0.23123611509799957
1732437721393188918,0.23123611509799957
1732437721403558705,0.23123611509799957
1732437721403558705,0.23123611509799957
1732437721413951006,0.23123611509799957
1732437721413951006,0.23123611509799957
1732437721424333848,0.23123611509799957
1732437721424333848,0.23123611509799957
1732437721434711630,0.23123611509799957
1732437721434711630,0.23123611509799957
1732437721445351177,0.22040937840938568
1732437721445351177,0.22040937840938568
1732437721455897085,0.22040937840938568
1732437721455897085,0.22040937840938568
1732437721466052685,0.22040937840938568
1732437721466052685,0.22040937840938568
1732437721476362593,0.22040937840938568
1732437721476362593,0.22040937840938568
1732437721642699596,0.1966070681810379
1732437721642699596,0.1966070681810379
1732437721746235142,0.18940424919128418
1732437721746235142,0.18940424919128418
1732437721756356313,0.18940424919128418
1732437721756356313,0.18940424919128418
1732437721766481659,0.18940424919128418
1732437721766481659,0.18940424919128418
1732437721776639203,0.18940424919128418
1732437721776639203,0.18940424919128418
1732437721786753296,0.18940424919128418
1732437721786753296,0.18940424919128418
1732437721796920750,0.18940424919128418
1732437721796920750,0.18940424919128418
1732437721806973550,0.18940424919128418
1732437721806973550,0.18940424919128418
1732437721817050885,0.18940424919128418
1732437721817050885,0.18940424919128418
1732437721827139161,0.18940424919128418
1732437721827139161,0.18940424919128418
1732437721837473655,0.18940424919128418
1732437721837473655,0.18940424919128418
1732437721847765058,0.18079575896263123
1732437721847765058,0.18079575896263123
1732437721858528506,0.18079575896263123
1732437721858528506,0.18079575896263123
1732437721868685840,0.18079575896263123
1732437721868685840,0.18079575896263123
1732437721878874442,0.18079575896263123
1732437721878874442,0.18079575896263123
1732437721889211099,0.18079575896263123
1732437721889211099,0.18079575896263123
1732437721899650456,0.18079575896263123
1732437721899650456,0.18079575896263123
1732437721910185601,0.18079575896263123
1732437721910185601,0.18079575896263123
1732437721920443933,0.18079575896263123
1732437721920443933,0.18079575896263123
1732437721930846863,0.18079575896263123
1732437721930846863,0.18079575896263123
1732437721941021509,0.18079575896263123
1732437721941021509,0.18079575896263123
1732437721951443915,0.1740231066942215
1732437721951443915,0.1740231066942215
1732437721961823983,0.1740231066942215
1732437721961823983,0.1740231066942215
1732437721972216112,0.1740231066942215
1732437721972216112,0.1740231066942215
1732437721982682108,0.1740231066942215
1732437721982682108,0.1740231066942215
1732437721992976407,0.1740231066942215
1732437721992976407,0.1740231066942215
1732437722003304889,0.1740231066942215
1732437722003304889,0.1740231066942215
1732437722013544555,0.1740231066942215
1732437722013544555,0.1740231066942215
1732437722024157365,0.1740231066942215
1732437722024157365,0.1740231066942215
1732437722034532033,0.1740231066942215
1732437722034532033,0.1740231066942215
1732437722044942677,0.16109101474285126
1732437722044942677,0.16109101474285126
1732437722055532683,0.16109101474285126
1732437722055532683,0.16109101474285126
1732437722148975853,0.15021094679832458
1732437722148975853,0.15021094679832458
1732437722159378573,0.15021094679832458
1732437722159378573,0.15021094679832458
1732437722169974170,0.15021094679832458
1732437722169974170,0.15021094679832458
1732437722180801918,0.15021094679832458
1732437722180801918,0.15021094679832458
1732437722192079267,0.15021094679832458
1732437722192079267,0.15021094679832458
1732437722202310308,0.15021094679832458
1732437722202310308,0.15021094679832458
1732437722212533067,0.15021094679832458
1732437722212533067,0.15021094679832458
1732437722222854393,0.15021094679832458
1732437722222854393,0.15021094679832458
1732437722233342373,0.15021094679832458
1732437722233342373,0.15021094679832458
1732437722243973406,0.1373453587293625
1732437722243973406,0.1373453587293625
1732437722254147251,0.1373453587293625
1732437722254147251,0.1373453587293625
1732437722264295719,0.1373453587293625
1732437722264295719,0.1373453587293625
1732437722274754093,0.1373453587293625
1732437722274754093,0.1373453587293625
1732437722285281811,0.1373453587293625
1732437722285281811,0.1373453587293625
1732437722295700843,0.1373453587293625
1732437722295700843,0.1373453587293625
1732437722306199191,0.1373453587293625
1732437722306199191,0.1373453587293625
1732437722316813282,0.1373453587293625
1732437722316813282,0.1373453587293625
1732437722328394207,0.1373453587293625
1732437722328394207,0.1373453587293625
1732437722338604369,0.1373453587293625
1732437722338604369,0.1373453587293625
1732437722349227789,0.12532231211662292
1732437722349227789,0.12532231211662292
1732437722452504447,0.11559246480464935
1732437722452504447,0.11559246480464935
1732437722462815466,0.11559246480464935
1732437722462815466,0.11559246480464935
1732437722473138744,0.11559246480464935
1732437722473138744,0.11559246480464935
1732437722483500703,0.11559246480464935
1732437722483500703,0.11559246480464935
1732437722494137540,0.11559246480464935
1732437722494137540,0.11559246480464935
1732437722504600481,0.11559246480464935
1732437722504600481,0.11559246480464935
1732437722514979126,0.11559246480464935
1732437722514979126,0.11559246480464935
1732437722525542434,0.11559246480464935
1732437722525542434,0.11559246480464935
1732437722536019061,0.11559246480464935
1732437722536019061,0.11559246480464935
1732437722546783171,0.10501764714717865
1732437722546783171,0.10501764714717865
1732437722557378147,0.10501764714717865
1732437722557378147,0.10501764714717865
1732437722567529079,0.10501764714717865
1732437722567529079,0.10501764714717865
1732437722578041228,0.10501764714717865
1732437722578041228,0.10501764714717865
1732437722588363932,0.10501764714717865
1732437722588363932,0.10501764714717865
1732437722598843442,0.10501764714717865
1732437722598843442,0.10501764714717865
1732437722609330220,0.10501764714717865
1732437722609330220,0.10501764714717865
1732437722619842132,0.10501764714717865
1732437722619842132,0.10501764714717865
1732437722630254370,0.10501764714717865
1732437722630254370,0.10501764714717865
1732437722640523080,0.10501764714717865
1732437722640523080,0.10501764714717865
1732437722650599764,0.09748648852109909
1732437722650599764,0.09748648852109909
1732437722661422864,0.09748648852109909
1732437722661422864,0.09748648852109909
1732437722672728300,0.09748648852109909
1732437722672728300,0.09748648852109909
1732437722682918455,0.09748648852109909
1732437722682918455,0.09748648852109909
1732437722693671981,0.09748648852109909
1732437722693671981,0.09748648852109909
1732437722704250360,0.09748648852109909
1732437722704250360,0.09748648852109909
1732437722714619037,0.09748648852109909
1732437722714619037,0.09748648852109909
1732437722725035192,0.09748648852109909
1732437722725035192,0.09748648852109909
1732437722735393589,0.09748648852109909
1732437722735393589,0.09748648852109909
1732437722746086807,0.08856948465108871
1732437722746086807,0.08856948465108871
1732437722849006427,0.08122452348470688
1732437722849006427,0.08122452348470688
1732437722859300045,0.08122452348470688
1732437722859300045,0.08122452348470688
1732437722869661438,0.08122452348470688
1732437722869661438,0.08122452348470688
1732437722880220557,0.08122452348470688
1732437722880220557,0.08122452348470688
1732437722890792637,0.08122452348470688
1732437722890792637,0.08122452348470688
1732437722901188204,0.08122452348470688
1732437722901188204,0.08122452348470688
1732437722911653783,0.08122452348470688
1732437722911653783,0.08122452348470688
1732437722922105351,0.08122452348470688
1732437722922105351,0.08122452348470688
1732437722932449004,0.08122452348470688
1732437722932449004,0.08122452348470688
1732437722942466886,0.0753878653049469
1732437722942466886,0.0753878653049469
1732437722953208106,0.0753878653049469
1732437722953208106,0.0753878653049469
1732437722963618140,0.0753878653049469
1732437722963618140,0.0753878653049469
1732437722973978090,0.0753878653049469
1732437722973978090,0.0753878653049469
1732437722984348269,0.0753878653049469
1732437722984348269,0.0753878653049469
1732437722994430865,0.0753878653049469
1732437722994430865,0.0753878653049469
1732437723004717619,0.0753878653049469
1732437723004717619,0.0753878653049469
1732437723015696939,0.0753878653049469
1732437723015696939,0.0753878653049469
1732437723026283881,0.0753878653049469
1732437723026283881,0.0753878653049469
1732437723036718870,0.0753878653049469
1732437723036718870,0.0753878653049469
1732437723046916909,0.07005621492862701
1732437723046916909,0.07005621492862701
1732437723057321844,0.07005621492862701
1732437723057321844,0.07005621492862701
1732437723067683167,0.07005621492862701
1732437723067683167,0.07005621492862701
1732437723077949844,0.07005621492862701
1732437723077949844,0.07005621492862701
1732437723088243612,0.07005621492862701
1732437723088243612,0.07005621492862701
1732437723099285494,0.07005621492862701
1732437723099285494,0.07005621492862701
1732437723109711982,0.07005621492862701
1732437723109711982,0.07005621492862701
1732437723119884695,0.07005621492862701
1732437723119884695,0.07005621492862701
1732437723130398570,0.07005621492862701
1732437723130398570,0.07005621492862701
1732437723140905704,0.07005621492862701
1732437723140905704,0.06485681980848312
1732437723151791901,0.06485681980848312
1732437723151791901,0.06485681980848312
1732437723162868982,0.06485681980848312
1732437723162868982,0.06485681980848312
1732437723173405170,0.06485681980848312
1732437723173405170,0.06485681980848312
1732437723184151047,0.06485681980848312
1732437723184151047,0.06485681980848312
1732437723194676975,0.06485681980848312
1732437723194676975,0.06485681980848312
1732437723204937721,0.06485681980848312
1732437723204937721,0.06485681980848312
1732437723215098422,0.06485681980848312
1732437723215098422,0.06485681980848312
1732437723225392840,0.06485681980848312
1732437723225392840,0.06485681980848312
1732437723235813022,0.06485681980848312
1732437723235813022,0.06485681980848312
1732437723246011715,0.061156000941991806
1732437723246011715,0.061156000941991806
1732437723256343713,0.061156000941991806
1732437723256343713,0.061156000941991806
1732437723266850076,0.061156000941991806
1732437723266850076,0.061156000941991806
1732437723276859155,0.061156000941991806
1732437723276859155,0.061156000941991806
1732437723287185512,0.061156000941991806
1732437723287185512,0.061156000941991806
1732437723297325185,0.061156000941991806
1732437723297325185,0.061156000941991806
1732437723307491386,0.061156000941991806
1732437723307491386,0.061156000941991806
1732437723317843791,0.061156000941991806
1732437723317843791,0.061156000941991806
1732437723328387654,0.061156000941991806
1732437723328387654,0.061156000941991806
1732437723338648560,0.061156000941991806
1732437723338648560,0.061156000941991806
1732437723350045594,0.05675794556736946
1732437723350045594,0.05675794556736946
1732437723360597558,0.05675794556736946
1732437723360597558,0.05675794556736946
1732437723371119282,0.05675794556736946
1732437723371119282,0.05675794556736946
1732437723381649405,0.05675794556736946
1732437723381649405,0.05675794556736946
1732437723392143437,0.05675794556736946
1732437723392143437,0.05675794556736946
1732437723402694623,0.05675794556736946
1732437723402694623,0.05675794556736946
1732437723413211333,0.05675794556736946
1732437723413211333,0.05675794556736946
1732437723423772837,0.05675794556736946
1732437723423772837,0.05675794556736946
1732437723433885790,0.05675794556736946
1732437723433885790,0.05675794556736946
1732437723443995646,0.05397520959377289
1732437723443995646,0.05397520959377289
1732437723454570625,0.05397520959377289
1732437723454570625,0.05397520959377289
1732437723464810042,0.05397520959377289
1732437723464810042,0.05397520959377289
1732437723475292009,0.05397520959377289
1732437723475292009,0.05397520959377289
1732437723485755232,0.05397520959377289
1732437723485755232,0.05397520959377289
1732437723496411742,0.05397520959377289
1732437723496411742,0.05397520959377289
1732437723506964779,0.05397520959377289
1732437723506964779,0.05397520959377289
1732437723517134127,0.05397520959377289
1732437723517134127,0.05397520959377289
1732437723527140492,0.05397520959377289
1732437723527140492,0.05397520959377289
1732437723538124019,0.05397520959377289
1732437723538124019,0.05397520959377289
1732437723548249444,0.05009814724326134
1732437723548249444,0.05009814724326134
1732437723558464235,0.05009814724326134
1732437723558464235,0.05009814724326134
1732437723569048813,0.05009814724326134
1732437723569048813,0.05009814724326134
1732437723579337701,0.05009814724326134
1732437723579337701,0.05009814724326134
1732437723590038194,0.05009814724326134
1732437723590038194,0.05009814724326134
1732437723600377846,0.05009814724326134
1732437723600377846,0.05009814724326134
1732437723610884618,0.05009814724326134
1732437723610884618,0.05009814724326134
1732437723621232306,0.05009814724326134
1732437723621232306,0.05009814724326134
1732437723631523629,0.05009814724326134
1732437723631523629,0.05009814724326134
1732437723644099097,0.05009814724326134
1732437723644099097,0.05009814724326134
1732437723654405401,0.04691280797123909
1732437723654405401,0.04691280797123909
1732437723664752668,0.04691280797123909
1732437723664752668,0.04691280797123909
1732437723674996844,0.04691280797123909
1732437723674996844,0.04691280797123909
1732437723685372002,0.04691280797123909
1732437723685372002,0.04691280797123909
1732437723695759303,0.04691280797123909
1732437723695759303,0.04691280797123909
1732437723706194904,0.04691280797123909
1732437723706194904,0.04691280797123909
1732437723716393045,0.04691280797123909
1732437723716393045,0.04691280797123909
1732437723729790741,0.04691280797123909
1732437723729790741,0.04691280797123909
1732437723740340343,0.04691280797123909
1732437723740340343,0.04691280797123909
1732437723751115796,0.04425438493490219
1732437723751115796,0.04425438493490219
1732437723761466327,0.04425438493490219
1732437723761466327,0.04425438493490219
1732437723772059230,0.04425438493490219
1732437723772059230,0.04425438493490219
1732437723782533362,0.04425438493490219
1732437723782533362,0.04425438493490219
1732437723792871352,0.04425438493490219
1732437723792871352,0.04425438493490219
1732437723803523705,0.04425438493490219
1732437723803523705,0.04425438493490219
1732437723814021812,0.04425438493490219
1732437723814021812,0.04425438493490219
1732437723824289537,0.04425438493490219
1732437723824289537,0.04425438493490219
1732437723834716065,0.04425438493490219
1732437723834716065,0.04425438493490219
1732437723845009448,0.04178459197282791
1732437723845009448,0.04178459197282791
1732437723855121512,0.04178459197282791
1732437723855121512,0.04178459197282791
1732437723865425549,0.04178459197282791
1732437723865425549,0.04178459197282791
1732437723875888921,0.04178459197282791
1732437723875888921,0.04178459197282791
1732437723886560847,0.04178459197282791
1732437723886560847,0.04178459197282791
1732437723897155246,0.04178459197282791
1732437723897155246,0.04178459197282791
1732437723907211643,0.04178459197282791
1732437723907211643,0.04178459197282791
1732437723917794388,0.04178459197282791
1732437723917794388,0.04178459197282791
1732437723927898082,0.04178459197282791
1732437723927898082,0.04178459197282791
1732437723938106712,0.04178459197282791
1732437723938106712,0.04178459197282791
1732437723948201771,0.03995278850197792
1732437723948201771,0.03995278850197792
1732437723958427471,0.03995278850197792
1732437723958427471,0.03995278850197792
1732437723968739593,0.03995278850197792
1732437723968739593,0.03995278850197792
1732437723979357282,0.03995278850197792
1732437723979357282,0.03995278850197792
1732437723989768958,0.03995278850197792
1732437723989768958,0.03995278850197792
1732437724000396786,0.03995278850197792
1732437724000396786,0.03995278850197792
1732437724010858776,0.03995278850197792
1732437724010858776,0.03995278850197792
1732437724021356483,0.03995278850197792
1732437724021356483,0.03995278850197792
1732437724032572230,0.03995278850197792
1732437724032572230,0.03995278850197792
1732437724042944785,0.038213446736335754
1732437724042944785,0.038213446736335754
1732437724053399952,0.038213446736335754
1732437724053399952,0.038213446736335754
1732437724063637837,0.038213446736335754
1732437724063637837,0.038213446736335754
1732437724074035006,0.038213446736335754
1732437724074035006,0.038213446736335754
1732437724084690876,0.038213446736335754
1732437724084690876,0.038213446736335754
1732437724095771013,0.038213446736335754
1732437724095771013,0.038213446736335754
1732437724106257208,0.038213446736335754
1732437724106257208,0.038213446736335754
1732437724116909030,0.038213446736335754
1732437724116909030,0.038213446736335754
1732437724126920293,0.038213446736335754
1732437724126920293,0.038213446736335754
1732437724137262381,0.038213446736335754
1732437724137262381,0.038213446736335754
1732437724147545820,0.03718865290284157
1732437724147545820,0.03718865290284157
1732437724157683558,0.03718865290284157
1732437724157683558,0.03718865290284157
1732437724168801234,0.03718865290284157
1732437724168801234,0.03718865290284157
1732437724179362839,0.03718865290284157
1732437724179362839,0.03718865290284157
1732437724189781529,0.03718865290284157
1732437724189781529,0.03718865290284157
1732437724200308679,0.03718865290284157
1732437724200308679,0.03718865290284157
1732437724210688597,0.03718865290284157
1732437724210688597,0.03718865290284157
1732437724221150728,0.03718865290284157
1732437724221150728,0.03718865290284157
1732437724231699428,0.03718865290284157
1732437724231699428,0.03718865290284157
1732437724242144757,0.03718865290284157
1732437724242144757,0.03718865290284157
1732437724253015422,0.03634899482131004
1732437724253015422,0.03634899482131004
1732437724263330292,0.03634899482131004
1732437724263330292,0.03634899482131004
1732437724274012851,0.03634899482131004
1732437724274012851,0.03634899482131004
1732437724284177119,0.03634899482131004
1732437724284177119,0.03634899482131004
1732437724294502205,0.03634899482131004
1732437724294502205,0.03634899482131004
1732437724305189439,0.03634899482131004
1732437724305189439,0.03634899482131004
1732437724315643338,0.03634899482131004
1732437724315643338,0.03634899482131004
1732437724315643338,0.03634899482131004
1732437724325866190,0.03634899482131004
1732437724336373358,0.03634899482131004
1732437724336373358,0.03634899482131004
1732437724346581777,0.03558320924639702
1732437724346581777,0.03558320924639702
1732437724357273610,0.03558320924639702
1732437724357273610,0.03558320924639702
1732437724367643412,0.03558320924639702
1732437724367643412,0.03558320924639702
1732437724377959782,0.03558320924639702
1732437724377959782,0.03558320924639702
1732437724388093048,0.03558320924639702
1732437724388093048,0.03558320924639702
1732437724398347627,0.03558320924639702
1732437724398347627,0.03558320924639702
1732437724409103622,0.03558320924639702
1732437724409103622,0.03558320924639702
1732437724419587943,0.03558320924639702
1732437724419587943,0.03558320924639702
1732437724430042350,0.03558320924639702
1732437724430042350,0.03558320924639702
1732437724440184175,0.03558320924639702
1732437724440184175,0.03558320924639702
1732437724450821981,0.03584534302353859
1732437724450821981,0.03584534302353859
1732437724460943860,0.03584534302353859
1732437724460943860,0.03584534302353859
1732437724471566548,0.03584534302353859
1732437724471566548,0.03584534302353859
1732437724482015985,0.03584534302353859
1732437724482015985,0.03584534302353859
1732437724492302689,0.03584534302353859
1732437724492302689,0.03584534302353859
1732437724502824400,0.03584534302353859
1732437724502824400,0.03584534302353859
1732437724513083694,0.03584534302353859
1732437724513083694,0.03584534302353859
1732437724523405644,0.03584534302353859
1732437724523405644,0.03584534302353859
1732437724533822436,0.03584534302353859
1732437724533822436,0.03584534302353859
1732437724544520818,0.03576290234923363
1732437724544520818,0.03576290234923363
1732437724554617130,0.03576290234923363
1732437724554617130,0.03576290234923363
1732437724564794020,0.03576290234923363
1732437724564794020,0.03576290234923363
1732437724574932551,0.03576290234923363
1732437724574932551,0.03576290234923363
1732437724585194028,0.03576290234923363
1732437724585194028,0.03576290234923363
1732437724595912574,0.03576290234923363
1732437724595912574,0.03576290234923363
1732437724606370146,0.03576290234923363
1732437724606370146,0.03576290234923363
1732437724616867131,0.03576290234923363
1732437724616867131,0.03576290234923363
1732437724627057617,0.03576290234923363
1732437724627057617,0.03576290234923363
1732437724637258522,0.03576290234923363
1732437724637258522,0.03576290234923363
1732437724647302156,0.03640776872634888
1732437724647302156,0.03640776872634888
1732437724657682274,0.03640776872634888
1732437724657682274,0.03640776872634888
1732437724667980325,0.03640776872634888
1732437724667980325,0.03640776872634888
1732437724678239363,0.03640776872634888
1732437724678239363,0.03640776872634888
1732437724688669273,0.03640776872634888
1732437724688669273,0.03640776872634888
1732437724698704106,0.03640776872634888
1732437724698704106,0.03640776872634888
1732437724709127539,0.03640776872634888
1732437724709127539,0.03640776872634888
1732437724719315651,0.03640776872634888
1732437724719315651,0.03640776872634888
1732437724729919044,0.03640776872634888
1732437724729919044,0.03640776872634888
1732437724740267011,0.03640776872634888
1732437724740267011,0.03640776872634888
1732437724750647380,0.036173705011606216
1732437724750647380,0.036173705011606216
1732437724760762196,0.036173705011606216
1732437724760762196,0.036173705011606216
1732437724770946800,0.036173705011606216
1732437724770946800,0.036173705011606216
1732437724781291453,0.036173705011606216
1732437724781291453,0.036173705011606216
1732437724791942002,0.036173705011606216
1732437724791942002,0.036173705011606216
1732437724803093412,0.036173705011606216
1732437724803093412,0.036173705011606216
1732437724813497515,0.036173705011606216
1732437724813497515,0.036173705011606216
1732437724823900965,0.036173705011606216
1732437724823900965,0.036173705011606216
1732437724823900965,0.036173705011606216
1732437724834301732,0.036173705011606216
1732437724844674853,0.035777509212493896
1732437724844674853,0.035777509212493896
1732437724855207428,0.035777509212493896
1732437724855207428,0.035777509212493896
1732437724865387565,0.035777509212493896
1732437724865387565,0.035777509212493896
1732437724875863451,0.035777509212493896
1732437724875863451,0.035777509212493896
1732437724886372789,0.035777509212493896
1732437724886372789,0.035777509212493896
1732437724897260048,0.035777509212493896
1732437724897260048,0.035777509212493896
1732437724907605758,0.035777509212493896
1732437724907605758,0.035777509212493896
1732437724917765592,0.035777509212493896
1732437724917765592,0.035777509212493896
1732437724929143991,0.035777509212493896
1732437724929143991,0.035777509212493896
1732437724939711467,0.035777509212493896
1732437724939711467,0.035777509212493896
1732437724950445512,0.03589538112282753
1732437724950445512,0.03589538112282753
1732437724961085021,0.03589538112282753
1732437724961085021,0.03589538112282753
1732437724971454139,0.03589538112282753
1732437724971454139,0.03589538112282753
1732437724981982242,0.03589538112282753
1732437724981982242,0.03589538112282753
1732437724992588388,0.03589538112282753
1732437724992588388,0.03589538112282753
1732437725002658628,0.03589538112282753
1732437725002658628,0.03589538112282753
1732437725013357631,0.03589538112282753
1732437725013357631,0.03589538112282753
1732437725023934865,0.03589538112282753
1732437725023934865,0.03589538112282753
1732437725034621292,0.03589538112282753
1732437725034621292,0.03589538112282753
1732437725044846884,0.036087989807128906
1732437725044846884,0.036087989807128906
1732437725055410052,0.036087989807128906
1732437725055410052,0.036087989807128906
1732437725065852717,0.036087989807128906
1732437725065852717,0.036087989807128906
1732437725076346535,0.036087989807128906
1732437725076346535,0.036087989807128906
1732437725086822137,0.036087989807128906
1732437725086822137,0.036087989807128906
1732437725097507775,0.036087989807128906
1732437725097507775,0.036087989807128906
1732437725107747864,0.036087989807128906
1732437725107747864,0.036087989807128906
1732437725118424722,0.036087989807128906
1732437725118424722,0.036087989807128906
1732437725128799461,0.036087989807128906
1732437725128799461,0.036087989807128906
1732437725139456784,0.036087989807128906
1732437725139456784,0.036087989807128906
1732437725150834153,0.03706236556172371
1732437725150834153,0.03706236556172371
1732437725161192921,0.03706236556172371
1732437725161192921,0.03706236556172371
1732437725171375452,0.03706236556172371
1732437725171375452,0.03706236556172371
1732437725182228178,0.03706236556172371
1732437725182228178,0.03706236556172371
1732437725192561718,0.03706236556172371
1732437725192561718,0.03706236556172371
1732437725203343749,0.03706236556172371
1732437725203343749,0.03706236556172371
1732437725213585865,0.03706236556172371
1732437725213585865,0.03706236556172371
1732437725224138073,0.03706236556172371
1732437725224138073,0.03706236556172371
1732437725234818309,0.03706236556172371
1732437725234818309,0.03706236556172371
1732437725245009947,0.036176420748233795
1732437725245009947,0.036176420748233795
1732437725255368505,0.036176420748233795
1732437725255368505,0.036176420748233795
1732437725265710312,0.036176420748233795
1732437725265710312,0.036176420748233795
1732437725276276956,0.036176420748233795
1732437725276276956,0.036176420748233795
1732437725286789957,0.036176420748233795
1732437725286789957,0.036176420748233795
1732437725297400065,0.036176420748233795
1732437725297400065,0.036176420748233795
1732437725308713655,0.036176420748233795
1732437725308713655,0.036176420748233795
1732437725319162440,0.036176420748233795
1732437725319162440,0.036176420748233795
1732437725329586020,0.036176420748233795
1732437725329586020,0.036176420748233795
1732437725340170146,0.036176420748233795
1732437725340170146,0.036176420748233795
1732437725350561736,0.038724835962057114
1732437725350561736,0.038724835962057114
1732437725361163546,0.038724835962057114
1732437725361163546,0.038724835962057114
1732437725372012674,0.038724835962057114
1732437725372012674,0.038724835962057114
1732437725382508446,0.038724835962057114
1732437725382508446,0.038724835962057114
1732437725392858605,0.038724835962057114
1732437725392858605,0.038724835962057114
1732437725403448553,0.038724835962057114
1732437725403448553,0.038724835962057114
1732437725416440200,0.038724835962057114
1732437725416440200,0.038724835962057114
1732437725426853740,0.038724835962057114
1732437725426853740,0.038724835962057114
1732437725437159390,0.038724835962057114
1732437725437159390,0.038724835962057114
1732437725447446426,0.03949138522148132
1732437725447446426,0.03949138522148132
1732437725457569507,0.03949138522148132
1732437725457569507,0.03949138522148132
1732437725468035114,0.03949138522148132
1732437725468035114,0.03949138522148132
1732437725478147702,0.03949138522148132
1732437725478147702,0.03949138522148132
1732437725488868476,0.03949138522148132
1732437725488868476,0.03949138522148132
1732437725499346205,0.03949138522148132
1732437725499346205,0.03949138522148132
1732437725509561828,0.03949138522148132
1732437725509561828,0.03949138522148132
1732437725520087677,0.03949138522148132
1732437725520087677,0.03949138522148132
1732437725531085622,0.03949138522148132
1732437725531085622,0.03949138522148132
1732437725541725673,0.03949138522148132
1732437725541725673,0.03949138522148132
1732437725552225042,0.04257581755518913
1732437725552225042,0.04257581755518913
1732437725562645682,0.04257581755518913
1732437725562645682,0.04257581755518913
1732437725573170491,0.04257581755518913
1732437725573170491,0.04257581755518913
1732437725583686142,0.04257581755518913
1732437725583686142,0.04257581755518913
1732437725593871835,0.04257581755518913
1732437725593871835,0.04257581755518913
1732437725604165536,0.04257581755518913
1732437725604165536,0.04257581755518913
1732437725614430548,0.04257581755518913
1732437725614430548,0.04257581755518913
1732437725624712133,0.04257581755518913
1732437725624712133,0.04257581755518913
1732437725634972734,0.04257581755518913
1732437725634972734,0.04257581755518913
1732437725645363612,0.04317448288202286
1732437725645363612,0.04317448288202286
1732437725656005456,0.04317448288202286
1732437725656005456,0.04317448288202286
1732437725666595590,0.04317448288202286
1732437725666595590,0.04317448288202286
1732437725677357771,0.04317448288202286
1732437725677357771,0.04317448288202286
1732437725688019077,0.04317448288202286
1732437725688019077,0.04317448288202286
1732437725698582289,0.04317448288202286
1732437725698582289,0.04317448288202286
1732437725708941024,0.04317448288202286
1732437725708941024,0.04317448288202286
1732437725719362122,0.04317448288202286
1732437725719362122,0.04317448288202286
1732437725729836396,0.04317448288202286
1732437725729836396,0.04317448288202286
1732437725740434979,0.04317448288202286
1732437725740434979,0.04317448288202286
1732437725750976185,0.043720729649066925
1732437725750976185,0.043720729649066925
1732437725761035969,0.043720729649066925
1732437725761035969,0.043720729649066925
1732437725771562509,0.043720729649066925
1732437725771562509,0.043720729649066925
1732437725781679539,0.043720729649066925
1732437725781679539,0.043720729649066925
1732437725791940106,0.043720729649066925
1732437725791940106,0.043720729649066925
1732437725802339120,0.043720729649066925
1732437725802339120,0.043720729649066925
1732437725813171608,0.043720729649066925
1732437725813171608,0.043720729649066925
1732437725823516870,0.043720729649066925
1732437725823516870,0.043720729649066925
1732437725834161399,0.043720729649066925
1732437725834161399,0.043720729649066925
1732437725844684092,0.044158559292554855
1732437725844684092,0.044158559292554855
1732437725855158074,0.044158559292554855
1732437725855158074,0.044158559292554855
1732437725865275445,0.044158559292554855
1732437725865275445,0.044158559292554855
1732437725875793479,0.044158559292554855
1732437725875793479,0.044158559292554855
1732437725886473864,0.044158559292554855
1732437725886473864,0.044158559292554855
1732437725897116940,0.044158559292554855
1732437725897116940,0.044158559292554855
1732437725907213664,0.044158559292554855
1732437725907213664,0.044158559292554855
1732437725917454864,0.044158559292554855
1732437725917454864,0.044158559292554855
1732437725927577054,0.044158559292554855
1732437725927577054,0.044158559292554855
1732437725938215071,0.044158559292554855
1732437725938215071,0.044158559292554855
1732437725948695444,0.044062528759241104
1732437725948695444,0.044062528759241104
1732437725958735942,0.044062528759241104
1732437725958735942,0.044062528759241104
1732437725969112324,0.044062528759241104
1732437725969112324,0.044062528759241104
1732437725979769904,0.044062528759241104
1732437725979769904,0.044062528759241104
1732437725990269878,0.044062528759241104
1732437725990269878,0.044062528759241104
1732437726000495419,0.044062528759241104
1732437726000495419,0.044062528759241104
1732437726010688360,0.044062528759241104
1732437726010688360,0.044062528759241104
1732437726020922026,0.044062528759241104
1732437726020922026,0.044062528759241104
1732437726031092056,0.044062528759241104
1732437726031092056,0.044062528759241104
1732437726041993202,0.044062528759241104
1732437726041993202,0.044062528759241104
1732437726052379851,0.04513648897409439
1732437726052379851,0.04513648897409439
1732437726062940385,0.04513648897409439
1732437726062940385,0.04513648897409439
1732437726073332175,0.04513648897409439
1732437726073332175,0.04513648897409439
1732437726083432764,0.04513648897409439
1732437726083432764,0.04513648897409439
1732437726093801332,0.04513648897409439
1732437726093801332,0.04513648897409439
1732437726103987806,0.04513648897409439
1732437726103987806,0.04513648897409439
1732437726114544957,0.04513648897409439
1732437726114544957,0.04513648897409439
1732437726124753677,0.04513648897409439
1732437726124753677,0.04513648897409439
1732437726135314692,0.04513648897409439
1732437726135314692,0.04513648897409439
1732437726145817017,0.0452878400683403
1732437726145817017,0.0452878400683403
1732437726155993737,0.0452878400683403
1732437726155993737,0.0452878400683403
1732437726155993737,0.0452878400683403
1732437726166502897,0.0452878400683403
1732437726176988426,0.0452878400683403
1732437726176988426,0.0452878400683403
1732437726187310250,0.0452878400683403
1732437726187310250,0.0452878400683403
1732437726197489385,0.0452878400683403
1732437726197489385,0.0452878400683403
1732437726207883470,0.0452878400683403
1732437726207883470,0.0452878400683403
1732437726218179543,0.0452878400683403
1732437726218179543,0.0452878400683403
1732437726228645607,0.0452878400683403
1732437726228645607,0.0452878400683403
1732437726239099455,0.0452878400683403
1732437726239099455,0.0452878400683403
1732437726249689994,0.045644182711839676
1732437726249689994,0.045644182711839676
1732437726260346746,0.045644182711839676
1732437726260346746,0.045644182711839676
1732437726270431407,0.045644182711839676
1732437726270431407,0.045644182711839676
1732437726280663209,0.045644182711839676
1732437726280663209,0.045644182711839676
1732437726291244230,0.045644182711839676
1732437726291244230,0.045644182711839676
1732437726301731568,0.045644182711839676
1732437726301731568,0.045644182711839676
1732437726312046065,0.045644182711839676
1732437726312046065,0.045644182711839676
1732437726322343810,0.045644182711839676
1732437726322343810,0.045644182711839676
1732437726332830675,0.045644182711839676
1732437726332830675,0.045644182711839676
1732437726343228525,0.047807060182094574
1732437726343228525,0.047807060182094574
1732437726353648009,0.047807060182094574
1732437726353648009,0.047807060182094574
1732437726364090714,0.047807060182094574
1732437726364090714,0.047807060182094574
1732437726374212092,0.047807060182094574
1732437726374212092,0.047807060182094574
1732437726384439708,0.047807060182094574
1732437726384439708,0.047807060182094574
1732437726394751360,0.047807060182094574
1732437726394751360,0.047807060182094574
1732437726404887385,0.047807060182094574
1732437726404887385,0.047807060182094574
1732437726415349565,0.047807060182094574
1732437726415349565,0.047807060182094574
1732437726425730916,0.047807060182094574
1732437726425730916,0.047807060182094574
1732437726436074126,0.047807060182094574
1732437726436074126,0.047807060182094574
1732437726446544342,0.048817604780197144
1732437726446544342,0.048817604780197144
1732437726446544342,0.048817604780197144
1732437726457098844,0.048817604780197144
1732437726467514778,0.048817604780197144
1732437726467514778,0.048817604780197144
1732437726477890871,0.048817604780197144
1732437726477890871,0.048817604780197144
1732437726488223069,0.048817604780197144
1732437726488223069,0.048817604780197144
1732437726498611333,0.048817604780197144
1732437726498611333,0.048817604780197144
1732437726509166536,0.048817604780197144
1732437726509166536,0.048817604780197144
1732437726519610383,0.048817604780197144
1732437726519610383,0.048817604780197144
1732437726529761046,0.048817604780197144
1732437726529761046,0.048817604780197144
1732437726540210262,0.048817604780197144
1732437726540210262,0.048817604780197144
1732437726550328886,0.05135683715343475
1732437726550328886,0.05135683715343475
1732437726560667908,0.05135683715343475
1732437726560667908,0.05135683715343475
1732437726571269928,0.05135683715343475
1732437726571269928,0.05135683715343475
1732437726581636160,0.05135683715343475
1732437726581636160,0.05135683715343475
1732437726591906856,0.05135683715343475
1732437726591906856,0.05135683715343475
1732437726602296241,0.05135683715343475
1732437726602296241,0.05135683715343475
1732437726612704382,0.05135683715343475
1732437726612704382,0.05135683715343475
1732437726622810592,0.05135683715343475
1732437726622810592,0.05135683715343475
1732437726633202011,0.05135683715343475
1732437726633202011,0.05135683715343475
1732437726643465944,0.05129024386405945
1732437726643465944,0.05129024386405945
1732437726653587644,0.05129024386405945
1732437726653587644,0.05129024386405945
1732437726664089678,0.05129024386405945
1732437726664089678,0.05129024386405945
1732437726674449639,0.05129024386405945
1732437726674449639,0.05129024386405945
1732437726684566289,0.05129024386405945
1732437726684566289,0.05129024386405945
1732437726694805146,0.05129024386405945
1732437726694805146,0.05129024386405945
1732437726705266475,0.05129024386405945
1732437726705266475,0.05129024386405945
1732437726715777185,0.05129024386405945
1732437726715777185,0.05129024386405945
1732437726726316098,0.05129024386405945
1732437726726316098,0.05129024386405945
1732437726736771947,0.05129024386405945
1732437726736771947,0.05129024386405945
1732437726747080563,0.052288275212049484
1732437726747080563,0.052288275212049484
1732437726757315712,0.052288275212049484
1732437726757315712,0.052288275212049484
1732437726767528747,0.052288275212049484
1732437726767528747,0.052288275212049484
1732437726777729122,0.052288275212049484
1732437726777729122,0.052288275212049484
1732437726787923350,0.052288275212049484
1732437726787923350,0.052288275212049484
1732437726798123875,0.052288275212049484
1732437726798123875,0.052288275212049484
1732437726808514652,0.052288275212049484
1732437726808514652,0.052288275212049484
1732437726818615994,0.052288275212049484
1732437726818615994,0.052288275212049484
1732437726829327888,0.052288275212049484
1732437726829327888,0.052288275212049484
1732437726839647775,0.052288275212049484
1732437726839647775,0.052288275212049484
1732437726850088234,0.05320494621992111
1732437726850088234,0.05320494621992111
1732437726860270313,0.05320494621992111
1732437726860270313,0.05320494621992111
1732437726870763772,0.05320494621992111
1732437726870763772,0.05320494621992111
1732437726881332053,0.05320494621992111
1732437726881332053,0.05320494621992111
1732437726891696091,0.05320494621992111
1732437726891696091,0.05320494621992111
1732437726901943213,0.05320494621992111
1732437726901943213,0.05320494621992111
1732437726912303375,0.05320494621992111
1732437726912303375,0.05320494621992111
1732437726922764714,0.05320494621992111
1732437726922764714,0.05320494621992111
1732437726933090150,0.05320494621992111
1732437726933090150,0.05320494621992111
1732437726943782228,0.05375035107135773
1732437726943782228,0.05375035107135773
1732437726953920598,0.05375035107135773
1732437726953920598,0.05375035107135773
1732437726964441708,0.05375035107135773
1732437726964441708,0.05375035107135773
1732437726975089873,0.05375035107135773
1732437726975089873,0.05375035107135773
1732437726985698426,0.05375035107135773
1732437726985698426,0.05375035107135773
1732437726997287568,0.05375035107135773
1732437726997287568,0.05375035107135773
1732437727008033655,0.05375035107135773
1732437727008033655,0.05375035107135773
1732437727018203313,0.05375035107135773
1732437727018203313,0.05375035107135773
1732437727028386606,0.05375035107135773
1732437727028386606,0.05375035107135773
1732437727038825685,0.05375035107135773
1732437727038825685,0.05375035107135773
1732437727049066715,0.05472445860505104
1732437727049066715,0.05472445860505104
1732437727059350485,0.05472445860505104
1732437727059350485,0.05472445860505104
1732437727069597938,0.05472445860505104
1732437727069597938,0.05472445860505104
1732437727080076816,0.05472445860505104
1732437727080076816,0.05472445860505104
1732437727090289848,0.05472445860505104
1732437727090289848,0.05472445860505104
1732437727100788317,0.05472445860505104
1732437727100788317,0.05472445860505104
1732437727111356524,0.05472445860505104
1732437727111356524,0.05472445860505104
1732437727122364066,0.05472445860505104
1732437727122364066,0.05472445860505104
1732437727132535368,0.05472445860505104
1732437727132535368,0.05472445860505104
1732437727142683807,0.052909765392541885
1732437727142683807,0.052909765392541885
1732437727153395410,0.052909765392541885
1732437727153395410,0.052909765392541885
1732437727163853574,0.052909765392541885
1732437727163853574,0.052909765392541885
1732437727174184678,0.052909765392541885
1732437727174184678,0.052909765392541885
1732437727184645149,0.052909765392541885
1732437727184645149,0.052909765392541885
1732437727195135493,0.052909765392541885
1732437727195135493,0.052909765392541885
1732437727205691297,0.052909765392541885
1732437727205691297,0.052909765392541885
1732437727216089840,0.052909765392541885
1732437727216089840,0.052909765392541885
1732437727226580875,0.052909765392541885
1732437727226580875,0.052909765392541885
1732437727236950390,0.052909765392541885
1732437727236950390,0.052909765392541885
1732437727247221009,0.05271066352725029
1732437727247221009,0.05271066352725029
1732437727257450899,0.05271066352725029
1732437727257450899,0.05271066352725029
1732437727268246434,0.05271066352725029
1732437727268246434,0.05271066352725029
1732437727278779291,0.05271066352725029
1732437727278779291,0.05271066352725029
1732437727289377364,0.05271066352725029
1732437727289377364,0.05271066352725029
1732437727299738497,0.05271066352725029
1732437727299738497,0.05271066352725029
1732437727310256613,0.05271066352725029
1732437727310256613,0.05271066352725029
1732437727320791789,0.05271066352725029
1732437727320791789,0.05271066352725029
1732437727331176815,0.05271066352725029
1732437727331176815,0.05271066352725029
1732437727341497716,0.05271066352725029
1732437727341497716,0.05271066352725029
1732437727352520655,0.0519779771566391
1732437727352520655,0.0519779771566391
1732437727362660699,0.0519779771566391
1732437727362660699,0.0519779771566391
1732437727373070724,0.0519779771566391
1732437727373070724,0.0519779771566391
1732437727383603985,0.0519779771566391
1732437727383603985,0.0519779771566391
1732437727394153919,0.0519779771566391
1732437727394153919,0.0519779771566391
1732437727404318529,0.0519779771566391
1732437727404318529,0.0519779771566391
1732437727414785438,0.0519779771566391
1732437727414785438,0.0519779771566391
1732437727424962230,0.0519779771566391
1732437727424962230,0.0519779771566391
1732437727435346576,0.0519779771566391
1732437727435346576,0.0519779771566391
1732437727445978191,0.05176080763339996
1732437727445978191,0.05176080763339996
1732437727456296185,0.05176080763339996
1732437727456296185,0.05176080763339996
1732437727466437391,0.05176080763339996
1732437727466437391,0.05176080763339996
1732437727476791881,0.05176080763339996
1732437727476791881,0.05176080763339996
1732437727486832320,0.05176080763339996
1732437727486832320,0.05176080763339996
1732437727497664316,0.05176080763339996
1732437727497664316,0.05176080763339996
1732437727508075543,0.05176080763339996
1732437727508075543,0.05176080763339996
1732437727518749937,0.05176080763339996
1732437727518749937,0.05176080763339996
1732437727528969859,0.05176080763339996
1732437727528969859,0.05176080763339996
1732437727539562291,0.05176080763339996
1732437727539562291,0.05176080763339996
1732437727549853985,0.05190016329288483
1732437727549853985,0.05190016329288483
1732437727560100257,0.05190016329288483
1732437727560100257,0.05190016329288483
1732437727570782695,0.05190016329288483
1732437727570782695,0.05190016329288483
1732437727581333186,0.05190016329288483
1732437727581333186,0.05190016329288483
1732437727591726193,0.05190016329288483
1732437727591726193,0.05190016329288483
1732437727602540487,0.05190016329288483
1732437727602540487,0.05190016329288483
1732437727613098135,0.05190016329288483
1732437727613098135,0.05190016329288483
1732437727623640806,0.05190016329288483
1732437727623640806,0.05190016329288483
1732437727634108116,0.05190016329288483
1732437727634108116,0.05190016329288483
1732437727644502922,0.04997684806585312
1732437727644502922,0.04997684806585312
1732437727654781082,0.04997684806585312
1732437727654781082,0.04997684806585312
1732437727665390035,0.04997684806585312
1732437727665390035,0.04997684806585312
1732437727675645913,0.04997684806585312
1732437727675645913,0.04997684806585312
1732437727686358865,0.04997684806585312
1732437727686358865,0.04997684806585312
1732437727697285772,0.04997684806585312
1732437727697285772,0.04997684806585312
1732437727707590381,0.04997684806585312
1732437727707590381,0.04997684806585312
1732437727717831341,0.04997684806585312
1732437727717831341,0.04997684806585312
1732437727728329267,0.04997684806585312
1732437727728329267,0.04997684806585312
1732437727738840100,0.04997684806585312
1732437727738840100,0.04997684806585312
1732437727738840100,0.05104442685842514
1732437727738840100,0.05104442685842514
1732437727759234067,0.05104442685842514
1732437727759234067,0.05104442685842514
1732437727769428963,0.05104442685842514
1732437727769428963,0.05104442685842514
1732437727780085904,0.05104442685842514
1732437727780085904,0.05104442685842514
1732437727790693975,0.05104442685842514
1732437727790693975,0.05104442685842514
1732437727801306135,0.05104442685842514
1732437727801306135,0.05104442685842514
1732437727811792971,0.05104442685842514
1732437727811792971,0.05104442685842514
1732437727822473797,0.05104442685842514
1732437727822473797,0.05104442685842514
1732437727832874084,0.05104442685842514
1732437727832874084,0.05104442685842514
1732437727843051166,0.051342517137527466
1732437727843051166,0.051342517137527466
1732437727853835274,0.051342517137527466
1732437727853835274,0.051342517137527466
1732437727864316310,0.051342517137527466
1732437727864316310,0.051342517137527466
1732437727874765848,0.051342517137527466
1732437727874765848,0.051342517137527466
1732437727885187283,0.051342517137527466
1732437727885187283,0.051342517137527466
1732437727895573209,0.051342517137527466
1732437727895573209,0.051342517137527466
1732437727906003143,0.051342517137527466
1732437727906003143,0.051342517137527466
1732437727916376796,0.051342517137527466
1732437727916376796,0.051342517137527466
1732437727927053565,0.051342517137527466
1732437727927053565,0.051342517137527466
1732437727937398541,0.051342517137527466
1732437727937398541,0.051342517137527466
1732437727947863408,0.05116130784153938
1732437727947863408,0.05116130784153938
1732437727958792416,0.05116130784153938
1732437727958792416,0.05116130784153938
1732437727969593792,0.05116130784153938
1732437727969593792,0.05116130784153938
1732437727980483419,0.05116130784153938
1732437727980483419,0.05116130784153938
1732437727990765556,0.05116130784153938
1732437727990765556,0.05116130784153938
1732437728000846680,0.05116130784153938
1732437728000846680,0.05116130784153938
1732437728011382919,0.05116130784153938
1732437728011382919,0.05116130784153938
1732437728022019453,0.05116130784153938
1732437728022019453,0.05116130784153938
1732437728032514846,0.05116130784153938
1732437728032514846,0.05116130784153938
1732437728042516382,0.05116130784153938
1732437728042516382,0.05116130784153938
1732437728053219690,0.05017177388072014
1732437728053219690,0.05017177388072014
1732437728063591063,0.05017177388072014
1732437728063591063,0.05017177388072014
1732437728074209611,0.05017177388072014
1732437728074209611,0.05017177388072014
1732437728084507441,0.05017177388072014
1732437728084507441,0.05017177388072014
1732437728094618320,0.05017177388072014
1732437728094618320,0.05017177388072014
1732437728104812504,0.05017177388072014
1732437728104812504,0.05017177388072014
1732437728116481904,0.05017177388072014
1732437728116481904,0.05017177388072014
1732437728126594969,0.05017177388072014
1732437728126594969,0.05017177388072014
1732437728136853230,0.05017177388072014
1732437728136853230,0.05017177388072014
1732437728147091346,0.05228221043944359
1732437728147091346,0.05228221043944359
1732437728157452199,0.05228221043944359
1732437728157452199,0.05228221043944359
1732437728167830535,0.05228221043944359
1732437728167830535,0.05228221043944359
1732437728177986407,0.05228221043944359
1732437728177986407,0.05228221043944359
1732437728188566597,0.05228221043944359
1732437728188566597,0.05228221043944359
1732437728199015073,0.05228221043944359
1732437728199015073,0.05228221043944359
1732437728211233492,0.05228221043944359
1732437728211233492,0.05228221043944359
1732437728221447464,0.05228221043944359
1732437728221447464,0.05228221043944359
1732437728231869069,0.05228221043944359
1732437728231869069,0.05228221043944359
1732437728242554796,0.05228221043944359
1732437728242554796,0.05228221043944359
1732437728252855086,0.05184405669569969
1732437728252855086,0.05184405669569969
1732437728263455264,0.05184405669569969
1732437728263455264,0.05184405669569969
1732437728273730317,0.05184405669569969
1732437728273730317,0.05184405669569969
1732437728284118931,0.05184405669569969
1732437728284118931,0.05184405669569969
1732437728294526211,0.05184405669569969
1732437728294526211,0.05184405669569969
1732437728304866254,0.05184405669569969
1732437728304866254,0.05184405669569969
1732437728315395581,0.05184405669569969
1732437728315395581,0.05184405669569969
1732437728325780267,0.05184405669569969
1732437728325780267,0.05184405669569969
1732437728335999509,0.05184405669569969
1732437728335999509,0.05184405669569969
1732437728346594395,0.05137147754430771
1732437728346594395,0.05137147754430771
1732437728357156523,0.05137147754430771
1732437728357156523,0.05137147754430771
1732437728367333654,0.05137147754430771
1732437728367333654,0.05137147754430771
1732437728377952918,0.05137147754430771
1732437728377952918,0.05137147754430771
1732437728388205779,0.05137147754430771
1732437728388205779,0.05137147754430771
1732437728398754703,0.05137147754430771
1732437728398754703,0.05137147754430771
1732437728408974654,0.05137147754430771
1732437728408974654,0.05137147754430771
1732437728419288825,0.05137147754430771
1732437728419288825,0.05137147754430771
1732437728432778047,0.05137147754430771
1732437728432778047,0.05137147754430771
1732437728443660418,0.04938739538192749
1732437728443660418,0.04938739538192749
1732437728453859818,0.04938739538192749
1732437728453859818,0.04938739538192749
1732437728464417910,0.04938739538192749
1732437728464417910,0.04938739538192749
1732437728474844907,0.04938739538192749
1732437728474844907,0.04938739538192749
1732437728485001931,0.04938739538192749
1732437728485001931,0.04938739538192749
1732437728495461478,0.04938739538192749
1732437728495461478,0.04938739538192749
1732437728505989220,0.04938739538192749
1732437728505989220,0.04938739538192749
1732437728516200054,0.04938739538192749
1732437728516200054,0.04938739538192749
1732437728526990094,0.04938739538192749
1732437728526990094,0.04938739538192749
1732437728537613234,0.04938739538192749
1732437728537613234,0.04938739538192749
1732437728548069174,0.04582808166742325
1732437728548069174,0.04582808166742325
1732437728558732218,0.04582808166742325
1732437728558732218,0.04582808166742325
1732437728569328497,0.04582808166742325
1732437728569328497,0.04582808166742325
1732437728579600835,0.04582808166742325
1732437728579600835,0.04582808166742325
1732437728590023043,0.04582808166742325
1732437728590023043,0.04582808166742325
1732437728600626625,0.04582808166742325
1732437728600626625,0.04582808166742325
1732437728610787266,0.04582808166742325
1732437728610787266,0.04582808166742325
1732437728621037151,0.04582808166742325
1732437728621037151,0.04582808166742325
1732437728631572390,0.04582808166742325
1732437728631572390,0.04582808166742325
1732437728642050932,0.04285510256886482
1732437728642050932,0.04285510256886482
1732437728652648163,0.04285510256886482
1732437728652648163,0.04285510256886482
1732437728662918790,0.04285510256886482
1732437728662918790,0.04285510256886482
1732437728673397040,0.04285510256886482
1732437728673397040,0.04285510256886482
1732437728684570492,0.04285510256886482
1732437728684570492,0.04285510256886482
1732437728694765527,0.04285510256886482
1732437728694765527,0.04285510256886482
1732437728705125018,0.04285510256886482
1732437728705125018,0.04285510256886482
1732437728715510315,0.04285510256886482
1732437728715510315,0.04285510256886482
1732437728725808672,0.04285510256886482
1732437728725808672,0.04285510256886482
1732437728736333270,0.04285510256886482
1732437728736333270,0.04285510256886482
1732437728746917724,0.04069005697965622
1732437728746917724,0.04069005697965622
1732437728757207319,0.04069005697965622
1732437728757207319,0.04069005697965622
1732437728767323397,0.04069005697965622
1732437728767323397,0.04069005697965622
1732437728777575219,0.04069005697965622
1732437728777575219,0.04069005697965622
1732437728787715021,0.04069005697965622
1732437728787715021,0.04069005697965622
1732437728797905860,0.04069005697965622
1732437728797905860,0.04069005697965622
1732437728808566268,0.04069005697965622
1732437728808566268,0.04069005697965622
1732437728819096205,0.04069005697965622
1732437728819096205,0.04069005697965622
1732437728829283686,0.04069005697965622
1732437728829283686,0.04069005697965622
1732437728839665539,0.04069005697965622
1732437728839665539,0.04069005697965622
1732437728849797918,0.03904333710670471
1732437728849797918,0.03904333710670471
1732437728859954783,0.03904333710670471
1732437728859954783,0.03904333710670471
1732437728870606636,0.03904333710670471
1732437728870606636,0.03904333710670471
1732437728881168221,0.03904333710670471
1732437728881168221,0.03904333710670471
1732437728891656761,0.03904333710670471
1732437728891656761,0.03904333710670471
1732437728902132373,0.03904333710670471
1732437728902132373,0.03904333710670471
1732437728912493330,0.03904333710670471
1732437728912493330,0.03904333710670471
1732437728923091292,0.03904333710670471
1732437728923091292,0.03904333710670471
1732437728934890576,0.03904333710670471
1732437728934890576,0.03904333710670471
1732437728945565911,0.03769436106085777
1732437728945565911,0.03769436106085777
1732437728956122899,0.03769436106085777
1732437728956122899,0.03769436106085777
1732437728966541539,0.03769436106085777
1732437728966541539,0.03769436106085777
1732437728977077968,0.03769436106085777
1732437728977077968,0.03769436106085777
1732437728987259999,0.03769436106085777
1732437728987259999,0.03769436106085777
1732437728997500509,0.03769436106085777
1732437728997500509,0.03769436106085777
1732437729008442220,0.03769436106085777
1732437729008442220,0.03769436106085777
1732437729018756275,0.03769436106085777
1732437729018756275,0.03769436106085777
1732437729029299979,0.03769436106085777
1732437729029299979,0.03769436106085777
1732437729039564915,0.03769436106085777
1732437729039564915,0.03769436106085777
1732437729050020323,0.0375245101749897
1732437729050020323,0.0375245101749897
1732437729060892686,0.0375245101749897
1732437729060892686,0.0375245101749897
1732437729071518139,0.0375245101749897
1732437729071518139,0.0375245101749897
1732437729081781593,0.0375245101749897
1732437729081781593,0.0375245101749897
1732437729091876311,0.0375245101749897
1732437729091876311,0.0375245101749897
1732437729102501395,0.0375245101749897
1732437729102501395,0.0375245101749897
1732437729113175149,0.0375245101749897
1732437729113175149,0.0375245101749897
1732437729123806795,0.0375245101749897
1732437729123806795,0.0375245101749897
1732437729134371016,0.0375245101749897
1732437729134371016,0.0375245101749897
1732437729144530835,0.037707965821027756
1732437729144530835,0.037707965821027756
1732437729154678494,0.037707965821027756
1732437729154678494,0.037707965821027756
1732437729164829928,0.037707965821027756
1732437729164829928,0.037707965821027756
1732437729175124669,0.037707965821027756
1732437729175124669,0.037707965821027756
1732437729185419641,0.037707965821027756
1732437729185419641,0.037707965821027756
1732437729195678173,0.037707965821027756
1732437729195678173,0.037707965821027756
1732437729206201829,0.037707965821027756
1732437729206201829,0.037707965821027756
1732437729216503839,0.037707965821027756
1732437729216503839,0.037707965821027756
1732437729226646060,0.037707965821027756
1732437729226646060,0.037707965821027756
1732437729237214749,0.037707965821027756
1732437729237214749,0.037707965821027756
1732437729247759463,0.04019951820373535
1732437729247759463,0.04019951820373535
1732437729258436554,0.04019951820373535
1732437729258436554,0.04019951820373535
1732437729268715555,0.04019951820373535
1732437729268715555,0.04019951820373535
1732437729278965192,0.04019951820373535
1732437729278965192,0.04019951820373535
1732437729289579915,0.04019951820373535
1732437729289579915,0.04019951820373535
1732437729299772307,0.04019951820373535
1732437729299772307,0.04019951820373535
1732437729310003129,0.04019951820373535
1732437729310003129,0.04019951820373535
1732437729320663178,0.04019951820373535
1732437729320663178,0.04019951820373535
1732437729330891462,0.04019951820373535
1732437729330891462,0.04019951820373535
1732437729341099215,0.04019951820373535
1732437729341099215,0.04019951820373535
1732437729445662720,0.03996919468045235
1732437729445662720,0.03996919468045235
1732437729455812388,0.03996919468045235
1732437729455812388,0.03996919468045235
1732437729466205003,0.03996919468045235
1732437729466205003,0.03996919468045235
1732437729476651726,0.03996919468045235
1732437729476651726,0.03996919468045235
1732437729487167843,0.03996919468045235
1732437729487167843,0.03996919468045235
1732437729497580306,0.03996919468045235
1732437729497580306,0.03996919468045235
1732437729507998044,0.03996919468045235
1732437729507998044,0.03996919468045235
1732437729518516220,0.03996919468045235
1732437729518516220,0.03996919468045235
1732437729528930383,0.03996919468045235
1732437729528930383,0.03996919468045235
1732437729539118675,0.03996919468045235
1732437729539118675,0.03996919468045235
1732437729549502893,0.04020318388938904
1732437729549502893,0.04020318388938904
1732437729559801569,0.04020318388938904
1732437729559801569,0.04020318388938904
1732437729570469133,0.04020318388938904
1732437729570469133,0.04020318388938904
1732437729581023614,0.04020318388938904
1732437729581023614,0.04020318388938904
1732437729591672482,0.04020318388938904
1732437729591672482,0.04020318388938904
1732437729603399840,0.04020318388938904
1732437729603399840,0.04020318388938904
1732437729613925139,0.04020318388938904
1732437729613925139,0.04020318388938904
1732437729624510549,0.04020318388938904
1732437729624510549,0.04020318388938904
1732437729635004740,0.04020318388938904
1732437729635004740,0.04020318388938904
1732437729645290805,0.041738953441381454
1732437729645290805,0.041738953441381454
1732437729655803810,0.041738953441381454
1732437729655803810,0.041738953441381454
1732437729666188859,0.041738953441381454
1732437729666188859,0.041738953441381454
1732437729688014834,0.041738953441381454
1732437729688014834,0.041738953441381454
1732437729688014834,0.041738953441381454
1732437729688014834,0.041738953441381454
1732437729698764648,0.041738953441381454
1732437729698764648,0.041738953441381454
1732437729709746505,0.041738953441381454
1732437729709746505,0.041738953441381454
1732437729720215499,0.041738953441381454
1732437729720215499,0.041738953441381454
1732437729730485333,0.041738953441381454
1732437729730485333,0.041738953441381454
1732437729740662877,0.041738953441381454
1732437729740662877,0.0395217090845108
1732437729750698806,0.0395217090845108
1732437729750698806,0.0395217090845108
1732437729760903801,0.0395217090845108
1732437729760903801,0.0395217090845108
1732437729947826542,0.03957690671086311
1732437729947826542,0.03957690671086311
1732437729958169524,0.03957690671086311
1732437729958169524,0.03957690671086311
1732437729968563006,0.03957690671086311
1732437729968563006,0.03957690671086311
1732437729978856856,0.03957690671086311
1732437729978856856,0.03957690671086311
1732437729989344985,0.03957690671086311
1732437729989344985,0.03957690671086311
1732437729999796697,0.03957690671086311
1732437729999796697,0.03957690671086311
1732437730011394236,0.03957690671086311
1732437730011394236,0.03957690671086311
1732437730021980887,0.03957690671086311
1732437730021980887,0.03957690671086311
1732437730032401813,0.03957690671086311
1732437730032401813,0.03957690671086311
1732437730042489280,0.03957690671086311
1732437730042489280,0.039257023483514786
1732437730052668134,0.039257023483514786
1732437730052668134,0.039257023483514786
1732437730147169383,0.03857143968343735
1732437730147169383,0.03857143968343735
1732437730157386128,0.03857143968343735
1732437730157386128,0.03857143968343735
1732437730167542813,0.03857143968343735
1732437730167542813,0.03857143968343735
1732437730177754491,0.03857143968343735
1732437730177754491,0.03857143968343735
1732437730187921202,0.03857143968343735
1732437730187921202,0.03857143968343735
1732437730198408170,0.03857143968343735
1732437730198408170,0.03857143968343735
1732437730209244227,0.03857143968343735
1732437730209244227,0.03857143968343735
1732437730219733296,0.03857143968343735
1732437730219733296,0.03857143968343735
1732437730230226706,0.03857143968343735
1732437730230226706,0.03857143968343735
1732437730240796829,0.03857143968343735
1732437730240796829,0.03791632875800133
1732437730251084776,0.03791632875800133
1732437730251084776,0.03791632875800133
1732437730261374518,0.03791632875800133
1732437730261374518,0.03791632875800133
1732437730272432546,0.03791632875800133
1732437730272432546,0.03791632875800133
1732437730282534298,0.03791632875800133
1732437730282534298,0.03791632875800133
1732437730293285486,0.03791632875800133
1732437730293285486,0.03791632875800133
1732437730303360359,0.03791632875800133
1732437730303360359,0.03791632875800133
1732437730314016089,0.03791632875800133
1732437730314016089,0.03791632875800133
1732437730324392598,0.03791632875800133
1732437730324392598,0.03791632875800133
1732437730334464400,0.03791632875800133
1732437730334464400,0.03791632875800133
1732437730344924698,0.0390753336250782
1732437730344924698,0.0390753336250782
1732437730355580137,0.0390753336250782
1732437730355580137,0.0390753336250782
1732437730450201958,0.03856298699975014
1732437730450201958,0.03856298699975014
1732437730460331553,0.03856298699975014
1732437730460331553,0.03856298699975014
1732437730470807480,0.03856298699975014
1732437730470807480,0.03856298699975014
1732437730481064411,0.03856298699975014
1732437730481064411,0.03856298699975014
1732437730491414113,0.03856298699975014
1732437730491414113,0.03856298699975014
1732437730501757906,0.03856298699975014
1732437730501757906,0.03856298699975014
1732437730512320453,0.03856298699975014
1732437730512320453,0.03856298699975014
1732437730522660267,0.03856298699975014
1732437730522660267,0.03856298699975014
1732437730533491130,0.03856298699975014
1732437730533491130,0.03856298699975014
1732437730543724921,0.037728484719991684
1732437730543724921,0.037728484719991684
1732437730553899979,0.037728484719991684
1732437730553899979,0.037728484719991684
1732437730564490540,0.037728484719991684
1732437730564490540,0.037728484719991684
1732437730575153554,0.037728484719991684
1732437730575153554,0.037728484719991684
1732437730585747836,0.037728484719991684
1732437730585747836,0.037728484719991684
1732437730596144791,0.037728484719991684
1732437730596144791,0.037728484719991684
1732437730606479255,0.037728484719991684
1732437730606479255,0.037728484719991684
1732437730616944532,0.037728484719991684
1732437730616944532,0.037728484719991684
1732437730627257476,0.037728484719991684
1732437730627257476,0.037728484719991684
1732437730637798825,0.037728484719991684
1732437730637798825,0.037728484719991684
1732437730648209597,0.039927590638399124
1732437730648209597,0.039927590638399124
1732437730658710725,0.039927590638399124
1732437730658710725,0.039927590638399124
1732437730669210236,0.039927590638399124
1732437730669210236,0.039927590638399124
1732437730679447960,0.039927590638399124
1732437730679447960,0.039927590638399124
1732437730689847266,0.039927590638399124
1732437730689847266,0.039927590638399124
1732437730700079712,0.039927590638399124
1732437730700079712,0.039927590638399124
1732437730710411490,0.039927590638399124
1732437730710411490,0.039927590638399124
1732437730721213873,0.039927590638399124
1732437730721213873,0.039927590638399124
1732437730731373574,0.039927590638399124
1732437730731373574,0.039927590638399124
1732437730742030307,0.039927590638399124
1732437730742030307,0.03925562649965286
1732437730754952292,0.03925562649965286
1732437730754952292,0.03925562649965286
1732437730849818105,0.039403244853019714
1732437730849818105,0.039403244853019714
1732437730860470170,0.039403244853019714
1732437730860470170,0.039403244853019714
1732437730870924146,0.039403244853019714
1732437730870924146,0.039403244853019714
1732437730881414078,0.039403244853019714
1732437730881414078,0.039403244853019714
1732437730891897690,0.039403244853019714
1732437730891897690,0.039403244853019714
1732437730902464266,0.039403244853019714
1732437730902464266,0.039403244853019714
1732437730912683435,0.039403244853019714
1732437730912683435,0.039403244853019714
1732437730923123907,0.039403244853019714
1732437730923123907,0.039403244853019714
1732437730933590638,0.039403244853019714
1732437730933590638,0.039403244853019714
1732437730943887992,0.04066670313477516
1732437730943887992,0.04066670313477516
1732437730954037754,0.04066670313477516
1732437730954037754,0.04066670313477516
1732437730964314042,0.04066670313477516
1732437730964314042,0.04066670313477516
1732437730974429989,0.04066670313477516
1732437730974429989,0.04066670313477516
1732437730984966807,0.04066670313477516
1732437730984966807,0.04066670313477516
1732437730995335479,0.04066670313477516
1732437730995335479,0.04066670313477516
1732437731005844587,0.04066670313477516
1732437731005844587,0.04066670313477516
1732437731016401745,0.04066670313477516
1732437731016401745,0.04066670313477516
1732437731026867029,0.04066670313477516
1732437731026867029,0.04066670313477516
1732437731037302816,0.04066670313477516
1732437731037302816,0.04066670313477516
1732437731048064894,0.0409640297293663
1732437731048064894,0.0409640297293663
1732437731058490346,0.0409640297293663
1732437731058490346,0.0409640297293663
1732437731141358282,0.04366600885987282
1732437731151894051,0.04366600885987282
1732437731151894051,0.04366600885987282
1732437731162171999,0.04366600885987282
1732437731162171999,0.04366600885987282
1732437731172513296,0.04366600885987282
1732437731172513296,0.04366600885987282
1732437731182634516,0.04366600885987282
1732437731182634516,0.04366600885987282
1732437731192949655,0.04366600885987282
1732437731192949655,0.04366600885987282
1732437731203512374,0.04366600885987282
1732437731203512374,0.04366600885987282
1732437731214176579,0.04366600885987282
1732437731214176579,0.04366600885987282
1732437731224667745,0.04366600885987282
1732437731224667745,0.04366600885987282
1732437731234951255,0.04366600885987282
1732437731234951255,0.04366600885987282
1732437731245145260,0.04267597198486328
1732437731245145260,0.04267597198486328
1732437731255740870,0.04267597198486328
1732437731255740870,0.04267597198486328
1732437731266179156,0.04267597198486328
1732437731266179156,0.04267597198486328
1732437731276459460,0.04267597198486328
1732437731276459460,0.04267597198486328
1732437731287058333,0.04267597198486328
1732437731287058333,0.04267597198486328
1732437731297225751,0.04267597198486328
1732437731297225751,0.04267597198486328
1732437731307339577,0.04267597198486328
1732437731307339577,0.04267597198486328
1732437731317699307,0.04267597198486328
1732437731317699307,0.04267597198486328
1732437731328368764,0.04267597198486328
1732437731328368764,0.04267597198486328
1732437731338588165,0.04267597198486328
1732437731338588165,0.04267597198486328
1732437731349190093,0.04475969448685646
1732437731349190093,0.04475969448685646
1732437731359404736,0.04475969448685646
1732437731359404736,0.04475969448685646
1732437731443644218,0.04609789326786995
1732437731443644218,0.04609789326786995
1732437731453779133,0.04609789326786995
1732437731453779133,0.04609789326786995
1732437731464396513,0.04609789326786995
1732437731464396513,0.04609789326786995
1732437731474469100,0.04609789326786995
1732437731474469100,0.04609789326786995
1732437731484801692,0.04609789326786995
1732437731484801692,0.04609789326786995
1732437731495175276,0.04609789326786995
1732437731495175276,0.04609789326786995
1732437731505685981,0.04609789326786995
1732437731505685981,0.04609789326786995
1732437731517200927,0.04609789326786995
1732437731517200927,0.04609789326786995
1732437731527761140,0.04609789326786995
1732437731527761140,0.04609789326786995
1732437731538036966,0.04609789326786995
1732437731538036966,0.04609789326786995
1732437731548243403,0.044803179800510406
1732437731548243403,0.044803179800510406
1732437731559231832,0.044803179800510406
1732437731559231832,0.044803179800510406
1732437731569393755,0.044803179800510406
1732437731569393755,0.044803179800510406
1732437731580032765,0.044803179800510406
1732437731580032765,0.044803179800510406
1732437731590610852,0.044803179800510406
1732437731590610852,0.044803179800510406
1732437731601013203,0.044803179800510406
1732437731601013203,0.044803179800510406
1732437731611220132,0.044803179800510406
1732437731611220132,0.044803179800510406
1732437731621585753,0.044803179800510406
1732437731621585753,0.044803179800510406
1732437731631938913,0.044803179800510406
1732437731631938913,0.044803179800510406
1732437731642326042,0.044803179800510406
1732437731642326042,0.044803179800510406
1732437731653420571,0.04304911196231842
1732437731653420571,0.04304911196231842
1732437731663861683,0.04304911196231842
1732437731663861683,0.04304911196231842
1732437731674333352,0.04304911196231842
1732437731674333352,0.04304911196231842
1732437731684613055,0.04304911196231842
1732437731684613055,0.04304911196231842
1732437731695131682,0.04304911196231842
1732437731695131682,0.04304911196231842
1732437731705654196,0.04304911196231842
1732437731705654196,0.04304911196231842
1732437731715860013,0.04304911196231842
1732437731715860013,0.04304911196231842
1732437731726401941,0.04304911196231842
1732437731726401941,0.04304911196231842
1732437731737006267,0.04304911196231842
1732437731737006267,0.04304911196231842
1732437731747403628,0.04493644833564758
1732437731747403628,0.04493644833564758
1732437731758389913,0.04493644833564758
1732437731758389913,0.04493644833564758
1732437731768680558,0.04493644833564758
1732437731768680558,0.04493644833564758
1732437731778791846,0.04493644833564758
1732437731778791846,0.04493644833564758
1732437731789349722,0.04493644833564758
1732437731789349722,0.04493644833564758
1732437731799710730,0.04493644833564758
1732437731799710730,0.04493644833564758
1732437731810221222,0.04493644833564758
1732437731810221222,0.04493644833564758
1732437731820568030,0.04493644833564758
1732437731820568030,0.04493644833564758
1732437731830801526,0.04493644833564758
1732437731830801526,0.04493644833564758
1732437731841080919,0.04493644833564758
1732437731841080919,0.04493644833564758
1732437731851441883,0.04620426520705223
1732437731851441883,0.04620426520705223
1732437731862033525,0.04620426520705223
1732437731862033525,0.04620426520705223
1732437731872172066,0.04620426520705223
1732437731872172066,0.04620426520705223
1732437731882429067,0.04620426520705223
1732437731882429067,0.04620426520705223
1732437731892594317,0.04620426520705223
1732437731892594317,0.04620426520705223
1732437731903031613,0.04620426520705223
1732437731903031613,0.04620426520705223
1732437731913385063,0.04620426520705223
1732437731913385063,0.04620426520705223
1732437731923989189,0.04620426520705223
1732437731923989189,0.04620426520705223
1732437731934610264,0.04620426520705223
1732437731934610264,0.04620426520705223
1732437731945180948,0.04319854453206062
1732437731945180948,0.04319854453206062
1732437731955743867,0.04319854453206062
1732437731955743867,0.04319854453206062
1732437731966304291,0.04319854453206062
1732437731966304291,0.04319854453206062
1732437731976878761,0.04319854453206062
1732437731976878761,0.04319854453206062
1732437731987096378,0.04319854453206062
1732437731987096378,0.04319854453206062
1732437731997683622,0.04319854453206062
1732437731997683622,0.04319854453206062
1732437732007777761,0.04319854453206062
1732437732007777761,0.04319854453206062
1732437732017873303,0.04319854453206062
1732437732017873303,0.04319854453206062
1732437732030958292,0.04319854453206062
1732437732030958292,0.04319854453206062
1732437732041121609,0.04319854453206062
1732437732041121609,0.04319854453206062
1732437732051353494,0.04538637399673462
1732437732051353494,0.04538637399673462
1732437732061857342,0.04538637399673462
1732437732061857342,0.04538637399673462
1732437732145497322,0.04801180213689804
1732437732145497322,0.04801180213689804
1732437732156275761,0.04801180213689804
1732437732156275761,0.04801180213689804
1732437732166887390,0.04801180213689804
1732437732166887390,0.04801180213689804
1732437732177000684,0.04801180213689804
1732437732177000684,0.04801180213689804
1732437732187480678,0.04801180213689804
1732437732187480678,0.04801180213689804
1732437732197830061,0.04801180213689804
1732437732197830061,0.04801180213689804
1732437732208207015,0.04801180213689804
1732437732208207015,0.04801180213689804
1732437732218749746,0.04801180213689804
1732437732218749746,0.04801180213689804
1732437732229091565,0.04801180213689804
1732437732229091565,0.04801180213689804
1732437732239656979,0.04801180213689804
1732437732239656979,0.04801180213689804
1732437732249847457,0.056070245802402496
1732437732249847457,0.056070245802402496
1732437732260489042,0.056070245802402496
1732437732260489042,0.056070245802402496
1732437732270949230,0.056070245802402496
1732437732270949230,0.056070245802402496
1732437732281218564,0.056070245802402496
1732437732281218564,0.056070245802402496
1732437732291566151,0.056070245802402496
1732437732291566151,0.056070245802402496
1732437732301775014,0.056070245802402496
1732437732301775014,0.056070245802402496
1732437732312201109,0.056070245802402496
1732437732312201109,0.056070245802402496
1732437732322611455,0.056070245802402496
1732437732322611455,0.056070245802402496
1732437732333037670,0.056070245802402496
1732437732333037670,0.056070245802402496
1732437732343503759,0.05321821570396423
1732437732343503759,0.05321821570396423
1732437732353659453,0.05321821570396423
1732437732353659453,0.05321821570396423
1732437732363834382,0.05321821570396423
1732437732363834382,0.05321821570396423
1732437732374083599,0.05321821570396423
1732437732374083599,0.05321821570396423
1732437732384309002,0.05321821570396423
1732437732384309002,0.05321821570396423
1732437732394608683,0.05321821570396423
1732437732394608683,0.05321821570396423
1732437732404783280,0.05321821570396423
1732437732404783280,0.05321821570396423
1732437732415510129,0.05321821570396423
1732437732415510129,0.05321821570396423
1732437732426270929,0.05321821570396423
1732437732426270929,0.05321821570396423
1732437732436912814,0.05321821570396423
1732437732436912814,0.05321821570396423
1732437732447020448,0.05212130397558212
1732437732447020448,0.05212130397558212
1732437732457278181,0.05212130397558212
1732437732457278181,0.05212130397558212
1732437732467320254,0.05212130397558212
1732437732467320254,0.05212130397558212
1732437732477640893,0.05212130397558212
1732437732477640893,0.05212130397558212
1732437732488271167,0.05212130397558212
1732437732488271167,0.05212130397558212
1732437732498471844,0.05212130397558212
1732437732498471844,0.05212130397558212
1732437732508738313,0.05212130397558212
1732437732508738313,0.05212130397558212
1732437732518768692,0.05212130397558212
1732437732518768692,0.05212130397558212
1732437732529510112,0.05212130397558212
1732437732529510112,0.05212130397558212
1732437732540155705,0.05212130397558212
1732437732540155705,0.05212130397558212
1732437732554759611,0.04864443093538284
1732437732554759611,0.04864443093538284
1732437732564914473,0.04864443093538284
1732437732564914473,0.04864443093538284
1732437732575890348,0.04864443093538284
1732437732575890348,0.04864443093538284
1732437732586069625,0.04864443093538284
1732437732586069625,0.04864443093538284
1732437732596540153,0.04864443093538284
1732437732596540153,0.04864443093538284
1732437732606894124,0.04864443093538284
1732437732606894124,0.04864443093538284
1732437732617156536,0.04864443093538284
1732437732617156536,0.04864443093538284
1732437732627281001,0.04864443093538284
1732437732627281001,0.04864443093538284
1732437732637368787,0.04864443093538284
1732437732637368787,0.04864443093538284
1732437732647679038,0.05043821036815643
1732437732647679038,0.05043821036815643
1732437732657895654,0.05043821036815643
1732437732657895654,0.05043821036815643
1732437732668108743,0.05043821036815643
1732437732668108743,0.05043821036815643
1732437732678241665,0.05043821036815643
1732437732678241665,0.05043821036815643
1732437732688962747,0.05043821036815643
1732437732688962747,0.05043821036815643
1732437732699311379,0.05043821036815643
1732437732699311379,0.05043821036815643
1732437732709517115,0.05043821036815643
1732437732709517115,0.05043821036815643
1732437732719803501,0.05043821036815643
1732437732719803501,0.05043821036815643
1732437732730214187,0.05043821036815643
1732437732730214187,0.05043821036815643
1732437732740671019,0.05043821036815643
1732437732740671019,0.05043821036815643
1732437732751262045,0.05342375487089157
1732437732751262045,0.05342375487089157
1732437732762176055,0.05342375487089157
1732437732762176055,0.05342375487089157
1732437732772504850,0.05342375487089157
1732437732772504850,0.05342375487089157
1732437732782810685,0.05342375487089157
1732437732782810685,0.05342375487089157
1732437732793372182,0.05342375487089157
1732437732793372182,0.05342375487089157
1732437732803623172,0.05342375487089157
1732437732803623172,0.05342375487089157
1732437732814094361,0.05342375487089157
1732437732814094361,0.05342375487089157
1732437732824710439,0.05342375487089157
1732437732824710439,0.05342375487089157
1732437732834884776,0.05342375487089157
1732437732834884776,0.05342375487089157
1732437732845203469,0.05215483903884888
1732437732845203469,0.05215483903884888
1732437732855819299,0.05215483903884888
1732437732855819299,0.05215483903884888
1732437732866057975,0.05215483903884888
1732437732866057975,0.05215483903884888
1732437732876178032,0.05215483903884888
1732437732876178032,0.05215483903884888
1732437732886437288,0.05215483903884888
1732437732886437288,0.05215483903884888
1732437732897114068,0.05215483903884888
1732437732897114068,0.05215483903884888
1732437732907298044,0.05215483903884888
1732437732907298044,0.05215483903884888
1732437732917952783,0.05215483903884888
1732437732917952783,0.05215483903884888
1732437732929935927,0.05215483903884888
1732437732929935927,0.05215483903884888
1732437732940222203,0.05215483903884888
1732437732940222203,0.05215483903884888
1732437732950636416,0.05670926719903946
1732437732950636416,0.05670926719903946
1732437732960727129,0.05670926719903946
1732437732960727129,0.05670926719903946
1732437732971896764,0.05670926719903946
1732437732971896764,0.05670926719903946
1732437732982431228,0.05670926719903946
1732437732982431228,0.05670926719903946
1732437732992595938,0.05670926719903946
1732437732992595938,0.05670926719903946
1732437733003070082,0.05670926719903946
1732437733003070082,0.05670926719903946
1732437733013243851,0.05670926719903946
1732437733013243851,0.05670926719903946
1732437733023650590,0.05670926719903946
1732437733023650590,0.05670926719903946
1732437733033982831,0.05670926719903946
1732437733033982831,0.05670926719903946
1732437733044387757,0.057519614696502686
1732437733044387757,0.057519614696502686
1732437733054996231,0.057519614696502686
1732437733054996231,0.057519614696502686
1732437733065496794,0.057519614696502686
1732437733065496794,0.057519614696502686
1732437733075587948,0.057519614696502686
1732437733075587948,0.057519614696502686
1732437733085898999,0.057519614696502686
1732437733085898999,0.057519614696502686
1732437733096139330,0.057519614696502686
1732437733096139330,0.057519614696502686
1732437733106277141,0.057519614696502686
1732437733106277141,0.057519614696502686
1732437733116564798,0.057519614696502686
1732437733116564798,0.057519614696502686
1732437733126827447,0.057519614696502686
1732437733126827447,0.057519614696502686
1732437733137239579,0.057519614696502686
1732437733137239579,0.057519614696502686
1732437733147609090,0.054521091282367706
1732437733147609090,0.054521091282367706
1732437733157813125,0.054521091282367706
1732437733157813125,0.054521091282367706
1732437733169110196,0.054521091282367706
1732437733169110196,0.054521091282367706
1732437733179498020,0.054521091282367706
1732437733179498020,0.054521091282367706
1732437733189709747,0.054521091282367706
1732437733189709747,0.054521091282367706
1732437733199950939,0.054521091282367706
1732437733199950939,0.054521091282367706
1732437733210790451,0.054521091282367706
1732437733210790451,0.054521091282367706
1732437733221350936,0.054521091282367706
1732437733221350936,0.054521091282367706
1732437733231772182,0.054521091282367706
1732437733231772182,0.054521091282367706
1732437733242019492,0.054521091282367706
1732437733242019492,0.054521091282367706
1732437733242019492,0.052735187113285065
1732437733254825824,0.052735187113285065
1732437733265525600,0.052735187113285065
1732437733265525600,0.052735187113285065
1732437733276025689,0.052735187113285065
1732437733276025689,0.052735187113285065
1732437733286358655,0.052735187113285065
1732437733286358655,0.052735187113285065
1732437733297039322,0.052735187113285065
1732437733297039322,0.052735187113285065
1732437733307992976,0.052735187113285065
1732437733307992976,0.052735187113285065
1732437733318430443,0.052735187113285065
1732437733318430443,0.052735187113285065
1732437733328929784,0.052735187113285065
1732437733328929784,0.052735187113285065
1732437733339444053,0.052735187113285065
1732437733339444053,0.052735187113285065
1732437733349972627,0.051487501710653305
1732437733349972627,0.051487501710653305
1732437733360037984,0.051487501710653305
1732437733360037984,0.051487501710653305
1732437733370404237,0.051487501710653305
1732437733370404237,0.051487501710653305
1732437733381167799,0.051487501710653305
1732437733381167799,0.051487501710653305
1732437733391862031,0.051487501710653305
1732437733391862031,0.051487501710653305
1732437733402247210,0.051487501710653305
1732437733402247210,0.051487501710653305
1732437733412931444,0.051487501710653305
1732437733412931444,0.051487501710653305
1732437733423138453,0.051487501710653305
1732437733423138453,0.051487501710653305
1732437733433688839,0.051487501710653305
1732437733433688839,0.051487501710653305
1732437733443986085,0.05017439275979996
1732437733443986085,0.05017439275979996
1732437733454218401,0.05017439275979996
1732437733454218401,0.05017439275979996
1732437733464576920,0.05017439275979996
1732437733464576920,0.05017439275979996
1732437733474799565,0.05017439275979996
1732437733474799565,0.05017439275979996
1732437733485404876,0.05017439275979996
1732437733485404876,0.05017439275979996
1732437733495997711,0.05017439275979996
1732437733495997711,0.05017439275979996
1732437733506414054,0.05017439275979996
1732437733506414054,0.05017439275979996
1732437733517168451,0.05017439275979996
1732437733517168451,0.05017439275979996
1732437733527644289,0.05017439275979996
1732437733527644289,0.05017439275979996
1732437733537827704,0.05017439275979996
1732437733537827704,0.05017439275979996
1732437733548502838,0.057164717465639114
1732437733548502838,0.057164717465639114
1732437733559090786,0.057164717465639114
1732437733559090786,0.057164717465639114
1732437733569675696,0.057164717465639114
1732437733569675696,0.057164717465639114
1732437733580468872,0.057164717465639114
1732437733580468872,0.057164717465639114
1732437733590959968,0.057164717465639114
1732437733590959968,0.057164717465639114
1732437733601235023,0.057164717465639114
1732437733601235023,0.057164717465639114
1732437733613197529,0.057164717465639114
1732437733613197529,0.057164717465639114
1732437733623468035,0.057164717465639114
1732437733623468035,0.057164717465639114
1732437733633951397,0.057164717465639114
1732437733633951397,0.057164717465639114
1732437733644307712,0.05298932269215584
1732437733644307712,0.05298932269215584
1732437733654876755,0.05298932269215584
1732437733654876755,0.05298932269215584
1732437733665275876,0.05298932269215584
1732437733665275876,0.05298932269215584
1732437733675453254,0.05298932269215584
1732437733675453254,0.05298932269215584
1732437733685859932,0.05298932269215584
1732437733685859932,0.05298932269215584
1732437733696536633,0.05298932269215584
1732437733696536633,0.05298932269215584
1732437733707238917,0.05298932269215584
1732437733707238917,0.05298932269215584
1732437733717500951,0.05298932269215584
1732437733717500951,0.05298932269215584
1732437733728501362,0.05298932269215584
1732437733728501362,0.05298932269215584
1732437733738760207,0.05298932269215584
1732437733738760207,0.05298932269215584
1732437733738760207,0.05882753059267998
1732437733738760207,0.05882753059267998
1732437733759329692,0.05882753059267998
1732437733759329692,0.05882753059267998
1732437733769797174,0.05882753059267998
1732437733769797174,0.05882753059267998
1732437733780219849,0.05882753059267998
1732437733780219849,0.05882753059267998
1732437733790711159,0.05882753059267998
1732437733790711159,0.05882753059267998
1732437733801301185,0.05882753059267998
1732437733801301185,0.05882753059267998
1732437733811428168,0.05882753059267998
1732437733811428168,0.05882753059267998
1732437733821922249,0.05882753059267998
1732437733821922249,0.05882753059267998
1732437733833062741,0.05882753059267998
1732437733833062741,0.05882753059267998
1732437733843326163,0.05401138216257095
1732437733843326163,0.05401138216257095
1732437733853761877,0.05401138216257095
1732437733853761877,0.05401138216257095
1732437733864068497,0.05401138216257095
1732437733864068497,0.05401138216257095
1732437733874540320,0.05401138216257095
1732437733874540320,0.05401138216257095
1732437733884973128,0.05401138216257095
1732437733884973128,0.05401138216257095
1732437733895318613,0.05401138216257095
1732437733895318613,0.05401138216257095
1732437733905782538,0.05401138216257095
1732437733905782538,0.05401138216257095
1732437733916377807,0.05401138216257095
1732437733916377807,0.05401138216257095
1732437733929314771,0.05401138216257095
1732437733929314771,0.05401138216257095
1732437733939711883,0.05401138216257095
1732437733939711883,0.05401138216257095
1732437733949901709,0.06194768100976944
1732437733949901709,0.06194768100976944
1732437733960042535,0.06194768100976944
1732437733960042535,0.06194768100976944
1732437733970431842,0.06194768100976944
1732437733970431842,0.06194768100976944
1732437733980528927,0.06194768100976944
1732437733980528927,0.06194768100976944
1732437733990874883,0.06194768100976944
1732437733990874883,0.06194768100976944
1732437734001057116,0.06194768100976944
1732437734001057116,0.06194768100976944
1732437734011360163,0.06194768100976944
1732437734011360163,0.06194768100976944
1732437734021995903,0.06194768100976944
1732437734021995903,0.06194768100976944
1732437734032586409,0.06194768100976944
1732437734032586409,0.06194768100976944
1732437734042851005,0.057049550116062164
1732437734042851005,0.057049550116062164
1732437734053166094,0.057049550116062164
1732437734053166094,0.057049550116062164
1732437734063614781,0.057049550116062164
1732437734063614781,0.057049550116062164
1732437734074107659,0.057049550116062164
1732437734074107659,0.057049550116062164
1732437734084580471,0.057049550116062164
1732437734084580471,0.057049550116062164
1732437734094863431,0.057049550116062164
1732437734094863431,0.057049550116062164
1732437734105172329,0.057049550116062164
1732437734105172329,0.057049550116062164
1732437734115442216,0.057049550116062164
1732437734115442216,0.057049550116062164
1732437734125740264,0.057049550116062164
1732437734125740264,0.057049550116062164
1732437734136081240,0.057049550116062164
1732437734136081240,0.057049550116062164
1732437734146471295,0.05426427721977234
1732437734146471295,0.05426427721977234
1732437734156934303,0.05426427721977234
1732437734156934303,0.05426427721977234
1732437734167667467,0.05426427721977234
1732437734167667467,0.05426427721977234
1732437734177862443,0.05426427721977234
1732437734177862443,0.05426427721977234
1732437734188040279,0.05426427721977234
1732437734188040279,0.05426427721977234
1732437734198151521,0.05426427721977234
1732437734198151521,0.05426427721977234
1732437734208625044,0.05426427721977234
1732437734208625044,0.05426427721977234
1732437734218696983,0.05426427721977234
1732437734218696983,0.05426427721977234
1732437734229072283,0.05426427721977234
1732437734229072283,0.05426427721977234
1732437734239331068,0.05426427721977234
1732437734239331068,0.05426427721977234
1732437734252157537,0.061141639947891235
1732437734252157537,0.061141639947891235
1732437734262539981,0.061141639947891235
1732437734262539981,0.061141639947891235
1732437734272832360,0.061141639947891235
1732437734272832360,0.061141639947891235
1732437734283349092,0.061141639947891235
1732437734283349092,0.061141639947891235
1732437734294254147,0.061141639947891235
1732437734294254147,0.061141639947891235
1732437734304455925,0.061141639947891235
1732437734304455925,0.061141639947891235
1732437734314543683,0.061141639947891235
1732437734314543683,0.061141639947891235
1732437734325035801,0.061141639947891235
1732437734325035801,0.061141639947891235
1732437734335539630,0.061141639947891235
1732437734335539630,0.061141639947891235
1732437734345856554,0.06159323826432228
1732437734345856554,0.06159323826432228
1732437734356206064,0.06159323826432228
1732437734356206064,0.06159323826432228
1732437734366932119,0.06159323826432228
1732437734366932119,0.06159323826432228
1732437734377362853,0.06159323826432228
1732437734377362853,0.06159323826432228
1732437734387607361,0.06159323826432228
1732437734387607361,0.06159323826432228
1732437734397806475,0.06159323826432228
1732437734397806475,0.06159323826432228
1732437734408285549,0.06159323826432228
1732437734408285549,0.06159323826432228
1732437734419200601,0.06159323826432228
1732437734419200601,0.06159323826432228
1732437734430465214,0.06159323826432228
1732437734430465214,0.06159323826432228
1732437734440693041,0.06159323826432228
1732437734440693041,0.06159323826432228
1732437734450782551,0.06547418981790543
1732437734450782551,0.06547418981790543
1732437734461400532,0.06547418981790543
1732437734461400532,0.06547418981790543
1732437734471942874,0.06547418981790543
1732437734471942874,0.06547418981790543
1732437734482222476,0.06547418981790543
1732437734482222476,0.06547418981790543
1732437734492655634,0.06547418981790543
1732437734492655634,0.06547418981790543
1732437734503368092,0.06547418981790543
1732437734503368092,0.06547418981790543
1732437734513838060,0.06547418981790543
1732437734513838060,0.06547418981790543
1732437734524207750,0.06547418981790543
1732437734524207750,0.06547418981790543
1732437734534955882,0.06547418981790543
1732437734534955882,0.06547418981790543
1732437734545365126,0.05981801450252533
1732437734545365126,0.05981801450252533
1732437734555730870,0.05981801450252533
1732437734555730870,0.05981801450252533
1732437734566246582,0.05981801450252533
1732437734566246582,0.05981801450252533
1732437734576448211,0.05981801450252533
1732437734576448211,0.05981801450252533
1732437734586629674,0.05981801450252533
1732437734586629674,0.05981801450252533
1732437734597265738,0.05981801450252533
1732437734597265738,0.05981801450252533
1732437734607577731,0.05981801450252533
1732437734607577731,0.05981801450252533
1732437734617686037,0.05981801450252533
1732437734617686037,0.05981801450252533
1732437734628107453,0.05981801450252533
1732437734628107453,0.05981801450252533
1732437734638435506,0.05981801450252533
1732437734638435506,0.05981801450252533
1732437734648808469,0.06491176038980484
1732437734648808469,0.06491176038980484
1732437734659301232,0.06491176038980484
1732437734659301232,0.06491176038980484
1732437734669796006,0.06491176038980484
1732437734669796006,0.06491176038980484
1732437734680342404,0.06491176038980484
1732437734680342404,0.06491176038980484
1732437734690603884,0.06491176038980484
1732437734690603884,0.06491176038980484
1732437734701045749,0.06491176038980484
1732437734701045749,0.06491176038980484
1732437734711684298,0.06491176038980484
1732437734711684298,0.06491176038980484
1732437734722078875,0.06491176038980484
1732437734722078875,0.06491176038980484
1732437734733616623,0.06491176038980484
1732437734733616623,0.06491176038980484
1732437734744781630,0.06140701100230217
1732437734744781630,0.06140701100230217
1732437734755246958,0.06140701100230217
1732437734755246958,0.06140701100230217
1732437734765847487,0.06140701100230217
1732437734765847487,0.06140701100230217
1732437734776294722,0.06140701100230217
1732437734776294722,0.06140701100230217
1732437734786741555,0.06140701100230217
1732437734786741555,0.06140701100230217
1732437734796993407,0.06140701100230217
1732437734796993407,0.06140701100230217
1732437734807489221,0.06140701100230217
1732437734807489221,0.06140701100230217
1732437734817994945,0.06140701100230217
1732437734817994945,0.06140701100230217
1732437734828184161,0.06140701100230217
1732437734828184161,0.06140701100230217
1732437734838836182,0.06140701100230217
1732437734838836182,0.06140701100230217
1732437734849179327,0.06543120741844177
1732437734849179327,0.06543120741844177
1732437734859497161,0.06543120741844177
1732437734859497161,0.06543120741844177
1732437734869917335,0.06543120741844177
1732437734869917335,0.06543120741844177
1732437734880252298,0.06543120741844177
1732437734880252298,0.06543120741844177
1732437734890438752,0.06543120741844177
1732437734890438752,0.06543120741844177
1732437734900931903,0.06543120741844177
1732437734900931903,0.06543120741844177
1732437734911932525,0.06543120741844177
1732437734911932525,0.06543120741844177
1732437734922078320,0.06543120741844177
1732437734922078320,0.06543120741844177
1732437734932558862,0.06543120741844177
1732437734932558862,0.06543120741844177
1732437734942855230,0.06107074022293091
1732437734942855230,0.06107074022293091
1732437734955932905,0.06107074022293091
1732437734955932905,0.06107074022293091
1732437734967560065,0.06107074022293091
1732437734967560065,0.06107074022293091
1732437734977631584,0.06107074022293091
1732437734977631584,0.06107074022293091
1732437734987776131,0.06107074022293091
1732437734987776131,0.06107074022293091
1732437734998084798,0.06107074022293091
1732437734998084798,0.06107074022293091
1732437735008754706,0.06107074022293091
1732437735008754706,0.06107074022293091
1732437735019273592,0.06107074022293091
1732437735019273592,0.06107074022293091
1732437735029562043,0.06107074022293091
1732437735029562043,0.06107074022293091
1732437735039845986,0.06107074022293091
1732437735039845986,0.06107074022293091
1732437735050233038,0.06427643448114395
1732437735050233038,0.06427643448114395
1732437735060375784,0.06427643448114395
1732437735060375784,0.06427643448114395
1732437735070566306,0.06427643448114395
1732437735070566306,0.06427643448114395
1732437735081290486,0.06427643448114395
1732437735081290486,0.06427643448114395
1732437735091903949,0.06427643448114395
1732437735091903949,0.06427643448114395
1732437735102275368,0.06427643448114395
1732437735102275368,0.06427643448114395
1732437735115235098,0.06427643448114395
1732437735115235098,0.06427643448114395
1732437735125951794,0.06427643448114395
1732437735125951794,0.06427643448114395
1732437735136399606,0.06427643448114395
1732437735136399606,0.06427643448114395
1732437735146894883,0.06570656597614288
1732437735146894883,0.06570656597614288
1732437735157329804,0.06570656597614288
1732437735157329804,0.06570656597614288
1732437735167762364,0.06570656597614288
1732437735167762364,0.06570656597614288
1732437735177908589,0.06570656597614288
1732437735177908589,0.06570656597614288
1732437735188225903,0.06570656597614288
1732437735188225903,0.06570656597614288
1732437735198689317,0.06570656597614288
1732437735198689317,0.06570656597614288
1732437735209203447,0.06570656597614288
1732437735209203447,0.06570656597614288
1732437735219365452,0.06570656597614288
1732437735219365452,0.06570656597614288
1732437735229825951,0.06570656597614288
1732437735229825951,0.06570656597614288
1732437735240849225,0.06570656597614288
1732437735240849225,0.06570656597614288
1732437735250988151,0.0622846856713295
1732437735250988151,0.0622846856713295
1732437735261231507,0.0622846856713295
1732437735261231507,0.0622846856713295
1732437735271473821,0.0622846856713295
1732437735271473821,0.0622846856713295
1732437735281799556,0.0622846856713295
1732437735281799556,0.0622846856713295
1732437735292452205,0.0622846856713295
1732437735292452205,0.0622846856713295
1732437735302536326,0.0622846856713295
1732437735302536326,0.0622846856713295
1732437735313185896,0.0622846856713295
1732437735313185896,0.0622846856713295
1732437735323347907,0.0622846856713295
1732437735323347907,0.0622846856713295
1732437735333873723,0.0622846856713295
1732437735333873723,0.0622846856713295
1732437735344131335,0.05966106429696083
1732437735354625106,0.05966106429696083
1732437735354625106,0.05966106429696083
1732437735354625106,0.05966106429696083
1732437735364824941,0.05966106429696083
1732437735364824941,0.05966106429696083
1732437735375201295,0.05966106429696083
1732437735375201295,0.05966106429696083
1732437735385238369,0.05966106429696083
1732437735385238369,0.05966106429696083
1732437735395688749,0.05966106429696083
1732437735395688749,0.05966106429696083
1732437735406204901,0.05966106429696083
1732437735406204901,0.05966106429696083
1732437735417877160,0.05966106429696083
1732437735417877160,0.05966106429696083
1732437735428247923,0.05966106429696083
1732437735428247923,0.05966106429696083
1732437735438980657,0.05966106429696083
1732437735438980657,0.05966106429696083
1732437735449500072,0.05614486336708069
1732437735449500072,0.05614486336708069
1732437735459966535,0.05614486336708069
1732437735459966535,0.05614486336708069
1732437735470503167,0.05614486336708069
1732437735470503167,0.05614486336708069
1732437735480984194,0.05614486336708069
1732437735480984194,0.05614486336708069
1732437735491445955,0.05614486336708069
1732437735491445955,0.05614486336708069
1732437735501620815,0.05614486336708069
1732437735501620815,0.05614486336708069
1732437735512291174,0.05614486336708069
1732437735512291174,0.05614486336708069
1732437735522720926,0.05614486336708069
1732437735522720926,0.05614486336708069
1732437735533401744,0.05614486336708069
1732437735533401744,0.05614486336708069
1732437735545496176,0.061826951801776886
1732437735545496176,0.061826951801776886
1732437735555882414,0.061826951801776886
1732437735555882414,0.061826951801776886
1732437735566181748,0.061826951801776886
1732437735566181748,0.061826951801776886
1732437735576794880,0.061826951801776886
1732437735576794880,0.061826951801776886
1732437735587273874,0.061826951801776886
1732437735587273874,0.061826951801776886
1732437735597487096,0.061826951801776886
1732437735597487096,0.061826951801776886
1732437735607949688,0.061826951801776886
1732437735607949688,0.061826951801776886
1732437735618348102,0.061826951801776886
1732437735618348102,0.061826951801776886
1732437735628734494,0.061826951801776886
1732437735628734494,0.061826951801776886
1732437735639233466,0.061826951801776886
1732437735639233466,0.061826951801776886
1732437735649876143,0.060353852808475494
1732437735649876143,0.060353852808475494
1732437735660147861,0.060353852808475494
1732437735660147861,0.060353852808475494
1732437735670455909,0.060353852808475494
1732437735670455909,0.060353852808475494
1732437735680713022,0.060353852808475494
1732437735680713022,0.060353852808475494
1732437735691225113,0.060353852808475494
1732437735691225113,0.060353852808475494
1732437735701378282,0.060353852808475494
1732437735701378282,0.060353852808475494
1732437735711620159,0.060353852808475494
1732437735711620159,0.060353852808475494
1732437735722108391,0.060353852808475494
1732437735722108391,0.060353852808475494
1732437735732490171,0.060353852808475494
1732437735732490171,0.060353852808475494
1732437735742710868,0.060353852808475494
1732437735742710868,0.060353852808475494
1732437735753286611,0.06293047964572906
1732437735753286611,0.06293047964572906
1732437735765046049,0.06293047964572906
1732437735765046049,0.06293047964572906
1732437735775501913,0.06293047964572906
1732437735775501913,0.06293047964572906
1732437735786120194,0.06293047964572906
1732437735786120194,0.06293047964572906
1732437735796343433,0.06293047964572906
1732437735796343433,0.06293047964572906
1732437735806844629,0.06293047964572906
1732437735806844629,0.06293047964572906
1732437735816893605,0.06293047964572906
1732437735816893605,0.06293047964572906
1732437735828024848,0.06293047964572906
1732437735828024848,0.06293047964572906
1732437735838527415,0.06293047964572906
1732437735838527415,0.06293047964572906
1732437735849164153,0.06394468992948532
1732437735849164153,0.06394468992948532
1732437735859646342,0.06394468992948532
1732437735859646342,0.06394468992948532
1732437735952794107,0.06483114510774612
1732437735952794107,0.06483114510774612
1732437735962917651,0.06483114510774612
1732437735962917651,0.06483114510774612
1732437735973083284,0.06483114510774612
1732437735973083284,0.06483114510774612
1732437735983657775,0.06483114510774612
1732437735983657775,0.06483114510774612
1732437735994193623,0.06483114510774612
1732437735994193623,0.06483114510774612
1732437736004799272,0.06483114510774612
1732437736004799272,0.06483114510774612
1732437736015028995,0.06483114510774612
1732437736015028995,0.06483114510774612
1732437736025912228,0.06483114510774612
1732437736025912228,0.06483114510774612
1732437736036528276,0.06483114510774612
1732437736036528276,0.06483114510774612
1732437736047117506,0.06024988740682602
1732437736047117506,0.06024988740682602
1732437736057385527,0.06024988740682602
1732437736057385527,0.06024988740682602
1732437736067477879,0.06024988740682602
1732437736067477879,0.06024988740682602
1732437736077831976,0.06024988740682602
1732437736077831976,0.06024988740682602
1732437736088129062,0.06024988740682602
1732437736088129062,0.06024988740682602
1732437736098336301,0.06024988740682602
1732437736098336301,0.06024988740682602
1732437736108515520,0.06024988740682602
1732437736108515520,0.06024988740682602
1732437736119163126,0.06024988740682602
1732437736119163126,0.06024988740682602
1732437736129265682,0.06024988740682602
1732437736129265682,0.06024988740682602
1732437736139809847,0.06024988740682602
1732437736139809847,0.06024988740682602
1732437736150647626,0.06012364476919174
1732437736150647626,0.06012364476919174
1732437736161004133,0.06012364476919174
1732437736161004133,0.06012364476919174
1732437736171526865,0.06012364476919174
1732437736171526865,0.06012364476919174
1732437736182091541,0.06012364476919174
1732437736182091541,0.06012364476919174
1732437736192567470,0.06012364476919174
1732437736192567470,0.06012364476919174
1732437736202981703,0.06012364476919174
1732437736202981703,0.06012364476919174
1732437736213575740,0.06012364476919174
1732437736213575740,0.06012364476919174
1732437736224005664,0.06012364476919174
1732437736224005664,0.06012364476919174
1732437736234397445,0.06012364476919174
1732437736234397445,0.06012364476919174
1732437736244562726,0.05595654994249344
1732437736244562726,0.05595654994249344
1732437736254721045,0.05595654994249344
1732437736254721045,0.05595654994249344
1732437736264932993,0.05595654994249344
1732437736264932993,0.05595654994249344
1732437736275310919,0.05595654994249344
1732437736275310919,0.05595654994249344
1732437736285770738,0.05595654994249344
1732437736285770738,0.05595654994249344
1732437736296080607,0.05595654994249344
1732437736296080607,0.05595654994249344
1732437736306553622,0.05595654994249344
1732437736306553622,0.05595654994249344
1732437736316766110,0.05595654994249344
1732437736316766110,0.05595654994249344
1732437736329383471,0.05595654994249344
1732437736329383471,0.05595654994249344
1732437736339519911,0.05595654994249344
1732437736339519911,0.05595654994249344
1732437736349819177,0.053442589938640594
1732437736349819177,0.053442589938640594
1732437736359992998,0.053442589938640594
1732437736359992998,0.053442589938640594
1732437736370630174,0.053442589938640594
1732437736370630174,0.053442589938640594
1732437736380985595,0.053442589938640594
1732437736380985595,0.053442589938640594
1732437736391812027,0.053442589938640594
1732437736391812027,0.053442589938640594
1732437736402421073,0.053442589938640594
1732437736402421073,0.053442589938640594
1732437736412951752,0.053442589938640594
1732437736412951752,0.053442589938640594
1732437736423369562,0.053442589938640594
1732437736423369562,0.053442589938640594
1732437736433820323,0.053442589938640594
1732437736433820323,0.053442589938640594
1732437736447002411,0.05238838866353035
1732437736447002411,0.05238838866353035
1732437736457531199,0.05238838866353035
1732437736457531199,0.05238838866353035
1732437736467896468,0.05238838866353035
1732437736467896468,0.05238838866353035
1732437736478419887,0.05238838866353035
1732437736478419887,0.05238838866353035
1732437736489018713,0.05238838866353035
1732437736489018713,0.05238838866353035
1732437736499374158,0.05238838866353035
1732437736499374158,0.05238838866353035
1732437736499374158,0.05238838866353035
1732437736499374158,0.05238838866353035
1732437736520389462,0.05238838866353035
1732437736520389462,0.05238838866353035
1732437736530633800,0.05238838866353035
1732437736530633800,0.05238838866353035
1732437736540765038,0.05238838866353035
1732437736540765038,0.05238838866353035
1732437736554887833,0.0520368292927742
1732437736554887833,0.0520368292927742
1732437736648507975,0.04970882460474968
1732437736648507975,0.04970882460474968
1732437736659018268,0.04970882460474968
1732437736659018268,0.04970882460474968
1732437736669496320,0.04970882460474968
1732437736669496320,0.04970882460474968
1732437736679950007,0.04970882460474968
1732437736679950007,0.04970882460474968
1732437736690295979,0.04970882460474968
1732437736690295979,0.04970882460474968
1732437736700747314,0.04970882460474968
1732437736700747314,0.04970882460474968
1732437736711293539,0.04970882460474968
1732437736711293539,0.04970882460474968
1732437736721953563,0.04970882460474968
1732437736721953563,0.04970882460474968
1732437736732329843,0.04970882460474968
1732437736732329843,0.04970882460474968
1732437736742403454,0.049256183207035065
1732437736742403454,0.049256183207035065
1732437736752971427,0.049256183207035065
1732437736752971427,0.049256183207035065
1732437736763230483,0.049256183207035065
1732437736763230483,0.049256183207035065
1732437736773679230,0.049256183207035065
1732437736773679230,0.049256183207035065
1732437736783925133,0.049256183207035065
1732437736783925133,0.049256183207035065
1732437736794484545,0.049256183207035065
1732437736794484545,0.049256183207035065
1732437736804944954,0.049256183207035065
1732437736804944954,0.049256183207035065
1732437736816522777,0.049256183207035065
1732437736816522777,0.049256183207035065
1732437736826886107,0.049256183207035065
1732437736826886107,0.049256183207035065
1732437736836924604,0.049256183207035065
1732437736836924604,0.049256183207035065
1732437736846954294,0.04621236398816109
1732437736846954294,0.04621236398816109
1732437736857181340,0.04621236398816109
1732437736857181340,0.04621236398816109
1732437736867388561,0.04621236398816109
1732437736867388561,0.04621236398816109
1732437736877716133,0.04621236398816109
1732437736877716133,0.04621236398816109
1732437736887809590,0.04621236398816109
1732437736887809590,0.04621236398816109
1732437736898172981,0.04621236398816109
1732437736898172981,0.04621236398816109
1732437736908791684,0.04621236398816109
1732437736908791684,0.04621236398816109
1732437736919200147,0.04621236398816109
1732437736919200147,0.04621236398816109
1732437736929446488,0.04621236398816109
1732437736929446488,0.04621236398816109
1732437736939743122,0.04621236398816109
1732437736939743122,0.04621236398816109
1732437736951189638,0.0442495197057724
1732437736951189638,0.0442495197057724
1732437736961561227,0.0442495197057724
1732437736961561227,0.0442495197057724
1732437736972272478,0.0442495197057724
1732437736972272478,0.0442495197057724
1732437736982943894,0.0442495197057724
1732437736982943894,0.0442495197057724
1732437736993219349,0.0442495197057724
1732437736993219349,0.0442495197057724
1732437737003384390,0.0442495197057724
1732437737003384390,0.0442495197057724
1732437737013863094,0.0442495197057724
1732437737013863094,0.0442495197057724
1732437737024112051,0.0442495197057724
1732437737024112051,0.0442495197057724
1732437737035043675,0.0442495197057724
1732437737035043675,0.0442495197057724
1732437737045394682,0.04477554187178612
1732437737045394682,0.04477554187178612
1732437737148682343,0.04575437679886818
1732437737148682343,0.04575437679886818
1732437737158905611,0.04575437679886818
1732437737158905611,0.04575437679886818
1732437737169181159,0.04575437679886818
1732437737169181159,0.04575437679886818
1732437737179553695,0.04575437679886818
1732437737179553695,0.04575437679886818
1732437737190392267,0.04575437679886818
1732437737190392267,0.04575437679886818
1732437737200999508,0.04575437679886818
1732437737200999508,0.04575437679886818
1732437737211442184,0.04575437679886818
1732437737211442184,0.04575437679886818
1732437737221991300,0.04575437679886818
1732437737221991300,0.04575437679886818
1732437737232270904,0.04575437679886818
1732437737232270904,0.04575437679886818
1732437737242391054,0.04575437679886818
1732437737242391054,0.04575437679886818
1732437737252611628,0.0468469075858593
1732437737252611628,0.0468469075858593
1732437737262710337,0.0468469075858593
1732437737262710337,0.0468469075858593
1732437737273068927,0.0468469075858593
1732437737273068927,0.0468469075858593
1732437737283446108,0.0468469075858593
1732437737283446108,0.0468469075858593
1732437737294042031,0.0468469075858593
1732437737294042031,0.0468469075858593
1732437737304362873,0.0468469075858593
1732437737304362873,0.0468469075858593
1732437737314549985,0.0468469075858593
1732437737314549985,0.0468469075858593
1732437737325036805,0.0468469075858593
1732437737325036805,0.0468469075858593
1732437737335566883,0.0468469075858593
1732437737335566883,0.0468469075858593
1732437737346190274,0.04717843979597092
1732437737346190274,0.04717843979597092
1732437737449973077,0.04660114273428917
1732437737449973077,0.04660114273428917
1732437737460894022,0.04660114273428917
1732437737460894022,0.04660114273428917
1732437737471864888,0.04660114273428917
1732437737471864888,0.04660114273428917
1732437737482175151,0.04660114273428917
1732437737482175151,0.04660114273428917
1732437737492446389,0.04660114273428917
1732437737492446389,0.04660114273428917
1732437737503069051,0.04660114273428917
1732437737503069051,0.04660114273428917
1732437737513290807,0.04660114273428917
1732437737513290807,0.04660114273428917
1732437737524128447,0.04660114273428917
1732437737524128447,0.04660114273428917
1732437737534476394,0.04660114273428917
1732437737534476394,0.04660114273428917
1732437737545115009,0.046757012605667114
1732437737545115009,0.046757012605667114
1732437737555567043,0.046757012605667114
1732437737555567043,0.046757012605667114
1732437737566109043,0.046757012605667114
1732437737566109043,0.046757012605667114
1732437737576697551,0.046757012605667114
1732437737576697551,0.046757012605667114
1732437737586929225,0.046757012605667114
1732437737586929225,0.046757012605667114
1732437737597685994,0.046757012605667114
1732437737597685994,0.046757012605667114
1732437737608164146,0.046757012605667114
1732437737608164146,0.046757012605667114
1732437737618461744,0.046757012605667114
1732437737618461744,0.046757012605667114
1732437737628820875,0.046757012605667114
1732437737628820875,0.046757012605667114
1732437737639320076,0.046757012605667114
1732437737639320076,0.046757012605667114
1732437737649886162,0.04877021536231041
1732437737649886162,0.04877021536231041
1732437737660885282,0.04877021536231041
1732437737660885282,0.04877021536231041
1732437737671508011,0.04877021536231041
1732437737671508011,0.04877021536231041
1732437737681922887,0.04877021536231041
1732437737681922887,0.04877021536231041
1732437737692905326,0.04877021536231041
1732437737692905326,0.04877021536231041
1732437737703668647,0.04877021536231041
1732437737703668647,0.04877021536231041
1732437737713871809,0.04877021536231041
1732437737713871809,0.04877021536231041
1732437737724234023,0.04877021536231041
1732437737724234023,0.04877021536231041
1732437737734424852,0.04877021536231041
1732437737734424852,0.04877021536231041
1732437737744538471,0.04957422986626625
1732437737744538471,0.04957422986626625
1732437737754862789,0.04957422986626625
1732437737754862789,0.04957422986626625
1732437737765316145,0.04957422986626625
1732437737765316145,0.04957422986626625
1732437737775791378,0.04957422986626625
1732437737775791378,0.04957422986626625
1732437737786302414,0.04957422986626625
1732437737786302414,0.04957422986626625
1732437737796932280,0.04957422986626625
1732437737796932280,0.04957422986626625
1732437737807128880,0.04957422986626625
1732437737807128880,0.04957422986626625
1732437737817170324,0.04957422986626625
1732437737817170324,0.04957422986626625
1732437737827227715,0.04957422986626625
1732437737827227715,0.04957422986626625
1732437737837554037,0.04957422986626625
1732437737837554037,0.04957422986626625
1732437737950771196,0.050119683146476746
1732437737950771196,0.050119683146476746
1732437737961061516,0.050119683146476746
1732437737961061516,0.050119683146476746
1732437737971625290,0.050119683146476746
1732437737971625290,0.050119683146476746
1732437737982235760,0.050119683146476746
1732437737982235760,0.050119683146476746
1732437737992472663,0.050119683146476746
1732437737992472663,0.050119683146476746
1732437738003120384,0.050119683146476746
1732437738003120384,0.050119683146476746
1732437738013454710,0.050119683146476746
1732437738013454710,0.050119683146476746
1732437738023973387,0.050119683146476746
1732437738023973387,0.050119683146476746
1732437738034550394,0.050119683146476746
1732437738034550394,0.050119683146476746
1732437738047714681,0.05088768154382706
1732437738047714681,0.05088768154382706
1732437738058062762,0.05088768154382706
1732437738058062762,0.05088768154382706
1732437738068686194,0.05088768154382706
1732437738068686194,0.05088768154382706
1732437738078819387,0.05088768154382706
1732437738078819387,0.05088768154382706
1732437738088996421,0.05088768154382706
1732437738088996421,0.05088768154382706
1732437738099635221,0.05088768154382706
1732437738099635221,0.05088768154382706
1732437738110028135,0.05088768154382706
1732437738110028135,0.05088768154382706
1732437738120177319,0.05088768154382706
1732437738120177319,0.05088768154382706
1732437738130398564,0.05088768154382706
1732437738130398564,0.05088768154382706
1732437738140792552,0.05088768154382706
1732437738140792552,0.05088768154382706
1732437738151174335,0.05001377686858177
1732437738151174335,0.05001377686858177
1732437738161533407,0.05001377686858177
1732437738161533407,0.05001377686858177
1732437738172148765,0.05001377686858177
1732437738172148765,0.05001377686858177
1732437738182623924,0.05001377686858177
1732437738182623924,0.05001377686858177
1732437738192899099,0.05001377686858177
1732437738192899099,0.05001377686858177
1732437738203064091,0.05001377686858177
1732437738203064091,0.05001377686858177
1732437738213508163,0.05001377686858177
1732437738213508163,0.05001377686858177
1732437738223666822,0.05001377686858177
1732437738223666822,0.05001377686858177
1732437738233808732,0.05001377686858177
1732437738233808732,0.05001377686858177
1732437738244269241,0.04866929352283478
1732437738244269241,0.04866929352283478
1732437738254896561,0.04866929352283478
1732437738254896561,0.04866929352283478
1732437738348557545,0.048078782856464386
1732437738348557545,0.048078782856464386
1732437738359280281,0.048078782856464386
1732437738359280281,0.048078782856464386
1732437738370036879,0.048078782856464386
1732437738370036879,0.048078782856464386
1732437738380604130,0.048078782856464386
1732437738380604130,0.048078782856464386
1732437738390742322,0.048078782856464386
1732437738390742322,0.048078782856464386
1732437738401372327,0.048078782856464386
1732437738401372327,0.048078782856464386
1732437738411765742,0.048078782856464386
1732437738411765742,0.048078782856464386
1732437738421961590,0.048078782856464386
1732437738421961590,0.048078782856464386
1732437738432671033,0.048078782856464386
1732437738432671033,0.048078782856464386
1732437738442917355,0.048078782856464386
1732437738442917355,0.04636959359049797
1732437738452986419,0.04636959359049797
1732437738452986419,0.04636959359049797
1732437738463401905,0.04636959359049797
1732437738463401905,0.04636959359049797
1732437738473916095,0.04636959359049797
1732437738473916095,0.04636959359049797
1732437738484331129,0.04636959359049797
1732437738484331129,0.04636959359049797
1732437738494524082,0.04636959359049797
1732437738494524082,0.04636959359049797
1732437738505647783,0.04636959359049797
1732437738505647783,0.04636959359049797
1732437738516190551,0.04636959359049797
1732437738516190551,0.04636959359049797
1732437738526478966,0.04636959359049797
1732437738526478966,0.04636959359049797
1732437738537807794,0.04636959359049797
1732437738537807794,0.04636959359049797
1732437738548319031,0.044831737875938416
1732437738548319031,0.044831737875938416
1732437738558919832,0.044831737875938416
1732437738558919832,0.044831737875938416
1732437738569414254,0.044831737875938416
1732437738569414254,0.044831737875938416
1732437738580078201,0.044831737875938416
1732437738580078201,0.044831737875938416
1732437738590204470,0.044831737875938416
1732437738590204470,0.044831737875938416
1732437738600861523,0.044831737875938416
1732437738600861523,0.044831737875938416
1732437738611341692,0.044831737875938416
1732437738611341692,0.044831737875938416
1732437738621617769,0.044831737875938416
1732437738621617769,0.044831737875938416
1732437738631983471,0.044831737875938416
1732437738631983471,0.044831737875938416
1732437738642384803,0.044831737875938416
1732437738642384803,0.044831737875938416
1732437738652611470,0.04662853106856346
1732437738652611470,0.04662853106856346
1732437738663192566,0.04662853106856346
1732437738663192566,0.04662853106856346
1732437738673463822,0.04662853106856346
1732437738673463822,0.04662853106856346
1732437738683723822,0.04662853106856346
1732437738683723822,0.04662853106856346
1732437738694147384,0.04662853106856346
1732437738694147384,0.04662853106856346
1732437738704626951,0.04662853106856346
1732437738704626951,0.04662853106856346
1732437738715193798,0.04662853106856346
1732437738715193798,0.04662853106856346
1732437738725928167,0.04662853106856346
1732437738725928167,0.04662853106856346
1732437738736584231,0.04662853106856346
1732437738736584231,0.04662853106856346
1732437738747460242,0.04635913297533989
1732437738747460242,0.04635913297533989
1732437738850852160,0.04944372549653053
1732437738850852160,0.04944372549653053
1732437738861329510,0.04944372549653053
1732437738861329510,0.04944372549653053
1732437738871658607,0.04944372549653053
1732437738871658607,0.04944372549653053
1732437738882403165,0.04944372549653053
1732437738882403165,0.04944372549653053
1732437738892839539,0.04944372549653053
1732437738892839539,0.04944372549653053
1732437738903305249,0.04944372549653053
1732437738903305249,0.04944372549653053
1732437738913586636,0.04944372549653053
1732437738913586636,0.04944372549653053
1732437738924114190,0.04944372549653053
1732437738924114190,0.04944372549653053
1732437738934506311,0.04944372549653053
1732437738934506311,0.04944372549653053
1732437738944902313,0.05033009126782417
1732437738944902313,0.05033009126782417
1732437738955489937,0.05033009126782417
1732437738955489937,0.05033009126782417
1732437738965922745,0.05033009126782417
1732437738965922745,0.05033009126782417
1732437738976452976,0.05033009126782417
1732437738976452976,0.05033009126782417
1732437738986844116,0.05033009126782417
1732437738986844116,0.05033009126782417
1732437738997083495,0.05033009126782417
1732437738997083495,0.05033009126782417
1732437739007120368,0.05033009126782417
1732437739007120368,0.05033009126782417
1732437739017550362,0.05033009126782417
1732437739017550362,0.05033009126782417
1732437739027714911,0.05033009126782417
1732437739027714911,0.05033009126782417
1732437739027714911,0.05033009126782417
1732437739027714911,0.05033009126782417
1732437739048143910,0.05381600558757782
1732437739048143910,0.05381600558757782
1732437739058443871,0.05381600558757782
1732437739058443871,0.05381600558757782
1732437739068761408,0.05381600558757782
1732437739068761408,0.05381600558757782
1732437739079222890,0.05381600558757782
1732437739079222890,0.05381600558757782
1732437739089830572,0.05381600558757782
1732437739089830572,0.05381600558757782
1732437739100020051,0.05381600558757782
1732437739100020051,0.05381600558757782
1732437739110568545,0.05381600558757782
1732437739110568545,0.05381600558757782
1732437739120830988,0.05381600558757782
1732437739120830988,0.05381600558757782
1732437739131291658,0.05381600558757782
1732437739131291658,0.05381600558757782
1732437739142018902,0.05381600558757782
1732437739142018902,0.05381600558757782
1732437739152279462,0.057487089186906815
1732437739152279462,0.057487089186906815
1732437739152279462,0.057487089186906815
1732437739152279462,0.057487089186906815
1732437739247251055,0.06376229971647263
1732437739247251055,0.06376229971647263
1732437739350690234,0.06057170033454895
1732437739350690234,0.06057170033454895
1732437739445113993,0.057578593492507935
1732437739445113993,0.057578593492507935
1732437739455280538,0.057578593492507935
1732437739455280538,0.057578593492507935
1732437739465838722,0.057578593492507935
1732437739465838722,0.057578593492507935
1732437739476467413,0.057578593492507935
1732437739476467413,0.057578593492507935
1732437739486733331,0.057578593492507935
1732437739486733331,0.057578593492507935
1732437739496997007,0.057578593492507935
1732437739496997007,0.057578593492507935
1732437739507897693,0.057578593492507935
1732437739507897693,0.057578593492507935
1732437739518011356,0.057578593492507935
1732437739518011356,0.057578593492507935
1732437739528564002,0.057578593492507935
1732437739528564002,0.057578593492507935
1732437739538667691,0.057578593492507935
1732437739538667691,0.057578593492507935
1732437739549306792,0.053237076848745346
1732437739549306792,0.053237076848745346
1732437739559565817,0.053237076848745346
1732437739559565817,0.053237076848745346
1732437739570084022,0.053237076848745346
1732437739570084022,0.053237076848745346
1732437739580556216,0.053237076848745346
1732437739580556216,0.053237076848745346
1732437739590686253,0.053237076848745346
1732437739590686253,0.053237076848745346
1732437739601153354,0.053237076848745346
1732437739601153354,0.053237076848745346
1732437739611516845,0.053237076848745346
1732437739611516845,0.053237076848745346
1732437739622123245,0.053237076848745346
1732437739622123245,0.053237076848745346
1732437739632450539,0.053237076848745346
1732437739632450539,0.053237076848745346
1732437739642652650,0.053237076848745346
1732437739642652650,0.053237076848745346
1732437739654150135,0.049904484301805496
1732437739654150135,0.049904484301805496
1732437739748161431,0.04828912392258644
1732437739748161431,0.04828912392258644
1732437739758656214,0.04828912392258644
1732437739758656214,0.04828912392258644
1732437739768991502,0.04828912392258644
1732437739768991502,0.04828912392258644
1732437739779116228,0.04828912392258644
1732437739779116228,0.04828912392258644
1732437739789534951,0.04828912392258644
1732437739789534951,0.04828912392258644
1732437739799715042,0.04828912392258644
1732437739799715042,0.04828912392258644
1732437739809875866,0.04828912392258644
1732437739809875866,0.04828912392258644
1732437739820414081,0.04828912392258644
1732437739820414081,0.04828912392258644
1732437739830484447,0.04828912392258644
1732437739830484447,0.04828912392258644
1732437739840727904,0.04828912392258644
1732437739840727904,0.04640139266848564
1732437739850873050,0.04640139266848564
1732437739850873050,0.04640139266848564
1732437739861186005,0.04640139266848564
1732437739861186005,0.04640139266848564
1732437739872058747,0.04640139266848564
1732437739872058747,0.04640139266848564
1732437739882268144,0.04640139266848564
1732437739882268144,0.04640139266848564
1732437739892505741,0.04640139266848564
1732437739892505741,0.04640139266848564
1732437739903145334,0.04640139266848564
1732437739903145334,0.04640139266848564
1732437739913340734,0.04640139266848564
1732437739913340734,0.04640139266848564
1732437739923919182,0.04640139266848564
1732437739923919182,0.04640139266848564
1732437739934479589,0.04640139266848564
1732437739934479589,0.04640139266848564
1732437739944926084,0.045607343316078186
1732437739944926084,0.045607343316078186
1732437740050113236,0.04446907714009285
1732437740050113236,0.04446907714009285
1732437740060225406,0.04446907714009285
1732437740060225406,0.04446907714009285
1732437740070695569,0.04446907714009285
1732437740070695569,0.04446907714009285
1732437740081489318,0.04446907714009285
1732437740081489318,0.04446907714009285
1732437740091651454,0.04446907714009285
1732437740091651454,0.04446907714009285
1732437740101792632,0.04446907714009285
1732437740101792632,0.04446907714009285
1732437740112155763,0.04446907714009285
1732437740112155763,0.04446907714009285
1732437740122571110,0.04446907714009285
1732437740122571110,0.04446907714009285
1732437740133144350,0.04446907714009285
1732437740133144350,0.04446907714009285
1732437740144008650,0.04438667744398117
1732437740144008650,0.04438667744398117
1732437740155159031,0.04438667744398117
1732437740155159031,0.04438667744398117
1732437740165764563,0.04438667744398117
1732437740165764563,0.04438667744398117
1732437740176322004,0.04438667744398117
1732437740176322004,0.04438667744398117
1732437740186985270,0.04438667744398117
1732437740186985270,0.04438667744398117
1732437740197185035,0.04438667744398117
1732437740197185035,0.04438667744398117
1732437740207576178,0.04438667744398117
1732437740207576178,0.04438667744398117
1732437740217680637,0.04438667744398117
1732437740217680637,0.04438667744398117
1732437740228191080,0.04438667744398117
1732437740228191080,0.04438667744398117
1732437740238653374,0.04438667744398117
1732437740238653374,0.04438667744398117
1732437740249097686,0.0434839203953743
1732437740249097686,0.0434839203953743
1732437740259614830,0.0434839203953743
1732437740259614830,0.0434839203953743
1732437740270267025,0.0434839203953743
1732437740270267025,0.0434839203953743
1732437740280778934,0.0434839203953743
1732437740280778934,0.0434839203953743
1732437740291272777,0.0434839203953743
1732437740291272777,0.0434839203953743
1732437740301427833,0.0434839203953743
1732437740301427833,0.0434839203953743
1732437740311850842,0.0434839203953743
1732437740311850842,0.0434839203953743
1732437740322191370,0.0434839203953743
1732437740322191370,0.0434839203953743
1732437740332304134,0.0434839203953743
1732437740332304134,0.0434839203953743
1732437740343354890,0.0434839203953743
1732437740343354890,0.0434839203953743
1732437740353529699,0.04300346598029137
1732437740353529699,0.04300346598029137
1732437740364051614,0.04300346598029137
1732437740364051614,0.04300346598029137
1732437740374283220,0.04300346598029137
1732437740374283220,0.04300346598029137
1732437740384612055,0.04300346598029137
1732437740384612055,0.04300346598029137
1732437740394762031,0.04300346598029137
1732437740394762031,0.04300346598029137
1732437740405270461,0.04300346598029137
1732437740405270461,0.04300346598029137
1732437740415538496,0.04300346598029137
1732437740415538496,0.04300346598029137
1732437740425898951,0.04300346598029137
1732437740425898951,0.04300346598029137
1732437740436414735,0.04300346598029137
1732437740436414735,0.04300346598029137
1732437740446587229,0.0433654822409153
1732437740446587229,0.0433654822409153
1732437740457124404,0.0433654822409153
1732437740457124404,0.0433654822409153
1732437740467601083,0.0433654822409153
1732437740467601083,0.0433654822409153
1732437740477799016,0.0433654822409153
1732437740477799016,0.0433654822409153
1732437740488497268,0.0433654822409153
1732437740488497268,0.0433654822409153
1732437740498826905,0.0433654822409153
1732437740498826905,0.0433654822409153
1732437740509137726,0.0433654822409153
1732437740509137726,0.0433654822409153
1732437740519350290,0.0433654822409153
1732437740519350290,0.0433654822409153
1732437740529558561,0.0433654822409153
1732437740529558561,0.0433654822409153
1732437740539849833,0.0433654822409153
1732437740539849833,0.0433654822409153
1732437740550384466,0.04351937398314476
1732437740550384466,0.04351937398314476
1732437740560852461,0.04351937398314476
1732437740560852461,0.04351937398314476
1732437740571677528,0.04351937398314476
1732437740571677528,0.04351937398314476
1732437740582350844,0.04351937398314476
1732437740582350844,0.04351937398314476
1732437740592654983,0.04351937398314476
1732437740592654983,0.04351937398314476
1732437740602964149,0.04351937398314476
1732437740602964149,0.04351937398314476
1732437740613408295,0.04351937398314476
1732437740613408295,0.04351937398314476
1732437740623674273,0.04351937398314476
1732437740623674273,0.04351937398314476
1732437740634770684,0.04351937398314476
1732437740634770684,0.04351937398314476
1732437740645424329,0.043451108038425446
1732437740645424329,0.043451108038425446
1732437740744457480,0.042381901293992996
1732437740744457480,0.042381901293992996
1732437740754846907,0.042381901293992996
1732437740754846907,0.042381901293992996
1732437740765367921,0.042381901293992996
1732437740765367921,0.042381901293992996
1732437740775657133,0.042381901293992996
1732437740775657133,0.042381901293992996
1732437740785961023,0.042381901293992996
1732437740785961023,0.042381901293992996
1732437740796437042,0.042381901293992996
1732437740796437042,0.042381901293992996
1732437740806517508,0.042381901293992996
1732437740806517508,0.042381901293992996
1732437740817133537,0.042381901293992996
1732437740817133537,0.042381901293992996
1732437740827648660,0.042381901293992996
1732437740827648660,0.042381901293992996
1732437740837932520,0.042381901293992996
1732437740837932520,0.042381901293992996
1732437740848209911,0.0431034080684185
1732437740848209911,0.0431034080684185
1732437740858550991,0.0431034080684185
1732437740858550991,0.0431034080684185
1732437740869034955,0.0431034080684185
1732437740869034955,0.0431034080684185
1732437740879623892,0.0431034080684185
1732437740879623892,0.0431034080684185
1732437740890257204,0.0431034080684185
1732437740890257204,0.0431034080684185
1732437740900882509,0.0431034080684185
1732437740900882509,0.0431034080684185
1732437740911380910,0.0431034080684185
1732437740911380910,0.0431034080684185
1732437740921794674,0.0431034080684185
1732437740921794674,0.0431034080684185
1732437740932325945,0.0431034080684185
1732437740932325945,0.0431034080684185
1732437740942414196,0.0431034080684185
1732437740942414196,0.0431034080684185
1732437740953818336,0.04284257814288139
1732437740953818336,0.04284257814288139
1732437741046419417,0.04251076653599739
1732437741046419417,0.04251076653599739
1732437741056660389,0.04251076653599739
1732437741056660389,0.04251076653599739
1732437741067312876,0.04251076653599739
1732437741067312876,0.04251076653599739
1732437741077595218,0.04251076653599739
1732437741077595218,0.04251076653599739
1732437741088124716,0.04251076653599739
1732437741088124716,0.04251076653599739
1732437741098413507,0.04251076653599739
1732437741098413507,0.04251076653599739
1732437741109164258,0.04251076653599739
1732437741109164258,0.04251076653599739
1732437741119715335,0.04251076653599739
1732437741119715335,0.04251076653599739
1732437741130040586,0.04251076653599739
1732437741130040586,0.04251076653599739
1732437741140238980,0.04251076653599739
1732437741140238980,0.04251076653599739
1732437741150674654,0.04294907674193382
1732437741150674654,0.04294907674193382
1732437741161289280,0.04294907674193382
1732437741161289280,0.04294907674193382
1732437741171947547,0.04294907674193382
1732437741171947547,0.04294907674193382
1732437741182794024,0.04294907674193382
1732437741182794024,0.04294907674193382
1732437741193295567,0.04294907674193382
1732437741193295567,0.04294907674193382
1732437741203833054,0.04294907674193382
1732437741203833054,0.04294907674193382
1732437741214082183,0.04294907674193382
1732437741214082183,0.04294907674193382
1732437741224288501,0.04294907674193382
1732437741224288501,0.04294907674193382
1732437741234604483,0.04294907674193382
1732437741234604483,0.04294907674193382
1732437741244970805,0.043385982513427734
1732437741244970805,0.043385982513427734
1732437741244970805,0.043385982513427734
1732437741255078533,0.043385982513427734
1732437741347973413,0.043737705796957016
1732437741347973413,0.043737705796957016
1732437741358240273,0.043737705796957016
1732437741358240273,0.043737705796957016
1732437741368798315,0.043737705796957016
1732437741368798315,0.043737705796957016
1732437741379285975,0.043737705796957016
1732437741379285975,0.043737705796957016
1732437741389687437,0.043737705796957016
1732437741389687437,0.043737705796957016
1732437741400351505,0.043737705796957016
1732437741400351505,0.043737705796957016
1732437741411010325,0.043737705796957016
1732437741411010325,0.043737705796957016
1732437741421214800,0.043737705796957016
1732437741421214800,0.043737705796957016
1732437741431768393,0.043737705796957016
1732437741431768393,0.043737705796957016
1732437741442526235,0.04360711947083473
1732437741442526235,0.04360711947083473
1732437741453241007,0.04360711947083473
1732437741453241007,0.04360711947083473
1732437741463458237,0.04360711947083473
1732437741463458237,0.04360711947083473
1732437741473824192,0.04360711947083473
1732437741473824192,0.04360711947083473
1732437741484460364,0.04360711947083473
1732437741484460364,0.04360711947083473
1732437741494755873,0.04360711947083473
1732437741494755873,0.04360711947083473
1732437741505203299,0.04360711947083473
1732437741505203299,0.04360711947083473
1732437741515796977,0.04360711947083473
1732437741515796977,0.04360711947083473
1732437741526434376,0.04360711947083473
1732437741526434376,0.04360711947083473
1732437741536997698,0.04360711947083473
1732437741536997698,0.04360711947083473
1732437741547014424,0.043993785977363586
1732437741547014424,0.043993785977363586
1732437741557332690,0.043993785977363586
1732437741557332690,0.043993785977363586
1732437741567886775,0.043993785977363586
1732437741567886775,0.043993785977363586
1732437741578534563,0.043993785977363586
1732437741578534563,0.043993785977363586
1732437741589399224,0.043993785977363586
1732437741589399224,0.043993785977363586
1732437741599607629,0.043993785977363586
1732437741599607629,0.043993785977363586
1732437741610147926,0.043993785977363586
1732437741610147926,0.043993785977363586
1732437741620992530,0.043993785977363586
1732437741620992530,0.043993785977363586
1732437741631699386,0.043993785977363586
1732437741631699386,0.043993785977363586
1732437741642336585,0.043993785977363586
1732437741642336585,0.043993785977363586
1732437741652789231,0.04342977702617645
1732437741652789231,0.04342977702617645
1732437741663039671,0.04342977702617645
1732437741663039671,0.04342977702617645
1732437741673156080,0.04342977702617645
1732437741673156080,0.04342977702617645
1732437741684221457,0.04342977702617645
1732437741684221457,0.04342977702617645
1732437741694816297,0.04342977702617645
1732437741694816297,0.04342977702617645
1732437741705121880,0.04342977702617645
1732437741705121880,0.04342977702617645
1732437741715517310,0.04342977702617645
1732437741715517310,0.04342977702617645
1732437741726123581,0.04342977702617645
1732437741726123581,0.04342977702617645
1732437741736826862,0.04342977702617645
1732437741736826862,0.04342977702617645
1732437741746900375,0.0423542857170105
1732437741746900375,0.0423542857170105
1732437741846035340,0.04435713589191437
1732437741846035340,0.04435713589191437
1732437741856464032,0.04435713589191437
1732437741856464032,0.04435713589191437
1732437741866553686,0.04435713589191437
1732437741866553686,0.04435713589191437
1732437741877160065,0.04435713589191437
1732437741877160065,0.04435713589191437
1732437741887664067,0.04435713589191437
1732437741887664067,0.04435713589191437
1732437741898031074,0.04435713589191437
1732437741898031074,0.04435713589191437
1732437741908466896,0.04435713589191437
1732437741908466896,0.04435713589191437
1732437741918633011,0.04435713589191437
1732437741918633011,0.04435713589191437
1732437741929263186,0.04435713589191437
1732437741929263186,0.04435713589191437
1732437741939418259,0.04435713589191437
1732437741939418259,0.04435713589191437
1732437741949807512,0.044375259429216385
1732437741949807512,0.044375259429216385
1732437741960776325,0.044375259429216385
1732437741960776325,0.044375259429216385
1732437741971084663,0.044375259429216385
1732437741971084663,0.044375259429216385
1732437741981304206,0.044375259429216385
1732437741981304206,0.044375259429216385
1732437741991872928,0.044375259429216385
1732437741991872928,0.044375259429216385
1732437742002403449,0.044375259429216385
1732437742002403449,0.044375259429216385
1732437742012545047,0.044375259429216385
1732437742012545047,0.044375259429216385
1732437742022817300,0.044375259429216385
1732437742022817300,0.044375259429216385
1732437742033333843,0.044375259429216385
1732437742033333843,0.044375259429216385
1732437742043482988,0.04685194045305252
1732437742043482988,0.04685194045305252
1732437742053878938,0.04685194045305252
1732437742053878938,0.04685194045305252
1732437742064120432,0.04685194045305252
1732437742064120432,0.04685194045305252
1732437742074562549,0.04685194045305252
1732437742074562549,0.04685194045305252
1732437742084750304,0.04685194045305252
1732437742084750304,0.04685194045305252
1732437742094955934,0.04685194045305252
1732437742094955934,0.04685194045305252
1732437742105384043,0.04685194045305252
1732437742105384043,0.04685194045305252
1732437742115978532,0.04685194045305252
1732437742115978532,0.04685194045305252
1732437742126441187,0.04685194045305252
1732437742126441187,0.04685194045305252
1732437742136587845,0.04685194045305252
1732437742136587845,0.04685194045305252
1732437742147017299,0.047706812620162964
1732437742147017299,0.047706812620162964
1732437742157512994,0.047706812620162964
1732437742157512994,0.047706812620162964
1732437742167813959,0.047706812620162964
1732437742167813959,0.047706812620162964
1732437742178226069,0.047706812620162964
1732437742178226069,0.047706812620162964
1732437742188589681,0.047706812620162964
1732437742188589681,0.047706812620162964
1732437742199033351,0.047706812620162964
1732437742199033351,0.047706812620162964
1732437742209417118,0.047706812620162964
1732437742209417118,0.047706812620162964
1732437742219753200,0.047706812620162964
1732437742219753200,0.047706812620162964
1732437742229975598,0.047706812620162964
1732437742229975598,0.047706812620162964
1732437742240050614,0.047706812620162964
1732437742240050614,0.047706812620162964
1732437742346498220,0.050007253885269165
1732437742346498220,0.050007253885269165
1732437742357113147,0.050007253885269165
1732437742357113147,0.050007253885269165
1732437742367177394,0.050007253885269165
1732437742367177394,0.050007253885269165
1732437742377339370,0.050007253885269165
1732437742377339370,0.050007253885269165
1732437742387772140,0.050007253885269165
1732437742387772140,0.050007253885269165
1732437742398361449,0.050007253885269165
1732437742398361449,0.050007253885269165
1732437742408818664,0.050007253885269165
1732437742408818664,0.050007253885269165
1732437742418949443,0.050007253885269165
1732437742418949443,0.050007253885269165
1732437742429395757,0.050007253885269165
1732437742429395757,0.050007253885269165
1732437742439712691,0.050007253885269165
1732437742439712691,0.050007253885269165
1732437742449935721,0.05018458142876625
1732437742449935721,0.05018458142876625
1732437742460337022,0.05018458142876625
1732437742460337022,0.05018458142876625
1732437742470623821,0.05018458142876625
1732437742470623821,0.05018458142876625
1732437742481018610,0.05018458142876625
1732437742481018610,0.05018458142876625
1732437742491287635,0.05018458142876625
1732437742491287635,0.05018458142876625
1732437742501493634,0.05018458142876625
1732437742501493634,0.05018458142876625
1732437742511868055,0.05018458142876625
1732437742511868055,0.05018458142876625
1732437742522290605,0.05018458142876625
1732437742532397258,0.05018458142876625
1732437742532397258,0.05018458142876625
1732437742532397258,0.05018458142876625
1732437742542500907,0.05018458142876625
1732437742542500907,0.05018458142876625
1732437742552795149,0.0514867790043354
1732437742552795149,0.0514867790043354
1732437742563300333,0.0514867790043354
1732437742563300333,0.0514867790043354
1732437742573593243,0.0514867790043354
1732437742573593243,0.0514867790043354
1732437742584329105,0.0514867790043354
1732437742584329105,0.0514867790043354
1732437742594709437,0.0514867790043354
1732437742594709437,0.0514867790043354
1732437742605356043,0.0514867790043354
1732437742605356043,0.0514867790043354
1732437742615686910,0.0514867790043354
1732437742615686910,0.0514867790043354
1732437742626138287,0.0514867790043354
1732437742626138287,0.0514867790043354
1732437742636993109,0.0514867790043354
1732437742636993109,0.0514867790043354
1732437742647537085,0.05150647088885307
1732437742647537085,0.05150647088885307
1732437742752915198,0.05122031643986702
1732437742752915198,0.05122031643986702
1732437742763495961,0.05122031643986702
1732437742763495961,0.05122031643986702
1732437742773887243,0.05122031643986702
1732437742773887243,0.05122031643986702
1732437742784640327,0.05122031643986702
1732437742784640327,0.05122031643986702
1732437742795034835,0.05122031643986702
1732437742795034835,0.05122031643986702
1732437742805538217,0.05122031643986702
1732437742805538217,0.05122031643986702
1732437742816429085,0.05122031643986702
1732437742816429085,0.05122031643986702
1732437742826984844,0.05122031643986702
1732437742826984844,0.05122031643986702
1732437742837442760,0.05122031643986702
1732437742837442760,0.05122031643986702
1732437742847554393,0.051834192126989365
1732437742847554393,0.051834192126989365
1732437742857708635,0.051834192126989365
1732437742857708635,0.051834192126989365
1732437742867967772,0.051834192126989365
1732437742867967772,0.051834192126989365
1732437742878180200,0.051834192126989365
1732437742878180200,0.051834192126989365
1732437742888763541,0.051834192126989365
1732437742888763541,0.051834192126989365
1732437742899161186,0.051834192126989365
1732437742899161186,0.051834192126989365
1732437742909415844,0.051834192126989365
1732437742909415844,0.051834192126989365
1732437742920056901,0.051834192126989365
1732437742920056901,0.051834192126989365
1732437742930381059,0.051834192126989365
1732437742930381059,0.051834192126989365
1732437742940651567,0.051834192126989365
1732437742940651567,0.051834192126989365
1732437742950764252,0.052156612277030945
1732437742950764252,0.052156612277030945
1732437742961118615,0.052156612277030945
1732437742961118615,0.052156612277030945
1732437742971467500,0.052156612277030945
1732437742971467500,0.052156612277030945
1732437742982004552,0.052156612277030945
1732437742982004552,0.052156612277030945
1732437742992255665,0.052156612277030945
1732437742992255665,0.052156612277030945
1732437743002774273,0.052156612277030945
1732437743002774273,0.052156612277030945
1732437743015506800,0.052156612277030945
1732437743015506800,0.052156612277030945
1732437743026134561,0.052156612277030945
1732437743026134561,0.052156612277030945
1732437743037241322,0.052156612277030945
1732437743037241322,0.052156612277030945
1732437743047275071,0.05197479948401451
1732437743047275071,0.05197479948401451
1732437743057315669,0.05197479948401451
1732437743057315669,0.05197479948401451
1732437743067581472,0.05197479948401451
1732437743067581472,0.05197479948401451
1732437743077702383,0.05197479948401451
1732437743077702383,0.05197479948401451
1732437743087950099,0.05197479948401451
1732437743087950099,0.05197479948401451
1732437743098569445,0.05197479948401451
1732437743098569445,0.05197479948401451
1732437743109022351,0.05197479948401451
1732437743109022351,0.05197479948401451
1732437743119140066,0.05197479948401451
1732437743119140066,0.05197479948401451
1732437743129627929,0.05197479948401451
1732437743129627929,0.05197479948401451
1732437743140086216,0.05197479948401451
1732437743140086216,0.05197479948401451
1732437743150808333,0.052223049104213715
1732437743150808333,0.052223049104213715
1732437743160936427,0.052223049104213715
1732437743160936427,0.052223049104213715
1732437743171480342,0.052223049104213715
1732437743171480342,0.052223049104213715
1732437743181776759,0.052223049104213715
1732437743181776759,0.052223049104213715
1732437743192262367,0.052223049104213715
1732437743192262367,0.052223049104213715
1732437743202403004,0.052223049104213715
1732437743202403004,0.052223049104213715
1732437743212900905,0.052223049104213715
1732437743212900905,0.052223049104213715
1732437743223419645,0.052223049104213715
1732437743223419645,0.052223049104213715
1732437743233809363,0.052223049104213715
1732437743233809363,0.052223049104213715
1732437743244170480,0.052400778979063034
1732437743244170480,0.052400778979063034
1732437743255531953,0.052400778979063034
1732437743255531953,0.052400778979063034
1732437743349155956,0.05212735757231712
1732437743349155956,0.05212735757231712
1732437743359694382,0.05212735757231712
1732437743359694382,0.05212735757231712
1732437743370065959,0.05212735757231712
1732437743370065959,0.05212735757231712
1732437743380591620,0.05212735757231712
1732437743380591620,0.05212735757231712
1732437743391143440,0.05212735757231712
1732437743391143440,0.05212735757231712
1732437743401449174,0.05212735757231712
1732437743401449174,0.05212735757231712
1732437743411791596,0.05212735757231712
1732437743411791596,0.05212735757231712
1732437743422273216,0.05212735757231712
1732437743422273216,0.05212735757231712
1732437743432831790,0.05212735757231712
1732437743432831790,0.05212735757231712
1732437743443410980,0.05078943818807602
1732437743443410980,0.05078943818807602
1732437743453739476,0.05078943818807602
1732437743453739476,0.05078943818807602
1732437743464398556,0.05078943818807602
1732437743464398556,0.05078943818807602
1732437743474770533,0.05078943818807602
1732437743474770533,0.05078943818807602
1732437743485035090,0.05078943818807602
1732437743485035090,0.05078943818807602
1732437743495642814,0.05078943818807602
1732437743495642814,0.05078943818807602
1732437743505904817,0.05078943818807602
1732437743505904817,0.05078943818807602
1732437743516566051,0.05078943818807602
1732437743516566051,0.05078943818807602
1732437743526728518,0.05078943818807602
1732437743526728518,0.05078943818807602
1732437743537393880,0.05078943818807602
1732437743537393880,0.05078943818807602
1732437743547602965,0.049743734300136566
1732437743547602965,0.049743734300136566
1732437743558035805,0.049743734300136566
1732437743558035805,0.049743734300136566
1732437743568110656,0.049743734300136566
1732437743568110656,0.049743734300136566
1732437743578213858,0.049743734300136566
1732437743578213858,0.049743734300136566
1732437743588435094,0.049743734300136566
1732437743588435094,0.049743734300136566
1732437743598847426,0.049743734300136566
1732437743598847426,0.049743734300136566
1732437743609441973,0.049743734300136566
1732437743609441973,0.049743734300136566
1732437743619563714,0.049743734300136566
1732437743619563714,0.049743734300136566
1732437743630454525,0.049743734300136566
1732437743630454525,0.049743734300136566
1732437743641039510,0.049743734300136566
1732437743641039510,0.049743734300136566
1732437743652824819,0.050132930278778076
1732437743652824819,0.050132930278778076
1732437743746796266,0.05153642222285271
1732437743746796266,0.05153642222285271
1732437743756818895,0.05153642222285271
1732437743756818895,0.05153642222285271
1732437743767262344,0.05153642222285271
1732437743767262344,0.05153642222285271
1732437743777384665,0.05153642222285271
1732437743777384665,0.05153642222285271
1732437743787846643,0.05153642222285271
1732437743787846643,0.05153642222285271
1732437743798292415,0.05153642222285271
1732437743798292415,0.05153642222285271
1732437743808669792,0.05153642222285271
1732437743808669792,0.05153642222285271
1732437743819195895,0.05153642222285271
1732437743819195895,0.05153642222285271
1732437743829522447,0.05153642222285271
1732437743829522447,0.05153642222285271
1732437743840011822,0.05153642222285271
1732437743840011822,0.05153642222285271
1732437743850223892,0.052286889404058456
1732437743850223892,0.052286889404058456
1732437743860472599,0.052286889404058456
1732437743860472599,0.052286889404058456
1732437743870623858,0.052286889404058456
1732437743870623858,0.052286889404058456
1732437743881229909,0.052286889404058456
1732437743881229909,0.052286889404058456
1732437743891901662,0.052286889404058456
1732437743891901662,0.052286889404058456
1732437743902494077,0.052286889404058456
1732437743902494077,0.052286889404058456
1732437743912957674,0.052286889404058456
1732437743912957674,0.052286889404058456
1732437743923257216,0.052286889404058456
1732437743923257216,0.052286889404058456
1732437743933644142,0.052286889404058456
1732437743933644142,0.052286889404058456
1732437743944288421,0.05445990338921547
1732437743944288421,0.05445990338921547
1732437743954573099,0.05445990338921547
1732437743954573099,0.05445990338921547
1732437743964981412,0.05445990338921547
1732437743964981412,0.05445990338921547
1732437743975521571,0.05445990338921547
1732437743975521571,0.05445990338921547
1732437743986499743,0.05445990338921547
1732437743986499743,0.05445990338921547
1732437743997060971,0.05445990338921547
1732437743997060971,0.05445990338921547
1732437744007114386,0.05445990338921547
1732437744007114386,0.05445990338921547
1732437744017323712,0.05445990338921547
1732437744017323712,0.05445990338921547
1732437744027425127,0.05445990338921547
1732437744027425127,0.05445990338921547
1732437744037728365,0.05445990338921547
1732437744037728365,0.05445990338921547
1732437744048347010,0.055210575461387634
1732437744048347010,0.055210575461387634
1732437744058742672,0.055210575461387634
1732437744058742672,0.055210575461387634
1732437744069200988,0.055210575461387634
1732437744069200988,0.055210575461387634
1732437744080150357,0.055210575461387634
1732437744080150357,0.055210575461387634
1732437744090773149,0.055210575461387634
1732437744090773149,0.055210575461387634
1732437744101120551,0.055210575461387634
1732437744101120551,0.055210575461387634
1732437744111474233,0.055210575461387634
1732437744111474233,0.055210575461387634
1732437744121848985,0.055210575461387634
1732437744121848985,0.055210575461387634
1732437744132277167,0.055210575461387634
1732437744132277167,0.055210575461387634
1732437744142657780,0.05705578252673149
1732437744142657780,0.05705578252673149
1732437744152795591,0.05705578252673149
1732437744152795591,0.05705578252673149
1732437744163062565,0.05705578252673149
1732437744163062565,0.05705578252673149
1732437744173445952,0.05705578252673149
1732437744173445952,0.05705578252673149
1732437744183748230,0.05705578252673149
1732437744183748230,0.05705578252673149
1732437744194098553,0.05705578252673149
1732437744194098553,0.05705578252673149
1732437744204638515,0.05705578252673149
1732437744204638515,0.05705578252673149
1732437744214855073,0.05705578252673149
1732437744214855073,0.05705578252673149
1732437744225414575,0.05705578252673149
1732437744225414575,0.05705578252673149
1732437744235923680,0.05705578252673149
1732437744235923680,0.05705578252673149
1732437744246261854,0.062055524438619614
1732437744246261854,0.062055524438619614
1732437744256420365,0.062055524438619614
1732437744256420365,0.062055524438619614
1732437744266606927,0.062055524438619614
1732437744266606927,0.062055524438619614
1732437744277622499,0.062055524438619614
1732437744277622499,0.062055524438619614
1732437744287839108,0.062055524438619614
1732437744287839108,0.062055524438619614
1732437744298077954,0.062055524438619614
1732437744298077954,0.062055524438619614
1732437744308276804,0.062055524438619614
1732437744308276804,0.062055524438619614
1732437744318821782,0.062055524438619614
1732437744318821782,0.062055524438619614
1732437744328937132,0.062055524438619614
1732437744328937132,0.062055524438619614
1732437744339418251,0.062055524438619614
1732437744339418251,0.062055524438619614
1732437744349893069,0.06409379094839096
1732437744349893069,0.06409379094839096
1732437744360270887,0.06409379094839096
1732437744360270887,0.06409379094839096
1732437744370893471,0.06409379094839096
1732437744370893471,0.06409379094839096
1732437744381216562,0.06409379094839096
1732437744381216562,0.06409379094839096
1732437744391543419,0.06409379094839096
1732437744391543419,0.06409379094839096
1732437744401858842,0.06409379094839096
1732437744401858842,0.06409379094839096
1732437744412272796,0.06409379094839096
1732437744412272796,0.06409379094839096
1732437744422487738,0.06409379094839096
1732437744422487738,0.06409379094839096
1732437744432986102,0.06409379094839096
1732437744432986102,0.06409379094839096
1732437744443865892,0.06628882139921188
1732437744443865892,0.06628882139921188
1732437744454129058,0.06628882139921188
1732437744454129058,0.06628882139921188
1732437744464918779,0.06628882139921188
1732437744464918779,0.06628882139921188
1732437744475199577,0.06628882139921188
1732437744475199577,0.06628882139921188
1732437744485414602,0.06628882139921188
1732437744485414602,0.06628882139921188
1732437744496037682,0.06628882139921188
1732437744496037682,0.06628882139921188
1732437744506709038,0.06628882139921188
1732437744506709038,0.06628882139921188
1732437744517354953,0.06628882139921188
1732437744517354953,0.06628882139921188
1732437744527706973,0.06628882139921188
1732437744527706973,0.06628882139921188
1732437744537942647,0.06628882139921188
1732437744537942647,0.06628882139921188
1732437744548355290,0.06654253602027893
1732437744548355290,0.06654253602027893
1732437744558561930,0.06654253602027893
1732437744558561930,0.06654253602027893
1732437744568834673,0.06654253602027893
1732437744568834673,0.06654253602027893
1732437744579115851,0.06654253602027893
1732437744579115851,0.06654253602027893
1732437744590063767,0.06654253602027893
1732437744590063767,0.06654253602027893
1732437744600271486,0.06654253602027893
1732437744600271486,0.06654253602027893
1732437744610754592,0.06654253602027893
1732437744610754592,0.06654253602027893
1732437744621222448,0.06654253602027893
1732437744621222448,0.06654253602027893
1732437744631818470,0.06654253602027893
1732437744631818470,0.06654253602027893
1732437744642634841,0.06654253602027893
1732437744642634841,0.06654253602027893
1732437744653097185,0.0668552815914154
1732437744653097185,0.0668552815914154
1732437744663668493,0.0668552815914154
1732437744663668493,0.0668552815914154
1732437744674072295,0.0668552815914154
1732437744674072295,0.0668552815914154
1732437744684549662,0.0668552815914154
1732437744684549662,0.0668552815914154
1732437744696511639,0.0668552815914154
1732437744696511639,0.0668552815914154
1732437744706764315,0.0668552815914154
1732437744706764315,0.0668552815914154
1732437744717319812,0.0668552815914154
1732437744717319812,0.0668552815914154
1732437744727469206,0.0668552815914154
1732437744727469206,0.0668552815914154
1732437744737771453,0.0668552815914154
1732437744737771453,0.0668552815914154
1732437744748054275,0.06630097329616547
1732437744748054275,0.06630097329616547
1732437744748054275,0.06630097329616547
1732437744748054275,0.06630097329616547
1732437744768888345,0.06630097329616547
1732437744768888345,0.06630097329616547
1732437744779512167,0.06630097329616547
1732437744779512167,0.06630097329616547
1732437744789656475,0.06630097329616547
1732437744789656475,0.06630097329616547
1732437744800229495,0.06630097329616547
1732437744800229495,0.06630097329616547
1732437744810548172,0.06630097329616547
1732437744810548172,0.06630097329616547
1732437744820688520,0.06630097329616547
1732437744820688520,0.06630097329616547
1732437744830878398,0.06630097329616547
1732437744830878398,0.06630097329616547
1732437744841183341,0.06630097329616547
1732437744841183341,0.06630097329616547
1732437744851778402,0.06830833852291107
1732437744851778402,0.06830833852291107
1732437744862176597,0.06830833852291107
1732437744862176597,0.06830833852291107
1732437744872374782,0.06830833852291107
1732437744872374782,0.06830833852291107
1732437744882551807,0.06830833852291107
1732437744882551807,0.06830833852291107
1732437744892848333,0.06830833852291107
1732437744892848333,0.06830833852291107
1732437744902946212,0.06830833852291107
1732437744902946212,0.06830833852291107
1732437744913366154,0.06830833852291107
1732437744913366154,0.06830833852291107
1732437744923861523,0.06830833852291107
1732437744923861523,0.06830833852291107
1732437744934445345,0.06830833852291107
1732437744934445345,0.06830833852291107
1732437744944731949,0.06763449311256409
1732437744944731949,0.06763449311256409
1732437744955540907,0.06763449311256409
1732437744955540907,0.06763449311256409
1732437744965787193,0.06763449311256409
1732437744965787193,0.06763449311256409
1732437744977033760,0.06763449311256409
1732437744977033760,0.06763449311256409
1732437744987179341,0.06763449311256409
1732437744987179341,0.06763449311256409
1732437744997204474,0.06763449311256409
1732437744997204474,0.06763449311256409
1732437745007505028,0.06763449311256409
1732437745007505028,0.06763449311256409
1732437745017881084,0.06763449311256409
1732437745017881084,0.06763449311256409
1732437745028471075,0.06763449311256409
1732437745028471075,0.06763449311256409
1732437745038795102,0.06763449311256409
1732437745038795102,0.06763449311256409
1732437745049363364,0.06851973384618759
1732437745049363364,0.06851973384618759
1732437745059697962,0.06851973384618759
1732437745059697962,0.06851973384618759
1732437745070997892,0.06851973384618759
1732437745070997892,0.06851973384618759
1732437745081614943,0.06851973384618759
1732437745081614943,0.06851973384618759
1732437745092153230,0.06851973384618759
1732437745092153230,0.06851973384618759
1732437745103211441,0.06851973384618759
1732437745103211441,0.06851973384618759
1732437745114081642,0.06851973384618759
1732437745114081642,0.06851973384618759
1732437745124687744,0.06851973384618759
1732437745124687744,0.06851973384618759
1732437745134778199,0.06851973384618759
1732437745134778199,0.06851973384618759
1732437745145404508,0.06990238279104233
1732437745145404508,0.06990238279104233
1732437745155508407,0.06990238279104233
1732437745155508407,0.06990238279104233
1732437745166581867,0.06990238279104233
1732437745166581867,0.06990238279104233
1732437745177298103,0.06990238279104233
1732437745177298103,0.06990238279104233
1732437745187761079,0.06990238279104233
1732437745187761079,0.06990238279104233
1732437745198075088,0.06990238279104233
1732437745198075088,0.06990238279104233
1732437745208438770,0.06990238279104233
1732437745208438770,0.06990238279104233
1732437745218680616,0.06990238279104233
1732437745218680616,0.06990238279104233
1732437745229124295,0.06990238279104233
1732437745229124295,0.06990238279104233
1732437745239617898,0.06990238279104233
1732437745239617898,0.06990238279104233
1732437745239617898,0.07207518815994263
1732437745239617898,0.07207518815994263
1732437745260085881,0.07207518815994263
1732437745260085881,0.07207518815994263
1732437745270761611,0.07207518815994263
1732437745270761611,0.07207518815994263
1732437745281184583,0.07207518815994263
1732437745281184583,0.07207518815994263
1732437745291955918,0.07207518815994263
1732437745291955918,0.07207518815994263
1732437745302175887,0.07207518815994263
1732437745302175887,0.07207518815994263
1732437745312600401,0.07207518815994263
1732437745312600401,0.07207518815994263
1732437745330261923,0.07207518815994263
1732437745330261923,0.07207518815994263
1732437745340474496,0.07207518815994263
1732437745340474496,0.07207518815994263
1732437745351048858,0.07265306264162064
1732437745351048858,0.07265306264162064
1732437745361488360,0.07265306264162064
1732437745361488360,0.07265306264162064
1732437745371739844,0.07265306264162064
1732437745371739844,0.07265306264162064
1732437745382119335,0.07265306264162064
1732437745382119335,0.07265306264162064
1732437745392356753,0.07265306264162064
1732437745392356753,0.07265306264162064
1732437745402509653,0.07265306264162064
1732437745402509653,0.07265306264162064
1732437745412959184,0.07265306264162064
1732437745412959184,0.07265306264162064
1732437745423308720,0.07265306264162064
1732437745423308720,0.07265306264162064
1732437745433915764,0.07265306264162064
1732437745433915764,0.07265306264162064
1732437745444003900,0.07265306264162064
1732437745444003900,0.07265306264162064
1732437745454514157,0.07278545200824738
1732437745454514157,0.07278545200824738
1732437745464988744,0.07278545200824738
1732437745464988744,0.07278545200824738
1732437745475488595,0.07278545200824738
1732437745475488595,0.07278545200824738
1732437745485905619,0.07278545200824738
1732437745485905619,0.07278545200824738
1732437745496402258,0.07278545200824738
1732437745496402258,0.07278545200824738
1732437745506442730,0.07278545200824738
1732437745506442730,0.07278545200824738
1732437745516860571,0.07278545200824738
1732437745516860571,0.07278545200824738
1732437745527006318,0.07278545200824738
1732437745527006318,0.07278545200824738
1732437745537086445,0.07278545200824738
1732437745537086445,0.07278545200824738
1732437745547193601,0.0745224878191948
1732437745547193601,0.0745224878191948
1732437745557607787,0.0745224878191948
1732437745557607787,0.0745224878191948
1732437745568067296,0.0745224878191948
1732437745568067296,0.0745224878191948
1732437745578914564,0.0745224878191948
1732437745578914564,0.0745224878191948
1732437745589117808,0.0745224878191948
1732437745589117808,0.0745224878191948
1732437745599442017,0.0745224878191948
1732437745599442017,0.0745224878191948
1732437745609882280,0.0745224878191948
1732437745609882280,0.0745224878191948
1732437745620316903,0.0745224878191948
1732437745620316903,0.0745224878191948
1732437745630757919,0.0745224878191948
1732437745630757919,0.0745224878191948
1732437745641377144,0.0745224878191948
1732437745641377144,0.0745224878191948
1732437745651895053,0.07187291234731674
1732437745651895053,0.07187291234731674
1732437745662796894,0.07187291234731674
1732437745662796894,0.07187291234731674
1732437745673437810,0.07187291234731674
1732437745673437810,0.07187291234731674
1732437745683768226,0.07187291234731674
1732437745683768226,0.07187291234731674
1732437745693959061,0.07187291234731674
1732437745693959061,0.07187291234731674
1732437745704073590,0.07187291234731674
1732437745704073590,0.07187291234731674
1732437745714444101,0.07187291234731674
1732437745714444101,0.07187291234731674
1732437745724908252,0.07187291234731674
1732437745724908252,0.07187291234731674
1732437745735510347,0.07187291234731674
1732437745735510347,0.07187291234731674
1732437745745800943,0.07322510331869125
1732437745745800943,0.07322510331869125
1732437745756621402,0.07322510331869125
1732437745756621402,0.07322510331869125
1732437745767120647,0.07322510331869125
1732437745767120647,0.07322510331869125
1732437745777789374,0.07322510331869125
1732437745777789374,0.07322510331869125
1732437745788202337,0.07322510331869125
1732437745788202337,0.07322510331869125
1732437745798352954,0.07322510331869125
1732437745798352954,0.07322510331869125
1732437745808796764,0.07322510331869125
1732437745808796764,0.07322510331869125
1732437745819929001,0.07322510331869125
1732437745819929001,0.07322510331869125
1732437745830386798,0.07322510331869125
1732437745830386798,0.07322510331869125
1732437745840800242,0.07322510331869125
1732437745840800242,0.07322510331869125
1732437745851286380,0.07223471999168396
1732437745851286380,0.07223471999168396
1732437745861671361,0.07223471999168396
1732437745861671361,0.07223471999168396
1732437745872158533,0.07223471999168396
1732437745872158533,0.07223471999168396
1732437745882604745,0.07223471999168396
1732437745882604745,0.07223471999168396
1732437745892784798,0.07223471999168396
1732437745892784798,0.07223471999168396
1732437745903109157,0.07223471999168396
1732437745903109157,0.07223471999168396
1732437745913347904,0.07223471999168396
1732437745913347904,0.07223471999168396
1732437745923799222,0.07223471999168396
1732437745923799222,0.07223471999168396
1732437745934816556,0.07223471999168396
1732437745934816556,0.07223471999168396
1732437745945062299,0.07237016409635544
1732437745945062299,0.07237016409635544
1732437745955713865,0.07237016409635544
1732437745955713865,0.07237016409635544
1732437745966080542,0.07237016409635544
1732437745966080542,0.07237016409635544
1732437745976456617,0.07237016409635544
1732437745976456617,0.07237016409635544
1732437745986597585,0.07237016409635544
1732437745986597585,0.07237016409635544
1732437745997110313,0.07237016409635544
1732437745997110313,0.07237016409635544
1732437746007269527,0.07237016409635544
1732437746007269527,0.07237016409635544
1732437746017306392,0.07237016409635544
1732437746017306392,0.07237016409635544
1732437746027577982,0.07237016409635544
1732437746027577982,0.07237016409635544
1732437746037868058,0.07237016409635544
1732437746037868058,0.07237016409635544
1732437746048102260,0.07142428308725357
1732437746048102260,0.07142428308725357
1732437746058545720,0.07142428308725357
1732437746058545720,0.07142428308725357
1732437746069057928,0.07142428308725357
1732437746069057928,0.07142428308725357
1732437746079520263,0.07142428308725357
1732437746079520263,0.07142428308725357
1732437746089730029,0.07142428308725357
1732437746089730029,0.07142428308725357
1732437746100109977,0.07142428308725357
1732437746100109977,0.07142428308725357
1732437746110468414,0.07142428308725357
1732437746110468414,0.07142428308725357
1732437746120577092,0.07142428308725357
1732437746120577092,0.07142428308725357
1732437746130732918,0.07142428308725357
1732437746130732918,0.07142428308725357
1732437746141088756,0.07142428308725357
1732437746141088756,0.07142428308725357
1732437746151234714,0.07080167531967163
1732437746151234714,0.07080167531967163
1732437746161696377,0.07080167531967163
1732437746161696377,0.07080167531967163
1732437746171979469,0.07080167531967163
1732437746171979469,0.07080167531967163
1732437746182164180,0.07080167531967163
1732437746182164180,0.07080167531967163
1732437746192579228,0.07080167531967163
1732437746192579228,0.07080167531967163
1732437746202858252,0.07080167531967163
1732437746202858252,0.07080167531967163
1732437746213293023,0.07080167531967163
1732437746213293023,0.07080167531967163
1732437746223722801,0.07080167531967163
1732437746223722801,0.07080167531967163
1732437746234203589,0.07080167531967163
1732437746234203589,0.07080167531967163
1732437746244264610,0.07051954418420792
1732437746244264610,0.07051954418420792
1732437746257298106,0.07051954418420792
1732437746257298106,0.07051954418420792
1732437746267380857,0.07051954418420792
1732437746267380857,0.07051954418420792
1732437746277807797,0.07051954418420792
1732437746277807797,0.07051954418420792
1732437746288190504,0.07051954418420792
1732437746288190504,0.07051954418420792
1732437746298655713,0.07051954418420792
1732437746298655713,0.07051954418420792
1732437746308870218,0.07051954418420792
1732437746308870218,0.07051954418420792
1732437746319051292,0.07051954418420792
1732437746319051292,0.07051954418420792
1732437746329543232,0.07051954418420792
1732437746329543232,0.07051954418420792
1732437746339923835,0.07051954418420792
1732437746339923835,0.07051954418420792
1732437746350265393,0.07056745886802673
1732437746350265393,0.07056745886802673
1732437746360890883,0.07056745886802673
1732437746360890883,0.07056745886802673
1732437746371243194,0.07056745886802673
1732437746371243194,0.07056745886802673
1732437746381565449,0.07056745886802673
1732437746381565449,0.07056745886802673
1732437746391864260,0.07056745886802673
1732437746391864260,0.07056745886802673
1732437746402386286,0.07056745886802673
1732437746402386286,0.07056745886802673
1732437746412818055,0.07056745886802673
1732437746412818055,0.07056745886802673
1732437746423102591,0.07056745886802673
1732437746423102591,0.07056745886802673
1732437746433708030,0.07056745886802673
1732437746433708030,0.07056745886802673
1732437746443897389,0.07056745886802673
1732437746443897389,0.07056745886802673
1732437746454107045,0.07175479084253311
1732437746454107045,0.07175479084253311
1732437746464263863,0.07175479084253311
1732437746464263863,0.07175479084253311
1732437746474436300,0.07175479084253311
1732437746474436300,0.07175479084253311
1732437746484747114,0.07175479084253311
1732437746484747114,0.07175479084253311
1732437746495206053,0.07175479084253311
1732437746495206053,0.07175479084253311
1732437746505646987,0.07175479084253311
1732437746505646987,0.07175479084253311
1732437746516036869,0.07175479084253311
1732437746516036869,0.07175479084253311
1732437746526368751,0.07175479084253311
1732437746526368751,0.07175479084253311
1732437746536788117,0.07175479084253311
1732437746536788117,0.07175479084253311
1732437746546839569,0.06799868494272232
1732437746546839569,0.06799868494272232
1732437746557330047,0.06799868494272232
1732437746557330047,0.06799868494272232
1732437746567857298,0.06799868494272232
1732437746567857298,0.06799868494272232
1732437746578013108,0.06799868494272232
1732437746578013108,0.06799868494272232
1732437746588591188,0.06799868494272232
1732437746588591188,0.06799868494272232
1732437746599065795,0.06799868494272232
1732437746599065795,0.06799868494272232
1732437746609653513,0.06799868494272232
1732437746609653513,0.06799868494272232
1732437746619771850,0.06799868494272232
1732437746619771850,0.06799868494272232
1732437746629948445,0.06799868494272232
1732437746629948445,0.06799868494272232
1732437746640350007,0.06799868494272232
1732437746640350007,0.06799868494272232
1732437746650891440,0.06516171246767044
1732437746650891440,0.06516171246767044
1732437746661094122,0.06516171246767044
1732437746661094122,0.06516171246767044
1732437746671367907,0.06516171246767044
1732437746671367907,0.06516171246767044
1732437746681765792,0.06516171246767044
1732437746681765792,0.06516171246767044
1732437746692111140,0.06516171246767044
1732437746692111140,0.06516171246767044
1732437746702954443,0.06516171246767044
1732437746702954443,0.06516171246767044
1732437746713243425,0.06516171246767044
1732437746713243425,0.06516171246767044
1732437746723590467,0.06516171246767044
1732437746723590467,0.06516171246767044
1732437746733679459,0.06516171246767044
1732437746733679459,0.06516171246767044
1732437746744036117,0.061407554894685745
1732437746744036117,0.061407554894685745
1732437746754706729,0.061407554894685745
1732437746754706729,0.061407554894685745
1732437746764931804,0.061407554894685745
1732437746764931804,0.061407554894685745
1732437746775526595,0.061407554894685745
1732437746775526595,0.061407554894685745
1732437746785940647,0.061407554894685745
1732437746785940647,0.061407554894685745
1732437746796117936,0.061407554894685745
1732437746796117936,0.061407554894685745
1732437746806791192,0.061407554894685745
1732437746806791192,0.061407554894685745
1732437746817028189,0.061407554894685745
1732437746817028189,0.061407554894685745
1732437746827377641,0.061407554894685745
1732437746827377641,0.061407554894685745
1732437746837815024,0.061407554894685745
1732437746837815024,0.061407554894685745
1732437746848550114,0.0592181496322155
1732437746848550114,0.0592181496322155
1732437746859061612,0.0592181496322155
1732437746859061612,0.0592181496322155
1732437746869649489,0.0592181496322155
1732437746869649489,0.0592181496322155
1732437746880027016,0.0592181496322155
1732437746880027016,0.0592181496322155
1732437746890542376,0.0592181496322155
1732437746890542376,0.0592181496322155
1732437746901065488,0.0592181496322155
1732437746901065488,0.0592181496322155
1732437746911794728,0.0592181496322155
1732437746911794728,0.0592181496322155
1732437746921942761,0.0592181496322155
1732437746921942761,0.0592181496322155
1732437746932642913,0.0592181496322155
1732437746932642913,0.0592181496322155
1732437746942709723,0.0592181496322155
1732437746942709723,0.0592181496322155
1732437746952818636,0.058028336614370346
1732437746952818636,0.058028336614370346
1732437746963403710,0.058028336614370346
1732437746963403710,0.058028336614370346
1732437746973940870,0.058028336614370346
1732437746973940870,0.058028336614370346
1732437746984505758,0.058028336614370346
1732437746984505758,0.058028336614370346
1732437746994715836,0.058028336614370346
1732437746994715836,0.058028336614370346
1732437747005007684,0.058028336614370346
1732437747005007684,0.058028336614370346
1732437747015643759,0.058028336614370346
1732437747015643759,0.058028336614370346
1732437747026317308,0.058028336614370346
1732437747026317308,0.058028336614370346
1732437747036592967,0.058028336614370346
1732437747036592967,0.058028336614370346
1732437747046789348,0.057354431599378586
1732437747046789348,0.057354431599378586
1732437747057255281,0.057354431599378586
1732437747057255281,0.057354431599378586
1732437747067347999,0.057354431599378586
1732437747067347999,0.057354431599378586
1732437747077359429,0.057354431599378586
1732437747077359429,0.057354431599378586
1732437747087877453,0.057354431599378586
1732437747087877453,0.057354431599378586
1732437747098046785,0.057354431599378586
1732437747098046785,0.057354431599378586
1732437747108505296,0.057354431599378586
1732437747108505296,0.057354431599378586
1732437747118763773,0.057354431599378586
1732437747118763773,0.057354431599378586
1732437747129286591,0.057354431599378586
1732437747129286591,0.057354431599378586
1732437747139475329,0.057354431599378586
1732437747139475329,0.057354431599378586
1732437747150122938,0.05565105751156807
1732437747150122938,0.05565105751156807
1732437747160578340,0.05565105751156807
1732437747160578340,0.05565105751156807
1732437747170974513,0.05565105751156807
1732437747170974513,0.05565105751156807
1732437747181235134,0.05565105751156807
1732437747181235134,0.05565105751156807
1732437747191507496,0.05565105751156807
1732437747191507496,0.05565105751156807
1732437747201614833,0.05565105751156807
1732437747201614833,0.05565105751156807
1732437747212077859,0.05565105751156807
1732437747212077859,0.05565105751156807
1732437747222681657,0.05565105751156807
1732437747222681657,0.05565105751156807
1732437747233004894,0.05565105751156807
1732437747233004894,0.05565105751156807
1732437747243287836,0.05565105751156807
1732437747243287836,0.05565105751156807
1732437747253537343,0.05598217993974686
1732437747253537343,0.05598217993974686
1732437747263944509,0.05598217993974686
1732437747263944509,0.05598217993974686
1732437747274679701,0.05598217993974686
1732437747274679701,0.05598217993974686
1732437747284952964,0.05598217993974686
1732437747284952964,0.05598217993974686
1732437747296100912,0.05598217993974686
1732437747296100912,0.05598217993974686
1732437747306509043,0.05598217993974686
1732437747306509043,0.05598217993974686
1732437747316888759,0.05598217993974686
1732437747316888759,0.05598217993974686
1732437747327271115,0.05598217993974686
1732437747327271115,0.05598217993974686
1732437747337308513,0.05598217993974686
1732437747337308513,0.05598217993974686
1732437747347504142,0.05467913672327995
1732437747347504142,0.05467913672327995
1732437747452537616,0.05596331134438515
1732437747452537616,0.05596331134438515
1732437747462868667,0.05596331134438515
1732437747462868667,0.05596331134438515
1732437747473206742,0.05596331134438515
1732437747473206742,0.05596331134438515
1732437747483606431,0.05596331134438515
1732437747483606431,0.05596331134438515
1732437747493956799,0.05596331134438515
1732437747493956799,0.05596331134438515
1732437747504197021,0.05596331134438515
1732437747504197021,0.05596331134438515
1732437747514500048,0.05596331134438515
1732437747514500048,0.05596331134438515
1732437747524767865,0.05596331134438515
1732437747524767865,0.05596331134438515
1732437747534959698,0.05596331134438515
1732437747534959698,0.05596331134438515
1732437747545578763,0.05554802343249321
1732437747545578763,0.05554802343249321
1732437747556054694,0.05554802343249321
1732437747556054694,0.05554802343249321
1732437747566349037,0.05554802343249321
1732437747566349037,0.05554802343249321
1732437747577188773,0.05554802343249321
1732437747577188773,0.05554802343249321
1732437747587610038,0.05554802343249321
1732437747587610038,0.05554802343249321
1732437747598139953,0.05554802343249321
1732437747598139953,0.05554802343249321
1732437747608549620,0.05554802343249321
1732437747608549620,0.05554802343249321
1732437747618862585,0.05554802343249321
1732437747618862585,0.05554802343249321
1732437747628967119,0.05554802343249321
1732437747628967119,0.05554802343249321
1732437747639594481,0.05554802343249321
1732437747639594481,0.05554802343249321
1732437747650225930,0.05668143182992935
1732437747650225930,0.05668143182992935
1732437747660656757,0.05668143182992935
1732437747660656757,0.05668143182992935
1732437747671059351,0.05668143182992935
1732437747671059351,0.05668143182992935
1732437747681476152,0.05668143182992935
1732437747681476152,0.05668143182992935
1732437747692233434,0.05668143182992935
1732437747692233434,0.05668143182992935
1732437747702395703,0.05668143182992935
1732437747702395703,0.05668143182992935
1732437747712893113,0.05668143182992935
1732437747712893113,0.05668143182992935
1732437747723241637,0.05668143182992935
1732437747723241637,0.05668143182992935
1732437747733382332,0.05668143182992935
1732437747733382332,0.05668143182992935
1732437747743704069,0.05668143182992935
1732437747743704069,0.05668143182992935
1732437747753808622,0.056474752724170685
1732437747753808622,0.056474752724170685
1732437747764194514,0.056474752724170685
1732437747764194514,0.056474752724170685
1732437747774615183,0.056474752724170685
1732437747774615183,0.056474752724170685
1732437747785029858,0.056474752724170685
1732437747785029858,0.056474752724170685
1732437747795563987,0.056474752724170685
1732437747795563987,0.056474752724170685
1732437747805820630,0.056474752724170685
1732437747805820630,0.056474752724170685
1732437747816364919,0.056474752724170685
1732437747816364919,0.056474752724170685
1732437747826825780,0.056474752724170685
1732437747826825780,0.056474752724170685
1732437747837251828,0.056474752724170685
1732437747837251828,0.056474752724170685
1732437747847412694,0.0568845234811306
1732437747847412694,0.0568845234811306
1732437747857600840,0.0568845234811306
1732437747857600840,0.0568845234811306
1732437747867904300,0.0568845234811306
1732437747867904300,0.0568845234811306
1732437747878673565,0.0568845234811306
1732437747878673565,0.0568845234811306
1732437747889221719,0.0568845234811306
1732437747889221719,0.0568845234811306
1732437747899440503,0.0568845234811306
1732437747899440503,0.0568845234811306
1732437747909723632,0.0568845234811306
1732437747909723632,0.0568845234811306
1732437747920280497,0.0568845234811306
1732437747920280497,0.0568845234811306
1732437747930406808,0.0568845234811306
1732437747930406808,0.0568845234811306
1732437747941076469,0.0568845234811306
1732437747941076469,0.0568845234811306
1732437747951605507,0.05776999145746231
1732437747951605507,0.05776999145746231
1732437747962076679,0.05776999145746231
1732437747962076679,0.05776999145746231
1732437747972453245,0.05776999145746231
1732437747972453245,0.05776999145746231
1732437747982597660,0.05776999145746231
1732437747982597660,0.05776999145746231
1732437747992995676,0.05776999145746231
1732437747992995676,0.05776999145746231
1732437748003144770,0.05776999145746231
1732437748003144770,0.05776999145746231
1732437748013692243,0.05776999145746231
1732437748013692243,0.05776999145746231
1732437748024512312,0.05776999145746231
1732437748024512312,0.05776999145746231
1732437748034960001,0.05776999145746231
1732437748034960001,0.05776999145746231
1732437748045313193,0.05900300666689873
1732437748045313193,0.05900300666689873
1732437748148317349,0.059266041964292526
1732437748148317349,0.059266041964292526
1732437748159354565,0.059266041964292526
1732437748159354565,0.059266041964292526
1732437748169667262,0.059266041964292526
1732437748169667262,0.059266041964292526
1732437748180538693,0.059266041964292526
1732437748180538693,0.059266041964292526
1732437748190708489,0.059266041964292526
1732437748190708489,0.059266041964292526
1732437748201344476,0.059266041964292526
1732437748201344476,0.059266041964292526
1732437748211505433,0.059266041964292526
1732437748211505433,0.059266041964292526
1732437748221768489,0.059266041964292526
1732437748221768489,0.059266041964292526
1732437748232215726,0.059266041964292526
1732437748232215726,0.059266041964292526
1732437748243171787,0.059266041964292526
1732437748243171787,0.059266041964292526
1732437748253437558,0.05871424451470375
1732437748253437558,0.05871424451470375
1732437748263876510,0.05871424451470375
1732437748263876510,0.05871424451470375
1732437748274584612,0.05871424451470375
1732437748274584612,0.05871424451470375
1732437748284983149,0.05871424451470375
1732437748284983149,0.05871424451470375
1732437748296009721,0.05871424451470375
1732437748296009721,0.05871424451470375
1732437748306485031,0.05871424451470375
1732437748306485031,0.05871424451470375
1732437748316835899,0.05871424451470375
1732437748316835899,0.05871424451470375
1732437748327422401,0.05871424451470375
1732437748327422401,0.05871424451470375
1732437748337943679,0.05871424451470375
1732437748337943679,0.05871424451470375
1732437748348349250,0.05773279443383217
1732437748348349250,0.05773279443383217
1732437748358833515,0.05773279443383217
1732437748358833515,0.05773279443383217
1732437748369605445,0.05773279443383217
1732437748369605445,0.05773279443383217
1732437748380024059,0.05773279443383217
1732437748380024059,0.05773279443383217
1732437748390138740,0.05773279443383217
1732437748390138740,0.05773279443383217
1732437748400604120,0.05773279443383217
1732437748400604120,0.05773279443383217
1732437748410858971,0.05773279443383217
1732437748410858971,0.05773279443383217
1732437748421147734,0.05773279443383217
1732437748421147734,0.05773279443383217
1732437748431715125,0.05773279443383217
1732437748431715125,0.05773279443383217
1732437748442738722,0.05773279443383217
1732437748442738722,0.05773279443383217
1732437748453191449,0.05796043574810028
1732437748453191449,0.05796043574810028
1732437748463464604,0.05796043574810028
1732437748463464604,0.05796043574810028
1732437748474103527,0.05796043574810028
1732437748474103527,0.05796043574810028
1732437748484410034,0.05796043574810028
1732437748484410034,0.05796043574810028
1732437748494779867,0.05796043574810028
1732437748494779867,0.05796043574810028
1732437748505344261,0.05796043574810028
1732437748505344261,0.05796043574810028
1732437748515491783,0.05796043574810028
1732437748515491783,0.05796043574810028
1732437748525897803,0.05796043574810028
1732437748525897803,0.05796043574810028
1732437748536178962,0.05796043574810028
1732437748536178962,0.05796043574810028
1732437748546393718,0.05939347669482231
1732437748546393718,0.05939347669482231
1732437748650488733,0.05880052223801613
1732437748650488733,0.05880052223801613
1732437748660910823,0.05880052223801613
1732437748660910823,0.05880052223801613
1732437748671527291,0.05880052223801613
1732437748671527291,0.05880052223801613
1732437748681837177,0.05880052223801613
1732437748681837177,0.05880052223801613
1732437748692325651,0.05880052223801613
1732437748692325651,0.05880052223801613
1732437748702969042,0.05880052223801613
1732437748702969042,0.05880052223801613
1732437748713118167,0.05880052223801613
1732437748713118167,0.05880052223801613
1732437748723272151,0.05880052223801613
1732437748723272151,0.05880052223801613
1732437748733544683,0.05880052223801613
1732437748733544683,0.05880052223801613
1732437748743756524,0.05900249630212784
1732437748743756524,0.05900249630212784
1732437748753891442,0.05900249630212784
1732437748753891442,0.05900249630212784
1732437748764452490,0.05900249630212784
1732437748764452490,0.05900249630212784
1732437748774647229,0.05900249630212784
1732437748774647229,0.05900249630212784
1732437748784939268,0.05900249630212784
1732437748784939268,0.05900249630212784
1732437748795228692,0.05900249630212784
1732437748795228692,0.05900249630212784
1732437748805702630,0.05900249630212784
1732437748805702630,0.05900249630212784
1732437748815997814,0.05900249630212784
1732437748815997814,0.05900249630212784
1732437748826588498,0.05900249630212784
1732437748826588498,0.05900249630212784
1732437748837061103,0.05900249630212784
1732437748837061103,0.05900249630212784
1732437748847391122,0.058310650289058685
1732437748847391122,0.058310650289058685
1732437748857596211,0.058310650289058685
1732437748857596211,0.058310650289058685
1732437748867771805,0.058310650289058685
1732437748867771805,0.058310650289058685
1732437748878177572,0.058310650289058685
1732437748878177572,0.058310650289058685
1732437748888405646,0.058310650289058685
1732437748888405646,0.058310650289058685
1732437748898760812,0.058310650289058685
1732437748898760812,0.058310650289058685
1732437748909305841,0.058310650289058685
1732437748909305841,0.058310650289058685
1732437748919565560,0.058310650289058685
1732437748919565560,0.058310650289058685
1732437748929828797,0.058310650289058685
1732437748929828797,0.058310650289058685
1732437748940104205,0.058310650289058685
1732437748940104205,0.058310650289058685
1732437748950726016,0.06036241352558136
1732437748950726016,0.06036241352558136
1732437748961254053,0.06036241352558136
1732437748961254053,0.06036241352558136
1732437748971489718,0.06036241352558136
1732437748971489718,0.06036241352558136
1732437748981990104,0.06036241352558136
1732437748981990104,0.06036241352558136
1732437748992099345,0.06036241352558136
1732437748992099345,0.06036241352558136
1732437749002234271,0.06036241352558136
1732437749002234271,0.06036241352558136
1732437749012478343,0.06036241352558136
1732437749012478343,0.06036241352558136
1732437749022860750,0.06036241352558136
1732437749022860750,0.06036241352558136
1732437749033258395,0.06036241352558136
1732437749033258395,0.06036241352558136
1732437749033258395,0.06036241352558136
1732437749033258395,0.06036241352558136
1732437749054150536,0.06217625364661217
1732437749054150536,0.06217625364661217
1732437749064725290,0.06217625364661217
1732437749064725290,0.06217625364661217
1732437749074972427,0.06217625364661217
1732437749074972427,0.06217625364661217
1732437749085276378,0.06217625364661217
1732437749085276378,0.06217625364661217
1732437749095593744,0.06217625364661217
1732437749095593744,0.06217625364661217
1732437749105819611,0.06217625364661217
1732437749105819611,0.06217625364661217
1732437749116454053,0.06217625364661217
1732437749116454053,0.06217625364661217
1732437749126725328,0.06217625364661217
1732437749126725328,0.06217625364661217
1732437749137374410,0.06217625364661217
1732437749137374410,0.06217625364661217
1732437749147623029,0.06551238149404526
1732437749147623029,0.06551238149404526
1732437749252766991,0.06688171625137329
1732437749252766991,0.06688171625137329
1732437749263059357,0.06688171625137329
1732437749263059357,0.06688171625137329
1732437749273430002,0.06688171625137329
1732437749273430002,0.06688171625137329
1732437749283801122,0.06688171625137329
1732437749283801122,0.06688171625137329
1732437749294215058,0.06688171625137329
1732437749294215058,0.06688171625137329
1732437749304772310,0.06688171625137329
1732437749304772310,0.06688171625137329
1732437749315068237,0.06688171625137329
1732437749315068237,0.06688171625137329
1732437749325397035,0.06688171625137329
1732437749325397035,0.06688171625137329
1732437749335588026,0.06688171625137329
1732437749335588026,0.06688171625137329
1732437749345840091,0.0688021183013916
1732437749345840091,0.0688021183013916
1732437749356235403,0.0688021183013916
1732437749356235403,0.0688021183013916
1732437749366420815,0.0688021183013916
1732437749366420815,0.0688021183013916
1732437749377331682,0.0688021183013916
1732437749377331682,0.0688021183013916
1732437749387746479,0.0688021183013916
1732437749387746479,0.0688021183013916
1732437749398279637,0.0688021183013916
1732437749398279637,0.0688021183013916
1732437749408803638,0.0688021183013916
1732437749408803638,0.0688021183013916
1732437749419091960,0.0688021183013916
1732437749419091960,0.0688021183013916
1732437749429306355,0.0688021183013916
1732437749429306355,0.0688021183013916
1732437749439707337,0.0688021183013916
1732437749439707337,0.0688021183013916
1732437749450301998,0.07423999905586243
1732437749450301998,0.07423999905586243
1732437749461064300,0.07423999905586243
1732437749461064300,0.07423999905586243
1732437749471323098,0.07423999905586243
1732437749471323098,0.07423999905586243
1732437749481547582,0.07423999905586243
1732437749481547582,0.07423999905586243
1732437749491786840,0.07423999905586243
1732437749491786840,0.07423999905586243
1732437749502149781,0.07423999905586243
1732437749502149781,0.07423999905586243
1732437749513220118,0.07423999905586243
1732437749513220118,0.07423999905586243
1732437749523484784,0.07423999905586243
1732437749523484784,0.07423999905586243
1732437749533835596,0.07423999905586243
1732437749533835596,0.07423999905586243
1732437749544217373,0.07675176858901978
1732437749544217373,0.07675176858901978
1732437749554505862,0.07675176858901978
1732437749554505862,0.07675176858901978
1732437749649145845,0.07723957300186157
1732437749649145845,0.07723957300186157
1732437749659237523,0.07723957300186157
1732437749659237523,0.07723957300186157
1732437749743231315,0.08153901249170303
1732437749743231315,0.08153901249170303
1732437749847743455,0.0854475349187851
1732437749847743455,0.0854475349187851
1732437749858630578,0.0854475349187851
1732437749858630578,0.0854475349187851
1732437749869338760,0.0854475349187851
1732437749869338760,0.0854475349187851
1732437749879752285,0.0854475349187851
1732437749879752285,0.0854475349187851
1732437749889950310,0.0854475349187851
1732437749889950310,0.0854475349187851
1732437749900408719,0.0854475349187851
1732437749900408719,0.0854475349187851
1732437749910724302,0.0854475349187851
1732437749910724302,0.0854475349187851
1732437749921379115,0.0854475349187851
1732437749921379115,0.0854475349187851
1732437749931692464,0.0854475349187851
1732437749931692464,0.0854475349187851
1732437749942207022,0.0854475349187851
1732437749942207022,0.0854475349187851
1732437749952333960,0.08638929575681686
1732437749952333960,0.08638929575681686
1732437749962441658,0.08638929575681686
1732437749962441658,0.08638929575681686
1732437749972822912,0.08638929575681686
1732437749972822912,0.08638929575681686
1732437749983272605,0.08638929575681686
1732437749983272605,0.08638929575681686
1732437749993858419,0.08638929575681686
1732437749993858419,0.08638929575681686
1732437750004280620,0.08638929575681686
1732437750004280620,0.08638929575681686
1732437750014472946,0.08638929575681686
1732437750014472946,0.08638929575681686
1732437750024787978,0.08638929575681686
1732437750024787978,0.08638929575681686
1732437750035248720,0.08638929575681686
1732437750035248720,0.08638929575681686
1732437750045721134,0.08861043304204941
1732437750045721134,0.08861043304204941
1732437750150893732,0.08940015733242035
1732437750150893732,0.08940015733242035
1732437750161027720,0.08940015733242035
1732437750161027720,0.08940015733242035
1732437750171511635,0.08940015733242035
1732437750171511635,0.08940015733242035
1732437750181920781,0.08940015733242035
1732437750181920781,0.08940015733242035
1732437750192143563,0.08940015733242035
1732437750192143563,0.08940015733242035
1732437750202646811,0.08940015733242035
1732437750202646811,0.08940015733242035
1732437750213002042,0.08940015733242035
1732437750213002042,0.08940015733242035
1732437750223606340,0.08940015733242035
1732437750223606340,0.08940015733242035
1732437750233968562,0.08940015733242035
1732437750233968562,0.08940015733242035
1732437750244070698,0.09162642806768417
1732437750244070698,0.09162642806768417
1732437750254569391,0.09162642806768417
1732437750254569391,0.09162642806768417
1732437750265136612,0.09162642806768417
1732437750265136612,0.09162642806768417
1732437750275746372,0.09162642806768417
1732437750275746372,0.09162642806768417
1732437750286274489,0.09162642806768417
1732437750286274489,0.09162642806768417
1732437750296785294,0.09162642806768417
1732437750296785294,0.09162642806768417
1732437750307341846,0.09162642806768417
1732437750307341846,0.09162642806768417
1732437750317633325,0.09162642806768417
1732437750317633325,0.09162642806768417
1732437750329600362,0.09162642806768417
1732437750329600362,0.09162642806768417
1732437750340197417,0.09162642806768417
1732437750340197417,0.09162642806768417
1732437750350833483,0.1039571762084961
1732437750350833483,0.1039571762084961
1732437750361087997,0.1039571762084961
1732437750361087997,0.1039571762084961
1732437750371631312,0.1039571762084961
1732437750371631312,0.1039571762084961
1732437750382200636,0.1039571762084961
1732437750382200636,0.1039571762084961
1732437750392526379,0.1039571762084961
1732437750392526379,0.1039571762084961
1732437750402781099,0.1039571762084961
1732437750402781099,0.1039571762084961
1732437750413127380,0.1039571762084961
1732437750413127380,0.1039571762084961
1732437750423693949,0.1039571762084961
1732437750423693949,0.1039571762084961
1732437750433930075,0.1039571762084961
1732437750433930075,0.1039571762084961
1732437750444290361,0.10968364775180817
1732437750444290361,0.10968364775180817
1732437750547661706,0.11151979118585587
1732437750547661706,0.11151979118585587
1732437750558228522,0.11151979118585587
1732437750558228522,0.11151979118585587
1732437750568713004,0.11151979118585587
1732437750568713004,0.11151979118585587
1732437750579242614,0.11151979118585587
1732437750579242614,0.11151979118585587
1732437750589855889,0.11151979118585587
1732437750589855889,0.11151979118585587
1732437750600479525,0.11151979118585587
1732437750600479525,0.11151979118585587
1732437750610603794,0.11151979118585587
1732437750610603794,0.11151979118585587
1732437750621221604,0.11151979118585587
1732437750621221604,0.11151979118585587
1732437750634788952,0.11151979118585587
1732437750634788952,0.11151979118585587
1732437750645196797,0.12076301127672195
1732437750645196797,0.12076301127672195
1732437750655516842,0.12076301127672195
1732437750655516842,0.12076301127672195
1732437750665676917,0.12076301127672195
1732437750665676917,0.12076301127672195
1732437750676024419,0.12076301127672195
1732437750676024419,0.12076301127672195
1732437750687036277,0.12076301127672195
1732437750687036277,0.12076301127672195
1732437750697480227,0.12076301127672195
1732437750697480227,0.12076301127672195
1732437750707583235,0.12076301127672195
1732437750707583235,0.12076301127672195
1732437750717935727,0.12076301127672195
1732437750717935727,0.12076301127672195
1732437750728793528,0.12076301127672195
1732437750728793528,0.12076301127672195
1732437750739357793,0.12076301127672195
1732437750739357793,0.12076301127672195
1732437750749790379,0.12191678583621979
1732437750749790379,0.12191678583621979
1732437750760766268,0.12191678583621979
1732437750760766268,0.12191678583621979
1732437750771339103,0.12191678583621979
1732437750771339103,0.12191678583621979
1732437750781891726,0.12191678583621979
1732437750781891726,0.12191678583621979
1732437750792518336,0.12191678583621979
1732437750792518336,0.12191678583621979
1732437750802851323,0.12191678583621979
1732437750802851323,0.12191678583621979
1732437750813065047,0.12191678583621979
1732437750813065047,0.12191678583621979
1732437750823297796,0.12191678583621979
1732437750823297796,0.12191678583621979
1732437750833905401,0.12191678583621979
1732437750833905401,0.12191678583621979
1732437750844058835,0.12398338317871094
1732437750844058835,0.12398338317871094
1732437750948489525,0.13203251361846924
1732437750948489525,0.13203251361846924
1732437750958952152,0.13203251361846924
1732437750958952152,0.13203251361846924
1732437750969455984,0.13203251361846924
1732437750969455984,0.13203251361846924
1732437750979813576,0.13203251361846924
1732437750979813576,0.13203251361846924
1732437750989908170,0.13203251361846924
1732437750989908170,0.13203251361846924
1732437751000043378,0.13203251361846924
1732437751000043378,0.13203251361846924
1732437751010167074,0.13203251361846924
1732437751010167074,0.13203251361846924
1732437751020813840,0.13203251361846924
1732437751020813840,0.13203251361846924
1732437751031478905,0.13203251361846924
1732437751031478905,0.13203251361846924
1732437751041534899,0.13203251361846924
1732437751041534899,0.13203251361846924
1732437751052257336,0.1376170963048935
1732437751052257336,0.1376170963048935
1732437751062377112,0.1376170963048935
1732437751062377112,0.1376170963048935
1732437751072858869,0.1376170963048935
1732437751072858869,0.1376170963048935
1732437751083211251,0.1376170963048935
1732437751083211251,0.1376170963048935
1732437751093355668,0.1376170963048935
1732437751093355668,0.1376170963048935
1732437751104225399,0.1376170963048935
1732437751104225399,0.1376170963048935
1732437751114786798,0.1376170963048935
1732437751114786798,0.1376170963048935
1732437751125259394,0.1376170963048935
1732437751125259394,0.1376170963048935
1732437751136148027,0.1376170963048935
1732437751136148027,0.1376170963048935
1732437751146511975,0.15122535824775696
1732437751146511975,0.15122535824775696
1732437751252259400,0.16426783800125122
1732437751252259400,0.16426783800125122
1732437751262446135,0.16426783800125122
1732437751262446135,0.16426783800125122
1732437751272798753,0.16426783800125122
1732437751272798753,0.16426783800125122
1732437751283182458,0.16426783800125122
1732437751283182458,0.16426783800125122
1732437751293585162,0.16426783800125122
1732437751293585162,0.16426783800125122
1732437751303683321,0.16426783800125122
1732437751303683321,0.16426783800125122
1732437751313887951,0.16426783800125122
1732437751313887951,0.16426783800125122
1732437751324553193,0.16426783800125122
1732437751324553193,0.16426783800125122
1732437751334816130,0.16426783800125122
1732437751334816130,0.16426783800125122
1732437751345233708,0.16627241671085358
1732437751345233708,0.16627241671085358
1732437751345233708,0.16627241671085358
1732437751345233708,0.16627241671085358
1732437751366040902,0.16627241671085358
1732437751366040902,0.16627241671085358
1732437751377421993,0.16627241671085358
1732437751377421993,0.16627241671085358
1732437751388271778,0.16627241671085358
1732437751388271778,0.16627241671085358
1732437751398722446,0.16627241671085358
1732437751398722446,0.16627241671085358
1732437751409182667,0.16627241671085358
1732437751409182667,0.16627241671085358
1732437751425590315,0.16627241671085358
1732437751425590315,0.16627241671085358
1732437751435733212,0.16627241671085358
1732437751435733212,0.16627241671085358
1732437751446294020,0.17256711423397064
1732437751446294020,0.17256711423397064
1732437751550438582,0.17851611971855164
1732437751550438582,0.17851611971855164
1732437751561014067,0.17851611971855164
1732437751561014067,0.17851611971855164
1732437751571856579,0.17851611971855164
1732437751571856579,0.17851611971855164
1732437751582072097,0.17851611971855164
1732437751582072097,0.17851611971855164
1732437751592447381,0.17851611971855164
1732437751592447381,0.17851611971855164
1732437751602563034,0.17851611971855164
1732437751602563034,0.17851611971855164
1732437751612833984,0.17851611971855164
1732437751612833984,0.17851611971855164
1732437751623349640,0.17851611971855164
1732437751623349640,0.17851611971855164
1732437751634012097,0.17851611971855164
1732437751634012097,0.17851611971855164
1732437751644303706,0.20240497589111328
1732437751644303706,0.20240497589111328
1732437751655101381,0.20240497589111328
1732437751655101381,0.20240497589111328
1732437751665596651,0.20240497589111328
1732437751665596651,0.20240497589111328
1732437751676603068,0.20240497589111328
1732437751676603068,0.20240497589111328
1732437751687040006,0.20240497589111328
1732437751687040006,0.20240497589111328
1732437751697110455,0.20240497589111328
1732437751697110455,0.20240497589111328
1732437751707583842,0.20240497589111328
1732437751707583842,0.20240497589111328
1732437751717795893,0.20240497589111328
1732437751717795893,0.20240497589111328
1732437751728004609,0.20240497589111328
1732437751728004609,0.20240497589111328
1732437751738460973,0.20240497589111328
1732437751738460973,0.20240497589111328
1732437751748779562,0.21858395636081696
1732437751748779562,0.21858395636081696
1732437751758933746,0.21858395636081696
1732437751758933746,0.21858395636081696
1732437751769570395,0.21858395636081696
1732437751769570395,0.21858395636081696
1732437751780251167,0.21858395636081696
1732437751780251167,0.21858395636081696
1732437751790872398,0.21858395636081696
1732437751790872398,0.21858395636081696
1732437751801342879,0.21858395636081696
1732437751801342879,0.21858395636081696
1732437751811935227,0.21858395636081696
1732437751811935227,0.21858395636081696
1732437751822079542,0.21858395636081696
1732437751822079542,0.21858395636081696
1732437751832415093,0.21858395636081696
1732437751832415093,0.21858395636081696
1732437751842731889,0.21858395636081696
1732437751842731889,0.21858395636081696
1732437751948334446,0.2655865252017975
1732437751948334446,0.2655865252017975
1732437751959027149,0.2655865252017975
1732437751959027149,0.2655865252017975
1732437751969687283,0.2655865252017975
1732437751969687283,0.2655865252017975
1732437751979870260,0.2655865252017975
1732437751979870260,0.2655865252017975
1732437751990271001,0.2655865252017975
1732437751990271001,0.2655865252017975
1732437752000879599,0.2655865252017975
1732437752000879599,0.2655865252017975
1732437752012791024,0.2655865252017975
1732437752012791024,0.2655865252017975
1732437752022842525,0.2655865252017975
1732437752022842525,0.2655865252017975
1732437752033267605,0.2655865252017975
1732437752033267605,0.2655865252017975
1732437752043418283,0.3153400421142578
1732437752043418283,0.3153400421142578
1732437752053867133,0.3153400421142578
1732437752053867133,0.3153400421142578
1732437752064356170,0.3153400421142578
1732437752064356170,0.3153400421142578
1732437752075004871,0.3153400421142578
1732437752075004871,0.3153400421142578
1732437752085579406,0.3153400421142578
1732437752085579406,0.3153400421142578
1732437752096071714,0.3153400421142578
1732437752096071714,0.3153400421142578
1732437752106216766,0.3153400421142578
1732437752106216766,0.3153400421142578
1732437752116517791,0.3153400421142578
1732437752116517791,0.3153400421142578
1732437752127040146,0.3153400421142578
1732437752127040146,0.3153400421142578
1732437752137248894,0.3153400421142578
1732437752137248894,0.3153400421142578
1732437752147517732,0.3580112159252167
1732437752147517732,0.3580112159252167
1732437752157892395,0.3580112159252167
1732437752157892395,0.3580112159252167
1732437752251216528,0.37690451741218567
1732437752251216528,0.37690451741218567
1732437752261445240,0.37690451741218567
1732437752261445240,0.37690451741218567
1732437752271819974,0.37690451741218567
1732437752271819974,0.37690451741218567
1732437752282407692,0.37690451741218567
1732437752282407692,0.37690451741218567
1732437752293021621,0.37690451741218567
1732437752293021621,0.37690451741218567
1732437752306435119,0.37690451741218567
1732437752306435119,0.37690451741218567
1732437752316800997,0.37690451741218567
1732437752316800997,0.37690451741218567
1732437752327219935,0.37690451741218567
1732437752327219935,0.37690451741218567
1732437752337351176,0.37690451741218567
1732437752337351176,0.37690451741218567
1732437752347440752,0.3860487639904022
1732437752347440752,0.3860487639904022
1732437752357852025,0.3860487639904022
1732437752357852025,0.3860487639904022
1732437752368214143,0.3860487639904022
1732437752368214143,0.3860487639904022
1732437752378440192,0.3860487639904022
1732437752378440192,0.3860487639904022
1732437752388796942,0.3860487639904022
1732437752388796942,0.3860487639904022
1732437752399111845,0.3860487639904022
1732437752399111845,0.3860487639904022
1732437752409613313,0.3860487639904022
1732437752409613313,0.3860487639904022
1732437752419829513,0.3860487639904022
1732437752419829513,0.3860487639904022
1732437752431050917,0.3860487639904022
1732437752431050917,0.3860487639904022
1732437752441416404,0.3860487639904022
1732437752441416404,0.3860487639904022
1732437752441416404,0.4284960627555847
1732437752441416404,0.4284960627555847
1732437752546242212,0.4624694883823395
1732437752546242212,0.4624694883823395
1732437752556609020,0.4624694883823395
1732437752556609020,0.4624694883823395
1732437752567140014,0.4624694883823395
1732437752567140014,0.4624694883823395
1732437752577210453,0.4624694883823395
1732437752577210453,0.4624694883823395
1732437752587378032,0.4624694883823395
1732437752587378032,0.4624694883823395
1732437752597669461,0.4624694883823395
1732437752597669461,0.4624694883823395
1732437752607950972,0.4624694883823395
1732437752607950972,0.4624694883823395
1732437752619838262,0.4624694883823395
1732437752619838262,0.4624694883823395
1732437752630674834,0.4624694883823395
1732437752630674834,0.4624694883823395
1732437752640837332,0.4624694883823395
1732437752640837332,0.4624694883823395
1732437752651112642,0.4999612867832184
1732437752651112642,0.4999612867832184
1732437752661526949,0.4999612867832184
1732437752661526949,0.4999612867832184
1732437752672144163,0.4999612867832184
1732437752672144163,0.4999612867832184
1732437752682471518,0.4999612867832184
1732437752682471518,0.4999612867832184
1732437752692585769,0.4999612867832184
1732437752692585769,0.4999612867832184
1732437752702726016,0.4999612867832184
1732437752702726016,0.4999612867832184
1732437752713300572,0.4999612867832184
1732437752713300572,0.4999612867832184
1732437752723766153,0.4999612867832184
1732437752723766153,0.4999612867832184
1732437752734408504,0.4999612867832184
1732437752734408504,0.4999612867832184
1732437752744806621,0.5590932965278625
1732437752744806621,0.5590932965278625
1732437752755078824,0.5590932965278625
1732437752755078824,0.5590932965278625
1732437752765691780,0.5590932965278625
1732437752765691780,0.5590932965278625
1732437752776112629,0.5590932965278625
1732437752776112629,0.5590932965278625
1732437752786760529,0.5590932965278625
1732437752786760529,0.5590932965278625
1732437752797310689,0.5590932965278625
1732437752797310689,0.5590932965278625
1732437752807819350,0.5590932965278625
1732437752807819350,0.5590932965278625
1732437752818701667,0.5590932965278625
1732437752818701667,0.5590932965278625
1732437752829208575,0.5590932965278625
1732437752829208575,0.5590932965278625
1732437752839316344,0.5590932965278625
1732437752839316344,0.5590932965278625
1732437752849587966,0.6083835959434509
1732437752849587966,0.6083835959434509
1732437752859826868,0.6083835959434509
1732437752859826868,0.6083835959434509
1732437752870273284,0.6083835959434509
1732437752870273284,0.6083835959434509
1732437752880511565,0.6083835959434509
1732437752880511565,0.6083835959434509
1732437752890615475,0.6083835959434509
1732437752890615475,0.6083835959434509
1732437752900927854,0.6083835959434509
1732437752900927854,0.6083835959434509
1732437752911471029,0.6083835959434509
1732437752911471029,0.6083835959434509
1732437752921923889,0.6083835959434509
1732437752921923889,0.6083835959434509
1732437752932334137,0.6083835959434509
1732437752932334137,0.6083835959434509
1732437752942888465,0.6083835959434509
1732437752942888465,0.6083835959434509
1732437752957707022,0.6525222659111023
1732437752957707022,0.6525222659111023
1732437752968304512,0.6525222659111023
1732437752968304512,0.6525222659111023
1732437752979009308,0.6525222659111023
1732437752979009308,0.6525222659111023
1732437752989117107,0.6525222659111023
1732437752989117107,0.6525222659111023
1732437752999828906,0.6525222659111023
1732437752999828906,0.6525222659111023
1732437753010146954,0.6525222659111023
1732437753010146954,0.6525222659111023
1732437753020748789,0.6525222659111023
1732437753020748789,0.6525222659111023
1732437753031315320,0.6525222659111023
1732437753031315320,0.6525222659111023
1732437753042218804,0.6525222659111023
1732437753042218804,0.6525222659111023
1732437753052893445,0.6577778458595276
1732437753052893445,0.6577778458595276
1732437753063110376,0.6577778458595276
1732437753063110376,0.6577778458595276
1732437753073249582,0.6577778458595276
1732437753073249582,0.6577778458595276
1732437753084571434,0.6577778458595276
1732437753084571434,0.6577778458595276
1732437753094836724,0.6577778458595276
1732437753094836724,0.6577778458595276
1732437753105030429,0.6577778458595276
1732437753105030429,0.6577778458595276
1732437753115180119,0.6577778458595276
1732437753115180119,0.6577778458595276
1732437753125704269,0.6577778458595276
1732437753125704269,0.6577778458595276
1732437753136186994,0.6577778458595276
1732437753136186994,0.6577778458595276
1732437753146949586,0.678123414516449
1732437753146949586,0.678123414516449
1732437753157155819,0.678123414516449
1732437753157155819,0.678123414516449
1732437753167611753,0.678123414516449
1732437753167611753,0.678123414516449
1732437753177985715,0.678123414516449
1732437753177985715,0.678123414516449
1732437753188278116,0.678123414516449
1732437753188278116,0.678123414516449
1732437753198764937,0.678123414516449
1732437753198764937,0.678123414516449
1732437753209165651,0.678123414516449
1732437753209165651,0.678123414516449
1732437753219394694,0.678123414516449
1732437753219394694,0.678123414516449
1732437753229622174,0.678123414516449
1732437753229622174,0.678123414516449
1732437753239912312,0.678123414516449
1732437753239912312,0.678123414516449
1732437753250165409,0.7164598703384399
1732437753250165409,0.7164598703384399
1732437753260569407,0.7164598703384399
1732437753260569407,0.7164598703384399
1732437753270876155,0.7164598703384399
1732437753270876155,0.7164598703384399
1732437753281200244,0.7164598703384399
1732437753281200244,0.7164598703384399
1732437753291460175,0.7164598703384399
1732437753291460175,0.7164598703384399
1732437753302009761,0.7164598703384399
1732437753302009761,0.7164598703384399
1732437753312224851,0.7164598703384399
1732437753312224851,0.7164598703384399
1732437753322770553,0.7164598703384399
1732437753322770553,0.7164598703384399
1732437753333471561,0.7164598703384399
1732437753333471561,0.7164598703384399
1732437753343761288,0.7477731704711914
1732437753343761288,0.7477731704711914
1732437753354569977,0.7477731704711914
1732437753354569977,0.7477731704711914
1732437753365188623,0.7477731704711914
1732437753365188623,0.7477731704711914
1732437753375261994,0.7477731704711914
1732437753375261994,0.7477731704711914
1732437753385907804,0.7477731704711914
1732437753385907804,0.7477731704711914
1732437753396284398,0.7477731704711914
1732437753396284398,0.7477731704711914
1732437753406962225,0.7477731704711914
1732437753406962225,0.7477731704711914
1732437753417209785,0.7477731704711914
1732437753417209785,0.7477731704711914
1732437753427655351,0.7477731704711914
1732437753427655351,0.7477731704711914
1732437753437799336,0.7477731704711914
1732437753437799336,0.7477731704711914
1732437753448244090,0.7606011629104614
1732437753448244090,0.7606011629104614
1732437753458733097,0.7606011629104614
1732437753458733097,0.7606011629104614
1732437753469195342,0.7606011629104614
1732437753469195342,0.7606011629104614
1732437753479276889,0.7606011629104614
1732437753479276889,0.7606011629104614
1732437753489474574,0.7606011629104614
1732437753489474574,0.7606011629104614
1732437753499946308,0.7606011629104614
1732437753499946308,0.7606011629104614
1732437753512037802,0.7606011629104614
1732437753512037802,0.7606011629104614
1732437753522659189,0.7606011629104614
1732437753522659189,0.7606011629104614
1732437753532981290,0.7606011629104614
1732437753532981290,0.7606011629104614
1732437753543242419,0.7626010179519653
1732437753543242419,0.7626010179519653
1732437753553645946,0.7626010179519653
1732437753553645946,0.7626010179519653
1732437753564232356,0.7626010179519653
1732437753564232356,0.7626010179519653
1732437753574766395,0.7626010179519653
1732437753574766395,0.7626010179519653
1732437753585098711,0.7626010179519653
1732437753585098711,0.7626010179519653
1732437753595317385,0.7626010179519653
1732437753595317385,0.7626010179519653
1732437753605691567,0.7626010179519653
1732437753605691567,0.7626010179519653
1732437753616177448,0.7626010179519653
1732437753616177448,0.7626010179519653
1732437753626547893,0.7626010179519653
1732437753626547893,0.7626010179519653
1732437753637025830,0.7626010179519653
1732437753637025830,0.7626010179519653
1732437753647178731,0.7703707218170166
1732437753647178731,0.7703707218170166
1732437753658093146,0.7703707218170166
1732437753658093146,0.7703707218170166
1732437753668423990,0.7703707218170166
1732437753668423990,0.7703707218170166
1732437753678481303,0.7703707218170166
1732437753678481303,0.7703707218170166
1732437753689073220,0.7703707218170166
1732437753689073220,0.7703707218170166
1732437753699746609,0.7703707218170166
1732437753699746609,0.7703707218170166
1732437753709924307,0.7703707218170166
1732437753709924307,0.7703707218170166
1732437753720392775,0.7703707218170166
1732437753720392775,0.7703707218170166
1732437753730763430,0.7703707218170166
1732437753730763430,0.7703707218170166
1732437753741371839,0.7703707218170166
1732437753741371839,0.7703707218170166
1732437753751679358,0.7791368365287781
1732437753751679358,0.7791368365287781
1732437753762295959,0.7791368365287781
1732437753762295959,0.7791368365287781
1732437753772519904,0.7791368365287781
1732437753772519904,0.7791368365287781
1732437753782870171,0.7791368365287781
1732437753782870171,0.7791368365287781
1732437753793420823,0.7791368365287781
1732437753793420823,0.7791368365287781
1732437753804158742,0.7791368365287781
1732437753804158742,0.7791368365287781
1732437753814388645,0.7791368365287781
1732437753814388645,0.7791368365287781
1732437753825053948,0.7791368365287781
1732437753825053948,0.7791368365287781
1732437753835184139,0.7791368365287781
1732437753835184139,0.7791368365287781
1732437753845916405,0.7847576141357422
1732437753845916405,0.7847576141357422
1732437753856406103,0.7847576141357422
1732437753856406103,0.7847576141357422
1732437753866512097,0.7847576141357422
1732437753866512097,0.7847576141357422
1732437753877456034,0.7847576141357422
1732437753877456034,0.7847576141357422
1732437753887821745,0.7847576141357422
1732437753887821745,0.7847576141357422
1732437753898288589,0.7847576141357422
1732437753898288589,0.7847576141357422
1732437753908712215,0.7847576141357422
1732437753908712215,0.7847576141357422
1732437753919170048,0.7847576141357422
1732437753919170048,0.7847576141357422
1732437753929458913,0.7847576141357422
1732437753929458913,0.7847576141357422
1732437753939604301,0.7847576141357422
1732437753939604301,0.7847576141357422
1732437753951649675,0.7945101261138916
1732437753951649675,0.7945101261138916
1732437753962120551,0.7945101261138916
1732437753962120551,0.7945101261138916
1732437753972265188,0.7945101261138916
1732437753972265188,0.7945101261138916
1732437753982798335,0.7945101261138916
1732437753982798335,0.7945101261138916
1732437753993173227,0.7945101261138916
1732437753993173227,0.7945101261138916
1732437754003556339,0.7945101261138916
1732437754003556339,0.7945101261138916
1732437754014203389,0.7945101261138916
1732437754014203389,0.7945101261138916
1732437754025265399,0.7945101261138916
1732437754025265399,0.7945101261138916
1732437754035570712,0.7945101261138916
1732437754035570712,0.7945101261138916
1732437754046265682,0.7997397184371948
1732437754046265682,0.7997397184371948
1732437754056838550,0.7997397184371948
1732437754056838550,0.7997397184371948
1732437754066862505,0.7997397184371948
1732437754066862505,0.7997397184371948
1732437754077052447,0.7997397184371948
1732437754077052447,0.7997397184371948
1732437754087346041,0.7997397184371948
1732437754087346041,0.7997397184371948
1732437754097667446,0.7997397184371948
1732437754097667446,0.7997397184371948
1732437754107773781,0.7997397184371948
1732437754107773781,0.7997397184371948
1732437754118154176,0.7997397184371948
1732437754118154176,0.7997397184371948
1732437754118154176,0.7997397184371948
1732437754118154176,0.7997397184371948
1732437754138692292,0.7997397184371948
1732437754138692292,0.7997397184371948
1732437754148880980,0.8130447268486023
1732437754148880980,0.8130447268486023
1732437754159169414,0.8130447268486023
1732437754159169414,0.8130447268486023
1732437754169335962,0.8130447268486023
1732437754169335962,0.8130447268486023
1732437754179597515,0.8130447268486023
1732437754179597515,0.8130447268486023
1732437754189977860,0.8130447268486023
1732437754189977860,0.8130447268486023
1732437754200203758,0.8130447268486023
1732437754200203758,0.8130447268486023
1732437754210768936,0.8130447268486023
1732437754210768936,0.8130447268486023
1732437754221122239,0.8130447268486023
1732437754221122239,0.8130447268486023
1732437754231364287,0.8130447268486023
1732437754231364287,0.8130447268486023
1732437754241636110,0.8130447268486023
1732437754241636110,0.8130447268486023
1732437754251945612,0.8290389180183411
1732437754251945612,0.8290389180183411
1732437754262641172,0.8290389180183411
1732437754262641172,0.8290389180183411
1732437754272928681,0.8290389180183411
1732437754272928681,0.8290389180183411
1732437754283107075,0.8290389180183411
1732437754283107075,0.8290389180183411
1732437754293496635,0.8290389180183411
1732437754293496635,0.8290389180183411
1732437754303895661,0.8290389180183411
1732437754303895661,0.8290389180183411
1732437754314609137,0.8290389180183411
1732437754314609137,0.8290389180183411
1732437754325614883,0.8290389180183411
1732437754325614883,0.8290389180183411
1732437754336119668,0.8290389180183411
1732437754336119668,0.8290389180183411
1732437754346287859,0.8530430197715759
1732437754346287859,0.8530430197715759
1732437754356537331,0.8530430197715759
1732437754356537331,0.8530430197715759
1732437754366801710,0.8530430197715759
1732437754366801710,0.8530430197715759
1732437754377623272,0.8530430197715759
1732437754377623272,0.8530430197715759
1732437754387844172,0.8530430197715759
1732437754387844172,0.8530430197715759
1732437754398102980,0.8530430197715759
1732437754398102980,0.8530430197715759
1732437754408706469,0.8530430197715759
1732437754408706469,0.8530430197715759
1732437754419222045,0.8530430197715759
1732437754419222045,0.8530430197715759
1732437754429493047,0.8530430197715759
1732437754429493047,0.8530430197715759
1732437754440171804,0.8530430197715759
1732437754440171804,0.8530430197715759
1732437754450459095,0.8675640821456909
1732437754450459095,0.8675640821456909
1732437754461075138,0.8675640821456909
1732437754461075138,0.8675640821456909
1732437754471424765,0.8675640821456909
1732437754471424765,0.8675640821456909
1732437754481634793,0.8675640821456909
1732437754481634793,0.8675640821456909
1732437754491924080,0.8675640821456909
1732437754491924080,0.8675640821456909
1732437754502636369,0.8675640821456909
1732437754502636369,0.8675640821456909
1732437754512974124,0.8675640821456909
1732437754512974124,0.8675640821456909
1732437754523121156,0.8675640821456909
1732437754523121156,0.8675640821456909
1732437754533550252,0.8675640821456909
1732437754533550252,0.8675640821456909
1732437754544090202,0.88233482837677
1732437754544090202,0.88233482837677
1732437754554768378,0.88233482837677
1732437754554768378,0.88233482837677
1732437754564984237,0.88233482837677
1732437754564984237,0.88233482837677
1732437754575512067,0.88233482837677
1732437754575512067,0.88233482837677
1732437754585916764,0.88233482837677
1732437754585916764,0.88233482837677
1732437754596416461,0.88233482837677
1732437754596416461,0.88233482837677
1732437754606696821,0.88233482837677
1732437754606696821,0.88233482837677
1732437754617241780,0.88233482837677
1732437754617241780,0.88233482837677
1732437754627393269,0.88233482837677
1732437754627393269,0.88233482837677
1732437754637654850,0.88233482837677
1732437754637654850,0.88233482837677
1732437754648014090,0.8963768482208252
1732437754648014090,0.8963768482208252
1732437754658644958,0.8963768482208252
1732437754658644958,0.8963768482208252
1732437754669113787,0.8963768482208252
1732437754669113787,0.8963768482208252
1732437754679603375,0.8963768482208252
1732437754679603375,0.8963768482208252
1732437754690080839,0.8963768482208252
1732437754690080839,0.8963768482208252
1732437754700286048,0.8963768482208252
1732437754700286048,0.8963768482208252
1732437754711162199,0.8963768482208252
1732437754711162199,0.8963768482208252
1732437754721495260,0.8963768482208252
1732437754721495260,0.8963768482208252
1732437754732098417,0.8963768482208252
1732437754732098417,0.8963768482208252
1732437754742644028,0.8963768482208252
1732437754752704470,0.9132959842681885
1732437754752704470,0.9132959842681885
1732437754752704470,0.9132959842681885
1732437754763115261,0.9132959842681885
1732437754763115261,0.9132959842681885
1732437754773555075,0.9132959842681885
1732437754773555075,0.9132959842681885
1732437754783784098,0.9132959842681885
1732437754783784098,0.9132959842681885
1732437754794043279,0.9132959842681885
1732437754794043279,0.9132959842681885
1732437754804582417,0.9132959842681885
1732437754804582417,0.9132959842681885
1732437754815053747,0.9132959842681885
1732437754815053747,0.9132959842681885
1732437754825380406,0.9132959842681885
1732437754825380406,0.9132959842681885
1732437754835757354,0.9132959842681885
1732437754835757354,0.9132959842681885
1732437754846003729,0.9194591045379639
1732437754846003729,0.9194591045379639
1732437754856136133,0.9194591045379639
1732437754856136133,0.9194591045379639
1732437754866380085,0.9194591045379639
1732437754866380085,0.9194591045379639
1732437754877019410,0.9194591045379639
1732437754877019410,0.9194591045379639
1732437754887248965,0.9194591045379639
1732437754887248965,0.9194591045379639
1732437754898026095,0.9194591045379639
1732437754898026095,0.9194591045379639
1732437754898026095,0.9194591045379639
1732437754908514019,0.9194591045379639
1732437754918643768,0.9194591045379639
1732437754918643768,0.9194591045379639
1732437754928988778,0.9194591045379639
1732437754928988778,0.9194591045379639
1732437754939674259,0.9194591045379639
1732437754939674259,0.9194591045379639
1732437754949907750,0.9278056025505066
1732437754949907750,0.9278056025505066
1732437754960176444,0.9278056025505066
1732437754960176444,0.9278056025505066
1732437754970575116,0.9278056025505066
1732437754970575116,0.9278056025505066
1732437754981249136,0.9278056025505066
1732437754981249136,0.9278056025505066
1732437754991800847,0.9278056025505066
1732437754991800847,0.9278056025505066
1732437755002716866,0.9278056025505066
1732437755002716866,0.9278056025505066
1732437755012964785,0.9278056025505066
1732437755012964785,0.9278056025505066
1732437755023203067,0.9278056025505066
1732437755023203067,0.9278056025505066
1732437755033864663,0.9278056025505066
1732437755033864663,0.9278056025505066
1732437755044460246,0.9368759393692017
1732437755044460246,0.9368759393692017
1732437755149558342,0.941501796245575
1732437755149558342,0.941501796245575
1732437755159825169,0.941501796245575
1732437755159825169,0.941501796245575
1732437755170042208,0.941501796245575
1732437755170042208,0.941501796245575
1732437755180303675,0.941501796245575
1732437755180303675,0.941501796245575
1732437755190718755,0.941501796245575
1732437755190718755,0.941501796245575
1732437755200852091,0.941501796245575
1732437755200852091,0.941501796245575
1732437755211147086,0.941501796245575
1732437755211147086,0.941501796245575
1732437755221698589,0.941501796245575
1732437755221698589,0.941501796245575
1732437755232055286,0.941501796245575
1732437755232055286,0.941501796245575
1732437755242372147,0.941501796245575
1732437755242372147,0.941501796245575
1732437755253030909,0.9445750117301941
1732437755253030909,0.9445750117301941
1732437755263380116,0.9445750117301941
1732437755263380116,0.9445750117301941
1732437755273818366,0.9445750117301941
1732437755273818366,0.9445750117301941
1732437755284370169,0.9445750117301941
1732437755284370169,0.9445750117301941
1732437755294878321,0.9445750117301941
1732437755294878321,0.9445750117301941
1732437755305230013,0.9445750117301941
1732437755305230013,0.9445750117301941
1732437755315637448,0.9445750117301941
1732437755315637448,0.9445750117301941
1732437755326207494,0.9445750117301941
1732437755326207494,0.9445750117301941
1732437755336779845,0.9445750117301941
1732437755336779845,0.9445750117301941
1732437755347243310,0.939572274684906
1732437755347243310,0.939572274684906
1732437755358577188,0.939572274684906
1732437755358577188,0.939572274684906
1732437755369146745,0.939572274684906
1732437755369146745,0.939572274684906
1732437755379433292,0.939572274684906
1732437755379433292,0.939572274684906
1732437755389742486,0.939572274684906
1732437755389742486,0.939572274684906
1732437755400180438,0.939572274684906
1732437755400180438,0.939572274684906
1732437755412055688,0.939572274684906
1732437755412055688,0.939572274684906
1732437755422448115,0.939572274684906
1732437755422448115,0.939572274684906
1732437755432711423,0.939572274684906
1732437755432711423,0.939572274684906
1732437755442940517,0.938587486743927
1732437755442940517,0.938587486743927
1732437755453210625,0.938587486743927
1732437755453210625,0.938587486743927
1732437755463475706,0.938587486743927
1732437755463475706,0.938587486743927
1732437755473905944,0.938587486743927
1732437755473905944,0.938587486743927
1732437755484433372,0.938587486743927
1732437755484433372,0.938587486743927
1732437755494846297,0.938587486743927
1732437755494846297,0.938587486743927
1732437755505167050,0.938587486743927
1732437755505167050,0.938587486743927
1732437755515474369,0.938587486743927
1732437755515474369,0.938587486743927
1732437755525959395,0.938587486743927
1732437755525959395,0.938587486743927
1732437755536189344,0.938587486743927
1732437755536189344,0.938587486743927
1732437755547004593,0.9384907484054565
1732437755547004593,0.9384907484054565
1732437755557149000,0.9384907484054565
1732437755557149000,0.9384907484054565
1732437755567683152,0.9384907484054565
1732437755567683152,0.9384907484054565
1732437755578036095,0.9384907484054565
1732437755578036095,0.9384907484054565
1732437755588772211,0.9384907484054565
1732437755588772211,0.9384907484054565
1732437755599010913,0.9384907484054565
1732437755599010913,0.9384907484054565
1732437755609395175,0.9384907484054565
1732437755609395175,0.9384907484054565
1732437755619771181,0.9384907484054565
1732437755619771181,0.9384907484054565
1732437755630023397,0.9384907484054565
1732437755630023397,0.9384907484054565
1732437755640314737,0.9384907484054565
1732437755640314737,0.9384907484054565
1732437755650747219,0.932519257068634
1732437755650747219,0.932519257068634
1732437755660835382,0.932519257068634
1732437755660835382,0.932519257068634
1732437755671161616,0.932519257068634
1732437755671161616,0.932519257068634
1732437755681762365,0.932519257068634
1732437755681762365,0.932519257068634
1732437755692258828,0.932519257068634
1732437755692258828,0.932519257068634
1732437755702547273,0.932519257068634
1732437755702547273,0.932519257068634
1732437755713027994,0.932519257068634
1732437755713027994,0.932519257068634
1732437755723182790,0.932519257068634
1732437755723182790,0.932519257068634
1732437755733747017,0.932519257068634
1732437755733747017,0.932519257068634
1732437755744309758,0.9314999580383301
1732437755744309758,0.9314999580383301
1732437755754761632,0.9314999580383301
1732437755754761632,0.9314999580383301
1732437755764962934,0.9314999580383301
1732437755764962934,0.9314999580383301
1732437755775545294,0.9314999580383301
1732437755775545294,0.9314999580383301
1732437755785711024,0.9314999580383301
1732437755785711024,0.9314999580383301
1732437755795903380,0.9314999580383301
1732437755795903380,0.9314999580383301
1732437755806265290,0.9314999580383301
1732437755806265290,0.9314999580383301
1732437755816477693,0.9314999580383301
1732437755816477693,0.9314999580383301
1732437755826678364,0.9314999580383301
1732437755826678364,0.9314999580383301
1732437755837267056,0.9314999580383301
1732437755837267056,0.9314999580383301
1732437755847537156,0.9219908714294434
1732437755847537156,0.9219908714294434
1732437755857662115,0.9219908714294434
1732437755857662115,0.9219908714294434
1732437755868300369,0.9219908714294434
1732437755868300369,0.9219908714294434
1732437755878418814,0.9219908714294434
1732437755878418814,0.9219908714294434
1732437755888718910,0.9219908714294434
1732437755888718910,0.9219908714294434
1732437755899432206,0.9219908714294434
1732437755899432206,0.9219908714294434
1732437755909777005,0.9219908714294434
1732437755909777005,0.9219908714294434
1732437755920101585,0.9219908714294434
1732437755920101585,0.9219908714294434
1732437755930538996,0.9219908714294434
1732437755930538996,0.9219908714294434
1732437755941136564,0.9219908714294434
1732437755941136564,0.9219908714294434
1732437755951655296,0.9223785996437073
1732437755951655296,0.9223785996437073
1732437755962711031,0.9223785996437073
1732437755962711031,0.9223785996437073
1732437755973483846,0.9223785996437073
1732437755973483846,0.9223785996437073
1732437755984107843,0.9223785996437073
1732437755984107843,0.9223785996437073
1732437755994725498,0.9223785996437073
1732437755994725498,0.9223785996437073
1732437756004873712,0.9223785996437073
1732437756004873712,0.9223785996437073
1732437756015252123,0.9223785996437073
1732437756015252123,0.9223785996437073
1732437756025704512,0.9223785996437073
1732437756025704512,0.9223785996437073
1732437756036196564,0.9223785996437073
1732437756036196564,0.9223785996437073
1732437756046565178,0.9269204139709473
1732437756046565178,0.9269204139709473
1732437756057162843,0.9269204139709473
1732437756057162843,0.9269204139709473
1732437756067513226,0.9269204139709473
1732437756067513226,0.9269204139709473
1732437756077748261,0.9269204139709473
1732437756077748261,0.9269204139709473
1732437756087879512,0.9269204139709473
1732437756087879512,0.9269204139709473
1732437756098153289,0.9269204139709473
1732437756098153289,0.9269204139709473
1732437756108686487,0.9269204139709473
1732437756108686487,0.9269204139709473
1732437756119099092,0.9269204139709473
1732437756119099092,0.9269204139709473
1732437756129688174,0.9269204139709473
1732437756129688174,0.9269204139709473
1732437756140097633,0.9269204139709473
1732437756140097633,0.9269204139709473
1732437756155694860,0.9242028594017029
1732437756155694860,0.9242028594017029
1732437756165875625,0.9242028594017029
1732437756165875625,0.9242028594017029
1732437756176354933,0.9242028594017029
1732437756176354933,0.9242028594017029
1732437756186994279,0.9242028594017029
1732437756186994279,0.9242028594017029
1732437756197287131,0.9242028594017029
1732437756197287131,0.9242028594017029
1732437756207535598,0.9242028594017029
1732437756207535598,0.9242028594017029
1732437756217642750,0.9242028594017029
1732437756217642750,0.9242028594017029
1732437756228573565,0.9242028594017029
1732437756228573565,0.9242028594017029
1732437756239306854,0.9242028594017029
1732437756239306854,0.9242028594017029
1732437756249686534,0.9151256084442139
1732437756249686534,0.9151256084442139
1732437756260188348,0.9151256084442139
1732437756260188348,0.9151256084442139
1732437756270754528,0.9151256084442139
1732437756270754528,0.9151256084442139
1732437756281232915,0.9151256084442139
1732437756281232915,0.9151256084442139
1732437756292021226,0.9151256084442139
1732437756292021226,0.9151256084442139
1732437756302406421,0.9151256084442139
1732437756302406421,0.9151256084442139
1732437756312623803,0.9151256084442139
1732437756312623803,0.9151256084442139
1732437756323191215,0.9151256084442139
1732437756323191215,0.9151256084442139
1732437756333662599,0.9151256084442139
1732437756333662599,0.9151256084442139
1732437756343857216,0.9031068682670593
1732437756343857216,0.9031068682670593
1732437756354395397,0.9031068682670593
1732437756354395397,0.9031068682670593
1732437756364894072,0.9031068682670593
1732437756364894072,0.9031068682670593
1732437756375545861,0.9031068682670593
1732437756375545861,0.9031068682670593
1732437756386077324,0.9031068682670593
1732437756386077324,0.9031068682670593
1732437756396347234,0.9031068682670593
1732437756396347234,0.9031068682670593
1732437756406850127,0.9031068682670593
1732437756406850127,0.9031068682670593
1732437756417021183,0.9031068682670593
1732437756417021183,0.9031068682670593
1732437756427386270,0.9031068682670593
1732437756427386270,0.9031068682670593
1732437756437723615,0.9031068682670593
1732437756437723615,0.9031068682670593
1732437756454919619,0.8912491798400879
1732437756454919619,0.8912491798400879
1732437756465544588,0.8912491798400879
1732437756465544588,0.8912491798400879
1732437756475848287,0.8912491798400879
1732437756475848287,0.8912491798400879
1732437756486069009,0.8912491798400879
1732437756486069009,0.8912491798400879
1732437756496975842,0.8912491798400879
1732437756496975842,0.8912491798400879
1732437756507066388,0.8912491798400879
1732437756507066388,0.8912491798400879
1732437756517269891,0.8912491798400879
1732437756517269891,0.8912491798400879
1732437756527668444,0.8912491798400879
1732437756527668444,0.8912491798400879
1732437756538020063,0.8912491798400879
1732437756538020063,0.8912491798400879
1732437756548523056,0.8665792346000671
1732437756548523056,0.8665792346000671
1732437756558667463,0.8665792346000671
1732437756558667463,0.8665792346000671
1732437756569266100,0.8665792346000671
1732437756569266100,0.8665792346000671
1732437756579665524,0.8665792346000671
1732437756579665524,0.8665792346000671
1732437756590265085,0.8665792346000671
1732437756590265085,0.8665792346000671
1732437756600669655,0.8665792346000671
1732437756600669655,0.8665792346000671
1732437756611521124,0.8665792346000671
1732437756611521124,0.8665792346000671
1732437756621969325,0.8665792346000671
1732437756621969325,0.8665792346000671
1732437756633168299,0.8665792346000671
1732437756633168299,0.8665792346000671
1732437756643666730,0.8513547778129578
1732437756643666730,0.8513547778129578
1732437756653808586,0.8513547778129578
1732437756653808586,0.8513547778129578
1732437756664717622,0.8513547778129578
1732437756664717622,0.8513547778129578
1732437756674781269,0.8513547778129578
1732437756674781269,0.8513547778129578
1732437756684899456,0.8513547778129578
1732437756684899456,0.8513547778129578
1732437756695335972,0.8513547778129578
1732437756695335972,0.8513547778129578
1732437756705741426,0.8513547778129578
1732437756705741426,0.8513547778129578
1732437756716277861,0.8513547778129578
1732437756716277861,0.8513547778129578
1732437756726844151,0.8513547778129578
1732437756726844151,0.8513547778129578
1732437756737071132,0.8513547778129578
1732437756737071132,0.8513547778129578
1732437756747324832,0.830800473690033
1732437756747324832,0.830800473690033
1732437756757588920,0.830800473690033
1732437756757588920,0.830800473690033
1732437756767713160,0.830800473690033
1732437756767713160,0.830800473690033
1732437756778211945,0.830800473690033
1732437756778211945,0.830800473690033
1732437756788710820,0.830800473690033
1732437756788710820,0.830800473690033
1732437756799198955,0.830800473690033
1732437756799198955,0.830800473690033
1732437756809768441,0.830800473690033
1732437756809768441,0.830800473690033
1732437756820157461,0.830800473690033
1732437756820157461,0.830800473690033
1732437756830427110,0.830800473690033
1732437756830427110,0.830800473690033
1732437756840747129,0.830800473690033
1732437756840747129,0.830800473690033
1732437756947156989,0.8027588129043579
1732437756947156989,0.8027588129043579
1732437756957644522,0.8027588129043579
1732437756957644522,0.8027588129043579
1732437756967772960,0.8027588129043579
1732437756967772960,0.8027588129043579
1732437756978064856,0.8027588129043579
1732437756978064856,0.8027588129043579
1732437756988580174,0.8027588129043579
1732437756988580174,0.8027588129043579
1732437756998927378,0.8027588129043579
1732437756998927378,0.8027588129043579
1732437757009234078,0.8027588129043579
1732437757009234078,0.8027588129043579
1732437757019619653,0.8027588129043579
1732437757019619653,0.8027588129043579
1732437757029837927,0.8027588129043579
1732437757029837927,0.8027588129043579
1732437757040083248,0.8027588129043579
1732437757040083248,0.8027588129043579
1732437757050673107,0.7790713906288147
1732437757050673107,0.7790713906288147
1732437757060974455,0.7790713906288147
1732437757060974455,0.7790713906288147
1732437757071314512,0.7790713906288147
1732437757071314512,0.7790713906288147
1732437757081780099,0.7790713906288147
1732437757081780099,0.7790713906288147
1732437757092297357,0.7790713906288147
1732437757092297357,0.7790713906288147
1732437757102756388,0.7790713906288147
1732437757102756388,0.7790713906288147
1732437757113098602,0.7790713906288147
1732437757113098602,0.7790713906288147
1732437757123540121,0.7790713906288147
1732437757123540121,0.7790713906288147
1732437757133983032,0.7790713906288147
1732437757133983032,0.7790713906288147
1732437757144070824,0.7637479305267334
1732437757144070824,0.7637479305267334
1732437757251484433,0.7326529026031494
1732437757251484433,0.7326529026031494
1732437757261943023,0.7326529026031494
1732437757261943023,0.7326529026031494
1732437757272482233,0.7326529026031494
1732437757272482233,0.7326529026031494
1732437757282597957,0.7326529026031494
1732437757282597957,0.7326529026031494
1732437757293117771,0.7326529026031494
1732437757293117771,0.7326529026031494
1732437757303160189,0.7326529026031494
1732437757303160189,0.7326529026031494
1732437757313784116,0.7326529026031494
1732437757313784116,0.7326529026031494
1732437757324008060,0.7326529026031494
1732437757324008060,0.7326529026031494
1732437757334161055,0.7326529026031494
1732437757334161055,0.7326529026031494
1732437757344555266,0.6746443510055542
1732437757344555266,0.6746443510055542
1732437757354749976,0.6746443510055542
1732437757354749976,0.6746443510055542
1732437757365029934,0.6746443510055542
1732437757365029934,0.6746443510055542
1732437757375499926,0.6746443510055542
1732437757375499926,0.6746443510055542
1732437757385824143,0.6746443510055542
1732437757385824143,0.6746443510055542
1732437757396237152,0.6746443510055542
1732437757396237152,0.6746443510055542
1732437757406491142,0.6746443510055542
1732437757406491142,0.6746443510055542
1732437757417155354,0.6746443510055542
1732437757417155354,0.6746443510055542
1732437757427436836,0.6746443510055542
1732437757427436836,0.6746443510055542
1732437757438170016,0.6746443510055542
1732437757438170016,0.6746443510055542
1732437757547108756,0.5763750076293945
1732437757547108756,0.5763750076293945
1732437757557288728,0.5763750076293945
1732437757557288728,0.5763750076293945
1732437757567486935,0.5763750076293945
1732437757567486935,0.5763750076293945
1732437757577614732,0.5763750076293945
1732437757577614732,0.5763750076293945
1732437757587902965,0.5763750076293945
1732437757587902965,0.5763750076293945
1732437757598402702,0.5763750076293945
1732437757598402702,0.5763750076293945
1732437757608591462,0.5763750076293945
1732437757608591462,0.5763750076293945
1732437757618794529,0.5763750076293945
1732437757618794529,0.5763750076293945
1732437757629687545,0.5763750076293945
1732437757629687545,0.5763750076293945
1732437757640181842,0.5763750076293945
1732437757640181842,0.5763750076293945
1732437757650273791,0.5277875065803528
1732437757650273791,0.5277875065803528
1732437757661238391,0.5277875065803528
1732437757661238391,0.5277875065803528
1732437757672431955,0.5277875065803528
1732437757672431955,0.5277875065803528
1732437757682854839,0.5277875065803528
1732437757682854839,0.5277875065803528
1732437757693337073,0.5277875065803528
1732437757693337073,0.5277875065803528
1732437757703544226,0.5277875065803528
1732437757703544226,0.5277875065803528
1732437757713744107,0.5277875065803528
1732437757713744107,0.5277875065803528
1732437757724141152,0.5277875065803528
1732437757724141152,0.5277875065803528
1732437757734672558,0.5277875065803528
1732437757734672558,0.5277875065803528
1732437757745044668,0.48079314827919006
1732437757745044668,0.48079314827919006
1732437757755648577,0.48079314827919006
1732437757755648577,0.48079314827919006
1732437757850888664,0.4332689940929413
1732437757850888664,0.4332689940929413
1732437757954249072,0.4058675467967987
1732437757954249072,0.4058675467967987
1732437758047608098,0.37804847955703735
1732437758047608098,0.37804847955703735
1732437758142128322,0.3533952534198761
1732437758142128322,0.3533952534198761
1732437758152647695,0.3533952534198761
1732437758245434310,0.3304966986179352
1732437758245434310,0.3304966986179352
1732437758255785651,0.3304966986179352
1732437758255785651,0.3304966986179352
1732437758266380726,0.3304966986179352
1732437758266380726,0.3304966986179352
1732437758276919425,0.3304966986179352
1732437758276919425,0.3304966986179352
1732437758287198072,0.3304966986179352
1732437758287198072,0.3304966986179352
1732437758297931402,0.3304966986179352
1732437758297931402,0.3304966986179352
1732437758308277783,0.3304966986179352
1732437758308277783,0.3304966986179352
1732437758318482672,0.3304966986179352
1732437758318482672,0.3304966986179352
1732437758328677219,0.3304966986179352
1732437758328677219,0.3304966986179352
1732437758339022033,0.3304966986179352
1732437758339022033,0.3304966986179352
1732437758349384716,0.31590673327445984
1732437758349384716,0.31590673327445984
1732437758359913466,0.31590673327445984
1732437758359913466,0.31590673327445984
1732437758370075565,0.31590673327445984
1732437758370075565,0.31590673327445984
1732437758380559323,0.31590673327445984
1732437758380559323,0.31590673327445984
1732437758390979111,0.31590673327445984
1732437758390979111,0.31590673327445984
1732437758401405962,0.31590673327445984
1732437758401405962,0.31590673327445984
1732437758412284022,0.31590673327445984
1732437758412284022,0.31590673327445984
1732437758422788788,0.31590673327445984
1732437758422788788,0.31590673327445984
1732437758434617638,0.31590673327445984
1732437758434617638,0.31590673327445984
1732437758445026008,0.30253031849861145
1732437758445026008,0.30253031849861145
1732437758549308188,0.29324501752853394
1732437758549308188,0.29324501752853394
1732437758559971610,0.29324501752853394
1732437758559971610,0.29324501752853394
1732437758570220320,0.29324501752853394
1732437758570220320,0.29324501752853394
1732437758580647332,0.29324501752853394
1732437758580647332,0.29324501752853394
1732437758590900601,0.29324501752853394
1732437758590900601,0.29324501752853394
1732437758601127421,0.29324501752853394
1732437758601127421,0.29324501752853394
1732437758611474845,0.29324501752853394
1732437758611474845,0.29324501752853394
1732437758621971195,0.29324501752853394
1732437758621971195,0.29324501752853394
1732437758632273367,0.29324501752853394
1732437758632273367,0.29324501752853394
1732437758642520925,0.27397292852401733
1732437758642520925,0.27397292852401733
1732437758652771599,0.27397292852401733
1732437758652771599,0.27397292852401733
1732437758662842921,0.27397292852401733
1732437758662842921,0.27397292852401733
1732437758673379275,0.27397292852401733
1732437758673379275,0.27397292852401733
1732437758684109028,0.27397292852401733
1732437758684109028,0.27397292852401733
1732437758694388606,0.27397292852401733
1732437758694388606,0.27397292852401733
1732437758704773381,0.27397292852401733
1732437758704773381,0.27397292852401733
1732437758715048311,0.27397292852401733
1732437758715048311,0.27397292852401733
1732437758725527749,0.27397292852401733
1732437758725527749,0.27397292852401733
1732437758735811485,0.27397292852401733
1732437758735811485,0.27397292852401733
1732437758746047953,0.26258140802383423
1732437758746047953,0.26258140802383423
1732437758756215864,0.26258140802383423
1732437758756215864,0.26258140802383423
1732437758766754302,0.26258140802383423
1732437758766754302,0.26258140802383423
1732437758776874116,0.26258140802383423
1732437758776874116,0.26258140802383423
1732437758787011129,0.26258140802383423
1732437758787011129,0.26258140802383423
1732437758797076720,0.26258140802383423
1732437758797076720,0.26258140802383423
1732437758807376164,0.26258140802383423
1732437758807376164,0.26258140802383423
1732437758817693012,0.26258140802383423
1732437758817693012,0.26258140802383423
1732437758827846315,0.26258140802383423
1732437758827846315,0.26258140802383423
1732437758838357282,0.26258140802383423
1732437758838357282,0.26258140802383423
1732437758838357282,0.2568899095058441
1732437758838357282,0.2568899095058441
1732437758945461742,0.24309256672859192
1732437758945461742,0.24309256672859192
1732437758955770714,0.24309256672859192
1732437758955770714,0.24309256672859192
1732437758965888592,0.24309256672859192
1732437758965888592,0.24309256672859192
1732437758976398798,0.24309256672859192
1732437758976398798,0.24309256672859192
1732437758986886913,0.24309256672859192
1732437758986886913,0.24309256672859192
1732437758997334695,0.24309256672859192
1732437758997334695,0.24309256672859192
1732437759007442133,0.24309256672859192
1732437759007442133,0.24309256672859192
1732437759017523603,0.24309256672859192
1732437759017523603,0.24309256672859192
1732437759027805646,0.24309256672859192
1732437759027805646,0.24309256672859192
1732437759038706609,0.24309256672859192
1732437759038706609,0.24309256672859192
1732437759048989182,0.23061951994895935
1732437759048989182,0.23061951994895935
1732437759059541757,0.23061951994895935
1732437759059541757,0.23061951994895935
1732437759069884682,0.23061951994895935
1732437759069884682,0.23061951994895935
1732437759080182252,0.23061951994895935
1732437759080182252,0.23061951994895935
1732437759090837711,0.23061951994895935
1732437759090837711,0.23061951994895935
1732437759101388442,0.23061951994895935
1732437759101388442,0.23061951994895935
1732437759112175568,0.23061951994895935
1732437759112175568,0.23061951994895935
1732437759122593775,0.23061951994895935
1732437759122593775,0.23061951994895935
1732437759133091031,0.23061951994895935
1732437759133091031,0.23061951994895935
1732437759143318041,0.22173531353473663
1732437759143318041,0.22173531353473663
1732437759153884361,0.22173531353473663
1732437759153884361,0.22173531353473663
1732437759164692893,0.22173531353473663
1732437759164692893,0.22173531353473663
1732437759175086182,0.22173531353473663
1732437759175086182,0.22173531353473663
1732437759185714516,0.22173531353473663
1732437759185714516,0.22173531353473663
1732437759196184768,0.22173531353473663
1732437759196184768,0.22173531353473663
1732437759206720894,0.22173531353473663
1732437759206720894,0.22173531353473663
1732437759217300318,0.22173531353473663
1732437759217300318,0.22173531353473663
1732437759227595776,0.22173531353473663
1732437759227595776,0.22173531353473663
1732437759237840008,0.22173531353473663
1732437759237840008,0.22173531353473663
1732437759344238580,0.2257726639509201
1732437759344238580,0.2257726639509201
1732437759354810991,0.2257726639509201
1732437759354810991,0.2257726639509201
1732437759365214299,0.2257726639509201
1732437759365214299,0.2257726639509201
1732437759375658994,0.2257726639509201
1732437759375658994,0.2257726639509201
1732437759386092047,0.2257726639509201
1732437759386092047,0.2257726639509201
1732437759397112099,0.2257726639509201
1732437759397112099,0.2257726639509201
1732437759407901333,0.2257726639509201
1732437759407901333,0.2257726639509201
1732437759418086027,0.2257726639509201
1732437759418086027,0.2257726639509201
1732437759428461232,0.2257726639509201
1732437759428461232,0.2257726639509201
1732437759438673095,0.2257726639509201
1732437759438673095,0.2257726639509201
1732437759448811901,0.2119637429714203
1732437759448811901,0.2119637429714203
1732437759459137927,0.2119637429714203
1732437759459137927,0.2119637429714203
1732437759469800756,0.2119637429714203
1732437759469800756,0.2119637429714203
1732437759480413763,0.2119637429714203
1732437759480413763,0.2119637429714203
1732437759490814255,0.2119637429714203
1732437759490814255,0.2119637429714203
1732437759501229186,0.2119637429714203
1732437759501229186,0.2119637429714203
1732437759511809602,0.2119637429714203
1732437759511809602,0.2119637429714203
1732437759522371594,0.2119637429714203
1732437759522371594,0.2119637429714203
1732437759532822530,0.2119637429714203
1732437759532822530,0.2119637429714203
1732437759543080831,0.2119637429714203
1732437759543080831,0.2119637429714203
1732437759647379813,0.19193357229232788
1732437759647379813,0.19193357229232788
1732437759657835818,0.19193357229232788
1732437759657835818,0.19193357229232788
1732437759668210614,0.19193357229232788
1732437759668210614,0.19193357229232788
1732437759678394461,0.19193357229232788
1732437759678394461,0.19193357229232788
1732437759688954744,0.19193357229232788
1732437759688954744,0.19193357229232788
1732437759699558443,0.19193357229232788
1732437759699558443,0.19193357229232788
1732437759710030290,0.19193357229232788
1732437759710030290,0.19193357229232788
1732437759720640952,0.19193357229232788
1732437759720640952,0.19193357229232788
1732437759730888160,0.19193357229232788
1732437759730888160,0.19193357229232788
1732437759741543616,0.19193357229232788
1732437759741543616,0.19193357229232788
1732437759752235981,0.18076536059379578
1732437759752235981,0.18076536059379578
1732437759762792874,0.18076536059379578
1732437759762792874,0.18076536059379578
1732437759773164673,0.18076536059379578
1732437759773164673,0.18076536059379578
1732437759783601553,0.18076536059379578
1732437759783601553,0.18076536059379578
1732437759794155161,0.18076536059379578
1732437759794155161,0.18076536059379578
1732437759804478841,0.18076536059379578
1732437759804478841,0.18076536059379578
1732437759814680144,0.18076536059379578
1732437759814680144,0.18076536059379578
1732437759825263836,0.18076536059379578
1732437759825263836,0.18076536059379578
1732437759835820670,0.18076536059379578
1732437759835820670,0.18076536059379578
1732437759845935463,0.16986136138439178
1732437759845935463,0.16986136138439178
1732437759856093575,0.16986136138439178
1732437759856093575,0.16986136138439178
1732437759866545873,0.16986136138439178
1732437759866545873,0.16986136138439178
1732437759877012320,0.16986136138439178
1732437759877012320,0.16986136138439178
1732437759887217830,0.16986136138439178
1732437759887217830,0.16986136138439178
1732437759897474826,0.16986136138439178
1732437759897474826,0.16986136138439178
1732437759907801301,0.16986136138439178
1732437759907801301,0.16986136138439178
1732437759917898299,0.16986136138439178
1732437759917898299,0.16986136138439178
1732437759929903243,0.16986136138439178
1732437759929903243,0.16986136138439178
1732437759940359698,0.16986136138439178
1732437759940359698,0.16986136138439178
1732437759950766322,0.17236870527267456
1732437759950766322,0.17236870527267456
1732437759961250448,0.17236870527267456
1732437759961250448,0.17236870527267456
1732437759971931304,0.17236870527267456
1732437759971931304,0.17236870527267456
1732437759982113512,0.17236870527267456
1732437759982113512,0.17236870527267456
1732437759992492123,0.17236870527267456
1732437759992492123,0.17236870527267456
1732437760002762566,0.17236870527267456
1732437760002762566,0.17236870527267456
1732437760013582578,0.17236870527267456
1732437760013582578,0.17236870527267456
1732437760024153546,0.17236870527267456
1732437760024153546,0.17236870527267456
1732437760034477768,0.17236870527267456
1732437760034477768,0.17236870527267456
1732437760044567334,0.16464576125144958
1732437760044567334,0.16464576125144958
1732437760055047270,0.16464576125144958
1732437760055047270,0.16464576125144958
1732437760065698293,0.16464576125144958
1732437760065698293,0.16464576125144958
1732437760076084048,0.16464576125144958
1732437760076084048,0.16464576125144958
1732437760086418729,0.16464576125144958
1732437760086418729,0.16464576125144958
1732437760096491884,0.16464576125144958
1732437760096491884,0.16464576125144958
1732437760106866038,0.16464576125144958
1732437760106866038,0.16464576125144958
1732437760117274246,0.16464576125144958
1732437760117274246,0.16464576125144958
1732437760127794417,0.16464576125144958
1732437760127794417,0.16464576125144958
1732437760138043692,0.16464576125144958
1732437760138043692,0.16464576125144958
1732437760244045208,0.16344693303108215
1732437760244045208,0.16344693303108215
1732437760254389687,0.16344693303108215
1732437760254389687,0.16344693303108215
1732437760264921511,0.16344693303108215
1732437760264921511,0.16344693303108215
1732437760275246827,0.16344693303108215
1732437760275246827,0.16344693303108215
1732437760285638623,0.16344693303108215
1732437760285638623,0.16344693303108215
1732437760296044347,0.16344693303108215
1732437760296044347,0.16344693303108215
1732437760306295733,0.16344693303108215
1732437760306295733,0.16344693303108215
1732437760316933075,0.16344693303108215
1732437760316933075,0.16344693303108215
1732437760327251647,0.16344693303108215
1732437760327251647,0.16344693303108215
1732437760337634496,0.16344693303108215
1732437760337634496,0.16344693303108215
1732437760347827941,0.16233612596988678
1732437760347827941,0.16233612596988678
1732437760358287839,0.16233612596988678
1732437760358287839,0.16233612596988678
1732437760368762899,0.16233612596988678
1732437760368762899,0.16233612596988678
1732437760379105276,0.16233612596988678
1732437760379105276,0.16233612596988678
1732437760389406183,0.16233612596988678
1732437760389406183,0.16233612596988678
1732437760399814680,0.16233612596988678
1732437760399814680,0.16233612596988678
1732437760410217308,0.16233612596988678
1732437760410217308,0.16233612596988678
1732437760421269791,0.16233612596988678
1732437760421269791,0.16233612596988678
1732437760431699617,0.16233612596988678
1732437760431699617,0.16233612596988678
1732437760442245788,0.16233612596988678
1732437760442245788,0.16233612596988678
1732437760452725661,0.16272538900375366
1732437760452725661,0.16272538900375366
1732437760462867645,0.16272538900375366
1732437760462867645,0.16272538900375366
1732437760473346944,0.16272538900375366
1732437760473346944,0.16272538900375366
1732437760483616243,0.16272538900375366
1732437760483616243,0.16272538900375366
1732437760494084421,0.16272538900375366
1732437760494084421,0.16272538900375366
1732437760504395786,0.16272538900375366
1732437760504395786,0.16272538900375366
1732437760514656533,0.16272538900375366
1732437760514656533,0.16272538900375366
1732437760525244033,0.16272538900375366
1732437760525244033,0.16272538900375366
1732437760535687616,0.16272538900375366
1732437760535687616,0.16272538900375366
1732437760546021185,0.1558874100446701
1732437760546021185,0.1558874100446701
1732437760556365224,0.1558874100446701
1732437760556365224,0.1558874100446701
1732437760567043812,0.1558874100446701
1732437760567043812,0.1558874100446701
1732437760577423956,0.1558874100446701
1732437760577423956,0.1558874100446701
1732437760587957287,0.1558874100446701
1732437760587957287,0.1558874100446701
1732437760598551179,0.1558874100446701
1732437760598551179,0.1558874100446701
1732437760609223545,0.1558874100446701
1732437760609223545,0.1558874100446701
1732437760619634415,0.1558874100446701
1732437760619634415,0.1558874100446701
1732437760629831954,0.1558874100446701
1732437760629831954,0.1558874100446701
1732437760639978266,0.1558874100446701
1732437760639978266,0.1558874100446701
1732437760747994399,0.16349337995052338
1732437760747994399,0.16349337995052338
1732437760758099622,0.16349337995052338
1732437760758099622,0.16349337995052338
1732437760768238903,0.16349337995052338
1732437760768238903,0.16349337995052338
1732437760778460424,0.16349337995052338
1732437760778460424,0.16349337995052338
1732437760788643944,0.16349337995052338
1732437760788643944,0.16349337995052338
1732437760798838976,0.16349337995052338
1732437760798838976,0.16349337995052338
1732437760809127867,0.16349337995052338
1732437760809127867,0.16349337995052338
1732437760819645873,0.16349337995052338
1732437760819645873,0.16349337995052338
1732437760830072223,0.16349337995052338
1732437760830072223,0.16349337995052338
1732437760840276792,0.16349337995052338
1732437760840276792,0.16349337995052338
1732437760850573303,0.15901227295398712
1732437760850573303,0.15901227295398712
1732437760861192762,0.15901227295398712
1732437760861192762,0.15901227295398712
1732437760871710298,0.15901227295398712
1732437760871710298,0.15901227295398712
1732437760881901287,0.15901227295398712
1732437760881901287,0.15901227295398712
1732437760892268367,0.15901227295398712
1732437760892268367,0.15901227295398712
1732437760902548806,0.15901227295398712
1732437760902548806,0.15901227295398712
1732437760913153108,0.15901227295398712
1732437760913153108,0.15901227295398712
1732437760923752256,0.15901227295398712
1732437760923752256,0.15901227295398712
1732437760934026089,0.15901227295398712
1732437760934026089,0.15901227295398712
1732437760944317719,0.1532275378704071
1732437760944317719,0.1532275378704071
1732437760954821393,0.1532275378704071
1732437760954821393,0.1532275378704071
1732437760965312445,0.1532275378704071
1732437760965312445,0.1532275378704071
1732437760975727495,0.1532275378704071
1732437760975727495,0.1532275378704071
1732437760986350470,0.1532275378704071
1732437760986350470,0.1532275378704071
1732437760997018701,0.1532275378704071
1732437760997018701,0.1532275378704071
1732437761007378598,0.1532275378704071
1732437761007378598,0.1532275378704071
1732437761017767089,0.1532275378704071
1732437761017767089,0.1532275378704071
1732437761029898123,0.1532275378704071
1732437761029898123,0.1532275378704071
1732437761040153928,0.1532275378704071
1732437761040153928,0.1532275378704071
1732437761148647490,0.14639000594615936
1732437761148647490,0.14639000594615936
1732437761159246392,0.14639000594615936
1732437761159246392,0.14639000594615936
1732437761169816339,0.14639000594615936
1732437761169816339,0.14639000594615936
1732437761180225118,0.14639000594615936
1732437761180225118,0.14639000594615936
1732437761190712552,0.14639000594615936
1732437761190712552,0.14639000594615936
1732437761200911010,0.14639000594615936
1732437761200911010,0.14639000594615936
1732437761211277540,0.14639000594615936
1732437761211277540,0.14639000594615936
1732437761221800928,0.14639000594615936
1732437761221800928,0.14639000594615936
1732437761231965613,0.14639000594615936
1732437761231965613,0.14639000594615936
1732437761242120235,0.15194979310035706
1732437761242120235,0.15194979310035706
1732437761252799261,0.15194979310035706
1732437761252799261,0.15194979310035706
1732437761263403094,0.15194979310035706
1732437761263403094,0.15194979310035706
1732437761273631969,0.15194979310035706
1732437761273631969,0.15194979310035706
1732437761284347757,0.15194979310035706
1732437761284347757,0.15194979310035706
1732437761295946444,0.15194979310035706
1732437761295946444,0.15194979310035706
1732437761306172974,0.15194979310035706
1732437761306172974,0.15194979310035706
1732437761317344709,0.15194979310035706
1732437761317344709,0.15194979310035706
1732437761327560649,0.15194979310035706
1732437761327560649,0.15194979310035706
1732437761337729163,0.15194979310035706
1732437761337729163,0.15194979310035706
1732437761348179688,0.15291103720664978
1732437761348179688,0.15291103720664978
1732437761358596422,0.15291103720664978
1732437761358596422,0.15291103720664978
1732437761368710440,0.15291103720664978
1732437761368710440,0.15291103720664978
1732437761379282315,0.15291103720664978
1732437761379282315,0.15291103720664978
1732437761389860057,0.15291103720664978
1732437761389860057,0.15291103720664978
1732437761400310764,0.15291103720664978
1732437761400310764,0.15291103720664978
1732437761410826090,0.15291103720664978
1732437761410826090,0.15291103720664978
1732437761421633366,0.15291103720664978
1732437761421633366,0.15291103720664978
1732437761432920783,0.15291103720664978
1732437761432920783,0.15291103720664978
1732437761443077346,0.16448327898979187
1732437761443077346,0.16448327898979187
1732437761453345285,0.16448327898979187
1732437761453345285,0.16448327898979187
1732437761463728434,0.16448327898979187
1732437761463728434,0.16448327898979187
1732437761474124912,0.16448327898979187
1732437761474124912,0.16448327898979187
1732437761484830997,0.16448327898979187
1732437761484830997,0.16448327898979187
1732437761495129325,0.16448327898979187
1732437761495129325,0.16448327898979187
1732437761505562689,0.16448327898979187
1732437761505562689,0.16448327898979187
1732437761516238844,0.16448327898979187
1732437761516238844,0.16448327898979187
1732437761527036474,0.16448327898979187
1732437761527036474,0.16448327898979187
1732437761537121993,0.16448327898979187
1732437761537121993,0.16448327898979187
1732437761547238519,0.1527487337589264
1732437761547238519,0.1527487337589264
1732437761557373489,0.1527487337589264
1732437761557373489,0.1527487337589264
1732437761567937251,0.1527487337589264
1732437761567937251,0.1527487337589264
1732437761578578160,0.1527487337589264
1732437761578578160,0.1527487337589264
1732437761589065068,0.1527487337589264
1732437761589065068,0.1527487337589264
1732437761599442317,0.1527487337589264
1732437761599442317,0.1527487337589264
1732437761609584282,0.1527487337589264
1732437761609584282,0.1527487337589264
1732437761620392240,0.1527487337589264
1732437761620392240,0.1527487337589264
1732437761630772677,0.1527487337589264
1732437761630772677,0.1527487337589264
1732437761641071370,0.1527487337589264
1732437761641071370,0.1527487337589264
1732437761747719959,0.14854484796524048
1732437761747719959,0.14854484796524048
1732437761757919989,0.14854484796524048
1732437761757919989,0.14854484796524048
1732437761768051595,0.14854484796524048
1732437761768051595,0.14854484796524048
1732437761778655254,0.14854484796524048
1732437761778655254,0.14854484796524048
1732437761789060507,0.14854484796524048
1732437761789060507,0.14854484796524048
1732437761799435351,0.14854484796524048
1732437761799435351,0.14854484796524048
1732437761809709768,0.14854484796524048
1732437761809709768,0.14854484796524048
1732437761820340748,0.14854484796524048
1732437761820340748,0.14854484796524048
1732437761830879198,0.14854484796524048
1732437761830879198,0.14854484796524048
1732437761841270106,0.14854484796524048
1732437761841270106,0.14854484796524048
1732437761852035376,0.14276237785816193
1732437761852035376,0.14276237785816193
1732437761863012500,0.14276237785816193
1732437761863012500,0.14276237785816193
1732437761873553224,0.14276237785816193
1732437761873553224,0.14276237785816193
1732437761883746973,0.14276237785816193
1732437761883746973,0.14276237785816193
1732437761894104375,0.14276237785816193
1732437761894104375,0.14276237785816193
1732437761904251599,0.14276237785816193
1732437761904251599,0.14276237785816193
1732437761914589024,0.14276237785816193
1732437761914589024,0.14276237785816193
1732437761924978648,0.14276237785816193
1732437761924978648,0.14276237785816193
1732437761935425643,0.14276237785816193
1732437761935425643,0.14276237785816193
1732437761946033185,0.13979655504226685
1732437761946033185,0.13979655504226685
1732437762052681594,0.13782840967178345
1732437762052681594,0.13782840967178345
1732437762062796546,0.13782840967178345
1732437762062796546,0.13782840967178345
1732437762073030157,0.13782840967178345
1732437762073030157,0.13782840967178345
1732437762083957102,0.13782840967178345
1732437762083957102,0.13782840967178345
1732437762094680944,0.13782840967178345
1732437762094680944,0.13782840967178345
1732437762104823039,0.13782840967178345
1732437762104823039,0.13782840967178345
1732437762114953460,0.13782840967178345
1732437762114953460,0.13782840967178345
1732437762125294293,0.13782840967178345
1732437762125294293,0.13782840967178345
1732437762135726044,0.13782840967178345
1732437762135726044,0.13782840967178345
1732437762146239687,0.1284770369529724
1732437762146239687,0.1284770369529724
1732437762156830074,0.1284770369529724
1732437762156830074,0.1284770369529724
1732437762166974321,0.1284770369529724
1732437762166974321,0.1284770369529724
1732437762177370153,0.1284770369529724
1732437762177370153,0.1284770369529724
1732437762187703444,0.1284770369529724
1732437762187703444,0.1284770369529724
1732437762197754660,0.1284770369529724
1732437762197754660,0.1284770369529724
1732437762208094691,0.1284770369529724
1732437762208094691,0.1284770369529724
1732437762218714381,0.1284770369529724
1732437762218714381,0.1284770369529724
1732437762229133820,0.1284770369529724
1732437762229133820,0.1284770369529724
1732437762239481876,0.1284770369529724
1732437762239481876,0.1284770369529724
1732437762346266768,0.11704114824533463
1732437762346266768,0.11704114824533463
1732437762356637116,0.11704114824533463
1732437762356637116,0.11704114824533463
1732437762367258298,0.11704114824533463
1732437762367258298,0.11704114824533463
1732437762377676776,0.11704114824533463
1732437762377676776,0.11704114824533463
1732437762388108647,0.11704114824533463
1732437762388108647,0.11704114824533463
1732437762399135934,0.11704114824533463
1732437762399135934,0.11704114824533463
1732437762409407066,0.11704114824533463
1732437762409407066,0.11704114824533463
1732437762419897367,0.11704114824533463
1732437762419897367,0.11704114824533463
1732437762430061809,0.11704114824533463
1732437762430061809,0.11704114824533463
1732437762440545500,0.11704114824533463
1732437762440545500,0.11704114824533463
1732437762450701069,0.10762748122215271
1732437762450701069,0.10762748122215271
1732437762462163503,0.10762748122215271
1732437762462163503,0.10762748122215271
1732437762472765130,0.10762748122215271
1732437762472765130,0.10762748122215271
1732437762483209694,0.10762748122215271
1732437762483209694,0.10762748122215271
1732437762493509220,0.10762748122215271
1732437762493509220,0.10762748122215271
1732437762503826419,0.10762748122215271
1732437762503826419,0.10762748122215271
1732437762514393532,0.10762748122215271
1732437762514393532,0.10762748122215271
1732437762525011329,0.10762748122215271
1732437762525011329,0.10762748122215271
1732437762535882565,0.10762748122215271
1732437762535882565,0.10762748122215271
1732437762546487569,0.09979633241891861
1732437762546487569,0.09979633241891861
1732437762556635262,0.09979633241891861
1732437762556635262,0.09979633241891861
1732437762566779880,0.09979633241891861
1732437762566779880,0.09979633241891861
1732437762576894474,0.09979633241891861
1732437762576894474,0.09979633241891861
1732437762587720496,0.09979633241891861
1732437762587720496,0.09979633241891861
1732437762598135767,0.09979633241891861
1732437762598135767,0.09979633241891861
1732437762608355996,0.09979633241891861
1732437762608355996,0.09979633241891861
1732437762618696037,0.09979633241891861
1732437762618696037,0.09979633241891861
1732437762628813885,0.09979633241891861
1732437762628813885,0.09979633241891861
1732437762639252139,0.09979633241891861
1732437762639252139,0.09979633241891861
1732437762750034531,0.08441321551799774
1732437762750034531,0.08441321551799774
1732437762760290005,0.08441321551799774
1732437762760290005,0.08441321551799774
1732437762770667556,0.08441321551799774
1732437762770667556,0.08441321551799774
1732437762781170810,0.08441321551799774
1732437762781170810,0.08441321551799774
1732437762791929859,0.08441321551799774
1732437762791929859,0.08441321551799774
1732437762802257384,0.08441321551799774
1732437762802257384,0.08441321551799774
1732437762812672877,0.08441321551799774
1732437762812672877,0.08441321551799774
1732437762822781169,0.08441321551799774
1732437762822781169,0.08441321551799774
1732437762832980550,0.08441321551799774
1732437762832980550,0.08441321551799774
1732437762843183847,0.07714135199785233
1732437762843183847,0.07714135199785233
1732437762853461973,0.07714135199785233
1732437762853461973,0.07714135199785233
1732437762864164747,0.07714135199785233
1732437762864164747,0.07714135199785233
1732437762874767767,0.07714135199785233
1732437762874767767,0.07714135199785233
1732437762885267644,0.07714135199785233
1732437762885267644,0.07714135199785233
1732437762895788541,0.07714135199785233
1732437762895788541,0.07714135199785233
1732437762906277187,0.07714135199785233
1732437762906277187,0.07714135199785233
1732437762916627067,0.07714135199785233
1732437762916627067,0.07714135199785233
1732437762926945559,0.07714135199785233
1732437762926945559,0.07714135199785233
1732437762937584130,0.07714135199785233
1732437762937584130,0.07714135199785233
1732437762950448340,0.07270197570323944
1732437762950448340,0.07270197570323944
1732437763044497376,0.0698728933930397
1732437763044497376,0.0698728933930397
1732437763054636425,0.0698728933930397
1732437763054636425,0.0698728933930397
1732437763065204819,0.0698728933930397
1732437763065204819,0.0698728933930397
1732437763075610338,0.0698728933930397
1732437763075610338,0.0698728933930397
1732437763086241845,0.0698728933930397
1732437763086241845,0.0698728933930397
1732437763096373740,0.0698728933930397
1732437763096373740,0.0698728933930397
1732437763106512677,0.0698728933930397
1732437763106512677,0.0698728933930397
1732437763117234297,0.0698728933930397
1732437763117234297,0.0698728933930397
1732437763127600508,0.0698728933930397
1732437763127600508,0.0698728933930397
1732437763137746208,0.0698728933930397
1732437763137746208,0.0698728933930397
1732437763147849409,0.06626377999782562
1732437763147849409,0.06626377999782562
1732437763158517300,0.06626377999782562
1732437763158517300,0.06626377999782562
1732437763169112685,0.06626377999782562
1732437763169112685,0.06626377999782562
1732437763179697276,0.06626377999782562
1732437763179697276,0.06626377999782562
1732437763190093566,0.06626377999782562
1732437763190093566,0.06626377999782562
1732437763200515098,0.06626377999782562
1732437763200515098,0.06626377999782562
1732437763213656839,0.06626377999782562
1732437763213656839,0.06626377999782562
1732437763224223821,0.06626377999782562
1732437763224223821,0.06626377999782562
1732437763234447448,0.06626377999782562
1732437763234447448,0.06626377999782562
1732437763234447448,0.06167726218700409
1732437763246413646,0.06167726218700409
1732437763256654584,0.06167726218700409
1732437763256654584,0.06167726218700409
1732437763266850038,0.06167726218700409
1732437763266850038,0.06167726218700409
1732437763277099951,0.06167726218700409
1732437763277099951,0.06167726218700409
1732437763287456483,0.06167726218700409
1732437763287456483,0.06167726218700409
1732437763297904575,0.06167726218700409
1732437763297904575,0.06167726218700409
1732437763308193832,0.06167726218700409
1732437763308193832,0.06167726218700409
1732437763318550140,0.06167726218700409
1732437763318550140,0.06167726218700409
1732437763329168722,0.06167726218700409
1732437763329168722,0.06167726218700409
1732437763339420936,0.06167726218700409
1732437763339420936,0.06167726218700409
1732437763446180437,0.0529346689581871
1732437763446180437,0.0529346689581871
1732437763456405926,0.0529346689581871
1732437763456405926,0.0529346689581871
1732437763466465498,0.0529346689581871
1732437763466465498,0.0529346689581871
1732437763477669370,0.0529346689581871
1732437763477669370,0.0529346689581871
1732437763487764929,0.0529346689581871
1732437763487764929,0.0529346689581871
1732437763497901493,0.0529346689581871
1732437763497901493,0.0529346689581871
1732437763508425977,0.0529346689581871
1732437763508425977,0.0529346689581871
1732437763518621629,0.0529346689581871
1732437763518621629,0.0529346689581871
1732437763531623251,0.0529346689581871
1732437763531623251,0.0529346689581871
1732437763542102421,0.05042928829789162
1732437763542102421,0.05042928829789162
1732437763552485641,0.05042928829789162
1732437763552485641,0.05042928829789162
1732437763562585437,0.05042928829789162
1732437763562585437,0.05042928829789162
1732437763572802550,0.05042928829789162
1732437763572802550,0.05042928829789162
1732437763583266832,0.05042928829789162
1732437763583266832,0.05042928829789162
1732437763593555459,0.05042928829789162
1732437763593555459,0.05042928829789162
1732437763604307155,0.05042928829789162
1732437763604307155,0.05042928829789162
1732437763614599456,0.05042928829789162
1732437763614599456,0.05042928829789162
1732437763625025257,0.05042928829789162
1732437763625025257,0.05042928829789162
1732437763635388081,0.05042928829789162
1732437763635388081,0.05042928829789162
1732437763646317074,0.04761115834116936
1732437763646317074,0.04761115834116936
1732437763656851787,0.04761115834116936
1732437763656851787,0.04761115834116936
1732437763666861386,0.04761115834116936
1732437763666861386,0.04761115834116936
1732437763677482027,0.04761115834116936
1732437763677482027,0.04761115834116936
1732437763687657563,0.04761115834116936
1732437763687657563,0.04761115834116936
1732437763698048179,0.04761115834116936
1732437763698048179,0.04761115834116936
1732437763708810012,0.04761115834116936
1732437763708810012,0.04761115834116936
1732437763719436576,0.04761115834116936
1732437763719436576,0.04761115834116936
1732437763729787398,0.04761115834116936
1732437763729787398,0.04761115834116936
1732437763740219726,0.04761115834116936
1732437763740219726,0.04761115834116936
1732437763852346530,0.04409162700176239
1732437763852346530,0.04409162700176239
1732437763862459709,0.04409162700176239
1732437763862459709,0.04409162700176239
1732437763872959418,0.04409162700176239
1732437763872959418,0.04409162700176239
1732437763883467111,0.04409162700176239
1732437763883467111,0.04409162700176239
1732437763893947962,0.04409162700176239
1732437763893947962,0.04409162700176239
1732437763904580837,0.04409162700176239
1732437763904580837,0.04409162700176239
1732437763914961231,0.04409162700176239
1732437763914961231,0.04409162700176239
1732437763925057432,0.04409162700176239
1732437763925057432,0.04409162700176239
1732437763935456122,0.04409162700176239
1732437763935456122,0.04409162700176239
1732437763945911478,0.04233381524682045
1732437763945911478,0.04233381524682045
1732437763956344609,0.04233381524682045
1732437763956344609,0.04233381524682045
1732437763966528834,0.04233381524682045
1732437763966528834,0.04233381524682045
1732437763976987937,0.04233381524682045
1732437763976987937,0.04233381524682045
1732437763987228419,0.04233381524682045
1732437763987228419,0.04233381524682045
1732437763997601385,0.04233381524682045
1732437763997601385,0.04233381524682045
1732437764007891816,0.04233381524682045
1732437764007891816,0.04233381524682045
1732437764018390732,0.04233381524682045
1732437764018390732,0.04233381524682045
1732437764030479528,0.04233381524682045
1732437764030479528,0.04233381524682045
1732437764041140115,0.04233381524682045
1732437764041140115,0.04233381524682045
1732437764146843665,0.03839585557579994
1732437764146843665,0.03839585557579994
1732437764157305459,0.03839585557579994
1732437764157305459,0.03839585557579994
1732437764167420354,0.03839585557579994
1732437764167420354,0.03839585557579994
1732437764177627061,0.03839585557579994
1732437764177627061,0.03839585557579994
1732437764187823365,0.03839585557579994
1732437764187823365,0.03839585557579994
1732437764197925807,0.03839585557579994
1732437764197925807,0.03839585557579994
1732437764208216787,0.03839585557579994
1732437764208216787,0.03839585557579994
1732437764218414279,0.03839585557579994
1732437764218414279,0.03839585557579994
1732437764229248122,0.03839585557579994
1732437764229248122,0.03839585557579994
1732437764239775701,0.03839585557579994
1732437764239775701,0.03839585557579994
1732437764250466875,0.03714064881205559
1732437764250466875,0.03714064881205559
1732437764260747506,0.03714064881205559
1732437764260747506,0.03714064881205559
1732437764270944972,0.03714064881205559
1732437764270944972,0.03714064881205559
1732437764281407201,0.03714064881205559
1732437764281407201,0.03714064881205559
1732437764292068480,0.03714064881205559
1732437764292068480,0.03714064881205559
1732437764302462331,0.03714064881205559
1732437764302462331,0.03714064881205559
1732437764312897238,0.03714064881205559
1732437764312897238,0.03714064881205559
1732437764323488235,0.03714064881205559
1732437764323488235,0.03714064881205559
1732437764333803841,0.03714064881205559
1732437764333803841,0.03714064881205559
1732437764343995728,0.03571651503443718
1732437764453688382,0.03468441590666771
1732437764453688382,0.03468441590666771
1732437764463865362,0.03468441590666771
1732437764463865362,0.03468441590666771
1732437764474004310,0.03468441590666771
1732437764474004310,0.03468441590666771
1732437764484235810,0.03468441590666771
1732437764484235810,0.03468441590666771
1732437764494359830,0.03468441590666771
1732437764494359830,0.03468441590666771
1732437764505179592,0.03468441590666771
1732437764505179592,0.03468441590666771
1732437764515781820,0.03468441590666771
1732437764515781820,0.03468441590666771
1732437764526376505,0.03468441590666771
1732437764526376505,0.03468441590666771
1732437764537077766,0.03468441590666771
1732437764537077766,0.03468441590666771
1732437764547410223,0.033815570175647736
1732437764547410223,0.033815570175647736
1732437764558010137,0.033815570175647736
1732437764558010137,0.033815570175647736
1732437764558010137,0.033815570175647736
1732437764568287149,0.033815570175647736
1732437764579171834,0.033815570175647736
1732437764579171834,0.033815570175647736
1732437764589366014,0.033815570175647736
1732437764589366014,0.033815570175647736
1732437764599710364,0.033815570175647736
1732437764599710364,0.033815570175647736
1732437764610336737,0.033815570175647736
1732437764610336737,0.033815570175647736
1732437764620739775,0.033815570175647736
1732437764620739775,0.033815570175647736
1732437764631443181,0.033815570175647736
1732437764631443181,0.033815570175647736
1732437764641954661,0.033815570175647736
1732437764641954661,0.033815570175647736
1732437764652351779,0.03360797464847565
1732437764652351779,0.03360797464847565
1732437764662865143,0.03360797464847565
1732437764662865143,0.03360797464847565
1732437764673380867,0.03360797464847565
1732437764673380867,0.03360797464847565
1732437764683581462,0.03360797464847565
1732437764683581462,0.03360797464847565
1732437764693842577,0.03360797464847565
1732437764693842577,0.03360797464847565
1732437764704772224,0.03360797464847565
1732437764704772224,0.03360797464847565
1732437764715143584,0.03360797464847565
1732437764715143584,0.03360797464847565
1732437764725437008,0.03360797464847565
1732437764725437008,0.03360797464847565
1732437764735913092,0.03360797464847565
1732437764735913092,0.03360797464847565
1732437764747146903,0.03342997655272484
1732437764844166313,0.0334048792719841
1732437764854318093,0.0334048792719841
1732437764854318093,0.0334048792719841
1732437764864489375,0.0334048792719841
1732437764864489375,0.0334048792719841
1732437764874882205,0.0334048792719841
1732437764874882205,0.0334048792719841
1732437764885421024,0.0334048792719841
1732437764885421024,0.0334048792719841
1732437764895855641,0.0334048792719841
1732437764895855641,0.0334048792719841
1732437764905955718,0.0334048792719841
1732437764905955718,0.0334048792719841
1732437764916331376,0.0334048792719841
1732437764916331376,0.0334048792719841
1732437764926598411,0.0334048792719841
1732437764926598411,0.0334048792719841
1732437764937064647,0.0334048792719841
1732437764937064647,0.0334048792719841
1732437764947405190,0.03333571180701256
1732437764947405190,0.03333571180701256
1732437764957610852,0.03333571180701256
1732437764957610852,0.03333571180701256
1732437764968201455,0.03333571180701256
1732437764968201455,0.03333571180701256
1732437764978663226,0.03333571180701256
1732437764978663226,0.03333571180701256
1732437764989204351,0.03333571180701256
1732437764989204351,0.03333571180701256
1732437764999964993,0.03333571180701256
1732437764999964993,0.03333571180701256
1732437765010449603,0.03333571180701256
1732437765010449603,0.03333571180701256
1732437765020697894,0.03333571180701256
1732437765020697894,0.03333571180701256
1732437765031081987,0.03333571180701256
1732437765031081987,0.03333571180701256
1732437765041544937,0.03333571180701256
1732437765041544937,0.03333571180701256
1732437765052115337,0.034271907061338425
1732437765052115337,0.034271907061338425
1732437765062581051,0.034271907061338425
1732437765062581051,0.034271907061338425
1732437765073595084,0.034271907061338425
1732437765073595084,0.034271907061338425
1732437765084337730,0.034271907061338425
1732437765084337730,0.034271907061338425
1732437765094394256,0.034271907061338425
1732437765094394256,0.034271907061338425
1732437765104767162,0.034271907061338425
1732437765104767162,0.034271907061338425
1732437765115100771,0.034271907061338425
1732437765115100771,0.034271907061338425
1732437765125660337,0.034271907061338425
1732437765125660337,0.034271907061338425
1732437765136984629,0.034271907061338425
1732437765136984629,0.034271907061338425
1732437765241574474,0.03414405882358551
1732437765252063318,0.03414405882358551
1732437765252063318,0.03414405882358551
1732437765263244946,0.03414405882358551
1732437765263244946,0.03414405882358551
1732437765273780069,0.03414405882358551
1732437765273780069,0.03414405882358551
1732437765284277022,0.03414405882358551
1732437765284277022,0.03414405882358551
1732437765294900270,0.03414405882358551
1732437765294900270,0.03414405882358551
1732437765305183446,0.03414405882358551
1732437765305183446,0.03414405882358551
1732437765315411170,0.03414405882358551
1732437765315411170,0.03414405882358551
1732437765326266638,0.03414405882358551
1732437765326266638,0.03414405882358551
1732437765336817160,0.03414405882358551
1732437765336817160,0.03414405882358551
1732437765346899422,0.03461325913667679
1732437765346899422,0.03461325913667679
1732437765357654564,0.03461325913667679
1732437765357654564,0.03461325913667679
1732437765368033519,0.03461325913667679
1732437765368033519,0.03461325913667679
1732437765378735412,0.03461325913667679
1732437765378735412,0.03461325913667679
1732437765388922940,0.03461325913667679
1732437765388922940,0.03461325913667679
1732437765399158309,0.03461325913667679
1732437765399158309,0.03461325913667679
1732437765409766819,0.03461325913667679
1732437765409766819,0.03461325913667679
1732437765420438776,0.03461325913667679
1732437765420438776,0.03461325913667679
1732437765430912806,0.03461325913667679
1732437765430912806,0.03461325913667679
1732437765441252273,0.03461325913667679
1732437765441252273,0.035269878804683685
1732437765451683968,0.035269878804683685
1732437765451683968,0.035269878804683685
1732437765462450232,0.035269878804683685
1732437765462450232,0.035269878804683685
1732437765473028976,0.035269878804683685
1732437765473028976,0.035269878804683685
1732437765483710452,0.035269878804683685
1732437765483710452,0.035269878804683685
1732437765494171317,0.035269878804683685
1732437765494171317,0.035269878804683685
1732437765504406766,0.035269878804683685
1732437765504406766,0.035269878804683685
1732437765515002271,0.035269878804683685
1732437765515002271,0.035269878804683685
1732437765525254349,0.035269878804683685
1732437765525254349,0.035269878804683685
1732437765535646267,0.035269878804683685
1732437765535646267,0.035269878804683685
1732437765546378897,0.035956770181655884
1732437765546378897,0.035956770181655884
1732437765556799669,0.035956770181655884
1732437765556799669,0.035956770181655884
1732437765567394841,0.035956770181655884
1732437765567394841,0.035956770181655884
1732437765577453224,0.035956770181655884
1732437765577453224,0.035956770181655884
1732437765587709109,0.035956770181655884
1732437765587709109,0.035956770181655884
1732437765597790941,0.035956770181655884
1732437765597790941,0.035956770181655884
1732437765608201574,0.035956770181655884
1732437765608201574,0.035956770181655884
1732437765618420340,0.035956770181655884
1732437765618420340,0.035956770181655884
1732437765628901169,0.035956770181655884
1732437765628901169,0.035956770181655884
1732437765639527286,0.035956770181655884
1732437765639527286,0.035956770181655884
1732437765649781929,0.03769296780228615
1732437765649781929,0.03769296780228615
1732437765746137301,0.03709167242050171
1732437765746137301,0.03709167242050171
1732437765756374070,0.03709167242050171
1732437765756374070,0.03709167242050171
1732437765766881193,0.03709167242050171
1732437765766881193,0.03709167242050171
1732437765777267351,0.03709167242050171
1732437765777267351,0.03709167242050171
1732437765787683183,0.03709167242050171
1732437765787683183,0.03709167242050171
1732437765797881622,0.03709167242050171
1732437765797881622,0.03709167242050171
1732437765808320733,0.03709167242050171
1732437765808320733,0.03709167242050171
1732437765818472990,0.03709167242050171
1732437765818472990,0.03709167242050171
1732437765828729927,0.03709167242050171
1732437765828729927,0.03709167242050171
1732437765839242379,0.03709167242050171
1732437765839242379,0.03709167242050171
1732437765849739984,0.03865908458828926
1732437765849739984,0.03865908458828926
1732437765859930298,0.03865908458828926
1732437765859930298,0.03865908458828926
1732437765870451916,0.03865908458828926
1732437765870451916,0.03865908458828926
1732437765880736254,0.03865908458828926
1732437765880736254,0.03865908458828926
1732437765890945182,0.03865908458828926
1732437765890945182,0.03865908458828926
1732437765901065446,0.03865908458828926
1732437765901065446,0.03865908458828926
1732437765911787968,0.03865908458828926
1732437765911787968,0.03865908458828926
1732437765922440586,0.03865908458828926
1732437765922440586,0.03865908458828926
1732437765932556395,0.03865908458828926
1732437765932556395,0.03865908458828926
1732437765943029755,0.03865908458828926
1732437765943029755,0.03865908458828926
1732437765953352255,0.03816063329577446
1732437765953352255,0.03816063329577446
1732437765963792963,0.03816063329577446
1732437765963792963,0.03816063329577446
1732437765974414207,0.03816063329577446
1732437765974414207,0.03816063329577446
1732437765984583901,0.03816063329577446
1732437765984583901,0.03816063329577446
1732437765995100601,0.03816063329577446
1732437765995100601,0.03816063329577446
1732437766005410877,0.03816063329577446
1732437766005410877,0.03816063329577446
1732437766015916276,0.03816063329577446
1732437766015916276,0.03816063329577446
1732437766026516451,0.03816063329577446
1732437766026516451,0.03816063329577446
1732437766037064870,0.03816063329577446
1732437766037064870,0.03816063329577446
1732437766047712603,0.03851000592112541
1732437766047712603,0.03851000592112541
1732437766057958781,0.03851000592112541
1732437766057958781,0.03851000592112541
1732437766068168911,0.03851000592112541
1732437766068168911,0.03851000592112541
1732437766078667758,0.03851000592112541
1732437766078667758,0.03851000592112541
1732437766089315781,0.03851000592112541
1732437766089315781,0.03851000592112541
1732437766099883225,0.03851000592112541
1732437766099883225,0.03851000592112541
1732437766110381331,0.03851000592112541
1732437766110381331,0.03851000592112541
1732437766120900145,0.03851000592112541
1732437766120900145,0.03851000592112541
1732437766131398230,0.03851000592112541
1732437766131398230,0.03851000592112541
1732437766141698765,0.03851000592112541
1732437766141698765,0.03851000592112541
1732437766152038430,0.038295552134513855
1732437766152038430,0.038295552134513855
1732437766162380435,0.038295552134513855
1732437766162380435,0.038295552134513855
1732437766173005857,0.038295552134513855
1732437766173005857,0.038295552134513855
1732437766183434243,0.038295552134513855
1732437766183434243,0.038295552134513855
1732437766194034527,0.038295552134513855
1732437766194034527,0.038295552134513855
1732437766204610137,0.038295552134513855
1732437766204610137,0.038295552134513855
1732437766215241339,0.038295552134513855
1732437766215241339,0.038295552134513855
1732437766225876609,0.038295552134513855
1732437766225876609,0.038295552134513855
1732437766236358534,0.038295552134513855
1732437766236358534,0.038295552134513855
1732437766246525455,0.039071306586265564
1732437766246525455,0.039071306586265564
1732437766256812449,0.039071306586265564
1732437766256812449,0.039071306586265564
1732437766266813321,0.039071306586265564
1732437766266813321,0.039071306586265564
1732437766276990451,0.039071306586265564
1732437766276990451,0.039071306586265564
1732437766287180935,0.039071306586265564
1732437766287180935,0.039071306586265564
1732437766297246818,0.039071306586265564
1732437766297246818,0.039071306586265564
1732437766307712844,0.039071306586265564
1732437766307712844,0.039071306586265564
1732437766318509714,0.039071306586265564
1732437766318509714,0.039071306586265564
1732437766318509714,0.039071306586265564
1732437766318509714,0.039071306586265564
1732437766339156646,0.039071306586265564
1732437766339156646,0.039071306586265564
1732437766349321102,0.03899184986948967
1732437766349321102,0.03899184986948967
1732437766359729761,0.03899184986948967
1732437766359729761,0.03899184986948967
1732437766370266048,0.03899184986948967
1732437766370266048,0.03899184986948967
1732437766380443327,0.03899184986948967
1732437766380443327,0.03899184986948967
1732437766390724991,0.03899184986948967
1732437766390724991,0.03899184986948967
1732437766401145362,0.03899184986948967
1732437766401145362,0.03899184986948967
1732437766411430061,0.03899184986948967
1732437766411430061,0.03899184986948967
1732437766421627618,0.03899184986948967
1732437766421627618,0.03899184986948967
1732437766431966689,0.03899184986948967
1732437766431966689,0.03899184986948967
1732437766442271735,0.03899184986948967
1732437766442271735,0.03899184986948967
1732437766452796670,0.03900478407740593
1732437766452796670,0.03900478407740593
1732437766551180087,0.038921091705560684
1732437766551180087,0.038921091705560684
1732437766561781971,0.038921091705560684
1732437766561781971,0.038921091705560684
1732437766572340412,0.038921091705560684
1732437766572340412,0.038921091705560684
1732437766582762065,0.038921091705560684
1732437766582762065,0.038921091705560684
1732437766593131803,0.038921091705560684
1732437766593131803,0.038921091705560684
1732437766745626215,0.04037047550082207
1732437766745626215,0.04037047550082207
1732437766850525153,0.040376223623752594
1732437766850525153,0.040376223623752594
1732437766861183247,0.040376223623752594
1732437766861183247,0.040376223623752594
1732437766871750540,0.040376223623752594
1732437766871750540,0.040376223623752594
1732437766882364741,0.040376223623752594
1732437766882364741,0.040376223623752594
1732437766892703236,0.040376223623752594
1732437766892703236,0.040376223623752594
1732437766902758482,0.040376223623752594
1732437766902758482,0.040376223623752594
1732437766913156141,0.040376223623752594
1732437766913156141,0.040376223623752594
1732437766923363898,0.040376223623752594
1732437766923363898,0.040376223623752594
1732437766933685755,0.040376223623752594
1732437766933685755,0.040376223623752594
1732437766944273337,0.04179827868938446
1732437766944273337,0.04179827868938446
1732437766954924036,0.04179827868938446
1732437766954924036,0.04179827868938446
1732437766965353914,0.04179827868938446
1732437766965353914,0.04179827868938446
1732437766975932859,0.04179827868938446
1732437766975932859,0.04179827868938446
1732437766986177384,0.04179827868938446
1732437766986177384,0.04179827868938446
1732437766996816250,0.04179827868938446
1732437766996816250,0.04179827868938446
1732437767007630894,0.04179827868938446
1732437767007630894,0.04179827868938446
1732437767018219738,0.04179827868938446
1732437767018219738,0.04179827868938446
1732437767029958176,0.04179827868938446
1732437767029958176,0.04179827868938446
1732437767040457865,0.04179827868938446
1732437767040457865,0.04179827868938446
1732437767050886070,0.04552024230360985
1732437767050886070,0.04552024230360985
1732437767061181679,0.04552024230360985
1732437767061181679,0.04552024230360985
1732437767071783597,0.04552024230360985
1732437767071783597,0.04552024230360985
1732437767082060762,0.04552024230360985
1732437767082060762,0.04552024230360985
1732437767092513795,0.04552024230360985
1732437767092513795,0.04552024230360985
1732437767103209196,0.04552024230360985
1732437767103209196,0.04552024230360985
1732437767113815173,0.04552024230360985
1732437767113815173,0.04552024230360985
1732437767124300513,0.04552024230360985
1732437767124300513,0.04552024230360985
1732437767134689347,0.04552024230360985
1732437767134689347,0.04552024230360985
1732437767144958207,0.046342216432094574
1732437767144958207,0.046342216432094574
1732437767155311494,0.046342216432094574
1732437767155311494,0.046342216432094574
1732437767165611312,0.046342216432094574
1732437767165611312,0.046342216432094574
1732437767176189625,0.046342216432094574
1732437767176189625,0.046342216432094574
1732437767186994670,0.046342216432094574
1732437767186994670,0.046342216432094574
1732437767197193851,0.046342216432094574
1732437767197193851,0.046342216432094574
1732437767207458353,0.046342216432094574
1732437767207458353,0.046342216432094574
1732437767217642956,0.046342216432094574
1732437767217642956,0.046342216432094574
1732437767227762950,0.046342216432094574
1732437767227762950,0.046342216432094574
1732437767238047540,0.046342216432094574
1732437767238047540,0.046342216432094574
1732437767248247381,0.04740768298506737
1732437767348183669,0.047911785542964935
1732437767348183669,0.047911785542964935
1732437767358422347,0.047911785542964935
1732437767358422347,0.047911785542964935
1732437767368913519,0.047911785542964935
1732437767368913519,0.047911785542964935
1732437767379303493,0.047911785542964935
1732437767379303493,0.047911785542964935
1732437767389665006,0.047911785542964935
1732437767389665006,0.047911785542964935
1732437767400310244,0.047911785542964935
1732437767400310244,0.047911785542964935
1732437767411162489,0.047911785542964935
1732437767411162489,0.047911785542964935
1732437767421506717,0.047911785542964935
1732437767421506717,0.047911785542964935
1732437767431800244,0.047911785542964935
1732437767431800244,0.047911785542964935
1732437767442577668,0.047911785542964935
1732437767442577668,0.047911785542964935
1732437767452598367,0.052613288164138794
1732437767452598367,0.052613288164138794
1732437767462962764,0.052613288164138794
1732437767462962764,0.052613288164138794
1732437767473440992,0.052613288164138794
1732437767473440992,0.052613288164138794
1732437767483766017,0.052613288164138794
1732437767483766017,0.052613288164138794
1732437767494157213,0.052613288164138794
1732437767494157213,0.052613288164138794
1732437767504812671,0.052613288164138794
1732437767504812671,0.052613288164138794
1732437767514885137,0.052613288164138794
1732437767514885137,0.052613288164138794
1732437767525305187,0.052613288164138794
1732437767525305187,0.052613288164138794
1732437767535475385,0.052613288164138794
1732437767535475385,0.052613288164138794
1732437767545893330,0.05932321399450302
1732437767545893330,0.05932321399450302
1732437767556366440,0.05932321399450302
1732437767556366440,0.05932321399450302
1732437767566671166,0.05932321399450302
1732437767566671166,0.05932321399450302
1732437767577934492,0.05932321399450302
1732437767577934492,0.05932321399450302
1732437767588145625,0.05932321399450302
1732437767588145625,0.05932321399450302
1732437767598630946,0.05932321399450302
1732437767598630946,0.05932321399450302
1732437767609028927,0.05932321399450302
1732437767609028927,0.05932321399450302
1732437767619774220,0.05932321399450302
1732437767619774220,0.05932321399450302
1732437767630301550,0.05932321399450302
1732437767630301550,0.05932321399450302
1732437767640685044,0.05932321399450302
1732437767640685044,0.05932321399450302
1732437767650915762,0.058437082916498184
1732437767650915762,0.058437082916498184
1732437767661484989,0.058437082916498184
1732437767661484989,0.058437082916498184
1732437767672120870,0.058437082916498184
1732437767672120870,0.058437082916498184
1732437767682506146,0.058437082916498184
1732437767682506146,0.058437082916498184
1732437767692904202,0.058437082916498184
1732437767692904202,0.058437082916498184
1732437767703197752,0.058437082916498184
1732437767703197752,0.058437082916498184
1732437767713527275,0.058437082916498184
1732437767713527275,0.058437082916498184
1732437767723921193,0.058437082916498184
1732437767723921193,0.058437082916498184
1732437767734525160,0.058437082916498184
1732437767734525160,0.058437082916498184
1732437767745751386,0.05676702782511711
1732437767745751386,0.05676702782511711
1732437767756219165,0.05676702782511711
1732437767756219165,0.05676702782511711
1732437767766812617,0.05676702782511711
1732437767766812617,0.05676702782511711
1732437767777144845,0.05676702782511711
1732437767777144845,0.05676702782511711
1732437767787201511,0.05676702782511711
1732437767787201511,0.05676702782511711
1732437767798846481,0.05676702782511711
1732437767798846481,0.05676702782511711
1732437767809180446,0.05676702782511711
1732437767809180446,0.05676702782511711
1732437767819730687,0.05676702782511711
1732437767819730687,0.05676702782511711
1732437767830215940,0.05676702782511711
1732437767830215940,0.05676702782511711
1732437767840598471,0.05676702782511711
1732437767840598471,0.05676702782511711
1732437767851203044,0.06548688560724258
1732437767851203044,0.06548688560724258
1732437767861715576,0.06548688560724258
1732437767861715576,0.06548688560724258
1732437767872337321,0.06548688560724258
1732437767872337321,0.06548688560724258
1732437767882752372,0.06548688560724258
1732437767882752372,0.06548688560724258
1732437767893115086,0.06548688560724258
1732437767893115086,0.06548688560724258
1732437767903488040,0.06548688560724258
1732437767903488040,0.06548688560724258
1732437767914432535,0.06548688560724258
1732437767914432535,0.06548688560724258
1732437767924790148,0.06548688560724258
1732437767924790148,0.06548688560724258
1732437767935310064,0.06548688560724258
1732437767935310064,0.06548688560724258
1732437768041552781,0.0627572312951088
1732437768052120332,0.0627572312951088
1732437768052120332,0.0627572312951088
1732437768062748841,0.0627572312951088
1732437768062748841,0.0627572312951088
1732437768073446090,0.0627572312951088
1732437768073446090,0.0627572312951088
1732437768084237048,0.0627572312951088
1732437768084237048,0.0627572312951088
1732437768094654144,0.0627572312951088
1732437768094654144,0.0627572312951088
1732437768104848907,0.0627572312951088
1732437768104848907,0.0627572312951088
1732437768115274108,0.0627572312951088
1732437768115274108,0.0627572312951088
1732437768125500916,0.0627572312951088
1732437768125500916,0.0627572312951088
1732437768135990488,0.0627572312951088
1732437768135990488,0.0627572312951088
1732437768146959568,0.06682305783033371
1732437768146959568,0.06682305783033371
1732437768157154422,0.06682305783033371
1732437768157154422,0.06682305783033371
1732437768167239661,0.06682305783033371
1732437768167239661,0.06682305783033371
1732437768177580093,0.06682305783033371
1732437768177580093,0.06682305783033371
1732437768187724292,0.06682305783033371
1732437768187724292,0.06682305783033371
1732437768197853369,0.06682305783033371
1732437768197853369,0.06682305783033371
1732437768208049434,0.06682305783033371
1732437768208049434,0.06682305783033371
1732437768218679149,0.06682305783033371
1732437768218679149,0.06682305783033371
1732437768229029630,0.06682305783033371
1732437768229029630,0.06682305783033371
1732437768239610178,0.06682305783033371
1732437768239610178,0.06682305783033371
1732437768250055706,0.07286235690116882
1732437768250055706,0.07286235690116882
1732437768260574250,0.07286235690116882
1732437768260574250,0.07286235690116882
1732437768270863128,0.07286235690116882
1732437768270863128,0.07286235690116882
1732437768281047220,0.07286235690116882
1732437768281047220,0.07286235690116882
1732437768291478541,0.07286235690116882
1732437768291478541,0.07286235690116882
1732437768302103241,0.07286235690116882
1732437768302103241,0.07286235690116882
1732437768312521296,0.07286235690116882
1732437768312521296,0.07286235690116882
1732437768322720190,0.07286235690116882
1732437768322720190,0.07286235690116882
1732437768333379324,0.07286235690116882
1732437768333379324,0.07286235690116882
1732437768343720425,0.07626102864742279
1732437768343720425,0.07626102864742279
1732437768353949324,0.07626102864742279
1732437768353949324,0.07626102864742279
1732437768364467718,0.07626102864742279
1732437768364467718,0.07626102864742279
1732437768374809184,0.07626102864742279
1732437768374809184,0.07626102864742279
1732437768385091989,0.07626102864742279
1732437768385091989,0.07626102864742279
1732437768395303032,0.07626102864742279
1732437768395303032,0.07626102864742279
1732437768405878942,0.07626102864742279
1732437768405878942,0.07626102864742279
1732437768416421009,0.07626102864742279
1732437768416421009,0.07626102864742279
1732437768426788042,0.07626102864742279
1732437768426788042,0.07626102864742279
1732437768437352220,0.07626102864742279
1732437768437352220,0.07626102864742279
1732437768448019099,0.07222321629524231
1732437768448019099,0.07222321629524231
1732437768458138551,0.07222321629524231
1732437768458138551,0.07222321629524231
1732437768468649771,0.07222321629524231
1732437768468649771,0.07222321629524231
1732437768478943839,0.07222321629524231
1732437768478943839,0.07222321629524231
1732437768489490334,0.07222321629524231
1732437768489490334,0.07222321629524231
1732437768499884246,0.07222321629524231
1732437768499884246,0.07222321629524231
1732437768510463191,0.07222321629524231
1732437768510463191,0.07222321629524231
1732437768521200863,0.07222321629524231
1732437768521200863,0.07222321629524231
1732437768531571050,0.07222321629524231
1732437768531571050,0.07222321629524231
1732437768542765569,0.07222321629524231
1732437768542765569,0.08128088712692261
1732437768552772983,0.08128088712692261
1732437768552772983,0.08128088712692261
1732437768563163449,0.08128088712692261
1732437768563163449,0.08128088712692261
1732437768573581206,0.08128088712692261
1732437768573581206,0.08128088712692261
1732437768583730142,0.08128088712692261
1732437768583730142,0.08128088712692261
1732437768594415262,0.08128088712692261
1732437768594415262,0.08128088712692261
1732437768604610089,0.08128088712692261
1732437768604610089,0.08128088712692261
1732437768614690478,0.08128088712692261
1732437768614690478,0.08128088712692261
1732437768624894819,0.08128088712692261
1732437768624894819,0.08128088712692261
1732437768634994624,0.08128088712692261
1732437768634994624,0.08128088712692261
1732437768645265499,0.07985243946313858
1732437768645265499,0.07985243946313858
1732437768655742987,0.07985243946313858
1732437768655742987,0.07985243946313858
1732437768666106292,0.07985243946313858
1732437768666106292,0.07985243946313858
1732437768676259338,0.07985243946313858
1732437768676259338,0.07985243946313858
1732437768676259338,0.07985243946313858
1732437768676259338,0.07985243946313858
1732437768697277810,0.07985243946313858
1732437768697277810,0.07985243946313858
1732437768707804940,0.07985243946313858
1732437768707804940,0.07985243946313858
1732437768718193191,0.07985243946313858
1732437768718193191,0.07985243946313858
1732437768728389256,0.07985243946313858
1732437768728389256,0.07985243946313858
1732437768738655000,0.07985243946313858
1732437768738655000,0.07985243946313858
1732437768749091112,0.07406408339738846
1732437768749091112,0.07406408339738846
1732437768759601887,0.07406408339738846
1732437768759601887,0.07406408339738846
1732437768771849714,0.07406408339738846
1732437768771849714,0.07406408339738846
1732437768782116409,0.07406408339738846
1732437768782116409,0.07406408339738846
1732437768792459307,0.07406408339738846
1732437768792459307,0.07406408339738846
1732437768802582848,0.07406408339738846
1732437768802582848,0.07406408339738846
1732437768812884329,0.07406408339738846
1732437768812884329,0.07406408339738846
1732437768823562068,0.07406408339738846
1732437768823562068,0.07406408339738846
1732437768834038823,0.07406408339738846
1732437768834038823,0.07406408339738846
1732437768854873846,0.0813881978392601
1732437768951020966,0.08186223357915878
1732437768951020966,0.08186223357915878
1732437768961338446,0.08186223357915878
1732437768961338446,0.08186223357915878
1732437768971634657,0.08186223357915878
1732437768971634657,0.08186223357915878
1732437768981954611,0.08186223357915878
1732437768981954611,0.08186223357915878
1732437768992395641,0.08186223357915878
1732437768992395641,0.08186223357915878
1732437769003185258,0.08186223357915878
1732437769003185258,0.08186223357915878
1732437769013479676,0.08186223357915878
1732437769013479676,0.08186223357915878
1732437769023902091,0.08186223357915878
1732437769023902091,0.08186223357915878
1732437769034293139,0.08186223357915878
1732437769034293139,0.08186223357915878
1732437769044710995,0.08393064886331558
1732437769044710995,0.08393064886331558
1732437769055232601,0.08393064886331558
1732437769055232601,0.08393064886331558
1732437769065849718,0.08393064886331558
1732437769065849718,0.08393064886331558
1732437769076078617,0.08393064886331558
1732437769076078617,0.08393064886331558
1732437769086355352,0.08393064886331558
1732437769086355352,0.08393064886331558
1732437769096510783,0.08393064886331558
1732437769096510783,0.08393064886331558
1732437769106930453,0.08393064886331558
1732437769106930453,0.08393064886331558
1732437769117060164,0.08393064886331558
1732437769117060164,0.08393064886331558
1732437769127923338,0.08393064886331558
1732437769127923338,0.08393064886331558
1732437769138114495,0.08393064886331558
1732437769138114495,0.08393064886331558
1732437769148205295,0.07805241644382477
1732437769148205295,0.07805241644382477
1732437769158413852,0.07805241644382477
1732437769158413852,0.07805241644382477
1732437769168554215,0.07805241644382477
1732437769168554215,0.07805241644382477
1732437769178947547,0.07805241644382477
1732437769178947547,0.07805241644382477
1732437769189559974,0.07805241644382477
1732437769189559974,0.07805241644382477
1732437769199818466,0.07805241644382477
1732437769199818466,0.07805241644382477
1732437769212024982,0.07805241644382477
1732437769212024982,0.07805241644382477
1732437769222580705,0.07805241644382477
1732437769222580705,0.07805241644382477
1732437769233478624,0.07805241644382477
1732437769233478624,0.07805241644382477
1732437769243698172,0.0804925486445427
1732437769243698172,0.0804925486445427
1732437769254120417,0.0804925486445427
1732437769254120417,0.0804925486445427
1732437769264347851,0.0804925486445427
1732437769264347851,0.0804925486445427
1732437769274657838,0.0804925486445427
1732437769274657838,0.0804925486445427
1732437769284741604,0.0804925486445427
1732437769284741604,0.0804925486445427
1732437769294879391,0.0804925486445427
1732437769294879391,0.0804925486445427
1732437769305458878,0.0804925486445427
1732437769305458878,0.0804925486445427
1732437769305458878,0.0804925486445427
1732437769305458878,0.0804925486445427
1732437769326379709,0.0804925486445427
1732437769326379709,0.0804925486445427
1732437769336502368,0.0804925486445427
1732437769336502368,0.0804925486445427
1732437769347248966,0.07570987194776535
1732437769347248966,0.07570987194776535
1732437769357463225,0.07570987194776535
1732437769357463225,0.07570987194776535
1732437769367743977,0.07570987194776535
1732437769367743977,0.07570987194776535
1732437769377837633,0.07570987194776535
1732437769377837633,0.07570987194776535
1732437769388512286,0.07570987194776535
1732437769388512286,0.07570987194776535
1732437769399005232,0.07570987194776535
1732437769399005232,0.07570987194776535
1732437769409550426,0.07570987194776535
1732437769409550426,0.07570987194776535
1732437769420210282,0.07570987194776535
1732437769420210282,0.07570987194776535
1732437769430386299,0.07570987194776535
1732437769430386299,0.07570987194776535
1732437769441041718,0.07570987194776535
1732437769441041718,0.07570987194776535
1732437769451270423,0.08154992759227753
1732437769451270423,0.08154992759227753
1732437769461925290,0.08154992759227753
1732437769461925290,0.08154992759227753
1732437769472525095,0.08154992759227753
1732437769472525095,0.08154992759227753
1732437769482798604,0.08154992759227753
1732437769482798604,0.08154992759227753
1732437769493131122,0.08154992759227753
1732437769493131122,0.08154992759227753
1732437769503395023,0.08154992759227753
1732437769503395023,0.08154992759227753
1732437769513948743,0.08154992759227753
1732437769513948743,0.08154992759227753
1732437769524438640,0.08154992759227753
1732437769524438640,0.08154992759227753
1732437769534686915,0.08154992759227753
1732437769534686915,0.08154992759227753
1732437769545188244,0.0775766521692276
1732437769646623654,0.08770003169775009
1732437769646623654,0.08770003169775009
1732437769657025051,0.08770003169775009
1732437769657025051,0.08770003169775009
1732437769667415003,0.08770003169775009
1732437769667415003,0.08770003169775009
1732437769677943505,0.08770003169775009
1732437769677943505,0.08770003169775009
1732437769688306873,0.08770003169775009
1732437769688306873,0.08770003169775009
1732437769698805518,0.08770003169775009
1732437769698805518,0.08770003169775009
1732437769709170165,0.08770003169775009
1732437769709170165,0.08770003169775009
1732437769719356165,0.08770003169775009
1732437769719356165,0.08770003169775009
1732437769730346091,0.08770003169775009
1732437769730346091,0.08770003169775009
1732437769740488510,0.08770003169775009
1732437769740488510,0.08770003169775009
1732437769750961755,0.08007196336984634
1732437769750961755,0.08007196336984634
1732437769761181217,0.08007196336984634
1732437769761181217,0.08007196336984634
1732437769771838358,0.08007196336984634
1732437769771838358,0.08007196336984634
1732437769782390681,0.08007196336984634
1732437769782390681,0.08007196336984634
1732437769793351697,0.08007196336984634
1732437769793351697,0.08007196336984634
1732437769803782591,0.08007196336984634
1732437769803782591,0.08007196336984634
1732437769814307035,0.08007196336984634
1732437769814307035,0.08007196336984634
1732437769824866135,0.08007196336984634
1732437769824866135,0.08007196336984634
1732437769835184077,0.08007196336984634
1732437769835184077,0.08007196336984634
1732437769845338003,0.08604538440704346
1732437769845338003,0.08604538440704346
1732437769855801241,0.08604538440704346
1732437769855801241,0.08604538440704346
1732437769865992782,0.08604538440704346
1732437769865992782,0.08604538440704346
1732437769876832831,0.08604538440704346
1732437769876832831,0.08604538440704346
1732437769887029327,0.08604538440704346
1732437769887029327,0.08604538440704346
1732437769897277690,0.08604538440704346
1732437769897277690,0.08604538440704346
1732437769907573130,0.08604538440704346
1732437769907573130,0.08604538440704346
1732437769917717659,0.08604538440704346
1732437769917717659,0.08604538440704346
1732437769928200373,0.08604538440704346
1732437769928200373,0.08604538440704346
1732437769938543095,0.08604538440704346
1732437769938543095,0.08604538440704346
1732437769948620159,0.07886746525764465
1732437769948620159,0.07886746525764465
1732437769959125106,0.07886746525764465
1732437769959125106,0.07886746525764465
1732437769969330339,0.07886746525764465
1732437769969330339,0.07886746525764465
1732437769979427311,0.07886746525764465
1732437769979427311,0.07886746525764465
1732437769989960791,0.07886746525764465
1732437769989960791,0.07886746525764465
1732437770000305563,0.07886746525764465
1732437770000305563,0.07886746525764465
1732437770012360809,0.07886746525764465
1732437770012360809,0.07886746525764465
1732437770022716651,0.07886746525764465
1732437770022716651,0.07886746525764465
1732437770033088299,0.07886746525764465
1732437770033088299,0.07886746525764465
1732437770043809302,0.0757979154586792
1732437770043809302,0.0757979154586792
1732437770147477515,0.07050065696239471
1732437770147477515,0.07050065696239471
1732437770158055760,0.07050065696239471
1732437770158055760,0.07050065696239471
1732437770168211770,0.07050065696239471
1732437770168211770,0.07050065696239471
1732437770178656327,0.07050065696239471
1732437770178656327,0.07050065696239471
1732437770189229743,0.07050065696239471
1732437770189229743,0.07050065696239471
1732437770199583691,0.07050065696239471
1732437770199583691,0.07050065696239471
1732437770210141378,0.07050065696239471
1732437770210141378,0.07050065696239471
1732437770220648451,0.07050065696239471
1732437770220648451,0.07050065696239471
1732437770230744400,0.07050065696239471
1732437770230744400,0.07050065696239471
1732437770241369222,0.07050065696239471
1732437770241369222,0.07050065696239471
1732437770251570243,0.07247895002365112
1732437770251570243,0.07247895002365112
1732437770261912904,0.07247895002365112
1732437770261912904,0.07247895002365112
1732437770272158660,0.07247895002365112
1732437770272158660,0.07247895002365112
1732437770282551961,0.07247895002365112
1732437770282551961,0.07247895002365112
1732437770293169560,0.07247895002365112
1732437770293169560,0.07247895002365112
1732437770303582979,0.07247895002365112
1732437770303582979,0.07247895002365112
1732437770313830410,0.07247895002365112
1732437770313830410,0.07247895002365112
1732437770324324157,0.07247895002365112
1732437770324324157,0.07247895002365112
1732437770334747013,0.07247895002365112
1732437770334747013,0.07247895002365112
1732437770344912412,0.06962636858224869
1732437770344912412,0.06962636858224869
1732437770355176774,0.06962636858224869
1732437770355176774,0.06962636858224869
1732437770365769516,0.06962636858224869
1732437770365769516,0.06962636858224869
1732437770376035060,0.06962636858224869
1732437770376035060,0.06962636858224869
1732437770386167479,0.06962636858224869
1732437770386167479,0.06962636858224869
1732437770396471033,0.06962636858224869
1732437770396471033,0.06962636858224869
1732437770406906028,0.06962636858224869
1732437770406906028,0.06962636858224869
1732437770418203121,0.06962636858224869
1732437770418203121,0.06962636858224869
1732437770428318502,0.06962636858224869
1732437770428318502,0.06962636858224869
1732437770438909105,0.06962636858224869
1732437770438909105,0.06962636858224869
1732437770449348120,0.0797729417681694
1732437770449348120,0.0797729417681694
1732437770459944229,0.0797729417681694
1732437770459944229,0.0797729417681694
1732437770470049716,0.0797729417681694
1732437770470049716,0.0797729417681694
1732437770480455700,0.0797729417681694
1732437770480455700,0.0797729417681694
1732437770490896512,0.0797729417681694
1732437770490896512,0.0797729417681694
1732437770502684681,0.0797729417681694
1732437770502684681,0.0797729417681694
1732437770512941420,0.0797729417681694
1732437770512941420,0.0797729417681694
1732437770523512942,0.0797729417681694
1732437770523512942,0.0797729417681694
1732437770533991370,0.0797729417681694
1732437770533991370,0.0797729417681694
1732437770544064228,0.07986877113580704
1732437770544064228,0.07986877113580704
1732437770554810494,0.07986877113580704
1732437770554810494,0.07986877113580704
1732437770565428163,0.07986877113580704
1732437770565428163,0.07986877113580704
1732437770575988353,0.07986877113580704
1732437770575988353,0.07986877113580704
1732437770586516293,0.07986877113580704
1732437770586516293,0.07986877113580704
1732437770597028307,0.07986877113580704
1732437770597028307,0.07986877113580704
1732437770607831509,0.07986877113580704
1732437770607831509,0.07986877113580704
1732437770618070545,0.07986877113580704
1732437770618070545,0.07986877113580704
1732437770628357328,0.07986877113580704
1732437770628357328,0.07986877113580704
1732437770638668879,0.07986877113580704
1732437770638668879,0.07986877113580704
1732437770649246201,0.07692640274763107
1732437770649246201,0.07692640274763107
1732437770659806863,0.07692640274763107
1732437770659806863,0.07692640274763107
1732437770670003780,0.07692640274763107
1732437770670003780,0.07692640274763107
1732437770680279623,0.07692640274763107
1732437770680279623,0.07692640274763107
1732437770690870924,0.07692640274763107
1732437770690870924,0.07692640274763107
1732437770701458244,0.07692640274763107
1732437770701458244,0.07692640274763107
1732437770712021501,0.07692640274763107
1732437770712021501,0.07692640274763107
1732437770722220042,0.07692640274763107
1732437770722220042,0.07692640274763107
1732437770732415526,0.07692640274763107
1732437770732415526,0.07692640274763107
1732437770742830378,0.07692640274763107
1732437770742830378,0.07692640274763107
1732437770752909285,0.07914622873067856
1732437770752909285,0.07914622873067856
1732437770763496828,0.07914622873067856
1732437770763496828,0.07914622873067856
1732437770773995485,0.07914622873067856
1732437770773995485,0.07914622873067856
1732437770784203993,0.07914622873067856
1732437770784203993,0.07914622873067856
1732437770794511566,0.07914622873067856
1732437770794511566,0.07914622873067856
1732437770805424932,0.07914622873067856
1732437770805424932,0.07914622873067856
1732437770816014809,0.07914622873067856
1732437770816014809,0.07914622873067856
1732437770826374194,0.07914622873067856
1732437770826374194,0.07914622873067856
1732437770837369286,0.07914622873067856
1732437770837369286,0.07914622873067856
1732437770837369286,0.07848195731639862
1732437770847719678,0.07848195731639862
1732437770951136084,0.09396462887525558
1732437770951136084,0.09396462887525558
1732437770962011229,0.09396462887525558
1732437770962011229,0.09396462887525558
1732437770972516439,0.09396462887525558
1732437770972516439,0.09396462887525558
1732437770982851803,0.09396462887525558
1732437770982851803,0.09396462887525558
1732437770993489779,0.09396462887525558
1732437770993489779,0.09396462887525558
1732437771004367960,0.09396462887525558
1732437771004367960,0.09396462887525558
1732437771014464931,0.09396462887525558
1732437771014464931,0.09396462887525558
1732437771025064256,0.09396462887525558
1732437771025064256,0.09396462887525558
1732437771035742716,0.09396462887525558
1732437771035742716,0.09396462887525558
1732437771047498157,0.09978313744068146
1732437771047498157,0.09978313744068146
1732437771057810117,0.09978313744068146
1732437771057810117,0.09978313744068146
1732437771068220601,0.09978313744068146
1732437771068220601,0.09978313744068146
1732437771078457974,0.09978313744068146
1732437771078457974,0.09978313744068146
1732437771088994070,0.09978313744068146
1732437771088994070,0.09978313744068146
1732437771099517264,0.09978313744068146
1732437771099517264,0.09978313744068146
1732437771109762496,0.09978313744068146
1732437771109762496,0.09978313744068146
1732437771120434208,0.09978313744068146
1732437771120434208,0.09978313744068146
1732437771131222262,0.09978313744068146
1732437771131222262,0.09978313744068146
1732437771142035614,0.09978313744068146
1732437771142035614,0.09978313744068146
1732437771253246159,0.08818012475967407
1732437771253246159,0.08818012475967407
1732437771263468824,0.08818012475967407
1732437771263468824,0.08818012475967407
1732437771274168064,0.08818012475967407
1732437771274168064,0.08818012475967407
1732437771284359401,0.08818012475967407
1732437771284359401,0.08818012475967407
1732437771297313456,0.08818012475967407
1732437771297313456,0.08818012475967407
1732437771307574262,0.08818012475967407
1732437771307574262,0.08818012475967407
1732437771318080102,0.08818012475967407
1732437771318080102,0.08818012475967407
1732437771328427589,0.08818012475967407
1732437771328427589,0.08818012475967407
1732437771338861505,0.08818012475967407
1732437771338861505,0.08818012475967407
1732437771349186030,0.09012702852487564
1732437771349186030,0.09012702852487564
1732437771359656494,0.09012702852487564
1732437771359656494,0.09012702852487564
1732437771370261305,0.09012702852487564
1732437771370261305,0.09012702852487564
1732437771380616029,0.09012702852487564
1732437771380616029,0.09012702852487564
1732437771391193663,0.09012702852487564
1732437771391193663,0.09012702852487564
1732437771401562890,0.09012702852487564
1732437771401562890,0.09012702852487564
1732437771412513586,0.09012702852487564
1732437771412513586,0.09012702852487564
1732437771422721342,0.09012702852487564
1732437771422721342,0.09012702852487564
1732437771433128928,0.09012702852487564
1732437771433128928,0.09012702852487564
1732437771443569381,0.09075063467025757
1732437771443569381,0.09075063467025757
1732437771454045663,0.09075063467025757
1732437771454045663,0.09075063467025757
1732437771464119161,0.09075063467025757
1732437771464119161,0.09075063467025757
1732437771474530440,0.09075063467025757
1732437771474530440,0.09075063467025757
1732437771484958146,0.09075063467025757
1732437771484958146,0.09075063467025757
1732437771495202071,0.09075063467025757
1732437771495202071,0.09075063467025757
1732437771505814670,0.09075063467025757
1732437771505814670,0.09075063467025757
1732437771516058203,0.09075063467025757
1732437771516058203,0.09075063467025757
1732437771526614979,0.09075063467025757
1732437771526614979,0.09075063467025757
1732437771537516182,0.09075063467025757
1732437771537516182,0.09075063467025757
1732437771547686876,0.0931926816701889
1732437771547686876,0.0931926816701889
1732437771558010322,0.0931926816701889
1732437771558010322,0.0931926816701889
1732437771568347029,0.0931926816701889
1732437771568347029,0.0931926816701889
1732437771578494565,0.0931926816701889
1732437771578494565,0.0931926816701889
1732437771589044347,0.0931926816701889
1732437771589044347,0.0931926816701889
1732437771599704334,0.0931926816701889
1732437771599704334,0.0931926816701889
1732437771610181571,0.0931926816701889
1732437771610181571,0.0931926816701889
1732437771620631547,0.0931926816701889
1732437771620631547,0.0931926816701889
1732437771630736404,0.0931926816701889
1732437771630736404,0.0931926816701889
1732437771640904657,0.0931926816701889
1732437771640904657,0.0931926816701889
1732437771748701696,0.08306897431612015
1732437771748701696,0.08306897431612015
1732437771758750599,0.08306897431612015
1732437771758750599,0.08306897431612015
1732437771769114005,0.08306897431612015
1732437771769114005,0.08306897431612015
1732437771779672544,0.08306897431612015
1732437771779672544,0.08306897431612015
1732437771790403924,0.08306897431612015
1732437771790403924,0.08306897431612015
1732437771800625798,0.08306897431612015
1732437771800625798,0.08306897431612015
1732437771811012807,0.08306897431612015
1732437771811012807,0.08306897431612015
1732437771821622230,0.08306897431612015
1732437771821622230,0.08306897431612015
1732437771832351232,0.08306897431612015
1732437771832351232,0.08306897431612015
1732437771842589969,0.08306897431612015
1732437771842589969,0.08306897431612015
1732437771852771008,0.08004478365182877
1732437771852771008,0.08004478365182877
1732437771862936997,0.08004478365182877
1732437771862936997,0.08004478365182877
1732437771873273793,0.08004478365182877
1732437771873273793,0.08004478365182877
1732437771884001677,0.08004478365182877
1732437771884001677,0.08004478365182877
1732437771894627649,0.08004478365182877
1732437771894627649,0.08004478365182877
1732437771904798368,0.08004478365182877
1732437771904798368,0.08004478365182877
1732437771915282097,0.08004478365182877
1732437771915282097,0.08004478365182877
1732437771926332650,0.08004478365182877
1732437771926332650,0.08004478365182877
1732437771936754641,0.08004478365182877
1732437771936754641,0.08004478365182877
1732437771947480923,0.07889456301927567
1732437771947480923,0.07889456301927567
1732437771957853197,0.07889456301927567
1732437771957853197,0.07889456301927567
1732437771968640369,0.07889456301927567
1732437771968640369,0.07889456301927567
1732437771979080157,0.07889456301927567
1732437771979080157,0.07889456301927567
1732437771989392058,0.07889456301927567
1732437771989392058,0.07889456301927567
1732437772000176997,0.07889456301927567
1732437772000176997,0.07889456301927567
1732437772010454774,0.07889456301927567
1732437772010454774,0.07889456301927567
1732437772020772506,0.07889456301927567
1732437772020772506,0.07889456301927567
1732437772031246828,0.07889456301927567
1732437772031246828,0.07889456301927567
1732437772041639549,0.07889456301927567
1732437772041639549,0.07889456301927567
1732437772052322989,0.07770606875419617
1732437772052322989,0.07770606875419617
1732437772062665527,0.07770606875419617
1732437772062665527,0.07770606875419617
1732437772073102340,0.07770606875419617
1732437772073102340,0.07770606875419617
1732437772083510249,0.07770606875419617
1732437772083510249,0.07770606875419617
1732437772094089473,0.07770606875419617
1732437772094089473,0.07770606875419617
1732437772104364415,0.07770606875419617
1732437772104364415,0.07770606875419617
1732437772114654048,0.07770606875419617
1732437772114654048,0.07770606875419617
1732437772124817032,0.07770606875419617
1732437772124817032,0.07770606875419617
1732437772135197009,0.07770606875419617
1732437772135197009,0.07770606875419617
1732437772145442918,0.08065187186002731
1732437772145442918,0.08065187186002731
1732437772156134309,0.08065187186002731
1732437772156134309,0.08065187186002731
1732437772166375452,0.08065187186002731
1732437772166375452,0.08065187186002731
1732437772176975097,0.08065187186002731
1732437772176975097,0.08065187186002731
1732437772187420516,0.08065187186002731
1732437772187420516,0.08065187186002731
1732437772197447277,0.08065187186002731
1732437772197447277,0.08065187186002731
1732437772207561431,0.08065187186002731
1732437772207561431,0.08065187186002731
1732437772217732730,0.08065187186002731
1732437772217732730,0.08065187186002731
1732437772230421232,0.08065187186002731
1732437772230421232,0.08065187186002731
1732437772240842042,0.08065187186002731
1732437772240842042,0.08065187186002731
1732437772251288286,0.0874437615275383
1732437772251288286,0.0874437615275383
1732437772261612650,0.0874437615275383
1732437772261612650,0.0874437615275383
1732437772272313663,0.0874437615275383
1732437772272313663,0.0874437615275383
1732437772282598444,0.0874437615275383
1732437772282598444,0.0874437615275383
1732437772292877193,0.0874437615275383
1732437772292877193,0.0874437615275383
1732437772303067899,0.0874437615275383
1732437772303067899,0.0874437615275383
1732437772313583167,0.0874437615275383
1732437772313583167,0.0874437615275383
1732437772324164238,0.0874437615275383
1732437772324164238,0.0874437615275383
1732437772334421416,0.0874437615275383
1732437772334421416,0.0874437615275383
1732437772344541301,0.08280491083860397
1732437772344541301,0.08280491083860397
1732437772355001617,0.08280491083860397
1732437772355001617,0.08280491083860397
1732437772365538195,0.08280491083860397
1732437772365538195,0.08280491083860397
1732437772376036712,0.08280491083860397
1732437772376036712,0.08280491083860397
1732437772386305149,0.08280491083860397
1732437772386305149,0.08280491083860397
1732437772396491089,0.08280491083860397
1732437772396491089,0.08280491083860397
1732437772406808250,0.08280491083860397
1732437772406808250,0.08280491083860397
1732437772417179370,0.08280491083860397
1732437772417179370,0.08280491083860397
1732437772427189951,0.08280491083860397
1732437772427189951,0.08280491083860397
1732437772437350301,0.08280491083860397
1732437772437350301,0.08280491083860397
1732437772437350301,0.09029364585876465
1732437772437350301,0.09029364585876465
1732437772457813575,0.09029364585876465
1732437772457813575,0.09029364585876465
1732437772467968835,0.09029364585876465
1732437772467968835,0.09029364585876465
1732437772478332292,0.09029364585876465
1732437772478332292,0.09029364585876465
1732437772488471563,0.09029364585876465
1732437772488471563,0.09029364585876465
1732437772488471563,0.09029364585876465
1732437772488471563,0.09029364585876465
1732437772509266541,0.09029364585876465
1732437772509266541,0.09029364585876465
1732437772519595264,0.09029364585876465
1732437772519595264,0.09029364585876465
1732437772529780596,0.09029364585876465
1732437772529780596,0.09029364585876465
1732437772539992415,0.09029364585876465
1732437772539992415,0.09029364585876465
1732437772550531967,0.08593806624412537
1732437772550531967,0.08593806624412537
1732437772560914691,0.08593806624412537
1732437772560914691,0.08593806624412537
1732437772571113812,0.08593806624412537
1732437772571113812,0.08593806624412537
1732437772581775441,0.08593806624412537
1732437772581775441,0.08593806624412537
1732437772592447381,0.08593806624412537
1732437772592447381,0.08593806624412537
1732437772602753510,0.08593806624412537
1732437772602753510,0.08593806624412537
1732437772613376599,0.08593806624412537
1732437772613376599,0.08593806624412537
1732437772623998436,0.08593806624412537
1732437772623998436,0.08593806624412537
1732437772634881345,0.08593806624412537
1732437772634881345,0.08593806624412537
1732437772645192135,0.08430065214633942
1732437772645192135,0.08430065214633942
1732437772655805807,0.08430065214633942
1732437772655805807,0.08430065214633942
1732437772666463127,0.08430065214633942
1732437772666463127,0.08430065214633942
1732437772676963449,0.08430065214633942
1732437772676963449,0.08430065214633942
1732437772687257793,0.08430065214633942
1732437772687257793,0.08430065214633942
1732437772697432223,0.08430065214633942
1732437772697432223,0.08430065214633942
1732437772707566053,0.08430065214633942
1732437772707566053,0.08430065214633942
1732437772717728857,0.08430065214633942
1732437772717728857,0.08430065214633942
1732437772729630238,0.08430065214633942
1732437772729630238,0.08430065214633942
1732437772739809614,0.08430065214633942
1732437772739809614,0.08430065214633942
1732437772750091935,0.07865699380636215
1732437772750091935,0.07865699380636215
1732437772760195720,0.07865699380636215
1732437772760195720,0.07865699380636215
1732437772770774941,0.07865699380636215
1732437772770774941,0.07865699380636215
1732437772781180225,0.07865699380636215
1732437772781180225,0.07865699380636215
1732437772791718927,0.07865699380636215
1732437772791718927,0.07865699380636215
1732437772802034904,0.07865699380636215
1732437772802034904,0.07865699380636215
1732437772814616438,0.07865699380636215
1732437772814616438,0.07865699380636215
1732437772824960619,0.07865699380636215
1732437772824960619,0.07865699380636215
1732437772835207679,0.07865699380636215
1732437772835207679,0.07865699380636215
1732437772845627481,0.07639645785093307
1732437772845627481,0.07639645785093307
1732437772855835529,0.07639645785093307
1732437772855835529,0.07639645785093307
1732437772866289379,0.07639645785093307
1732437772866289379,0.07639645785093307
1732437772877105009,0.07639645785093307
1732437772877105009,0.07639645785093307
1732437772887546270,0.07639645785093307
1732437772887546270,0.07639645785093307
1732437772897911299,0.07639645785093307
1732437772897911299,0.07639645785093307
1732437772908125850,0.07639645785093307
1732437772908125850,0.07639645785093307
1732437772918494355,0.07639645785093307
1732437772918494355,0.07639645785093307
1732437772928766523,0.07639645785093307
1732437772928766523,0.07639645785093307
1732437772939027249,0.07639645785093307
1732437772939027249,0.07639645785093307
1732437772949545372,0.0726461410522461
1732437772949545372,0.0726461410522461
1732437772960306557,0.0726461410522461
1732437772960306557,0.0726461410522461
1732437772971119436,0.0726461410522461
1732437772971119436,0.0726461410522461
1732437772981620258,0.0726461410522461
1732437772981620258,0.0726461410522461
1732437772992214353,0.0726461410522461
1732437772992214353,0.0726461410522461
1732437773002475419,0.0726461410522461
1732437773002475419,0.0726461410522461
1732437773012802028,0.0726461410522461
1732437773012802028,0.0726461410522461
1732437773023000318,0.0726461410522461
1732437773023000318,0.0726461410522461
1732437773033417284,0.0726461410522461
1732437773033417284,0.0726461410522461
1732437773043632846,0.0693727433681488
1732437773043632846,0.0693727433681488
1732437773150518757,0.06849920749664307
1732437773150518757,0.06849920749664307
1732437773160684757,0.06849920749664307
1732437773160684757,0.06849920749664307
1732437773170933381,0.06849920749664307
1732437773170933381,0.06849920749664307
1732437773181094041,0.06849920749664307
1732437773181094041,0.06849920749664307
1732437773191802007,0.06849920749664307
1732437773191802007,0.06849920749664307
1732437773201924215,0.06849920749664307
1732437773201924215,0.06849920749664307
1732437773212152311,0.06849920749664307
1732437773212152311,0.06849920749664307
1732437773222695802,0.06849920749664307
1732437773222695802,0.06849920749664307
1732437773233293895,0.06849920749664307
1732437773233293895,0.06849920749664307
1732437773243665757,0.08999843150377274
1732437773243665757,0.08999843150377274
1732437773254054029,0.08999843150377274
1732437773254054029,0.08999843150377274
1732437773264641902,0.08999843150377274
1732437773264641902,0.08999843150377274
1732437773274721572,0.08999843150377274
1732437773274721572,0.08999843150377274
1732437773285343018,0.08999843150377274
1732437773285343018,0.08999843150377274
1732437773295930752,0.08999843150377274
1732437773295930752,0.08999843150377274
1732437773306031982,0.08999843150377274
1732437773306031982,0.08999843150377274
1732437773316653697,0.08999843150377274
1732437773316653697,0.08999843150377274
1732437773327292605,0.08999843150377274
1732437773327292605,0.08999843150377274
1732437773337665690,0.08999843150377274
1732437773337665690,0.08999843150377274
1732437773348260957,0.15070244669914246
1732437773348260957,0.15070244669914246
1732437773358662253,0.15070244669914246
1732437773358662253,0.15070244669914246
1732437773369188141,0.15070244669914246
1732437773369188141,0.15070244669914246
1732437773379539325,0.15070244669914246
1732437773379539325,0.15070244669914246
1732437773389976038,0.15070244669914246
1732437773389976038,0.15070244669914246
1732437773400438455,0.15070244669914246
1732437773400438455,0.15070244669914246
1732437773411053284,0.15070244669914246
1732437773411053284,0.15070244669914246
1732437773421347280,0.15070244669914246
1732437773421347280,0.15070244669914246
1732437773432013990,0.15070244669914246
1732437773432013990,0.15070244669914246
1732437773442294061,0.15070244669914246
1732437773442294061,0.15070244669914246
1732437773452772402,0.17688734829425812
1732437773452772402,0.17688734829425812
1732437773463172045,0.17688734829425812
1732437773463172045,0.17688734829425812
1732437773473796276,0.17688734829425812
1732437773473796276,0.17688734829425812
1732437773484553544,0.17688734829425812
1732437773484553544,0.17688734829425812
1732437773494704708,0.17688734829425812
1732437773494704708,0.17688734829425812
1732437773505264467,0.17688734829425812
1732437773505264467,0.17688734829425812
1732437773515677446,0.17688734829425812
1732437773515677446,0.17688734829425812
1732437773526215597,0.17688734829425812
1732437773526215597,0.17688734829425812
1732437773536959526,0.17688734829425812
1732437773536959526,0.17688734829425812
1732437773547121082,0.24313315749168396
1732437773547121082,0.24313315749168396
1732437773557352793,0.24313315749168396
1732437773557352793,0.24313315749168396
1732437773567431250,0.24313315749168396
1732437773567431250,0.24313315749168396
1732437773577696806,0.24313315749168396
1732437773577696806,0.24313315749168396
1732437773587850934,0.24313315749168396
1732437773587850934,0.24313315749168396
1732437773598538012,0.24313315749168396
1732437773598538012,0.24313315749168396
1732437773609137366,0.24313315749168396
1732437773609137366,0.24313315749168396
1732437773619452854,0.24313315749168396
1732437773619452854,0.24313315749168396
1732437773631161247,0.24313315749168396
1732437773631161247,0.24313315749168396
1732437773641588398,0.24313315749168396
1732437773641588398,0.24313315749168396
1732437773651931020,0.24838845431804657
1732437773651931020,0.24838845431804657
1732437773662293544,0.24838845431804657
1732437773662293544,0.24838845431804657
1732437773672750526,0.24838845431804657
1732437773672750526,0.24838845431804657
1732437773683129209,0.24838845431804657
1732437773683129209,0.24838845431804657
1732437773693624047,0.24838845431804657
1732437773693624047,0.24838845431804657
1732437773704110816,0.24838845431804657
1732437773704110816,0.24838845431804657
1732437773714427477,0.24838845431804657
1732437773714427477,0.24838845431804657
1732437773724825457,0.24838845431804657
1732437773724825457,0.24838845431804657
1732437773735072608,0.24838845431804657
1732437773735072608,0.24838845431804657
1732437773745266360,0.2878715395927429
1732437773745266360,0.2878715395927429
1732437773755855484,0.2878715395927429
1732437773755855484,0.2878715395927429
1732437773766409070,0.2878715395927429
1732437773766409070,0.2878715395927429
1732437773776926276,0.2878715395927429
1732437773776926276,0.2878715395927429
1732437773787408805,0.2878715395927429
1732437773787408805,0.2878715395927429
1732437773797753533,0.2878715395927429
1732437773797753533,0.2878715395927429
1732437773807862211,0.2878715395927429
1732437773807862211,0.2878715395927429
1732437773818090372,0.2878715395927429
1732437773818090372,0.2878715395927429
1732437773829072721,0.2878715395927429
1732437773829072721,0.2878715395927429
1732437773839299013,0.2878715395927429
1732437773839299013,0.2878715395927429
1732437773849591638,0.2929743230342865
1732437773849591638,0.2929743230342865
1732437773860200671,0.2929743230342865
1732437773860200671,0.2929743230342865
1732437773870573464,0.2929743230342865
1732437773870573464,0.2929743230342865
1732437773881078794,0.2929743230342865
1732437773881078794,0.2929743230342865
1732437773891478389,0.2929743230342865
1732437773891478389,0.2929743230342865
1732437773901937012,0.2929743230342865
1732437773901937012,0.2929743230342865
1732437773912070562,0.2929743230342865
1732437773912070562,0.2929743230342865
1732437773922618090,0.2929743230342865
1732437773922618090,0.2929743230342865
1732437773932789650,0.2929743230342865
1732437773932789650,0.2929743230342865
1732437773943128050,0.2547205984592438
1732437773943128050,0.2547205984592438
1732437774047860867,0.24208340048789978
1732437774047860867,0.24208340048789978
1732437774058143273,0.24208340048789978
1732437774058143273,0.24208340048789978
1732437774068659213,0.24208340048789978
1732437774068659213,0.24208340048789978
1732437774078774528,0.24208340048789978
1732437774078774528,0.24208340048789978
1732437774088902269,0.24208340048789978
1732437774088902269,0.24208340048789978
1732437774099426103,0.24208340048789978
1732437774099426103,0.24208340048789978
1732437774109948164,0.24208340048789978
1732437774109948164,0.24208340048789978
1732437774120086713,0.24208340048789978
1732437774120086713,0.24208340048789978
1732437774130457401,0.24208340048789978
1732437774130457401,0.24208340048789978
1732437774140696481,0.24208340048789978
1732437774140696481,0.24208340048789978
1732437774151165383,0.2371671050786972
1732437774151165383,0.2371671050786972
1732437774161541569,0.2371671050786972
1732437774161541569,0.2371671050786972
1732437774172055379,0.2371671050786972
1732437774172055379,0.2371671050786972
1732437774182647140,0.2371671050786972
1732437774182647140,0.2371671050786972
1732437774192983967,0.2371671050786972
1732437774192983967,0.2371671050786972
1732437774203869322,0.2371671050786972
1732437774203869322,0.2371671050786972
1732437774214893445,0.2371671050786972
1732437774214893445,0.2371671050786972
1732437774225521944,0.2371671050786972
1732437774225521944,0.2371671050786972
1732437774235636459,0.2371671050786972
1732437774235636459,0.2371671050786972
1732437774248060722,0.21971575915813446
1732437774248060722,0.21971575915813446
1732437774258617668,0.21971575915813446
1732437774258617668,0.21971575915813446
1732437774269223083,0.21971575915813446
1732437774269223083,0.21971575915813446
1732437774279824231,0.21971575915813446
1732437774279824231,0.21971575915813446
1732437774290073807,0.21971575915813446
1732437774290073807,0.21971575915813446
1732437774300523134,0.21971575915813446
1732437774300523134,0.21971575915813446
1732437774310669136,0.21971575915813446
1732437774310669136,0.21971575915813446
1732437774320932547,0.21971575915813446
1732437774320932547,0.21971575915813446
1732437774331019141,0.21971575915813446
1732437774331019141,0.21971575915813446
1732437774341531501,0.21971575915813446
1732437774341531501,0.21971575915813446
1732437774352417657,0.20462188124656677
1732437774352417657,0.20462188124656677
1732437774362749759,0.20462188124656677
1732437774362749759,0.20462188124656677
1732437774373201180,0.20462188124656677
1732437774373201180,0.20462188124656677
1732437774384016546,0.20462188124656677
1732437774384016546,0.20462188124656677
1732437774394457165,0.20462188124656677
1732437774394457165,0.20462188124656677
1732437774405045720,0.20462188124656677
1732437774405045720,0.20462188124656677
1732437774415431308,0.20462188124656677
1732437774415431308,0.20462188124656677
1732437774425772944,0.20462188124656677
1732437774425772944,0.20462188124656677
1732437774436292688,0.20462188124656677
1732437774436292688,0.20462188124656677
1732437774446582773,0.21014614403247833
1732437774446582773,0.21014614403247833
1732437774457335928,0.21014614403247833
1732437774457335928,0.21014614403247833
1732437774467730746,0.21014614403247833
1732437774467730746,0.21014614403247833
1732437774478070059,0.21014614403247833
1732437774478070059,0.21014614403247833
1732437774488774879,0.21014614403247833
1732437774488774879,0.21014614403247833
1732437774498873806,0.21014614403247833
1732437774498873806,0.21014614403247833
1732437774509234914,0.21014614403247833
1732437774509234914,0.21014614403247833
1732437774519328373,0.21014614403247833
1732437774519328373,0.21014614403247833
1732437774529507718,0.21014614403247833
1732437774529507718,0.21014614403247833
1732437774539774436,0.21014614403247833
1732437774539774436,0.21014614403247833
1732437774644148007,0.2927651107311249
1732437774644148007,0.2927651107311249
1732437774654793196,0.2927651107311249
1732437774654793196,0.2927651107311249
1732437774665316320,0.2927651107311249
1732437774665316320,0.2927651107311249
1732437774675951282,0.2927651107311249
1732437774675951282,0.2927651107311249
1732437774686477527,0.2927651107311249
1732437774686477527,0.2927651107311249
1732437774697328512,0.2927651107311249
1732437774697328512,0.2927651107311249
1732437774708026769,0.2927651107311249
1732437774708026769,0.2927651107311249
1732437774718459285,0.2927651107311249
1732437774718459285,0.2927651107311249
1732437774728846887,0.2927651107311249
1732437774728846887,0.2927651107311249
1732437774739362767,0.2927651107311249
1732437774739362767,0.2927651107311249
1732437774750030919,0.25481143593788147
1732437774750030919,0.25481143593788147
1732437774760467812,0.25481143593788147
1732437774760467812,0.25481143593788147
1732437774770889356,0.25481143593788147
1732437774770889356,0.25481143593788147
1732437774781270768,0.25481143593788147
1732437774781270768,0.25481143593788147
1732437774791550318,0.25481143593788147
1732437774791550318,0.25481143593788147
1732437774802114237,0.25481143593788147
1732437774802114237,0.25481143593788147
1732437774812673477,0.25481143593788147
1732437774812673477,0.25481143593788147
1732437774823496318,0.25481143593788147
1732437774823496318,0.25481143593788147
1732437774833820732,0.25481143593788147
1732437774833820732,0.25481143593788147
1732437774844207112,0.22365710139274597
1732437774844207112,0.22365710139274597
1732437774854645307,0.22365710139274597
1732437774854645307,0.22365710139274597
1732437774864854016,0.22365710139274597
1732437774864854016,0.22365710139274597
1732437774875203448,0.22365710139274597
1732437774875203448,0.22365710139274597
1732437774885509277,0.22365710139274597
1732437774885509277,0.22365710139274597
1732437774895832820,0.22365710139274597
1732437774895832820,0.22365710139274597
1732437774906256418,0.22365710139274597
1732437774906256418,0.22365710139274597
1732437774916997777,0.22365710139274597
1732437774916997777,0.22365710139274597
1732437774927130185,0.22365710139274597
1732437774927130185,0.22365710139274597
1732437774937461402,0.22365710139274597
1732437774937461402,0.22365710139274597
1732437775045101925,0.1878747195005417
1732437775045101925,0.1878747195005417
1732437775055307140,0.1878747195005417
1732437775055307140,0.1878747195005417
1732437775065690233,0.1878747195005417
1732437775065690233,0.1878747195005417
1732437775076248141,0.1878747195005417
1732437775076248141,0.1878747195005417
1732437775086971281,0.1878747195005417
1732437775086971281,0.1878747195005417
1732437775097342928,0.1878747195005417
1732437775097342928,0.1878747195005417
1732437775107864027,0.1878747195005417
1732437775107864027,0.1878747195005417
1732437775118155270,0.1878747195005417
1732437775118155270,0.1878747195005417
1732437775128361516,0.1878747195005417
1732437775128361516,0.1878747195005417
1732437775138775226,0.1878747195005417
1732437775138775226,0.1878747195005417
1732437775149293069,0.1792992353439331
1732437775149293069,0.1792992353439331
1732437775159843954,0.1792992353439331
1732437775159843954,0.1792992353439331
1732437775169992683,0.1792992353439331
1732437775169992683,0.1792992353439331
1732437775180535943,0.1792992353439331
1732437775180535943,0.1792992353439331
1732437775190694471,0.1792992353439331
1732437775190694471,0.1792992353439331
1732437775201475513,0.1792992353439331
1732437775201475513,0.1792992353439331
1732437775212182226,0.1792992353439331
1732437775212182226,0.1792992353439331
1732437775222633498,0.1792992353439331
1732437775222633498,0.1792992353439331
1732437775233015629,0.1792992353439331
1732437775233015629,0.1792992353439331
1732437775243284870,0.16863228380680084
1732437775347366128,0.1659853607416153
1732437775347366128,0.1659853607416153
1732437775357412138,0.1659853607416153
1732437775357412138,0.1659853607416153
1732437775367761007,0.1659853607416153
1732437775367761007,0.1659853607416153
1732437775378277207,0.1659853607416153
1732437775378277207,0.1659853607416153
1732437775388594639,0.1659853607416153
1732437775388594639,0.1659853607416153
1732437775399890357,0.1659853607416153
1732437775399890357,0.1659853607416153
1732437775410029397,0.1659853607416153
1732437775410029397,0.1659853607416153
1732437775420427388,0.1659853607416153
1732437775420427388,0.1659853607416153
1732437775431014040,0.1659853607416153
1732437775431014040,0.1659853607416153
1732437775441507898,0.1659853607416153
1732437775441507898,0.1659853607416153
1732437775452512977,0.1636892557144165
1732437775452512977,0.1636892557144165
1732437775462860355,0.1636892557144165
1732437775462860355,0.1636892557144165
1732437775473091395,0.1636892557144165
1732437775473091395,0.1636892557144165
1732437775483393931,0.1636892557144165
1732437775483393931,0.1636892557144165
1732437775493682789,0.1636892557144165
1732437775493682789,0.1636892557144165
1732437775504125933,0.1636892557144165
1732437775504125933,0.1636892557144165
1732437775514668983,0.1636892557144165
1732437775514668983,0.1636892557144165
1732437775525330354,0.1636892557144165
1732437775525330354,0.1636892557144165
1732437775535635583,0.1636892557144165
1732437775535635583,0.1636892557144165
1732437775545998950,0.16037757694721222
1732437775545998950,0.16037757694721222
1732437775641583687,0.15540750324726105
1732437775641583687,0.15540750324726105
1732437775652101311,0.15540750324726105
1732437775652101311,0.15540750324726105
1732437775662344224,0.15540750324726105
1732437775662344224,0.15540750324726105
1732437775672695248,0.15540750324726105
1732437775672695248,0.15540750324726105
1732437775682797329,0.15540750324726105
1732437775682797329,0.15540750324726105
1732437775693319832,0.15540750324726105
1732437775693319832,0.15540750324726105
1732437775703633837,0.15540750324726105
1732437775703633837,0.15540750324726105
1732437775714338126,0.15540750324726105
1732437775714338126,0.15540750324726105
1732437775724796677,0.15540750324726105
1732437775724796677,0.15540750324726105
1732437775734922126,0.15540750324726105
1732437775734922126,0.15540750324726105
1732437775745295070,0.16079050302505493
1732437775745295070,0.16079050302505493
1732437775755451864,0.16079050302505493
1732437775755451864,0.16079050302505493
1732437775765843512,0.16079050302505493
1732437775765843512,0.16079050302505493
1732437775776240572,0.16079050302505493
1732437775776240572,0.16079050302505493
1732437775786521947,0.16079050302505493
1732437775786521947,0.16079050302505493
1732437775796855288,0.16079050302505493
1732437775796855288,0.16079050302505493
1732437775807143962,0.16079050302505493
1732437775807143962,0.16079050302505493
1732437775817300810,0.16079050302505493
1732437775817300810,0.16079050302505493
1732437775827423410,0.16079050302505493
1732437775827423410,0.16079050302505493
1732437775837626699,0.16079050302505493
1732437775837626699,0.16079050302505493
1732437775847821053,0.16150730848312378
1732437775847821053,0.16150730848312378
1732437775858086688,0.16150730848312378
1732437775858086688,0.16150730848312378
1732437775868264249,0.16150730848312378
1732437775868264249,0.16150730848312378
1732437775878789097,0.16150730848312378
1732437775878789097,0.16150730848312378
1732437775889242841,0.16150730848312378
1732437775889242841,0.16150730848312378
1732437775899848347,0.16150730848312378
1732437775899848347,0.16150730848312378
1732437775910363006,0.16150730848312378
1732437775910363006,0.16150730848312378
1732437775920878995,0.16150730848312378
1732437775920878995,0.16150730848312378
1732437775931314085,0.16150730848312378
1732437775931314085,0.16150730848312378
1732437775941772999,0.16150730848312378
1732437775941772999,0.16150730848312378
1732437776049964399,0.15420782566070557
1732437776049964399,0.15420782566070557
1732437776060419506,0.15420782566070557
1732437776060419506,0.15420782566070557
1732437776070742739,0.15420782566070557
1732437776070742739,0.15420782566070557
1732437776081366870,0.15420782566070557
1732437776081366870,0.15420782566070557
1732437776091451210,0.15420782566070557
1732437776091451210,0.15420782566070557
1732437776101668044,0.15420782566070557
1732437776101668044,0.15420782566070557
1732437776112162936,0.15420782566070557
1732437776112162936,0.15420782566070557
1732437776122605730,0.15420782566070557
1732437776122605730,0.15420782566070557
1732437776133228578,0.15420782566070557
1732437776133228578,0.15420782566070557
1732437776143689437,0.16055484116077423
1732437776143689437,0.16055484116077423
1732437776153863352,0.16055484116077423
1732437776153863352,0.16055484116077423
1732437776164434635,0.16055484116077423
1732437776164434635,0.16055484116077423
1732437776174939124,0.16055484116077423
1732437776174939124,0.16055484116077423
1732437776185816956,0.16055484116077423
1732437776185816956,0.16055484116077423
1732437776196135341,0.16055484116077423
1732437776196135341,0.16055484116077423
1732437776206290400,0.16055484116077423
1732437776206290400,0.16055484116077423
1732437776216604707,0.16055484116077423
1732437776216604707,0.16055484116077423
1732437776226774931,0.16055484116077423
1732437776226774931,0.16055484116077423
1732437776237197481,0.16055484116077423
1732437776237197481,0.16055484116077423
1732437776247270456,0.16789919137954712
1732437776247270456,0.16789919137954712
1732437776258298456,0.16789919137954712
1732437776258298456,0.16789919137954712
1732437776268903958,0.16789919137954712
1732437776268903958,0.16789919137954712
1732437776279061823,0.16789919137954712
1732437776279061823,0.16789919137954712
1732437776289361459,0.16789919137954712
1732437776289361459,0.16789919137954712
1732437776299839081,0.16789919137954712
1732437776299839081,0.16789919137954712
1732437776310053110,0.16789919137954712
1732437776310053110,0.16789919137954712
1732437776320645633,0.16789919137954712
1732437776320645633,0.16789919137954712
1732437776330804088,0.16789919137954712
1732437776330804088,0.16789919137954712
1732437776341237177,0.16789919137954712
1732437776341237177,0.16789919137954712
1732437776451374711,0.16268737614154816
1732437776451374711,0.16268737614154816
1732437776461765779,0.16268737614154816
1732437776461765779,0.16268737614154816
1732437776472167838,0.16268737614154816
1732437776472167838,0.16268737614154816
1732437776482347986,0.16268737614154816
1732437776482347986,0.16268737614154816
1732437776492953400,0.16268737614154816
1732437776492953400,0.16268737614154816
1732437776503114753,0.16268737614154816
1732437776503114753,0.16268737614154816
1732437776513558739,0.16268737614154816
1732437776513558739,0.16268737614154816
1732437776523828854,0.16268737614154816
1732437776523828854,0.16268737614154816
1732437776534186460,0.16268737614154816
1732437776534186460,0.16268737614154816
1732437776544294654,0.16600333154201508
1732437776544294654,0.16600333154201508
1732437776554666326,0.16600333154201508
1732437776554666326,0.16600333154201508
1732437776564858545,0.16600333154201508
1732437776564858545,0.16600333154201508
1732437776574926224,0.16600333154201508
1732437776574926224,0.16600333154201508
1732437776585397050,0.16600333154201508
1732437776585397050,0.16600333154201508
1732437776595823886,0.16600333154201508
1732437776595823886,0.16600333154201508
1732437776606054753,0.16600333154201508
1732437776606054753,0.16600333154201508
1732437776616200299,0.16600333154201508
1732437776616200299,0.16600333154201508
1732437776626571861,0.16600333154201508
1732437776626571861,0.16600333154201508
1732437776637135610,0.16600333154201508
1732437776637135610,0.16600333154201508
1732437776647345612,0.1704729199409485
1732437776647345612,0.1704729199409485
1732437776751487216,0.1749935895204544
1732437776751487216,0.1749935895204544
1732437776762032450,0.1749935895204544
1732437776762032450,0.1749935895204544
1732437776772423900,0.1749935895204544
1732437776772423900,0.1749935895204544
1732437776782578719,0.1749935895204544
1732437776782578719,0.1749935895204544
1732437776792912142,0.1749935895204544
1732437776792912142,0.1749935895204544
1732437776803209916,0.1749935895204544
1732437776803209916,0.1749935895204544
1732437776813554167,0.1749935895204544
1732437776813554167,0.1749935895204544
1732437776823789888,0.1749935895204544
1732437776823789888,0.1749935895204544
1732437776834725216,0.1749935895204544
1732437776834725216,0.1749935895204544
1732437776844990642,0.1780218929052353
1732437776844990642,0.1780218929052353
1732437776855156799,0.1780218929052353
1732437776855156799,0.1780218929052353
1732437776865732845,0.1780218929052353
1732437776865732845,0.1780218929052353
1732437776875975968,0.1780218929052353
1732437776875975968,0.1780218929052353
1732437776886474355,0.1780218929052353
1732437776886474355,0.1780218929052353
1732437776897208682,0.1780218929052353
1732437776897208682,0.1780218929052353
1732437776907695629,0.1780218929052353
1732437776907695629,0.1780218929052353
1732437776918091095,0.1780218929052353
1732437776918091095,0.1780218929052353
1732437776928393709,0.1780218929052353
1732437776928393709,0.1780218929052353
1732437776938690360,0.1780218929052353
1732437776938690360,0.1780218929052353
1732437776948992316,0.18840374052524567
1732437776948992316,0.18840374052524567
1732437776959556905,0.18840374052524567
1732437776959556905,0.18840374052524567
1732437776970013126,0.18840374052524567
1732437776970013126,0.18840374052524567
1732437776980377144,0.18840374052524567
1732437776980377144,0.18840374052524567
1732437776990894828,0.18840374052524567
1732437776990894828,0.18840374052524567
1732437777001468274,0.18840374052524567
1732437777001468274,0.18840374052524567
1732437777012024810,0.18840374052524567
1732437777012024810,0.18840374052524567
1732437777022533106,0.18840374052524567
1732437777022533106,0.18840374052524567
1732437777032767953,0.18840374052524567
1732437777032767953,0.18840374052524567
1732437777042920110,0.1939927041530609
1732437777042920110,0.1939927041530609
1732437777149291695,0.1853637993335724
1732437777149291695,0.1853637993335724
1732437777159782309,0.1853637993335724
1732437777159782309,0.1853637993335724
1732437777170230493,0.1853637993335724
1732437777170230493,0.1853637993335724
1732437777180762243,0.1853637993335724
1732437777180762243,0.1853637993335724
1732437777191319009,0.1853637993335724
1732437777191319009,0.1853637993335724
1732437777201560079,0.1853637993335724
1732437777201560079,0.1853637993335724
1732437777211995701,0.1853637993335724
1732437777211995701,0.1853637993335724
1732437777222299037,0.1853637993335724
1732437777222299037,0.1853637993335724
1732437777233739152,0.1853637993335724
1732437777233739152,0.1853637993335724
1732437777243897406,0.18489190936088562
1732437777243897406,0.18489190936088562
1732437777254192831,0.18489190936088562
1732437777254192831,0.18489190936088562
1732437777264547728,0.18489190936088562
1732437777264547728,0.18489190936088562
1732437777274843484,0.18489190936088562
1732437777274843484,0.18489190936088562
1732437777285377588,0.18489190936088562
1732437777285377588,0.18489190936088562
1732437777295667048,0.18489190936088562
1732437777295667048,0.18489190936088562
1732437777306099252,0.18489190936088562
1732437777306099252,0.18489190936088562
1732437777316713035,0.18489190936088562
1732437777316713035,0.18489190936088562
1732437777326891889,0.18489190936088562
1732437777326891889,0.18489190936088562
1732437777336925164,0.18489190936088562
1732437777336925164,0.18489190936088562
1732437777452038857,0.19340872764587402
1732437777452038857,0.19340872764587402
1732437777462569645,0.19340872764587402
1732437777462569645,0.19340872764587402
1732437777472753529,0.19340872764587402
1732437777472753529,0.19340872764587402
1732437777483350881,0.19340872764587402
1732437777483350881,0.19340872764587402
1732437777493792550,0.19340872764587402
1732437777493792550,0.19340872764587402
1732437777503953244,0.19340872764587402
1732437777503953244,0.19340872764587402
1732437777514377271,0.19340872764587402
1732437777514377271,0.19340872764587402
1732437777524548485,0.19340872764587402
1732437777524548485,0.19340872764587402
1732437777534841873,0.19340872764587402
1732437777534841873,0.19340872764587402
1732437777545281180,0.19326674938201904
1732437777545281180,0.19326674938201904
1732437777555834661,0.19326674938201904
1732437777555834661,0.19326674938201904
1732437777567017599,0.19326674938201904
1732437777567017599,0.19326674938201904
1732437777577157382,0.19326674938201904
1732437777577157382,0.19326674938201904
1732437777587572865,0.19326674938201904
1732437777587572865,0.19326674938201904
1732437777597875791,0.19326674938201904
1732437777597875791,0.19326674938201904
1732437777608314694,0.19326674938201904
1732437777608314694,0.19326674938201904
1732437777618900198,0.19326674938201904
1732437777618900198,0.19326674938201904
1732437777630117059,0.19326674938201904
1732437777630117059,0.19326674938201904
1732437777640384418,0.19326674938201904
1732437777640384418,0.19326674938201904
1732437777745420865,0.19892209768295288
1732437777745420865,0.19892209768295288
1732437777755928090,0.19892209768295288
1732437777755928090,0.19892209768295288
1732437777766530430,0.19892209768295288
1732437777766530430,0.19892209768295288
1732437777777199836,0.19892209768295288
1732437777777199836,0.19892209768295288
1732437777787246725,0.19892209768295288
1732437777787246725,0.19892209768295288
1732437777797308653,0.19892209768295288
1732437777797308653,0.19892209768295288
1732437777807646832,0.19892209768295288
1732437777807646832,0.19892209768295288
1732437777817804248,0.19892209768295288
1732437777817804248,0.19892209768295288
1732437777827903895,0.19892209768295288
1732437777827903895,0.19892209768295288
1732437777838278093,0.19892209768295288
1732437777838278093,0.19892209768295288
1732437777848430419,0.2059442102909088
1732437777848430419,0.2059442102909088
1732437777858675406,0.2059442102909088
1732437777858675406,0.2059442102909088
1732437777869265575,0.2059442102909088
1732437777869265575,0.2059442102909088
1732437777879798246,0.2059442102909088
1732437777879798246,0.2059442102909088
1732437777891142614,0.2059442102909088
1732437777891142614,0.2059442102909088
1732437777901242502,0.2059442102909088
1732437777901242502,0.2059442102909088
1732437777911798808,0.2059442102909088
1732437777911798808,0.2059442102909088
1732437777922003921,0.2059442102909088
1732437777922003921,0.2059442102909088
1732437777933116349,0.2059442102909088
1732437777933116349,0.2059442102909088
1732437777943314409,0.20921336114406586
1732437777943314409,0.20921336114406586
1732437777953925968,0.20921336114406586
1732437777953925968,0.20921336114406586
1732437777964369272,0.20921336114406586
1732437777964369272,0.20921336114406586
1732437777974460335,0.20921336114406586
1732437777974460335,0.20921336114406586
1732437777985092000,0.20921336114406586
1732437777985092000,0.20921336114406586
1732437777995483941,0.20921336114406586
1732437777995483941,0.20921336114406586
1732437778005676359,0.20921336114406586
1732437778005676359,0.20921336114406586
1732437778016051600,0.20921336114406586
1732437778016051600,0.20921336114406586
1732437778026462034,0.20921336114406586
1732437778026462034,0.20921336114406586
1732437778036966283,0.20921336114406586
1732437778036966283,0.20921336114406586
1732437778036966283,0.2187402844429016
1732437778036966283,0.2187402844429016
1732437778057721391,0.2187402844429016
1732437778057721391,0.2187402844429016
1732437778145968543,0.22440755367279053
1732437778145968543,0.22440755367279053
1732437778156365344,0.22440755367279053
1732437778156365344,0.22440755367279053
1732437778167602442,0.22440755367279053
1732437778167602442,0.22440755367279053
1732437778177925635,0.22440755367279053
1732437778177925635,0.22440755367279053
1732437778188196812,0.22440755367279053
1732437778188196812,0.22440755367279053
1732437778244437891,0.23103244602680206
1732437778244437891,0.23103244602680206
1732437778254728723,0.23103244602680206
1732437778254728723,0.23103244602680206
1732437778265273128,0.23103244602680206
1732437778265273128,0.23103244602680206
1732437778275707367,0.23103244602680206
1732437778275707367,0.23103244602680206
1732437778286153688,0.23103244602680206
1732437778286153688,0.23103244602680206
1732437778296601392,0.23103244602680206
1732437778296601392,0.23103244602680206
1732437778306889489,0.23103244602680206
1732437778306889489,0.23103244602680206
1732437778317052174,0.23103244602680206
1732437778317052174,0.23103244602680206
1732437778327707945,0.23103244602680206
1732437778327707945,0.23103244602680206
1732437778348959003,0.22813044488430023
1732437778348959003,0.22813044488430023
1732437778442737564,0.2293650060892105
1732437778442737564,0.2293650060892105
1732437778452818115,0.2293650060892105
1732437778452818115,0.2293650060892105
1732437778462931499,0.2293650060892105
1732437778462931499,0.2293650060892105
1732437778473571189,0.2293650060892105
1732437778473571189,0.2293650060892105
1732437778483859337,0.2293650060892105
1732437778483859337,0.2293650060892105
1732437778494288006,0.2293650060892105
1732437778494288006,0.2293650060892105
1732437778504407366,0.2293650060892105
1732437778504407366,0.2293650060892105
1732437778514853462,0.2293650060892105
1732437778514853462,0.2293650060892105
1732437778524975602,0.2293650060892105
1732437778524975602,0.2293650060892105
1732437778535578022,0.2293650060892105
1732437778535578022,0.2293650060892105
1732437778545810397,0.23251256346702576
1732437778545810397,0.23251256346702576
1732437778556425581,0.23251256346702576
1732437778556425581,0.23251256346702576
1732437778567123870,0.23251256346702576
1732437778567123870,0.23251256346702576
1732437778577327982,0.23251256346702576
1732437778577327982,0.23251256346702576
1732437778587658398,0.23251256346702576
1732437778587658398,0.23251256346702576
1732437778597913195,0.23251256346702576
1732437778597913195,0.23251256346702576
1732437778608062555,0.23251256346702576
1732437778608062555,0.23251256346702576
1732437778618238693,0.23251256346702576
1732437778618238693,0.23251256346702576
1732437778628718067,0.23251256346702576
1732437778628718067,0.23251256346702576
1732437778639159149,0.23251256346702576
1732437778639159149,0.23251256346702576
1732437778649577448,0.22767482697963715
1732437778649577448,0.22767482697963715
1732437778660262089,0.22767482697963715
1732437778660262089,0.22767482697963715
1732437778670722966,0.22767482697963715
1732437778670722966,0.22767482697963715
1732437778681291315,0.22767482697963715
1732437778681291315,0.22767482697963715
1732437778691685493,0.22767482697963715
1732437778691685493,0.22767482697963715
1732437778702353857,0.22767482697963715
1732437778702353857,0.22767482697963715
1732437778713767995,0.22767482697963715
1732437778713767995,0.22767482697963715
1732437778724323659,0.22767482697963715
1732437778724323659,0.22767482697963715
1732437778734842535,0.22767482697963715
1732437778734842535,0.22767482697963715
1732437778745221442,0.23416908085346222
1732437778745221442,0.23416908085346222
1732437778755847796,0.23416908085346222
1732437778755847796,0.23416908085346222
1732437778767226259,0.23416908085346222
1732437778767226259,0.23416908085346222
1732437778777540726,0.23416908085346222
1732437778777540726,0.23416908085346222
1732437778787675117,0.23416908085346222
1732437778787675117,0.23416908085346222
1732437778797937077,0.23416908085346222
1732437778797937077,0.23416908085346222
1732437778808046984,0.23416908085346222
1732437778808046984,0.23416908085346222
1732437778818584775,0.23416908085346222
1732437778818584775,0.23416908085346222
1732437778828854669,0.23416908085346222
1732437778828854669,0.23416908085346222
1732437778839153596,0.23416908085346222
1732437778839153596,0.23416908085346222
1732437778849521343,0.23816752433776855
1732437778849521343,0.23816752433776855
1732437778859916947,0.23816752433776855
1732437778859916947,0.23816752433776855
1732437778870250642,0.23816752433776855
1732437778870250642,0.23816752433776855
1732437778880677087,0.23816752433776855
1732437778880677087,0.23816752433776855
1732437778891158213,0.23816752433776855
1732437778891158213,0.23816752433776855
1732437778901852651,0.23816752433776855
1732437778901852651,0.23816752433776855
1732437778912480704,0.23816752433776855
1732437778912480704,0.23816752433776855
1732437778922882922,0.23816752433776855
1732437778922882922,0.23816752433776855
1732437778933840734,0.23816752433776855
1732437778933840734,0.23816752433776855
1732437778943971490,0.23302757740020752
1732437778943971490,0.23302757740020752
1732437778954112119,0.23302757740020752
1732437778954112119,0.23302757740020752
1732437778964681433,0.23302757740020752
1732437778964681433,0.23302757740020752
1732437778974877841,0.23302757740020752
1732437778974877841,0.23302757740020752
1732437778985317810,0.23302757740020752
1732437778985317810,0.23302757740020752
1732437778995952622,0.23302757740020752
1732437778995952622,0.23302757740020752
1732437779006565010,0.23302757740020752
1732437779006565010,0.23302757740020752
1732437779017164828,0.23302757740020752
1732437779017164828,0.23302757740020752
1732437779027806022,0.23302757740020752
1732437779027806022,0.23302757740020752
1732437779038307486,0.23302757740020752
1732437779038307486,0.23302757740020752
1732437779145375777,0.2286778688430786
1732437779145375777,0.2286778688430786
1732437779155688311,0.2286778688430786
1732437779155688311,0.2286778688430786
1732437779166394514,0.2286778688430786
1732437779166394514,0.2286778688430786
1732437779176860653,0.2286778688430786
1732437779176860653,0.2286778688430786
1732437779187365333,0.2286778688430786
1732437779187365333,0.2286778688430786
1732437779197470261,0.2286778688430786
1732437779197470261,0.2286778688430786
1732437779207573605,0.2286778688430786
1732437779207573605,0.2286778688430786
1732437779218077114,0.2286778688430786
1732437779218077114,0.2286778688430786
1732437779228404562,0.2286778688430786
1732437779228404562,0.2286778688430786
1732437779238458904,0.2286778688430786
1732437779238458904,0.2286778688430786
1732437779248707353,0.22519728541374207
1732437779248707353,0.22519728541374207
1732437779259082022,0.22519728541374207
1732437779259082022,0.22519728541374207
1732437779269572582,0.22519728541374207
1732437779269572582,0.22519728541374207
1732437779279719627,0.22519728541374207
1732437779279719627,0.22519728541374207
1732437779290332062,0.22519728541374207
1732437779290332062,0.22519728541374207
1732437779300679420,0.22519728541374207
1732437779300679420,0.22519728541374207
1732437779311666595,0.22519728541374207
1732437779311666595,0.22519728541374207
1732437779322140584,0.22519728541374207
1732437779322140584,0.22519728541374207
1732437779332381735,0.22519728541374207
1732437779332381735,0.22519728541374207
1732437779342831387,0.22519728541374207
1732437779342831387,0.22519728541374207
1732437779353297223,0.23309718072414398
1732437779353297223,0.23309718072414398
1732437779364022844,0.23309718072414398
1732437779364022844,0.23309718072414398
1732437779374250590,0.23309718072414398
1732437779374250590,0.23309718072414398
1732437779384850317,0.23309718072414398
1732437779384850317,0.23309718072414398
1732437779395068814,0.23309718072414398
1732437779395068814,0.23309718072414398
1732437779405384914,0.23309718072414398
1732437779405384914,0.23309718072414398
1732437779415833280,0.23309718072414398
1732437779415833280,0.23309718072414398
1732437779426366233,0.23309718072414398
1732437779426366233,0.23309718072414398
1732437779436661944,0.23309718072414398
1732437779436661944,0.23309718072414398
1732437779447301235,0.22918283939361572
1732437779447301235,0.22918283939361572
1732437779457620882,0.22918283939361572
1732437779457620882,0.22918283939361572
1732437779467895472,0.22918283939361572
1732437779467895472,0.22918283939361572
1732437779478186456,0.22918283939361572
1732437779478186456,0.22918283939361572
1732437779488774231,0.22918283939361572
1732437779488774231,0.22918283939361572
1732437779498849160,0.22918283939361572
1732437779498849160,0.22918283939361572
1732437779509633237,0.22918283939361572
1732437779509633237,0.22918283939361572
1732437779519919783,0.22918283939361572
1732437779519919783,0.22918283939361572
1732437779530261815,0.22918283939361572
1732437779530261815,0.22918283939361572
1732437779540664476,0.22918283939361572
1732437779540664476,0.22918283939361572
1732437779644535803,0.2157118171453476
1732437779644535803,0.2157118171453476
1732437779654984840,0.2157118171453476
1732437779654984840,0.2157118171453476
1732437779665152392,0.2157118171453476
1732437779665152392,0.2157118171453476
1732437779675670708,0.2157118171453476
1732437779675670708,0.2157118171453476
1732437779685993962,0.2157118171453476
1732437779685993962,0.2157118171453476
1732437779696424384,0.2157118171453476
1732437779696424384,0.2157118171453476
1732437779706526726,0.2157118171453476
1732437779706526726,0.2157118171453476
1732437779717181415,0.2157118171453476
1732437779717181415,0.2157118171453476
1732437779729544485,0.2157118171453476
1732437779729544485,0.2157118171453476
1732437779740112391,0.2157118171453476
1732437779740112391,0.2157118171453476
1732437779750566678,0.21611663699150085
1732437779750566678,0.21611663699150085
1732437779761122644,0.21611663699150085
1732437779761122644,0.21611663699150085
1732437779771506910,0.21611663699150085
1732437779771506910,0.21611663699150085
1732437779781746397,0.21611663699150085
1732437779781746397,0.21611663699150085
1732437779792302933,0.21611663699150085
1732437779792302933,0.21611663699150085
1732437779802627900,0.21611663699150085
1732437779802627900,0.21611663699150085
1732437779813236212,0.21611663699150085
1732437779813236212,0.21611663699150085
1732437779823442378,0.21611663699150085
1732437779823442378,0.21611663699150085
1732437779833941798,0.21611663699150085
1732437779833941798,0.21611663699150085
1732437779844063307,0.2090822160243988
1732437779844063307,0.2090822160243988
1732437779854211013,0.2090822160243988
1732437779854211013,0.2090822160243988
1732437779865431679,0.2090822160243988
1732437779865431679,0.2090822160243988
1732437779876012294,0.2090822160243988
1732437779876012294,0.2090822160243988
1732437779886550016,0.2090822160243988
1732437779886550016,0.2090822160243988
1732437779897359310,0.2090822160243988
1732437779897359310,0.2090822160243988
1732437779907663648,0.2090822160243988
1732437779907663648,0.2090822160243988
1732437779918056411,0.2090822160243988
1732437779918056411,0.2090822160243988
1732437779928736887,0.2090822160243988
1732437779928736887,0.2090822160243988
1732437779939145448,0.2090822160243988
1732437779939145448,0.2090822160243988
1732437780044842817,0.2187522053718567
1732437780044842817,0.2187522053718567
1732437780055706393,0.2187522053718567
1732437780055706393,0.2187522053718567
1732437780065958202,0.2187522053718567
1732437780065958202,0.2187522053718567
1732437780076456009,0.2187522053718567
1732437780076456009,0.2187522053718567
1732437780087065885,0.2187522053718567
1732437780087065885,0.2187522053718567
1732437780097461454,0.2187522053718567
1732437780097461454,0.2187522053718567
1732437780107771923,0.2187522053718567
1732437780107771923,0.2187522053718567
1732437780117972099,0.2187522053718567
1732437780117972099,0.2187522053718567
1732437780128322712,0.2187522053718567
1732437780128322712,0.2187522053718567
1732437780138413914,0.2187522053718567
1732437780138413914,0.2187522053718567
1732437780148889400,0.23234900832176208
1732437780148889400,0.23234900832176208
1732437780159080369,0.23234900832176208
1732437780159080369,0.23234900832176208
1732437780169393924,0.23234900832176208
1732437780169393924,0.23234900832176208
1732437780179905016,0.23234900832176208
1732437780179905016,0.23234900832176208
1732437780190383887,0.23234900832176208
1732437780190383887,0.23234900832176208
1732437780200721026,0.23234900832176208
1732437780200721026,0.23234900832176208
1732437780211211320,0.23234900832176208
1732437780211211320,0.23234900832176208
1732437780221715079,0.23234900832176208
1732437780221715079,0.23234900832176208
1732437780232054142,0.23234900832176208
1732437780232054142,0.23234900832176208
1732437780242312014,0.22806775569915771
1732437780242312014,0.22806775569915771
1732437780347405101,0.2637508809566498
1732437780347405101,0.2637508809566498
1732437780357661069,0.2637508809566498
1732437780357661069,0.2637508809566498
1732437780367812494,0.2637508809566498
1732437780367812494,0.2637508809566498
1732437780377980117,0.2637508809566498
1732437780377980117,0.2637508809566498
1732437780388541252,0.2637508809566498
1732437780388541252,0.2637508809566498
1732437780399050300,0.2637508809566498
1732437780399050300,0.2637508809566498
1732437780409513384,0.2637508809566498
1732437780409513384,0.2637508809566498
1732437780420061344,0.2637508809566498
1732437780420061344,0.2637508809566498
1732437780430351387,0.2637508809566498
1732437780430351387,0.2637508809566498
1732437780440562220,0.2637508809566498
1732437780440562220,0.2637508809566498
1732437780450802209,0.2567107081413269
1732437780450802209,0.2567107081413269
1732437780461027541,0.2567107081413269
1732437780461027541,0.2567107081413269
1732437780471442445,0.2567107081413269
1732437780471442445,0.2567107081413269
1732437780481705607,0.2567107081413269
1732437780481705607,0.2567107081413269
1732437780492956963,0.2567107081413269
1732437780492956963,0.2567107081413269
1732437780503279534,0.2567107081413269
1732437780503279534,0.2567107081413269
1732437780513823888,0.2567107081413269
1732437780513823888,0.2567107081413269
1732437780524354908,0.2567107081413269
1732437780524354908,0.2567107081413269
1732437780534652323,0.2567107081413269
1732437780534652323,0.2567107081413269
1732437780545017534,0.25493529438972473
1732437780545017534,0.25493529438972473
1732437780653231845,0.25101402401924133
1732437780653231845,0.25101402401924133
1732437780663698214,0.25101402401924133
1732437780663698214,0.25101402401924133
1732437780674349867,0.25101402401924133
1732437780674349867,0.25101402401924133
1732437780684858771,0.25101402401924133
1732437780684858771,0.25101402401924133
1732437780695496841,0.25101402401924133
1732437780695496841,0.25101402401924133
1732437780705751739,0.25101402401924133
1732437780705751739,0.25101402401924133
1732437780717119771,0.25101402401924133
1732437780717119771,0.25101402401924133
1732437780727204973,0.25101402401924133
1732437780727204973,0.25101402401924133
1732437780737588649,0.25101402401924133
1732437780737588649,0.25101402401924133
1732437780748352458,0.26760560274124146
1732437780748352458,0.26760560274124146
1732437780758806064,0.26760560274124146
1732437780758806064,0.26760560274124146
1732437780769238460,0.26760560274124146
1732437780769238460,0.26760560274124146
1732437780780441697,0.26760560274124146
1732437780780441697,0.26760560274124146
1732437780790829187,0.26760560274124146
1732437780790829187,0.26760560274124146
1732437780801312180,0.26760560274124146
1732437780801312180,0.26760560274124146
1732437780811795861,0.26760560274124146
1732437780811795861,0.26760560274124146
1732437780822067445,0.26760560274124146
1732437780822067445,0.26760560274124146
1732437780833118028,0.26760560274124146
1732437780833118028,0.26760560274124146
1732437780843416039,0.26065436005592346
1732437780843416039,0.26065436005592346
1732437780853620262,0.26065436005592346
1732437780853620262,0.26065436005592346
1732437780864047905,0.26065436005592346
1732437780864047905,0.26065436005592346
1732437780864047905,0.26065436005592346
1732437780864047905,0.26065436005592346
1732437780884628532,0.26065436005592346
1732437780884628532,0.26065436005592346
1732437780894950113,0.26065436005592346
1732437780894950113,0.26065436005592346
1732437780905103952,0.26065436005592346
1732437780905103952,0.26065436005592346
1732437780915411567,0.26065436005592346
1732437780915411567,0.26065436005592346
1732437780925974345,0.26065436005592346
1732437780925974345,0.26065436005592346
1732437780936353751,0.26065436005592346
1732437780936353751,0.26065436005592346
1732437780947098396,0.2645713984966278
1732437780947098396,0.2645713984966278
1732437780957342162,0.2645713984966278
1732437780957342162,0.2645713984966278
1732437780967537248,0.2645713984966278
1732437780967537248,0.2645713984966278
1732437780977666912,0.2645713984966278
1732437780977666912,0.2645713984966278
1732437780987879130,0.2645713984966278
1732437780987879130,0.2645713984966278
1732437780998206048,0.2645713984966278
1732437780998206048,0.2645713984966278
1732437781008673890,0.2645713984966278
1732437781008673890,0.2645713984966278
1732437781018927825,0.2645713984966278
1732437781018927825,0.2645713984966278
1732437781029539905,0.2645713984966278
1732437781029539905,0.2645713984966278
1732437781040005944,0.2645713984966278
1732437781040005944,0.2645713984966278
1732437781143481820,0.27702176570892334
1732437781143481820,0.27702176570892334
1732437781153926298,0.27702176570892334
1732437781153926298,0.27702176570892334
1732437781164401885,0.27702176570892334
1732437781164401885,0.27702176570892334
1732437781174736760,0.27702176570892334
1732437781174736760,0.27702176570892334
1732437781185306261,0.27702176570892334
1732437781185306261,0.27702176570892334
1732437781195786697,0.27702176570892334
1732437781195786697,0.27702176570892334
1732437781206377256,0.27702176570892334
1732437781206377256,0.27702176570892334
1732437781216794815,0.27702176570892334
1732437781216794815,0.27702176570892334
1732437781227238622,0.27702176570892334
1732437781227238622,0.27702176570892334
1732437781238046045,0.27702176570892334
1732437781238046045,0.27702176570892334
1732437781248237394,0.25847238302230835
1732437781248237394,0.25847238302230835
1732437781258442067,0.25847238302230835
1732437781258442067,0.25847238302230835
1732437781268818947,0.25847238302230835
1732437781268818947,0.25847238302230835
1732437781279149223,0.25847238302230835
1732437781279149223,0.25847238302230835
1732437781289428407,0.25847238302230835
1732437781289428407,0.25847238302230835
1732437781299674086,0.25847238302230835
1732437781299674086,0.25847238302230835
1732437781309929404,0.25847238302230835
1732437781309929404,0.25847238302230835
1732437781320404409,0.25847238302230835
1732437781320404409,0.25847238302230835
1732437781330820145,0.25847238302230835
1732437781330820145,0.25847238302230835
1732437781341088647,0.25847238302230835
1732437781341088647,0.25847238302230835
1732437781351643727,0.2550826370716095
1732437781351643727,0.2550826370716095
1732437781362374180,0.2550826370716095
1732437781362374180,0.2550826370716095
1732437781372876867,0.2550826370716095
1732437781372876867,0.2550826370716095
1732437781383379353,0.2550826370716095
1732437781383379353,0.2550826370716095
1732437781393459997,0.2550826370716095
1732437781393459997,0.2550826370716095
1732437781403648320,0.2550826370716095
1732437781403648320,0.2550826370716095
1732437781414248437,0.2550826370716095
1732437781414248437,0.2550826370716095
1732437781424677207,0.2550826370716095
1732437781424677207,0.2550826370716095
1732437781434998005,0.2550826370716095
1732437781434998005,0.2550826370716095
1732437781445566172,0.24789638817310333
1732437781445566172,0.24789638817310333
1732437781455826489,0.24789638817310333
1732437781455826489,0.24789638817310333
1732437781466231785,0.24789638817310333
1732437781466231785,0.24789638817310333
1732437781476927450,0.24789638817310333
1732437781476927450,0.24789638817310333
1732437781487460523,0.24789638817310333
1732437781487460523,0.24789638817310333
1732437781497833900,0.24789638817310333
1732437781497833900,0.24789638817310333
1732437781508165690,0.24789638817310333
1732437781508165690,0.24789638817310333
1732437781518658037,0.24789638817310333
1732437781518658037,0.24789638817310333
1732437781530203259,0.24789638817310333
1732437781530203259,0.24789638817310333
1732437781540406449,0.24789638817310333
1732437781540406449,0.24789638817310333
1732437781550894058,0.25453874468803406
1732437781550894058,0.25453874468803406
1732437781561249422,0.25453874468803406
1732437781561249422,0.25453874468803406
1732437781571990140,0.25453874468803406
1732437781571990140,0.25453874468803406
1732437781582641042,0.25453874468803406
1732437781582641042,0.25453874468803406
1732437781593258482,0.25453874468803406
1732437781593258482,0.25453874468803406
1732437781603387954,0.25453874468803406
1732437781603387954,0.25453874468803406
1732437781613770578,0.25453874468803406
1732437781613770578,0.25453874468803406
1732437781624386154,0.25453874468803406
1732437781624386154,0.25453874468803406
1732437781634479471,0.25453874468803406
1732437781634479471,0.25453874468803406
1732437781644968893,0.25231224298477173
1732437781751952903,0.2539207339286804
1732437781751952903,0.2539207339286804
1732437781762375199,0.2539207339286804
1732437781762375199,0.2539207339286804
1732437781772700142,0.2539207339286804
1732437781772700142,0.2539207339286804
1732437781783104169,0.2539207339286804
1732437781783104169,0.2539207339286804
1732437781793462428,0.2539207339286804
1732437781793462428,0.2539207339286804
1732437781804414338,0.2539207339286804
1732437781804414338,0.2539207339286804
1732437781814553580,0.2539207339286804
1732437781814553580,0.2539207339286804
1732437781824650023,0.2539207339286804
1732437781824650023,0.2539207339286804
1732437781835106003,0.2539207339286804
1732437781835106003,0.2539207339286804
1732437781845507202,0.25118008255958557
1732437781845507202,0.25118008255958557
1732437781855887300,0.25118008255958557
1732437781855887300,0.25118008255958557
1732437781866704121,0.25118008255958557
1732437781866704121,0.25118008255958557
1732437781877119946,0.25118008255958557
1732437781877119946,0.25118008255958557
1732437781887218372,0.25118008255958557
1732437781887218372,0.25118008255958557
1732437781897342867,0.25118008255958557
1732437781897342867,0.25118008255958557
1732437781907729708,0.25118008255958557
1732437781907729708,0.25118008255958557
1732437781917823083,0.25118008255958557
1732437781917823083,0.25118008255958557
1732437781928278592,0.25118008255958557
1732437781928278592,0.25118008255958557
1732437781938856790,0.25118008255958557
1732437781938856790,0.25118008255958557
1732437781949274819,0.24911771714687347
1732437781949274819,0.24911771714687347
1732437781959722484,0.24911771714687347
1732437781959722484,0.24911771714687347
1732437781970090246,0.24911771714687347
1732437781970090246,0.24911771714687347
1732437781980691289,0.24911771714687347
1732437781980691289,0.24911771714687347
1732437781990928773,0.24911771714687347
1732437781990928773,0.24911771714687347
1732437782001667799,0.24911771714687347
1732437782001667799,0.24911771714687347
1732437782011895236,0.24911771714687347
1732437782011895236,0.24911771714687347
1732437782022179748,0.24911771714687347
1732437782022179748,0.24911771714687347
1732437782032436729,0.24911771714687347
1732437782032436729,0.24911771714687347
1732437782042566921,0.24911771714687347
1732437782042566921,0.24911771714687347
1732437782150359245,0.28545698523521423
1732437782150359245,0.28545698523521423
1732437782160643446,0.28545698523521423
1732437782160643446,0.28545698523521423
1732437782171473260,0.28545698523521423
1732437782171473260,0.28545698523521423
1732437782182099242,0.28545698523521423
1732437782182099242,0.28545698523521423
1732437782192590413,0.28545698523521423
1732437782192590413,0.28545698523521423
1732437782202910461,0.28545698523521423
1732437782202910461,0.28545698523521423
1732437782215504797,0.28545698523521423
1732437782215504797,0.28545698523521423
1732437782226361501,0.28545698523521423
1732437782226361501,0.28545698523521423
1732437782236582448,0.28545698523521423
1732437782236582448,0.28545698523521423
1732437782246787502,0.28545698523521423
1732437782246787502,0.28545698523521423
1732437782257365358,0.3040255308151245
1732437782257365358,0.3040255308151245
1732437782267555865,0.3040255308151245
1732437782267555865,0.3040255308151245
1732437782277918692,0.3040255308151245
1732437782277918692,0.3040255308151245
1732437782288049890,0.3040255308151245
1732437782288049890,0.3040255308151245
1732437782298237501,0.3040255308151245
1732437782298237501,0.3040255308151245
1732437782308404475,0.3040255308151245
1732437782308404475,0.3040255308151245
1732437782318785446,0.3040255308151245
1732437782318785446,0.3040255308151245
1732437782329101215,0.3040255308151245
1732437782329101215,0.3040255308151245
1732437782339226461,0.3040255308151245
1732437782339226461,0.3040255308151245
1732437782349486708,0.3403398394584656
1732437782349486708,0.3403398394584656
1732437782359931748,0.3403398394584656
1732437782359931748,0.3403398394584656
1732437782370337975,0.3403398394584656
1732437782370337975,0.3403398394584656
1732437782380769149,0.3403398394584656
1732437782380769149,0.3403398394584656
1732437782391429169,0.3403398394584656
1732437782391429169,0.3403398394584656
1732437782401766748,0.3403398394584656
1732437782401766748,0.3403398394584656
1732437782412129946,0.3403398394584656
1732437782412129946,0.3403398394584656
1732437782412129946,0.3403398394584656
1732437782412129946,0.3403398394584656
1732437782433409088,0.3403398394584656
1732437782433409088,0.3403398394584656
1732437782443641392,0.3719162940979004
1732437782443641392,0.3719162940979004
1732437782453798885,0.3719162940979004
1732437782453798885,0.3719162940979004
1732437782464240772,0.3719162940979004
1732437782464240772,0.3719162940979004
1732437782474633832,0.3719162940979004
1732437782474633832,0.3719162940979004
1732437782485155108,0.3719162940979004
1732437782485155108,0.3719162940979004
1732437782495444609,0.3719162940979004
1732437782495444609,0.3719162940979004
1732437782505964468,0.3719162940979004
1732437782505964468,0.3719162940979004
1732437782516541233,0.3719162940979004
1732437782516541233,0.3719162940979004
1732437782529324292,0.3719162940979004
1732437782529324292,0.3719162940979004
1732437782539512655,0.3719162940979004
1732437782539512655,0.3719162940979004
1732437782646811371,0.41550561785697937
1732437782646811371,0.41550561785697937
1732437782657066885,0.41550561785697937
1732437782657066885,0.41550561785697937
1732437782667166216,0.41550561785697937
1732437782667166216,0.41550561785697937
1732437782677416955,0.41550561785697937
1732437782677416955,0.41550561785697937
1732437782687721374,0.41550561785697937
1732437782687721374,0.41550561785697937
1732437782698366395,0.41550561785697937
1732437782698366395,0.41550561785697937
1732437782708563133,0.41550561785697937
1732437782708563133,0.41550561785697937
1732437782718839156,0.41550561785697937
1732437782718839156,0.41550561785697937
1732437782729140062,0.41550561785697937
1732437782729140062,0.41550561785697937
1732437782739419083,0.41550561785697937
1732437782739419083,0.41550561785697937
1732437782749922392,0.432828813791275
1732437782749922392,0.432828813791275
1732437782760304674,0.432828813791275
1732437782760304674,0.432828813791275
1732437782770456379,0.432828813791275
1732437782770456379,0.432828813791275
1732437782780628574,0.432828813791275
1732437782780628574,0.432828813791275
1732437782791258868,0.432828813791275
1732437782791258868,0.432828813791275
1732437782801428366,0.432828813791275
1732437782801428366,0.432828813791275
1732437782811675910,0.432828813791275
1732437782811675910,0.432828813791275
1732437782822026220,0.432828813791275
1732437782822026220,0.432828813791275
1732437782832402585,0.432828813791275
1732437782832402585,0.432828813791275
1732437782842580065,0.47860774397850037
1732437782842580065,0.47860774397850037
1732437782946023717,0.5266386866569519
1732437782946023717,0.5266386866569519
1732437782956829252,0.5266386866569519
1732437782956829252,0.5266386866569519
1732437782966994496,0.5266386866569519
1732437782966994496,0.5266386866569519
1732437782977285159,0.5266386866569519
1732437782977285159,0.5266386866569519
1732437782987741420,0.5266386866569519
1732437782987741420,0.5266386866569519
1732437782997911299,0.5266386866569519
1732437782997911299,0.5266386866569519
1732437783008061060,0.5266386866569519
1732437783008061060,0.5266386866569519
1732437783018367092,0.5266386866569519
1732437783018367092,0.5266386866569519
1732437783028530411,0.5266386866569519
1732437783028530411,0.5266386866569519
1732437783038658752,0.5266386866569519
1732437783038658752,0.5266386866569519
1732437783049163513,0.5837053060531616
1732437783049163513,0.5837053060531616
1732437783059478722,0.5837053060531616
1732437783059478722,0.5837053060531616
1732437783069923527,0.5837053060531616
1732437783069923527,0.5837053060531616
1732437783080244470,0.5837053060531616
1732437783080244470,0.5837053060531616
1732437783090914517,0.5837053060531616
1732437783090914517,0.5837053060531616
1732437783101252951,0.5837053060531616
1732437783101252951,0.5837053060531616
1732437783111545007,0.5837053060531616
1732437783111545007,0.5837053060531616
1732437783121807928,0.5837053060531616
1732437783121807928,0.5837053060531616
1732437783132434204,0.5837053060531616
1732437783132434204,0.5837053060531616
1732437783142914128,0.6282091736793518
1732437783142914128,0.6282091736793518
1732437783247516901,0.6752228736877441
1732437783247516901,0.6752228736877441
1732437783257800513,0.6752228736877441
1732437783257800513,0.6752228736877441
1732437783268190701,0.6752228736877441
1732437783268190701,0.6752228736877441
1732437783278288616,0.6752228736877441
1732437783278288616,0.6752228736877441
1732437783288757670,0.6752228736877441
1732437783288757670,0.6752228736877441
1732437783298870092,0.6752228736877441
1732437783298870092,0.6752228736877441
1732437783308944784,0.6752228736877441
1732437783308944784,0.6752228736877441
1732437783319242110,0.6752228736877441
1732437783319242110,0.6752228736877441
1732437783319242110,0.6752228736877441
1732437783329591670,0.6752228736877441
1732437783340030543,0.6752228736877441
1732437783340030543,0.6752228736877441
1732437783350134319,0.715950608253479
1732437783350134319,0.715950608253479
1732437783360318434,0.715950608253479
1732437783360318434,0.715950608253479
1732437783370801494,0.715950608253479
1732437783370801494,0.715950608253479
1732437783381159843,0.715950608253479
1732437783381159843,0.715950608253479
1732437783391445734,0.715950608253479
1732437783391445734,0.715950608253479
1732437783401803686,0.715950608253479
1732437783401803686,0.715950608253479
1732437783412271616,0.715950608253479
1732437783412271616,0.715950608253479
1732437783422423005,0.715950608253479
1732437783422423005,0.715950608253479
1732437783432678131,0.715950608253479
1732437783432678131,0.715950608253479
1732437783442907631,0.7545070648193359
1732437783442907631,0.7545070648193359
1732437783453058495,0.7545070648193359
1732437783453058495,0.7545070648193359
1732437783463346760,0.7545070648193359
1732437783463346760,0.7545070648193359
1732437783473925832,0.7545070648193359
1732437783473925832,0.7545070648193359
1732437783484282879,0.7545070648193359
1732437783484282879,0.7545070648193359
1732437783494612806,0.7545070648193359
1732437783494612806,0.7545070648193359
1732437783505212813,0.7545070648193359
1732437783505212813,0.7545070648193359
1732437783515888401,0.7545070648193359
1732437783515888401,0.7545070648193359
1732437783526533001,0.7545070648193359
1732437783526533001,0.7545070648193359
1732437783537241239,0.7545070648193359
1732437783537241239,0.7545070648193359
1732437783547375512,0.771145761013031
1732437783547375512,0.771145761013031
1732437783647225653,0.7994047403335571
1732437783647225653,0.7994047403335571
1732437783657901662,0.7994047403335571
1732437783657901662,0.7994047403335571
1732437783668280749,0.7994047403335571
1732437783668280749,0.7994047403335571
1732437783678627326,0.7994047403335571
1732437783678627326,0.7994047403335571
1732437783688746076,0.7994047403335571
1732437783688746076,0.7994047403335571
1732437783699261971,0.7994047403335571
1732437783699261971,0.7994047403335571
1732437783709918604,0.7994047403335571
1732437783709918604,0.7994047403335571
1732437783720402537,0.7994047403335571
1732437783720402537,0.7994047403335571
1732437783730875309,0.7994047403335571
1732437783730875309,0.7994047403335571
1732437783741216185,0.7994047403335571
1732437783741216185,0.7994047403335571
1732437783751715094,0.8182178139686584
1732437783751715094,0.8182178139686584
1732437783762008863,0.8182178139686584
1732437783762008863,0.8182178139686584
1732437783772206514,0.8182178139686584
1732437783772206514,0.8182178139686584
1732437783782759053,0.8182178139686584
1732437783782759053,0.8182178139686584
1732437783793020514,0.8182178139686584
1732437783793020514,0.8182178139686584
1732437783803321216,0.8182178139686584
1732437783803321216,0.8182178139686584
1732437783813762228,0.8182178139686584
1732437783813762228,0.8182178139686584
1732437783824199003,0.8182178139686584
1732437783824199003,0.8182178139686584
1732437783834907902,0.8182178139686584
1732437783834907902,0.8182178139686584
1732437783845111924,0.827314019203186
1732437783845111924,0.827314019203186
1732437783855308563,0.827314019203186
1732437783855308563,0.827314019203186
1732437783866009630,0.827314019203186
1732437783866009630,0.827314019203186
1732437783876632890,0.827314019203186
1732437783876632890,0.827314019203186
1732437783887242966,0.827314019203186
1732437783887242966,0.827314019203186
1732437783897497188,0.827314019203186
1732437783897497188,0.827314019203186
1732437783907993132,0.827314019203186
1732437783907993132,0.827314019203186
1732437783918299468,0.827314019203186
1732437783918299468,0.827314019203186
1732437783929122710,0.827314019203186
1732437783929122710,0.827314019203186
1732437783939745550,0.827314019203186
1732437783939745550,0.827314019203186
1732437783950466670,0.8440983295440674
1732437783950466670,0.8440983295440674
1732437784044918651,0.8538995981216431
1732437784044918651,0.8538995981216431
1732437784055336187,0.8538995981216431
1732437784055336187,0.8538995981216431
1732437784065899441,0.8538995981216431
1732437784065899441,0.8538995981216431
1732437784076107101,0.8538995981216431
1732437784076107101,0.8538995981216431
1732437784086817584,0.8538995981216431
1732437784086817584,0.8538995981216431
1732437784097204054,0.8538995981216431
1732437784097204054,0.8538995981216431
1732437784107589124,0.8538995981216431
1732437784107589124,0.8538995981216431
1732437784117692930,0.8538995981216431
1732437784117692930,0.8538995981216431
1732437784128541139,0.8538995981216431
1732437784128541139,0.8538995981216431
1732437784138578732,0.8538995981216431
1732437784138578732,0.8538995981216431
1732437784148885917,0.8677611947059631
1732437784148885917,0.8677611947059631
1732437784159245038,0.8677611947059631
1732437784159245038,0.8677611947059631
1732437784169598237,0.8677611947059631
1732437784169598237,0.8677611947059631
1732437784180062473,0.8677611947059631
1732437784180062473,0.8677611947059631
1732437784190192499,0.8677611947059631
1732437784190192499,0.8677611947059631
1732437784200383427,0.8677611947059631
1732437784200383427,0.8677611947059631
1732437784212621225,0.8677611947059631
1732437784212621225,0.8677611947059631
1732437784222807104,0.8677611947059631
1732437784222807104,0.8677611947059631
1732437784233397344,0.8677611947059631
1732437784233397344,0.8677611947059631
1732437784243928624,0.8668282628059387
1732437784243928624,0.8668282628059387
1732437784348705172,0.8713440895080566
1732437784348705172,0.8713440895080566
1732437784359102934,0.8713440895080566
1732437784359102934,0.8713440895080566
1732437784369251084,0.8713440895080566
1732437784369251084,0.8713440895080566
1732437784379820725,0.8713440895080566
1732437784379820725,0.8713440895080566
1732437784390077926,0.8713440895080566
1732437784390077926,0.8713440895080566
1732437784400456011,0.8713440895080566
1732437784400456011,0.8713440895080566
1732437784411051362,0.8713440895080566
1732437784411051362,0.8713440895080566
1732437784421476555,0.8713440895080566
1732437784421476555,0.8713440895080566
1732437784432232739,0.8713440895080566
1732437784432232739,0.8713440895080566
1732437784442509079,0.8713440895080566
1732437784442509079,0.8713440895080566
1732437784452676886,0.8618859052658081
1732437784452676886,0.8618859052658081
1732437784462864778,0.8618859052658081
1732437784462864778,0.8618859052658081
1732437784473316276,0.8618859052658081
1732437784473316276,0.8618859052658081
1732437784484076905,0.8618859052658081
1732437784484076905,0.8618859052658081
1732437784494193707,0.8618859052658081
1732437784494193707,0.8618859052658081
1732437784504736715,0.8618859052658081
1732437784504736715,0.8618859052658081
1732437784514814367,0.8618859052658081
1732437784514814367,0.8618859052658081
1732437784525182944,0.8618859052658081
1732437784525182944,0.8618859052658081
1732437784535420800,0.8618859052658081
1732437784535420800,0.8618859052658081
1732437784545626266,0.8508502840995789
1732437784545626266,0.8508502840995789
1732437784556013509,0.8508502840995789
1732437784556013509,0.8508502840995789
1732437784566573752,0.8508502840995789
1732437784566573752,0.8508502840995789
1732437784577237468,0.8508502840995789
1732437784577237468,0.8508502840995789
1732437784587258182,0.8508502840995789
1732437784587258182,0.8508502840995789
1732437784597574573,0.8508502840995789
1732437784597574573,0.8508502840995789
1732437784607765210,0.8508502840995789
1732437784607765210,0.8508502840995789
1732437784617865951,0.8508502840995789
1732437784617865951,0.8508502840995789
1732437784628020744,0.8508502840995789
1732437784628020744,0.8508502840995789
1732437784638355859,0.8508502840995789
1732437784638355859,0.8508502840995789
1732437784648522221,0.8352521061897278
1732437784648522221,0.8352521061897278
1732437784658976078,0.8352521061897278
1732437784658976078,0.8352521061897278
1732437784669717398,0.8352521061897278
1732437784669717398,0.8352521061897278
1732437784680018299,0.8352521061897278
1732437784680018299,0.8352521061897278
1732437784690339530,0.8352521061897278
1732437784690339530,0.8352521061897278
1732437784700408250,0.8352521061897278
1732437784700408250,0.8352521061897278
1732437784713011958,0.8352521061897278
1732437784713011958,0.8352521061897278
1732437784723628818,0.8352521061897278
1732437784723628818,0.8352521061897278
1732437784734152944,0.8352521061897278
1732437784734152944,0.8352521061897278
1732437784744415525,0.8450831174850464
1732437784744415525,0.8450831174850464
1732437784847555055,0.82472163438797
1732437784847555055,0.82472163438797
1732437784858108346,0.82472163438797
1732437784858108346,0.82472163438797
1732437784868246856,0.82472163438797
1732437784868246856,0.82472163438797
1732437784878567294,0.82472163438797
1732437784878567294,0.82472163438797
1732437784888884057,0.82472163438797
1732437784888884057,0.82472163438797
1732437784899408795,0.82472163438797
1732437784899408795,0.82472163438797
1732437784910065869,0.82472163438797
1732437784910065869,0.82472163438797
1732437784920204530,0.82472163438797
1732437784920204530,0.82472163438797
1732437784930484062,0.82472163438797
1732437784930484062,0.82472163438797
1732437784940681575,0.82472163438797
1732437784940681575,0.82472163438797
1732437784951578954,0.8089122772216797
1732437784951578954,0.8089122772216797
1732437784962063988,0.8089122772216797
1732437784962063988,0.8089122772216797
1732437784972574626,0.8089122772216797
1732437784972574626,0.8089122772216797
1732437784982928743,0.8089122772216797
1732437784982928743,0.8089122772216797
1732437784993295787,0.8089122772216797
1732437784993295787,0.8089122772216797
1732437785004177287,0.8089122772216797
1732437785004177287,0.8089122772216797
1732437785014633287,0.8089122772216797
1732437785014633287,0.8089122772216797
1732437785024974927,0.8089122772216797
1732437785024974927,0.8089122772216797
1732437785035365856,0.8089122772216797
1732437785035365856,0.8089122772216797
1732437785046134638,0.7652983665466309
1732437785146294306,0.7531853318214417
1732437785146294306,0.7531853318214417
1732437785157016371,0.7531853318214417
1732437785157016371,0.7531853318214417
1732437785167346544,0.7531853318214417
1732437785167346544,0.7531853318214417
1732437785178019658,0.7531853318214417
1732437785178019658,0.7531853318214417
1732437785188120843,0.7531853318214417
1732437785188120843,0.7531853318214417
1732437785198656712,0.7531853318214417
1732437785198656712,0.7531853318214417
1732437785208850327,0.7531853318214417
1732437785208850327,0.7531853318214417
1732437785219436789,0.7531853318214417
1732437785219436789,0.7531853318214417
1732437785230002329,0.7531853318214417
1732437785230002329,0.7531853318214417
1732437785240199532,0.7531853318214417
1732437785240199532,0.7531853318214417
1732437785250626468,0.7088886499404907
1732437785250626468,0.7088886499404907
1732437785261005045,0.7088886499404907
1732437785261005045,0.7088886499404907
1732437785271789005,0.7088886499404907
1732437785271789005,0.7088886499404907
1732437785282177259,0.7088886499404907
1732437785282177259,0.7088886499404907
1732437785292463034,0.7088886499404907
1732437785292463034,0.7088886499404907
1732437785302583853,0.7088886499404907
1732437785302583853,0.7088886499404907
1732437785313350229,0.7088886499404907
1732437785313350229,0.7088886499404907
1732437785323498569,0.7088886499404907
1732437785323498569,0.7088886499404907
1732437785333824859,0.7088886499404907
1732437785333824859,0.7088886499404907
1732437785343962749,0.6918905377388
1732437785343962749,0.6918905377388
1732437785447604212,0.6672048568725586
1732437785447604212,0.6672048568725586
1732437785457858276,0.6672048568725586
1732437785457858276,0.6672048568725586
1732437785468062109,0.6672048568725586
1732437785468062109,0.6672048568725586
1732437785478756403,0.6672048568725586
1732437785478756403,0.6672048568725586
1732437785489414218,0.6672048568725586
1732437785489414218,0.6672048568725586
1732437785499766866,0.6672048568725586
1732437785499766866,0.6672048568725586
1732437785510241863,0.6672048568725586
1732437785510241863,0.6672048568725586
1732437785520678968,0.6672048568725586
1732437785520678968,0.6672048568725586
1732437785531020997,0.6672048568725586
1732437785531020997,0.6672048568725586
1732437785541610887,0.6672048568725586
1732437785541610887,0.6355308890342712
1732437785553544590,0.6355308890342712
1732437785553544590,0.6355308890342712
1732437785563930540,0.6355308890342712
1732437785563930540,0.6355308890342712
1732437785574324998,0.6355308890342712
1732437785574324998,0.6355308890342712
1732437785584790135,0.6355308890342712
1732437785584790135,0.6355308890342712
1732437785595646969,0.6355308890342712
1732437785595646969,0.6355308890342712
1732437785605883833,0.6355308890342712
1732437785605883833,0.6355308890342712
1732437785616319795,0.6355308890342712
1732437785616319795,0.6355308890342712
1732437785626778390,0.6355308890342712
1732437785626778390,0.6355308890342712
1732437785637234783,0.6355308890342712
1732437785637234783,0.6355308890342712
1732437785647325104,0.5956748723983765
1732437785647325104,0.5956748723983765
1732437785657456962,0.5956748723983765
1732437785657456962,0.5956748723983765
1732437785667689940,0.5956748723983765
1732437785667689940,0.5956748723983765
1732437785677962970,0.5956748723983765
1732437785677962970,0.5956748723983765
1732437785688674535,0.5956748723983765
1732437785688674535,0.5956748723983765
1732437785698828172,0.5956748723983765
1732437785698828172,0.5956748723983765
1732437785709030225,0.5956748723983765
1732437785709030225,0.5956748723983765
1732437785719243404,0.5956748723983765
1732437785719243404,0.5956748723983765
1732437785729609510,0.5956748723983765
1732437785729609510,0.5956748723983765
1732437785740158884,0.5956748723983765
1732437785740158884,0.5956748723983765
1732437785845057319,0.5585209131240845
1732437785845057319,0.5585209131240845
1732437785855147771,0.5585209131240845
1732437785855147771,0.5585209131240845
1732437785865423002,0.5585209131240845
1732437785865423002,0.5585209131240845
1732437785875963503,0.5585209131240845
1732437785875963503,0.5585209131240845
1732437785886433500,0.5585209131240845
1732437785886433500,0.5585209131240845
1732437785897338393,0.5585209131240845
1732437785897338393,0.5585209131240845
1732437785907764559,0.5585209131240845
1732437785907764559,0.5585209131240845
1732437785918107190,0.5585209131240845
1732437785918107190,0.5585209131240845
1732437785929844468,0.5585209131240845
1732437785929844468,0.5585209131240845
1732437785939989142,0.5585209131240845
1732437785939989142,0.5585209131240845
1732437785950362218,0.5382101535797119
1732437785950362218,0.5382101535797119
1732437785960633064,0.5382101535797119
1732437785960633064,0.5382101535797119
1732437785970749416,0.5382101535797119
1732437785970749416,0.5382101535797119
1732437785981216677,0.5382101535797119
1732437785981216677,0.5382101535797119
1732437785991720045,0.5382101535797119
1732437785991720045,0.5382101535797119
1732437786002509025,0.5382101535797119
1732437786002509025,0.5382101535797119
1732437786013282074,0.5382101535797119
1732437786013282074,0.5382101535797119
1732437786023678213,0.5382101535797119
1732437786023678213,0.5382101535797119
1732437786033934384,0.5382101535797119
1732437786033934384,0.5382101535797119
1732437786044737187,0.5062791705131531
1732437786044737187,0.5062791705131531
1732437786153305986,0.48284968733787537
1732437786153305986,0.48284968733787537
1732437786163562026,0.48284968733787537
1732437786163562026,0.48284968733787537
1732437786174166664,0.48284968733787537
1732437786174166664,0.48284968733787537
1732437786184409464,0.48284968733787537
1732437786184409464,0.48284968733787537
1732437786194849490,0.48284968733787537
1732437786194849490,0.48284968733787537
1732437786205027384,0.48284968733787537
1732437786205027384,0.48284968733787537
1732437786215519553,0.48284968733787537
1732437786215519553,0.48284968733787537
1732437786225635883,0.48284968733787537
1732437786225635883,0.48284968733787537
1732437786236286717,0.48284968733787537
1732437786236286717,0.48284968733787537
1732437786248075933,0.4780269265174866
1732437786248075933,0.4780269265174866
1732437786258436847,0.4780269265174866
1732437786258436847,0.4780269265174866
1732437786268735576,0.4780269265174866
1732437786268735576,0.4780269265174866
1732437786279192438,0.4780269265174866
1732437786279192438,0.4780269265174866
1732437786289273189,0.4780269265174866
1732437786289273189,0.4780269265174866
1732437786299517661,0.4780269265174866
1732437786299517661,0.4780269265174866
1732437786309841947,0.4780269265174866
1732437786309841947,0.4780269265174866
1732437786330898938,0.4780269265174866
1732437786330898938,0.4780269265174866
1732437786330898938,0.4780269265174866
1732437786330898938,0.4780269265174866
1732437786343530839,0.4780269265174866
1732437786343530839,0.4780269265174866
1732437786353715605,0.462614506483078
1732437786353715605,0.462614506483078
1732437786364221238,0.462614506483078
1732437786364221238,0.462614506483078
1732437786454433732,0.4713342487812042
1732437786454433732,0.4713342487812042
1732437786464729765,0.4713342487812042
1732437786464729765,0.4713342487812042
1732437786475406657,0.4713342487812042
1732437786475406657,0.4713342487812042
1732437786486076495,0.4713342487812042
1732437786486076495,0.4713342487812042
1732437786496754499,0.4713342487812042
1732437786496754499,0.4713342487812042
1732437786506972708,0.4713342487812042
1732437786506972708,0.4713342487812042
1732437786517046118,0.4713342487812042
1732437786517046118,0.4713342487812042
1732437786527869282,0.4713342487812042
1732437786527869282,0.4713342487812042
1732437786538201862,0.4713342487812042
1732437786538201862,0.4713342487812042
1732437786548474344,0.47451019287109375
1732437786548474344,0.47451019287109375
1732437786558862409,0.47451019287109375
1732437786558862409,0.47451019287109375
1732437786569349568,0.47451019287109375
1732437786569349568,0.47451019287109375
1732437786579728676,0.47451019287109375
1732437786579728676,0.47451019287109375
1732437786590265285,0.47451019287109375
1732437786590265285,0.47451019287109375
1732437786600767283,0.47451019287109375
1732437786600767283,0.47451019287109375
1732437786611113860,0.47451019287109375
1732437786611113860,0.47451019287109375
1732437786621569942,0.47451019287109375
1732437786621569942,0.47451019287109375
1732437786631939271,0.47451019287109375
1732437786631939271,0.47451019287109375
1732437786642918594,0.47451019287109375
1732437786642918594,0.47451019287109375
1732437786653476454,0.47742512822151184
1732437786653476454,0.47742512822151184
1732437786663849260,0.47742512822151184
1732437786663849260,0.47742512822151184
1732437786677978980,0.47742512822151184
1732437786744575212,0.46527984738349915
1732437786744575212,0.46527984738349915
1732437786754815141,0.46527984738349915
1732437786754815141,0.46527984738349915
1732437786765371700,0.46527984738349915
1732437786765371700,0.46527984738349915
1732437786775812171,0.46527984738349915
1732437786775812171,0.46527984738349915
1732437786786707976,0.46527984738349915
1732437786786707976,0.46527984738349915
1732437786797391822,0.46527984738349915
1732437786797391822,0.46527984738349915
1732437786807978197,0.46527984738349915
1732437786807978197,0.46527984738349915
1732437786945615731,0.41828468441963196
1732437786956113521,0.41828468441963196
1732437786956113521,0.41828468441963196
1732437786956113521,0.41828468441963196
1732437786966499441,0.41828468441963196
1732437786966499441,0.41828468441963196
1732437787050649141,0.38627001643180847
1732437787061126481,0.38627001643180847
1732437787061126481,0.38627001643180847
1732437787071620392,0.38627001643180847
1732437787071620392,0.38627001643180847
1732437787081886341,0.38627001643180847
1732437787081886341,0.38627001643180847
1732437787092517006,0.38627001643180847
1732437787092517006,0.38627001643180847
1732437787103014583,0.38627001643180847
1732437787103014583,0.38627001643180847
1732437787113643605,0.38627001643180847
1732437787113643605,0.38627001643180847
1732437787124105417,0.38627001643180847
1732437787124105417,0.38627001643180847
1732437787134359554,0.38627001643180847
1732437787134359554,0.38627001643180847
1732437787144579676,0.3507618308067322
1732437787144579676,0.3507618308067322
1732437787154894756,0.3507618308067322
1732437787154894756,0.3507618308067322
1732437787165271550,0.3507618308067322
1732437787165271550,0.3507618308067322
1732437787175669895,0.3507618308067322
1732437787175669895,0.3507618308067322
1732437787343241153,0.29361259937286377
1732437787343241153,0.29361259937286377
1732437787353465134,0.29361259937286377
1732437787353465134,0.29361259937286377
1732437787449109954,0.27370786666870117
1732437787449109954,0.27370786666870117
1732437787459598204,0.27370786666870117
1732437787459598204,0.27370786666870117
1732437787470264235,0.27370786666870117
1732437787470264235,0.27370786666870117
1732437787481053455,0.27370786666870117
1732437787481053455,0.27370786666870117
1732437787491363725,0.27370786666870117
1732437787491363725,0.27370786666870117
1732437787501862345,0.27370786666870117
1732437787501862345,0.27370786666870117
1732437787515058262,0.27370786666870117
1732437787515058262,0.27370786666870117
1732437787525614216,0.27370786666870117
1732437787525614216,0.27370786666870117
1732437787536453060,0.27370786666870117
1732437787536453060,0.27370786666870117
1732437787547129550,0.2470208704471588
1732437787547129550,0.2470208704471588
1732437787557425794,0.2470208704471588
1732437787557425794,0.2470208704471588
1732437787567660884,0.2470208704471588
1732437787567660884,0.2470208704471588
1732437787578223745,0.2470208704471588
1732437787578223745,0.2470208704471588
1732437787588706895,0.2470208704471588
1732437787588706895,0.2470208704471588
1732437787601218112,0.2470208704471588
1732437787601218112,0.2470208704471588
1732437787611733783,0.2470208704471588
1732437787611733783,0.2470208704471588
1732437787622182381,0.2470208704471588
1732437787622182381,0.2470208704471588
1732437787632578232,0.2470208704471588
1732437787632578232,0.2470208704471588
1732437787642884865,0.2184777855873108
1732437787642884865,0.2184777855873108
1732437787653123103,0.2184777855873108
1732437787653123103,0.2184777855873108
1732437787663513722,0.2184777855873108
1732437787663513722,0.2184777855873108
1732437787673757529,0.2184777855873108
1732437787673757529,0.2184777855873108
1732437787684096010,0.2184777855873108
1732437787684096010,0.2184777855873108
1732437787694530916,0.2184777855873108
1732437787694530916,0.2184777855873108
1732437787704699264,0.2184777855873108
1732437787704699264,0.2184777855873108
1732437787715018943,0.2184777855873108
1732437787715018943,0.2184777855873108
1732437787725226211,0.2184777855873108
1732437787725226211,0.2184777855873108
1732437787735340879,0.2184777855873108
1732437787735340879,0.2184777855873108
1732437787746365434,0.19974401593208313
1732437787746365434,0.19974401593208313
1732437787845009104,0.18172189593315125
1732437787845009104,0.18172189593315125
1732437787855350272,0.18172189593315125
1732437787855350272,0.18172189593315125
1732437787865835508,0.18172189593315125
1732437787865835508,0.18172189593315125
1732437787875974530,0.18172189593315125
1732437787875974530,0.18172189593315125
1732437787886892629,0.18172189593315125
1732437787886892629,0.18172189593315125
1732437787897415363,0.18172189593315125
1732437787897415363,0.18172189593315125
1732437787908255629,0.18172189593315125
1732437787908255629,0.18172189593315125
1732437787918429435,0.18172189593315125
1732437787918429435,0.18172189593315125
1732437787928858897,0.18172189593315125
1732437787928858897,0.18172189593315125
1732437787946421456,0.18172189593315125
1732437787946421456,0.18172189593315125
1732437787957043891,0.16404210031032562
1732437787957043891,0.16404210031032562
1732437787967272880,0.16404210031032562
1732437787967272880,0.16404210031032562
1732437787977476604,0.16404210031032562
1732437787977476604,0.16404210031032562
1732437787987999027,0.16404210031032562
1732437787987999027,0.16404210031032562
1732437787987999027,0.16404210031032562
1732437787987999027,0.16404210031032562
1732437788008607256,0.16404210031032562
1732437788008607256,0.16404210031032562
1732437788019117891,0.16404210031032562
1732437788019117891,0.16404210031032562
1732437788029483925,0.16404210031032562
1732437788029483925,0.16404210031032562
1732437788039948654,0.16404210031032562
1732437788039948654,0.16404210031032562
1732437788050449618,0.15247713029384613
1732437788144495200,0.1410217136144638
1732437788144495200,0.1410217136144638
1732437788154639272,0.1410217136144638
1732437788154639272,0.1410217136144638
1732437788165458397,0.1410217136144638
1732437788165458397,0.1410217136144638
1732437788176081728,0.1410217136144638
1732437788176081728,0.1410217136144638
1732437788186662914,0.1410217136144638
1732437788186662914,0.1410217136144638
1732437788197121200,0.1410217136144638
1732437788197121200,0.1410217136144638
1732437788207315291,0.1410217136144638
1732437788207315291,0.1410217136144638
1732437788217421123,0.1410217136144638
1732437788217421123,0.1410217136144638
1732437788227660505,0.1410217136144638
1732437788227660505,0.1410217136144638
1732437788237963863,0.1410217136144638
1732437788237963863,0.1410217136144638
1732437788248163869,0.12916943430900574
1732437788248163869,0.12916943430900574
1732437788258274178,0.12916943430900574
1732437788258274178,0.12916943430900574
1732437788268453586,0.12916943430900574
1732437788268453586,0.12916943430900574
1732437788278673931,0.12916943430900574
1732437788278673931,0.12916943430900574
1732437788289171879,0.12916943430900574
1732437788289171879,0.12916943430900574
1732437788299515905,0.12916943430900574
1732437788299515905,0.12916943430900574
1732437788309623148,0.12916943430900574
1732437788309623148,0.12916943430900574
1732437788321087523,0.12916943430900574
1732437788321087523,0.12916943430900574
1732437788331418202,0.12916943430900574
1732437788331418202,0.12916943430900574
1732437788341912294,0.12916943430900574
1732437788341912294,0.12916943430900574
1732437788352630812,0.11756443977355957
1732437788352630812,0.11756443977355957
1732437788445365844,0.10809817910194397
1732437788445365844,0.10809817910194397
1732437788455843627,0.10809817910194397
1732437788455843627,0.10809817910194397
1732437788466248423,0.10809817910194397
1732437788466248423,0.10809817910194397
1732437788477033706,0.10809817910194397
1732437788477033706,0.10809817910194397
1732437788487155195,0.10809817910194397
1732437788487155195,0.10809817910194397
1732437788497466240,0.10809817910194397
1732437788497466240,0.10809817910194397
1732437788507909165,0.10809817910194397
1732437788507909165,0.10809817910194397
1732437788518460272,0.10809817910194397
1732437788518460272,0.10809817910194397
1732437788528966077,0.10809817910194397
1732437788528966077,0.10809817910194397
1732437788539250700,0.10809817910194397
1732437788539250700,0.10809817910194397
1732437788549567191,0.1012062355875969
1732437788549567191,0.1012062355875969
1732437788560134961,0.1012062355875969
1732437788560134961,0.1012062355875969
1732437788570764354,0.1012062355875969
1732437788570764354,0.1012062355875969
1732437788581383343,0.1012062355875969
1732437788581383343,0.1012062355875969
1732437788591687427,0.1012062355875969
1732437788591687427,0.1012062355875969
1732437788601899234,0.1012062355875969
1732437788601899234,0.1012062355875969
1732437788612266149,0.1012062355875969
1732437788612266149,0.1012062355875969
1732437788622727771,0.1012062355875969
1732437788622727771,0.1012062355875969
1732437788632895804,0.1012062355875969
1732437788632895804,0.1012062355875969
1732437788643219935,0.09530957043170929
1732437788643219935,0.09530957043170929
1732437788653776365,0.09530957043170929
1732437788653776365,0.09530957043170929
1732437788663915767,0.09530957043170929
1732437788663915767,0.09530957043170929
1732437788674510617,0.09530957043170929
1732437788674510617,0.09530957043170929
1732437788684900224,0.09530957043170929
1732437788684900224,0.09530957043170929
1732437788695083224,0.09530957043170929
1732437788695083224,0.09530957043170929
1732437788705323129,0.09530957043170929
1732437788705323129,0.09530957043170929
1732437788715704379,0.09530957043170929
1732437788715704379,0.09530957043170929
1732437788726123551,0.09530957043170929
1732437788726123551,0.09530957043170929
1732437788737129264,0.09530957043170929
1732437788737129264,0.09530957043170929
1732437788846929118,0.08191791921854019
1732437788846929118,0.08191791921854019
1732437788857063031,0.08191791921854019
1732437788857063031,0.08191791921854019
1732437788867408656,0.08191791921854019
1732437788867408656,0.08191791921854019
1732437788877845771,0.08191791921854019
1732437788877845771,0.08191791921854019
1732437788888650428,0.08191791921854019
1732437788888650428,0.08191791921854019
1732437788898802670,0.08191791921854019
1732437788898802670,0.08191791921854019
1732437788909251767,0.08191791921854019
1732437788909251767,0.08191791921854019
1732437788919811700,0.08191791921854019
1732437788919811700,0.08191791921854019
1732437788929901033,0.08191791921854019
1732437788929901033,0.08191791921854019
1732437788940148706,0.08191791921854019
1732437788940148706,0.08191791921854019
1732437788950794981,0.07741573452949524
1732437788950794981,0.07741573452949524
1732437788961275959,0.07741573452949524
1732437788961275959,0.07741573452949524
1732437788971902255,0.07741573452949524
1732437788971902255,0.07741573452949524
1732437788982082716,0.07741573452949524
1732437788982082716,0.07741573452949524
1732437788992327926,0.07741573452949524
1732437788992327926,0.07741573452949524
1732437789002813221,0.07741573452949524
1732437789002813221,0.07741573452949524
1732437789013138056,0.07741573452949524
1732437789013138056,0.07741573452949524
1732437789023469570,0.07741573452949524
1732437789023469570,0.07741573452949524
1732437789033756698,0.07741573452949524
1732437789033756698,0.07741573452949524
1732437789043970892,0.07256732881069183
1732437789043970892,0.07256732881069183
1732437789153083613,0.07039404660463333
1732437789153083613,0.07039404660463333
1732437789163643206,0.07039404660463333
1732437789163643206,0.07039404660463333
1732437789173984193,0.07039404660463333
1732437789173984193,0.07039404660463333
1732437789184250128,0.07039404660463333
1732437789184250128,0.07039404660463333
1732437789194819463,0.07039404660463333
1732437789194819463,0.07039404660463333
1732437789205513727,0.07039404660463333
1732437789205513727,0.07039404660463333
1732437789215972673,0.07039404660463333
1732437789215972673,0.07039404660463333
1732437789226491030,0.07039404660463333
1732437789226491030,0.07039404660463333
1732437789237191114,0.07039404660463333
1732437789237191114,0.07039404660463333
1732437789247680376,0.06774870306253433
1732437789247680376,0.06774870306253433
1732437789257973081,0.06774870306253433
1732437789257973081,0.06774870306253433
1732437789268235096,0.06774870306253433
1732437789268235096,0.06774870306253433
1732437789278757763,0.06774870306253433
1732437789278757763,0.06774870306253433
1732437789289390986,0.06774870306253433
1732437789289390986,0.06774870306253433
1732437789299605899,0.06774870306253433
1732437789299605899,0.06774870306253433
1732437789309850648,0.06774870306253433
1732437789309850648,0.06774870306253433
1732437789320225915,0.06774870306253433
1732437789320225915,0.06774870306253433
1732437789330391992,0.06774870306253433
1732437789330391992,0.06774870306253433
1732437789340867306,0.06774870306253433
1732437789340867306,0.06774870306253433
1732437789340867306,0.06552156805992126
1732437789351474489,0.06552156805992126
1732437789444947197,0.05953502282500267
1732437789444947197,0.05953502282500267
1732437789455498816,0.05953502282500267
1732437789455498816,0.05953502282500267
1732437789465886620,0.05953502282500267
1732437789465886620,0.05953502282500267
1732437789476487760,0.05953502282500267
1732437789476487760,0.05953502282500267
1732437789486947200,0.05953502282500267
1732437789486947200,0.05953502282500267
1732437789497267508,0.05953502282500267
1732437789497267508,0.05953502282500267
1732437789507281329,0.05953502282500267
1732437789507281329,0.05953502282500267
1732437789517762989,0.05953502282500267
1732437789517762989,0.05953502282500267
1732437789528070684,0.05953502282500267
1732437789528070684,0.05953502282500267
1732437789538471332,0.05953502282500267
1732437789538471332,0.05953502282500267
1732437789548695434,0.05639251694083214
1732437789548695434,0.05639251694083214
1732437789558804351,0.05639251694083214
1732437789558804351,0.05639251694083214
1732437789569082130,0.05639251694083214
1732437789569082130,0.05639251694083214
1732437789579709129,0.05639251694083214
1732437789579709129,0.05639251694083214
1732437789590238929,0.05639251694083214
1732437789590238929,0.05639251694083214
1732437789600714658,0.05639251694083214
1732437789600714658,0.05639251694083214
1732437789611084289,0.05639251694083214
1732437789611084289,0.05639251694083214
1732437789621355025,0.05639251694083214
1732437789621355025,0.05639251694083214
1732437789631625732,0.05639251694083214
1732437789631625732,0.05639251694083214
1732437789642001836,0.05639251694083214
1732437789642001836,0.05639251694083214
1732437789652129437,0.05246615782380104
1732437789652129437,0.05246615782380104
1732437789662651201,0.05246615782380104
1732437789662651201,0.05246615782380104
1732437789673070553,0.05246615782380104
1732437789673070553,0.05246615782380104
1732437789683559221,0.05246615782380104
1732437789683559221,0.05246615782380104
1732437789693791852,0.05246615782380104
1732437789693791852,0.05246615782380104
1732437789704238166,0.05246615782380104
1732437789704238166,0.05246615782380104
1732437789714707843,0.05246615782380104
1732437789714707843,0.05246615782380104
1732437789725104556,0.05246615782380104
1732437789725104556,0.05246615782380104
1732437789735573147,0.05246615782380104
1732437789735573147,0.05246615782380104
1732437789748382674,0.04859768599271774
1732437789748382674,0.04859768599271774
1732437789761294182,0.04859768599271774
1732437789761294182,0.04859768599271774
1732437789844023189,0.04504883661866188
1732437789844023189,0.04504883661866188
1732437789854757899,0.04504883661866188
1732437789854757899,0.04504883661866188
1732437789865353349,0.04504883661866188
1732437789865353349,0.04504883661866188
1732437789876101120,0.04504883661866188
1732437789876101120,0.04504883661866188
1732437789886741851,0.04504883661866188
1732437789886741851,0.04504883661866188
1732437789897393321,0.04504883661866188
1732437789897393321,0.04504883661866188
1732437789907670119,0.04504883661866188
1732437789907670119,0.04504883661866188
1732437789918464229,0.04504883661866188
1732437789918464229,0.04504883661866188
1732437789932444171,0.04504883661866188
1732437789932444171,0.04504883661866188
1732437789942774599,0.042339541018009186
1732437789942774599,0.042339541018009186
1732437789952807226,0.042339541018009186
1732437789952807226,0.042339541018009186
1732437789963484628,0.042339541018009186
1732437789963484628,0.042339541018009186
1732437789973752422,0.042339541018009186
1732437789973752422,0.042339541018009186
1732437789983992361,0.042339541018009186
1732437789983992361,0.042339541018009186
1732437789994543652,0.042339541018009186
1732437789994543652,0.042339541018009186
1732437790005178204,0.042339541018009186
1732437790005178204,0.042339541018009186
1732437790016087055,0.042339541018009186
1732437790016087055,0.042339541018009186
1732437790026503456,0.042339541018009186
1732437790026503456,0.042339541018009186
1732437790036706739,0.042339541018009186
1732437790036706739,0.042339541018009186
1732437790046876030,0.039957791566848755
1732437790046876030,0.039957791566848755
1732437790150824277,0.039594199508428574
1732437790150824277,0.039594199508428574
1732437790161271852,0.039594199508428574
1732437790161271852,0.039594199508428574
1732437790171962400,0.039594199508428574
1732437790171962400,0.039594199508428574
1732437790182344684,0.039594199508428574
1732437790182344684,0.039594199508428574
1732437790192554117,0.039594199508428574
1732437790192554117,0.039594199508428574
1732437790202886248,0.039594199508428574
1732437790202886248,0.039594199508428574
1732437790213264876,0.039594199508428574
1732437790213264876,0.039594199508428574
1732437790223489579,0.039594199508428574
1732437790223489579,0.039594199508428574
1732437790234256568,0.039594199508428574
1732437790234256568,0.039594199508428574
1732437790244473796,0.04155631363391876
1732437790244473796,0.04155631363391876
1732437790254878984,0.04155631363391876
1732437790254878984,0.04155631363391876
1732437790265511542,0.04155631363391876
1732437790265511542,0.04155631363391876
1732437790276012966,0.04155631363391876
1732437790276012966,0.04155631363391876
1732437790286111396,0.04155631363391876
1732437790286111396,0.04155631363391876
1732437790296578517,0.04155631363391876
1732437790296578517,0.04155631363391876
1732437790306869144,0.04155631363391876
1732437790306869144,0.04155631363391876
1732437790317388548,0.04155631363391876
1732437790317388548,0.04155631363391876
1732437790328352265,0.04155631363391876
1732437790328352265,0.04155631363391876
1732437790338703251,0.04155631363391876
1732437790338703251,0.04155631363391876
1732437790354623944,0.04025966301560402
1732437790354623944,0.04025966301560402
1732437790448791145,0.0403129868209362
1732437790448791145,0.0403129868209362
1732437790459361544,0.0403129868209362
1732437790459361544,0.0403129868209362
1732437790469628129,0.0403129868209362
1732437790469628129,0.0403129868209362
1732437790480176933,0.0403129868209362
1732437790480176933,0.0403129868209362
1732437790490459363,0.0403129868209362
1732437790490459363,0.0403129868209362
1732437790500793507,0.0403129868209362
1732437790500793507,0.0403129868209362
1732437790512828360,0.0403129868209362
1732437790512828360,0.0403129868209362
1732437790523284381,0.0403129868209362
1732437790523284381,0.0403129868209362
1732437790533528471,0.0403129868209362
1732437790533528471,0.0403129868209362
1732437790543832671,0.039826277643442154
1732437790543832671,0.039826277643442154
1732437790554325622,0.039826277643442154
1732437790554325622,0.039826277643442154
1732437790564819242,0.039826277643442154
1732437790564819242,0.039826277643442154
1732437790575450678,0.039826277643442154
1732437790575450678,0.039826277643442154
1732437790586095821,0.039826277643442154
1732437790586095821,0.039826277643442154
1732437790596234255,0.039826277643442154
1732437790596234255,0.039826277643442154
1732437790607184094,0.039826277643442154
1732437790607184094,0.039826277643442154
1732437790617753237,0.039826277643442154
1732437790617753237,0.039826277643442154
1732437790627881451,0.039826277643442154
1732437790627881451,0.039826277643442154
1732437790638338416,0.039826277643442154
1732437790638338416,0.039826277643442154
1732437790648439678,0.04066131263971329
1732437790648439678,0.04066131263971329
1732437790658867779,0.04066131263971329
1732437790658867779,0.04066131263971329
1732437790669350930,0.04066131263971329
1732437790669350930,0.04066131263971329
1732437790679583134,0.04066131263971329
1732437790679583134,0.04066131263971329
1732437790689790528,0.04066131263971329
1732437790689790528,0.04066131263971329
1732437790700031178,0.04066131263971329
1732437790700031178,0.04066131263971329
1732437790710394969,0.04066131263971329
1732437790710394969,0.04066131263971329
1732437790720731289,0.04066131263971329
1732437790720731289,0.04066131263971329
1732437790731279223,0.04066131263971329
1732437790731279223,0.04066131263971329
1732437790742155423,0.04066131263971329
1732437790742155423,0.04066131263971329
1732437790851720618,0.04295240342617035
1732437790851720618,0.04295240342617035
1732437790862465957,0.04295240342617035
1732437790862465957,0.04295240342617035
1732437790872785105,0.04295240342617035
1732437790872785105,0.04295240342617035
1732437790883065631,0.04295240342617035
1732437790883065631,0.04295240342617035
1732437790893609875,0.04295240342617035
1732437790893609875,0.04295240342617035
1732437790903682986,0.04295240342617035
1732437790903682986,0.04295240342617035
1732437790913949858,0.04295240342617035
1732437790913949858,0.04295240342617035
1732437790924213350,0.04295240342617035
1732437790924213350,0.04295240342617035
1732437790934681850,0.04295240342617035
1732437790934681850,0.04295240342617035
1732437790944966760,0.044570442289114
1732437790944966760,0.044570442289114
1732437790955446484,0.044570442289114
1732437790955446484,0.044570442289114
1732437790966110822,0.044570442289114
1732437790966110822,0.044570442289114
1732437790976722624,0.044570442289114
1732437790976722624,0.044570442289114
1732437790986810913,0.044570442289114
1732437790986810913,0.044570442289114
1732437790997352825,0.044570442289114
1732437790997352825,0.044570442289114
1732437791007610830,0.044570442289114
1732437791007610830,0.044570442289114
1732437791017919326,0.044570442289114
1732437791017919326,0.044570442289114
1732437791028309055,0.044570442289114
1732437791028309055,0.044570442289114
1732437791038439162,0.044570442289114
1732437791038439162,0.044570442289114
1732437791052526345,0.04550338536500931
1732437791052526345,0.04550338536500931
1732437791145994586,0.045319877564907074
1732437791145994586,0.045319877564907074
1732437791156402350,0.045319877564907074
1732437791156402350,0.045319877564907074
1732437791166560710,0.045319877564907074
1732437791166560710,0.045319877564907074
1732437791177112018,0.045319877564907074
1732437791177112018,0.045319877564907074
1732437791187217330,0.045319877564907074
1732437791187217330,0.045319877564907074
1732437791197583966,0.045319877564907074
1732437791197583966,0.045319877564907074
1732437791207675279,0.045319877564907074
1732437791207675279,0.045319877564907074
1732437791218622489,0.045319877564907074
1732437791218622489,0.045319877564907074
1732437791228722070,0.045319877564907074
1732437791228722070,0.045319877564907074
1732437791239000645,0.045319877564907074
1732437791239000645,0.045319877564907074
1732437791249216783,0.04449773579835892
1732437791249216783,0.04449773579835892
1732437791259492489,0.04449773579835892
1732437791259492489,0.04449773579835892
1732437791269725959,0.04449773579835892
1732437791269725959,0.04449773579835892
1732437791280091833,0.04449773579835892
1732437791280091833,0.04449773579835892
1732437791290474819,0.04449773579835892
1732437791290474819,0.04449773579835892
1732437791301054366,0.04449773579835892
1732437791301054366,0.04449773579835892
1732437791311251950,0.04449773579835892
1732437791311251950,0.04449773579835892
1732437791321604850,0.04449773579835892
1732437791321604850,0.04449773579835892
1732437791332149877,0.04449773579835892
1732437791332149877,0.04449773579835892
1732437791342475417,0.04470868036150932
1732437791342475417,0.04470868036150932
1732437791360218998,0.04470868036150932
1732437791360218998,0.04470868036150932
1732437791444968498,0.045635052025318146
1732437791444968498,0.045635052025318146
1732437791455626335,0.045635052025318146
1732437791455626335,0.045635052025318146
1732437791466198631,0.045635052025318146
1732437791466198631,0.045635052025318146
1732437791476543519,0.045635052025318146
1732437791476543519,0.045635052025318146
1732437791486967951,0.045635052025318146
1732437791486967951,0.045635052025318146
1732437791497341290,0.045635052025318146
1732437791497341290,0.045635052025318146
1732437791507545044,0.045635052025318146
1732437791507545044,0.045635052025318146
1732437791517757124,0.045635052025318146
1732437791517757124,0.045635052025318146
1732437791528048528,0.045635052025318146
1732437791528048528,0.045635052025318146
1732437791538217717,0.045635052025318146
1732437791538217717,0.045635052025318146
1732437791548769709,0.04560031369328499
1732437791548769709,0.04560031369328499
1732437791559288826,0.04560031369328499
1732437791559288826,0.04560031369328499
1732437791569572330,0.04560031369328499
1732437791569572330,0.04560031369328499
1732437791580145197,0.04560031369328499
1732437791580145197,0.04560031369328499
1732437791590413572,0.04560031369328499
1732437791590413572,0.04560031369328499
1732437791600750868,0.04560031369328499
1732437791600750868,0.04560031369328499
1732437791611166916,0.04560031369328499
1732437791611166916,0.04560031369328499
1732437791621980876,0.04560031369328499
1732437791621980876,0.04560031369328499
1732437791632728215,0.04560031369328499
1732437791632728215,0.04560031369328499
1732437791642947649,0.0461321584880352
1732437791642947649,0.0461321584880352
1732437791652994090,0.0461321584880352
1732437791652994090,0.0461321584880352
1732437791663441047,0.0461321584880352
1732437791663441047,0.0461321584880352
1732437791673960953,0.0461321584880352
1732437791673960953,0.0461321584880352
1732437791684268462,0.0461321584880352
1732437791684268462,0.0461321584880352
1732437791694514459,0.0461321584880352
1732437791694514459,0.0461321584880352
1732437791704957508,0.0461321584880352
1732437791704957508,0.0461321584880352
1732437791715401902,0.0461321584880352
1732437791715401902,0.0461321584880352
1732437791725638319,0.0461321584880352
1732437791725638319,0.0461321584880352
1732437791737015832,0.0461321584880352
1732437791737015832,0.0461321584880352
1732437791747239360,0.04876617714762688
1732437791747239360,0.04876617714762688
1732437791758133429,0.04876617714762688
1732437791758133429,0.04876617714762688
1732437791852685174,0.049440305680036545
1732437791852685174,0.049440305680036545
1732437791862836140,0.049440305680036545
1732437791862836140,0.049440305680036545
1732437791873386115,0.049440305680036545
1732437791873386115,0.049440305680036545
1732437791883682662,0.049440305680036545
1732437791883682662,0.049440305680036545
1732437791894292701,0.049440305680036545
1732437791894292701,0.049440305680036545
1732437791904888102,0.049440305680036545
1732437791904888102,0.049440305680036545
1732437791915129997,0.049440305680036545
1732437791915129997,0.049440305680036545
1732437791925412486,0.049440305680036545
1732437791925412486,0.049440305680036545
1732437791935722558,0.049440305680036545
1732437791935722558,0.049440305680036545
1732437791947015060,0.04899927228689194
1732437791947015060,0.04899927228689194
1732437791957397159,0.04899927228689194
1732437791957397159,0.04899927228689194
1732437791967764436,0.04899927228689194
1732437791967764436,0.04899927228689194
1732437791977851781,0.04899927228689194
1732437791977851781,0.04899927228689194
1732437791988322962,0.04899927228689194
1732437791988322962,0.04899927228689194
1732437791998448254,0.04899927228689194
1732437791998448254,0.04899927228689194
1732437792009074031,0.04899927228689194
1732437792009074031,0.04899927228689194
1732437792019685769,0.04899927228689194
1732437792019685769,0.04899927228689194
1732437792030095199,0.04899927228689194
1732437792030095199,0.04899927228689194
1732437792040257977,0.04899927228689194
1732437792040257977,0.04899927228689194
1732437792052343334,0.052183959633111954
1732437792052343334,0.052183959633111954
1732437792062829303,0.052183959633111954
1732437792062829303,0.052183959633111954
1732437792145507765,0.05102024972438812
1732437792145507765,0.05102024972438812
1732437792156400592,0.05102024972438812
1732437792156400592,0.05102024972438812
1732437792166897648,0.05102024972438812
1732437792166897648,0.05102024972438812
1732437792177254638,0.05102024972438812
1732437792177254638,0.05102024972438812
1732437792187284275,0.05102024972438812
1732437792187284275,0.05102024972438812
1732437792197784171,0.05102024972438812
1732437792197784171,0.05102024972438812
1732437792207950217,0.05102024972438812
1732437792207950217,0.05102024972438812
1732437792218171643,0.05102024972438812
1732437792218171643,0.05102024972438812
1732437792228243554,0.05102024972438812
1732437792228243554,0.05102024972438812
1732437792238374921,0.05102024972438812
1732437792238374921,0.05102024972438812
1732437792248768768,0.0512901172041893
1732437792248768768,0.0512901172041893
1732437792259674565,0.0512901172041893
1732437792259674565,0.0512901172041893
1732437792269895088,0.0512901172041893
1732437792269895088,0.0512901172041893
1732437792280516979,0.0512901172041893
1732437792280516979,0.0512901172041893
1732437792291030154,0.0512901172041893
1732437792291030154,0.0512901172041893
1732437792301208132,0.0512901172041893
1732437792301208132,0.0512901172041893
1732437792312215799,0.0512901172041893
1732437792312215799,0.0512901172041893
1732437792322620874,0.0512901172041893
1732437792322620874,0.0512901172041893
1732437792333099228,0.0512901172041893
1732437792333099228,0.0512901172041893
1732437792343228084,0.05253826826810837
1732437792343228084,0.05253826826810837
1732437792353325370,0.05253826826810837
1732437792353325370,0.05253826826810837
1732437792363584777,0.05253826826810837
1732437792363584777,0.05253826826810837
1732437792374286725,0.05253826826810837
1732437792374286725,0.05253826826810837
1732437792384819589,0.05253826826810837
1732437792384819589,0.05253826826810837
1732437792395125409,0.05253826826810837
1732437792395125409,0.05253826826810837
1732437792405417566,0.05253826826810837
1732437792405417566,0.05253826826810837
1732437792415808931,0.05253826826810837
1732437792415808931,0.05253826826810837
1732437792426427799,0.05253826826810837
1732437792426427799,0.05253826826810837
1732437792436508964,0.05253826826810837
1732437792436508964,0.05253826826810837
1732437792549002143,0.0553363673388958
1732437792549002143,0.0553363673388958
1732437792559449609,0.0553363673388958
1732437792559449609,0.0553363673388958
1732437792569599854,0.0553363673388958
1732437792569599854,0.0553363673388958
1732437792580122470,0.0553363673388958
1732437792580122470,0.0553363673388958
1732437792590505626,0.0553363673388958
1732437792590505626,0.0553363673388958
1732437792600840604,0.0553363673388958
1732437792600840604,0.0553363673388958
1732437792611298970,0.0553363673388958
1732437792611298970,0.0553363673388958
1732437792621616071,0.0553363673388958
1732437792621616071,0.0553363673388958
1732437792632452141,0.0553363673388958
1732437792632452141,0.0553363673388958
1732437792642843114,0.0553363673388958
1732437792642843114,0.054531265050172806
1732437792654008361,0.054531265050172806
1732437792654008361,0.054531265050172806
1732437792664802851,0.054531265050172806
1732437792664802851,0.054531265050172806
1732437792674888415,0.054531265050172806
1732437792674888415,0.054531265050172806
1732437792685319721,0.054531265050172806
1732437792685319721,0.054531265050172806
1732437792695883552,0.054531265050172806
1732437792695883552,0.054531265050172806
1732437792706421156,0.054531265050172806
1732437792706421156,0.054531265050172806
1732437792717164370,0.054531265050172806
1732437792717164370,0.054531265050172806
1732437792727562462,0.054531265050172806
1732437792727562462,0.054531265050172806
1732437792737913008,0.054531265050172806
1732437792737913008,0.054531265050172806
1732437792748351142,0.05671409144997597
1732437792748351142,0.05671409144997597
1732437792758712657,0.05671409144997597
1732437792758712657,0.05671409144997597
1732437792769271837,0.05671409144997597
1732437792769271837,0.05671409144997597
1732437792779563998,0.05671409144997597
1732437792779563998,0.05671409144997597
1732437792790014356,0.05671409144997597
1732437792790014356,0.05671409144997597
1732437792800093843,0.05671409144997597
1732437792800093843,0.05671409144997597
1732437792810359472,0.05671409144997597
1732437792810359472,0.05671409144997597
1732437792820486660,0.05671409144997597
1732437792820486660,0.05671409144997597
1732437792830971924,0.05671409144997597
1732437792830971924,0.05671409144997597
1732437792841457215,0.05671409144997597
1732437792841457215,0.05671409144997597
1732437792852024854,0.05874745920300484
1732437792852024854,0.05874745920300484
1732437792862249817,0.05874745920300484
1732437792862249817,0.05874745920300484
1732437792872531124,0.05874745920300484
1732437792872531124,0.05874745920300484
1732437792882903079,0.05874745920300484
1732437792882903079,0.05874745920300484
1732437792893164832,0.05874745920300484
1732437792893164832,0.05874745920300484
1732437792904655565,0.05874745920300484
1732437792904655565,0.05874745920300484
1732437792915087442,0.05874745920300484
1732437792915087442,0.05874745920300484
1732437792925886590,0.05874745920300484
1732437792925886590,0.05874745920300484
1732437792936363802,0.05874745920300484
1732437792936363802,0.05874745920300484
1732437792946585910,0.06085046008229256
1732437792946585910,0.06085046008229256
1732437792957090801,0.06085046008229256
1732437792957090801,0.06085046008229256
1732437792967208726,0.06085046008229256
1732437792967208726,0.06085046008229256
1732437792977251718,0.06085046008229256
1732437792977251718,0.06085046008229256
1732437792987578600,0.06085046008229256
1732437792987578600,0.06085046008229256
1732437792998175439,0.06085046008229256
1732437792998175439,0.06085046008229256
1732437793008719432,0.06085046008229256
1732437793008719432,0.06085046008229256
1732437793019473038,0.06085046008229256
1732437793019473038,0.06085046008229256
1732437793030147767,0.06085046008229256
1732437793030147767,0.06085046008229256
1732437793040315452,0.06085046008229256
1732437793040315452,0.06085046008229256
1732437793050910623,0.06233926862478256
1732437793050910623,0.06233926862478256
1732437793061304399,0.06233926862478256
1732437793061304399,0.06233926862478256
1732437793072019552,0.06233926862478256
1732437793072019552,0.06233926862478256
1732437793082397690,0.06233926862478256
1732437793082397690,0.06233926862478256
1732437793092778109,0.06233926862478256
1732437793092778109,0.06233926862478256
1732437793103100262,0.06233926862478256
1732437793103100262,0.06233926862478256
1732437793113238435,0.06233926862478256
1732437793113238435,0.06233926862478256
1732437793123794326,0.06233926862478256
1732437793123794326,0.06233926862478256
1732437793135057376,0.06233926862478256
1732437793135057376,0.06233926862478256
1732437793145633000,0.06230703368782997
1732437793145633000,0.06230703368782997
1732437793155857975,0.06230703368782997
1732437793155857975,0.06230703368782997
1732437793166338080,0.06230703368782997
1732437793166338080,0.06230703368782997
1732437793176522527,0.06230703368782997
1732437793176522527,0.06230703368782997
1732437793187195744,0.06230703368782997
1732437793187195744,0.06230703368782997
1732437793197384842,0.06230703368782997
1732437793197384842,0.06230703368782997
1732437793207469082,0.06230703368782997
1732437793207469082,0.06230703368782997
1732437793217756441,0.06230703368782997
1732437793217756441,0.06230703368782997
1732437793228306247,0.06230703368782997
1732437793228306247,0.06230703368782997
1732437793238743401,0.06230703368782997
1732437793238743401,0.06230703368782997
1732437793251050562,0.06414911895990372
1732437793251050562,0.06414911895990372
1732437793347004647,0.07006441801786423
1732437793347004647,0.07006441801786423
1732437793357507745,0.07006441801786423
1732437793357507745,0.07006441801786423
1732437793367752267,0.07006441801786423
1732437793367752267,0.07006441801786423
1732437793378206876,0.07006441801786423
1732437793378206876,0.07006441801786423
1732437793388787940,0.07006441801786423
1732437793388787940,0.07006441801786423
1732437793399126454,0.07006441801786423
1732437793399126454,0.07006441801786423
1732437793409463245,0.07006441801786423
1732437793409463245,0.07006441801786423
1732437793419734724,0.07006441801786423
1732437793419734724,0.07006441801786423
1732437793429838031,0.07006441801786423
1732437793429838031,0.07006441801786423
1732437793440074726,0.07006441801786423
1732437793440074726,0.07006441801786423
1732437793450243136,0.07108154892921448
1732437793450243136,0.07108154892921448
1732437793460734664,0.07108154892921448
1732437793460734664,0.07108154892921448
1732437793471130925,0.07108154892921448
1732437793471130925,0.07108154892921448
1732437793481417663,0.07108154892921448
1732437793481417663,0.07108154892921448
1732437793491891638,0.07108154892921448
1732437793491891638,0.07108154892921448
1732437793502549354,0.07108154892921448
1732437793502549354,0.07108154892921448
1732437793512895343,0.07108154892921448
1732437793512895343,0.07108154892921448
1732437793523527402,0.07108154892921448
1732437793523527402,0.07108154892921448
1732437793534102274,0.07108154892921448
1732437793534102274,0.07108154892921448
1732437793546780333,0.0803181603550911
1732437793546780333,0.0803181603550911
1732437793556898496,0.0803181603550911
1732437793556898496,0.0803181603550911
1732437793567226191,0.0803181603550911
1732437793567226191,0.0803181603550911
1732437793577412061,0.0803181603550911
1732437793577412061,0.0803181603550911
1732437793587615092,0.0803181603550911
1732437793587615092,0.0803181603550911
1732437793597803008,0.0803181603550911
1732437793597803008,0.0803181603550911
1732437793608021390,0.0803181603550911
1732437793608021390,0.0803181603550911
1732437793618301235,0.0803181603550911
1732437793618301235,0.0803181603550911
1732437793628938474,0.0803181603550911
1732437793628938474,0.0803181603550911
1732437793639076516,0.0803181603550911
1732437793639076516,0.0803181603550911
1732437793649402927,0.07689365744590759
1732437793649402927,0.07689365744590759
1732437793659732133,0.07689365744590759
1732437793659732133,0.07689365744590759
1732437793670029832,0.07689365744590759
1732437793670029832,0.07689365744590759
1732437793680623970,0.07689365744590759
1732437793680623970,0.07689365744590759
1732437793690711629,0.07689365744590759
1732437793690711629,0.07689365744590759
1732437793701208235,0.07689365744590759
1732437793701208235,0.07689365744590759
1732437793711524128,0.07689365744590759
1732437793711524128,0.07689365744590759
1732437793721752314,0.07689365744590759
1732437793721752314,0.07689365744590759
1732437793732097955,0.07689365744590759
1732437793732097955,0.07689365744590759
1732437793742588783,0.07689365744590759
1732437793742588783,0.07689365744590759
1732437793758590390,0.07241767644882202
1732437793758590390,0.07241767644882202
1732437793852896253,0.08119554817676544
1732437793852896253,0.08119554817676544
1732437793863136612,0.08119554817676544
1732437793863136612,0.08119554817676544
1732437793873757179,0.08119554817676544
1732437793873757179,0.08119554817676544
1732437793884419679,0.08119554817676544
1732437793884419679,0.08119554817676544
1732437793894481309,0.08119554817676544
1732437793894481309,0.08119554817676544
1732437793904836113,0.08119554817676544
1732437793904836113,0.08119554817676544
1732437793915496995,0.08119554817676544
1732437793915496995,0.08119554817676544
1732437793925925448,0.08119554817676544
1732437793925925448,0.08119554817676544
1732437793936186729,0.08119554817676544
1732437793936186729,0.08119554817676544
1732437793947689604,0.08216620236635208
1732437793947689604,0.08216620236635208
1732437793959066837,0.08216620236635208
1732437793959066837,0.08216620236635208
1732437793969411070,0.08216620236635208
1732437793969411070,0.08216620236635208
1732437793979944447,0.08216620236635208
1732437793979944447,0.08216620236635208
1732437793990225825,0.08216620236635208
1732437793990225825,0.08216620236635208
1732437794000580318,0.08216620236635208
1732437794000580318,0.08216620236635208
1732437794010844923,0.08216620236635208
1732437794010844923,0.08216620236635208
1732437794021251194,0.08216620236635208
1732437794021251194,0.08216620236635208
1732437794035443003,0.08216620236635208
1732437794035443003,0.08216620236635208
1732437794045910036,0.07523273676633835
1732437794045910036,0.07523273676633835
1732437794056377660,0.07523273676633835
1732437794056377660,0.07523273676633835
1732437794066533315,0.07523273676633835
1732437794066533315,0.07523273676633835
1732437794077060149,0.07523273676633835
1732437794077060149,0.07523273676633835
1732437794087330966,0.07523273676633835
1732437794087330966,0.07523273676633835
1732437794097729492,0.07523273676633835
1732437794097729492,0.07523273676633835
1732437794108047708,0.07523273676633835
1732437794108047708,0.07523273676633835
1732437794118532494,0.07523273676633835
1732437794118532494,0.07523273676633835
1732437794128921522,0.07523273676633835
1732437794128921522,0.07523273676633835
1732437794139480044,0.07523273676633835
1732437794139480044,0.07523273676633835
1732437794149940987,0.07217248529195786
1732437794149940987,0.07217248529195786
1732437794243377076,0.08290180563926697
1732437794243377076,0.08290180563926697
1732437794253950245,0.08290180563926697
1732437794253950245,0.08290180563926697
1732437794264167153,0.08290180563926697
1732437794264167153,0.08290180563926697
1732437794274461626,0.08290180563926697
1732437794274461626,0.08290180563926697
1732437794284660641,0.08290180563926697
1732437794284660641,0.08290180563926697
1732437794295256173,0.08290180563926697
1732437794295256173,0.08290180563926697
1732437794305550545,0.08290180563926697
1732437794305550545,0.08290180563926697
1732437794315852782,0.08290180563926697
1732437794315852782,0.08290180563926697
1732437794326108752,0.08290180563926697
1732437794326108752,0.08290180563926697
1732437794336381512,0.08290180563926697
1732437794336381512,0.08290180563926697
1732437794346945147,0.08459004014730453
1732437794346945147,0.08459004014730453
1732437794357276016,0.08459004014730453
1732437794357276016,0.08459004014730453
1732437794367500339,0.08459004014730453
1732437794367500339,0.08459004014730453
1732437794377940066,0.08459004014730453
1732437794377940066,0.08459004014730453
1732437794388762944,0.08459004014730453
1732437794388762944,0.08459004014730453
1732437794399159322,0.08459004014730453
1732437794399159322,0.08459004014730453
1732437794409532780,0.08459004014730453
1732437794409532780,0.08459004014730453
1732437794420137801,0.08459004014730453
1732437794420137801,0.08459004014730453
1732437794430296103,0.08459004014730453
1732437794430296103,0.08459004014730453
1732437794440713714,0.08459004014730453
1732437794440713714,0.08459004014730453
1732437794450814326,0.09239386767148972
1732437794450814326,0.09239386767148972
1732437794461351159,0.09239386767148972
1732437794461351159,0.09239386767148972
1732437794750613225,0.09666524827480316
1732437794750613225,0.09666524827480316
1732437794953241558,0.10226083546876907
1732437794953241558,0.10226083546876907
1732437794963700566,0.10226083546876907
1732437794963700566,0.10226083546876907
1732437794974162500,0.10226083546876907
1732437794974162500,0.10226083546876907
1732437794984517194,0.10226083546876907
1732437794984517194,0.10226083546876907
1732437795047708905,0.11594592779874802
1732437795047708905,0.11594592779874802
1732437795058755923,0.11594592779874802
1732437795058755923,0.11594592779874802
1732437795068922465,0.11594592779874802
1732437795068922465,0.11594592779874802
1732437795079165927,0.11594592779874802
1732437795079165927,0.11594592779874802
1732437795089551368,0.11594592779874802
1732437795089551368,0.11594592779874802
1732437795099837294,0.11594592779874802
1732437795099837294,0.11594592779874802
1732437795110216966,0.11594592779874802
1732437795110216966,0.11594592779874802
1732437795120461425,0.11594592779874802
1732437795120461425,0.11594592779874802
1732437795130774708,0.11594592779874802
1732437795130774708,0.11594592779874802
1732437795141112355,0.11594592779874802
1732437795141112355,0.11594592779874802
1732437795151525405,0.11232004314661026
1732437795151525405,0.11232004314661026
1732437795162169971,0.11232004314661026
1732437795162169971,0.11232004314661026
1732437795172256257,0.11232004314661026
1732437795172256257,0.11232004314661026
1732437795182776769,0.11232004314661026
1732437795182776769,0.11232004314661026
1732437795193231376,0.11232004314661026
1732437795193231376,0.11232004314661026
1732437795203517786,0.11232004314661026
1732437795203517786,0.11232004314661026
1732437795213674383,0.11232004314661026
1732437795213674383,0.11232004314661026
1732437795224106570,0.11232004314661026
1732437795224106570,0.11232004314661026
1732437795234300948,0.11232004314661026
1732437795234300948,0.11232004314661026
1732437795244700592,0.11080750077962875
1732437795244700592,0.11080750077962875
1732437795255256533,0.11080750077962875
1732437795255256533,0.11080750077962875
1732437795265675507,0.11080750077962875
1732437795265675507,0.11080750077962875
1732437795275978525,0.11080750077962875
1732437795275978525,0.11080750077962875
1732437795286440239,0.11080750077962875
1732437795286440239,0.11080750077962875
1732437795297010400,0.11080750077962875
1732437795297010400,0.11080750077962875
1732437795307642092,0.11080750077962875
1732437795307642092,0.11080750077962875
1732437795317956759,0.11080750077962875
1732437795317956759,0.11080750077962875
1732437795328578583,0.11080750077962875
1732437795328578583,0.11080750077962875
1732437795339089576,0.11080750077962875
1732437795339089576,0.11080750077962875
1732437795349396603,0.13130924105644226
1732437795349396603,0.13130924105644226
1732437795360073035,0.13130924105644226
1732437795360073035,0.13130924105644226
1732437795370617300,0.13130924105644226
1732437795370617300,0.13130924105644226
1732437795380864946,0.13130924105644226
1732437795380864946,0.13130924105644226
1732437795443051381,0.12283985316753387
1732437795443051381,0.12283985316753387
1732437795453413909,0.12283985316753387
1732437795453413909,0.12283985316753387
1732437795464152055,0.12283985316753387
1732437795464152055,0.12283985316753387
1732437795474408975,0.12283985316753387
1732437795474408975,0.12283985316753387
1732437795484989422,0.12283985316753387
1732437795484989422,0.12283985316753387
1732437795495248435,0.12283985316753387
1732437795495248435,0.12283985316753387
1732437795505520720,0.12283985316753387
1732437795505520720,0.12283985316753387
1732437795515916851,0.12283985316753387
1732437795515916851,0.12283985316753387
1732437795526589595,0.12283985316753387
1732437795526589595,0.12283985316753387
1732437795537216806,0.12283985316753387
1732437795537216806,0.12283985316753387
1732437795547371840,0.11236760020256042
1732437795547371840,0.11236760020256042
1732437795557560345,0.11236760020256042
1732437795557560345,0.11236760020256042
1732437795567971294,0.11236760020256042
1732437795567971294,0.11236760020256042
1732437795578336338,0.11236760020256042
1732437795578336338,0.11236760020256042
1732437795588718584,0.11236760020256042
1732437795588718584,0.11236760020256042
1732437795599053843,0.11236760020256042
1732437795599053843,0.11236760020256042
1732437795609172369,0.11236760020256042
1732437795609172369,0.11236760020256042
1732437795619616459,0.11236760020256042
1732437795619616459,0.11236760020256042
1732437795630540070,0.11236760020256042
1732437795630540070,0.11236760020256042
1732437795640873985,0.11236760020256042
1732437795640873985,0.11236760020256042
1732437795651274584,0.1214396134018898
1732437795651274584,0.1214396134018898
1732437795662195712,0.1214396134018898
1732437795662195712,0.1214396134018898
1732437795672404264,0.1214396134018898
1732437795672404264,0.1214396134018898
1732437795683035121,0.1214396134018898
1732437795683035121,0.1214396134018898
1732437795693522522,0.1214396134018898
1732437795693522522,0.1214396134018898
1732437795703908414,0.1214396134018898
1732437795703908414,0.1214396134018898
1732437795714278599,0.1214396134018898
1732437795714278599,0.1214396134018898
1732437795724887765,0.1214396134018898
1732437795724887765,0.1214396134018898
1732437795735408193,0.1214396134018898
1732437795735408193,0.1214396134018898
1732437795745705772,0.11033575236797333
1732437795745705772,0.11033575236797333
1732437795755945075,0.11033575236797333
1732437795755945075,0.11033575236797333
1732437795766258803,0.11033575236797333
1732437795766258803,0.11033575236797333
1732437795776550220,0.11033575236797333
1732437795776550220,0.11033575236797333
1732437795786824275,0.11033575236797333
1732437795786824275,0.11033575236797333
1732437795797336691,0.11033575236797333
1732437795797336691,0.11033575236797333
1732437795807445469,0.11033575236797333
1732437795807445469,0.11033575236797333
1732437795817846500,0.11033575236797333
1732437795817846500,0.11033575236797333
1732437795828053981,0.11033575236797333
1732437795828053981,0.11033575236797333
1732437795838585399,0.11033575236797333
1732437795838585399,0.11033575236797333
1732437795849324698,0.12335347384214401
1732437795849324698,0.12335347384214401
1732437795859886608,0.12335347384214401
1732437795859886608,0.12335347384214401
1732437795870299561,0.12335347384214401
1732437795870299561,0.12335347384214401
1732437795880476585,0.12335347384214401
1732437795880476585,0.12335347384214401
1732437795942800548,0.12522713840007782
1732437795942800548,0.12522713840007782
1732437795952921979,0.12522713840007782
1732437795952921979,0.12522713840007782
1732437795963289657,0.12522713840007782
1732437795963289657,0.12522713840007782
1732437795973769454,0.12522713840007782
1732437795973769454,0.12522713840007782
1732437795984142071,0.12522713840007782
1732437795984142071,0.12522713840007782
1732437795994728688,0.12522713840007782
1732437795994728688,0.12522713840007782
1732437796004923214,0.12522713840007782
1732437796004923214,0.12522713840007782
1732437796015754082,0.12522713840007782
1732437796015754082,0.12522713840007782
1732437796026211919,0.12522713840007782
1732437796026211919,0.12522713840007782
1732437796036567151,0.12522713840007782
1732437796036567151,0.12522713840007782
1732437796047114237,0.11096490174531937
1732437796047114237,0.11096490174531937
1732437796057506340,0.11096490174531937
1732437796057506340,0.11096490174531937
1732437796068620845,0.11096490174531937
1732437796068620845,0.11096490174531937
1732437796079041953,0.11096490174531937
1732437796079041953,0.11096490174531937
1732437796090569122,0.11096490174531937
1732437796090569122,0.11096490174531937
1732437796100957842,0.11096490174531937
1732437796100957842,0.11096490174531937
1732437796113391066,0.11096490174531937
1732437796113391066,0.11096490174531937
1732437796124658546,0.11096490174531937
1732437796124658546,0.11096490174531937
1732437796134835060,0.11096490174531937
1732437796134835060,0.11096490174531937
1732437796145401577,0.09933183342218399
1732437796145401577,0.09933183342218399
1732437796252210580,0.08836924284696579
1732437796252210580,0.08836924284696579
1732437796262668355,0.08836924284696579
1732437796262668355,0.08836924284696579
1732437796273325723,0.08836924284696579
1732437796273325723,0.08836924284696579
1732437796283765224,0.08836924284696579
1732437796283765224,0.08836924284696579
1732437796294442187,0.08836924284696579
1732437796294442187,0.08836924284696579
1732437796305165565,0.08836924284696579
1732437796305165565,0.08836924284696579
1732437796315399757,0.08836924284696579
1732437796315399757,0.08836924284696579
1732437796326069265,0.08836924284696579
1732437796326069265,0.08836924284696579
1732437796336593475,0.08836924284696579
1732437796336593475,0.08836924284696579
1732437796346993133,0.07992693036794662
1732437796346993133,0.07992693036794662
1732437796357536144,0.07992693036794662
1732437796357536144,0.07992693036794662
1732437796367676915,0.07992693036794662
1732437796367676915,0.07992693036794662
1732437796378167020,0.07992693036794662
1732437796378167020,0.07992693036794662
1732437796388306295,0.07992693036794662
1732437796388306295,0.07992693036794662
1732437796398532230,0.07992693036794662
1732437796398532230,0.07992693036794662
1732437796408946185,0.07992693036794662
1732437796408946185,0.07992693036794662
1732437796418989101,0.07992693036794662
1732437796418989101,0.07992693036794662
1732437796429265872,0.07992693036794662
1732437796429265872,0.07992693036794662
1732437796439700194,0.07992693036794662
1732437796439700194,0.07992693036794662
1732437796452691554,0.0734637901186943
1732437796452691554,0.0734637901186943
1732437796546319444,0.067679762840271
1732437796546319444,0.067679762840271
1732437796556843533,0.067679762840271
1732437796556843533,0.067679762840271
1732437796566889904,0.067679762840271
1732437796566889904,0.067679762840271
1732437796576974453,0.067679762840271
1732437796576974453,0.067679762840271
1732437796587114002,0.067679762840271
1732437796587114002,0.067679762840271
1732437796597193045,0.067679762840271
1732437796597193045,0.067679762840271
1732437796607477930,0.067679762840271
1732437796607477930,0.067679762840271
1732437796617618959,0.067679762840271
1732437796617618959,0.067679762840271
1732437796627837250,0.067679762840271
1732437796627837250,0.067679762840271
1732437796638519868,0.067679762840271
1732437796638519868,0.067679762840271
1732437796649115694,0.06275253742933273
1732437796649115694,0.06275253742933273
1732437796659422851,0.06275253742933273
1732437796659422851,0.06275253742933273
1732437796669833319,0.06275253742933273
1732437796669833319,0.06275253742933273
1732437796680118795,0.06275253742933273
1732437796680118795,0.06275253742933273
1732437796690668130,0.06275253742933273
1732437796690668130,0.06275253742933273
1732437796700850927,0.06275253742933273
1732437796700850927,0.06275253742933273
1732437796711394662,0.06275253742933273
1732437796711394662,0.06275253742933273
1732437796721812023,0.06275253742933273
1732437796721812023,0.06275253742933273
1732437796732211261,0.06275253742933273
1732437796732211261,0.06275253742933273
1732437796742448598,0.057614948600530624
1732437796742448598,0.057614948600530624
1732437796752843767,0.057614948600530624
1732437796752843767,0.057614948600530624
1732437796763485935,0.057614948600530624
1732437796763485935,0.057614948600530624
1732437796773981562,0.057614948600530624
1732437796773981562,0.057614948600530624
1732437796784553570,0.057614948600530624
1732437796784553570,0.057614948600530624
1732437796794663250,0.057614948600530624
1732437796794663250,0.057614948600530624
1732437796805201284,0.057614948600530624
1732437796805201284,0.057614948600530624
1732437796815839015,0.057614948600530624
1732437796815839015,0.057614948600530624
1732437796826989947,0.057614948600530624
1732437796826989947,0.057614948600530624
1732437796837114985,0.057614948600530624
1732437796837114985,0.057614948600530624
1732437796847210348,0.05335986986756325
1732437796847210348,0.05335986986756325
1732437796857289592,0.05335986986756325
1732437796857289592,0.05335986986756325
1732437796867819178,0.05335986986756325
1732437796867819178,0.05335986986756325
1732437796878483256,0.05335986986756325
1732437796878483256,0.05335986986756325
1732437796888929275,0.05335986986756325
1732437796888929275,0.05335986986756325
1732437796899171300,0.05335986986756325
1732437796899171300,0.05335986986756325
1732437796909498503,0.05335986986756325
1732437796909498503,0.05335986986756325
1732437796920145541,0.05335986986756325
1732437796920145541,0.05335986986756325
1732437796930996798,0.05335986986756325
1732437796930996798,0.05335986986756325
1732437796941416732,0.05335986986756325
1732437796941416732,0.05335986986756325
1732437796953253949,0.04984798654913902
1732437796953253949,0.04984798654913902
1732437796963574180,0.04984798654913902
1732437796963574180,0.04984798654913902
1732437796974143534,0.04984798654913902
1732437796974143534,0.04984798654913902
1732437796984778549,0.04984798654913902
1732437796984778549,0.04984798654913902
1732437796994911461,0.04984798654913902
1732437796994911461,0.04984798654913902
1732437797005104386,0.04984798654913902
1732437797005104386,0.04984798654913902
1732437797015434375,0.04984798654913902
1732437797015434375,0.04984798654913902
1732437797025668165,0.04984798654913902
1732437797025668165,0.04984798654913902
1732437797035878942,0.04984798654913902
1732437797035878942,0.04984798654913902
1732437797047487936,0.046653978526592255
1732437797047487936,0.046653978526592255
1732437797057874680,0.046653978526592255
1732437797057874680,0.046653978526592255
1732437797068333258,0.046653978526592255
1732437797068333258,0.046653978526592255
1732437797078777295,0.046653978526592255
1732437797078777295,0.046653978526592255
1732437797088897799,0.046653978526592255
1732437797088897799,0.046653978526592255
1732437797099260318,0.046653978526592255
1732437797099260318,0.046653978526592255
1732437797109780529,0.046653978526592255
1732437797109780529,0.046653978526592255
1732437797120243967,0.046653978526592255
1732437797120243967,0.046653978526592255
1732437797131785043,0.046653978526592255
1732437797131785043,0.046653978526592255
1732437797141889113,0.045391786843538284
1732437797141889113,0.045391786843538284
1732437797152788639,0.045391786843538284
1732437797152788639,0.045391786843538284
1732437797163745442,0.045391786843538284
1732437797163745442,0.045391786843538284
1732437797174386198,0.045391786843538284
1732437797174386198,0.045391786843538284
1732437797184967423,0.045391786843538284
1732437797184967423,0.045391786843538284
1732437797195610743,0.045391786843538284
1732437797195610743,0.045391786843538284
1732437797205879075,0.045391786843538284
1732437797205879075,0.045391786843538284
1732437797216338446,0.045391786843538284
1732437797216338446,0.045391786843538284
1732437797226748114,0.045391786843538284
1732437797226748114,0.045391786843538284
1732437797237366627,0.045391786843538284
1732437797237366627,0.045391786843538284
1732437797252525252,0.04397478699684143
1732437797252525252,0.04397478699684143
1732437797345666620,0.04232114180922508
1732437797345666620,0.04232114180922508
1732437797355982392,0.04232114180922508
1732437797355982392,0.04232114180922508
1732437797366543771,0.04232114180922508
1732437797366543771,0.04232114180922508
1732437797377799578,0.04232114180922508
1732437797377799578,0.04232114180922508
1732437797387933703,0.04232114180922508
1732437797387933703,0.04232114180922508
1732437797398292667,0.04232114180922508
1732437797398292667,0.04232114180922508
1732437797408709757,0.04232114180922508
1732437797408709757,0.04232114180922508
1732437797419009971,0.04232114180922508
1732437797419009971,0.04232114180922508
1732437797429420239,0.04232114180922508
1732437797429420239,0.04232114180922508
1732437797440051056,0.04232114180922508
1732437797440051056,0.04232114180922508
1732437797450894589,0.04130946472287178
1732437797450894589,0.04130946472287178
1732437797461189458,0.04130946472287178
1732437797461189458,0.04130946472287178
1732437797471712490,0.04130946472287178
1732437797471712490,0.04130946472287178
1732437797482205991,0.04130946472287178
1732437797482205991,0.04130946472287178
1732437797492721372,0.04130946472287178
1732437797492721372,0.04130946472287178
1732437797502847154,0.04130946472287178
1732437797502847154,0.04130946472287178
1732437797513257022,0.04130946472287178
1732437797513257022,0.04130946472287178
1732437797523950385,0.04130946472287178
1732437797523950385,0.04130946472287178
1732437797534241298,0.04130946472287178
1732437797534241298,0.04130946472287178
1732437797544438293,0.0402076281607151
1732437797544438293,0.0402076281607151
1732437797557235895,0.0402076281607151
1732437797557235895,0.0402076281607151
1732437797567740577,0.0402076281607151
1732437797567740577,0.0402076281607151
1732437797578065738,0.0402076281607151
1732437797578065738,0.0402076281607151
1732437797588632185,0.0402076281607151
1732437797588632185,0.0402076281607151
1732437797599018247,0.0402076281607151
1732437797599018247,0.0402076281607151
1732437797609547336,0.0402076281607151
1732437797609547336,0.0402076281607151
1732437797619702260,0.0402076281607151
1732437797619702260,0.0402076281607151
1732437797630071011,0.0402076281607151
1732437797630071011,0.0402076281607151
1732437797640497650,0.0402076281607151
1732437797640497650,0.0402076281607151
1732437797650741068,0.03980911523103714
1732437797650741068,0.03980911523103714
1732437797660987662,0.03980911523103714
1732437797660987662,0.03980911523103714
1732437797671225330,0.03980911523103714
1732437797671225330,0.03980911523103714
1732437797681603347,0.03980911523103714
1732437797681603347,0.03980911523103714
1732437797691946451,0.03980911523103714
1732437797691946451,0.03980911523103714
1732437797702692692,0.03980911523103714
1732437797702692692,0.03980911523103714
1732437797712831998,0.03980911523103714
1732437797712831998,0.03980911523103714
1732437797723694215,0.03980911523103714
1732437797723694215,0.03980911523103714
1732437797734323981,0.03980911523103714
1732437797734323981,0.03980911523103714
1732437797744682873,0.03918217867612839
1732437797744682873,0.03918217867612839
1732437797754727391,0.03918217867612839
1732437797754727391,0.03918217867612839
1732437797765265717,0.03918217867612839
1732437797765265717,0.03918217867612839
1732437797775413907,0.03918217867612839
1732437797775413907,0.03918217867612839
1732437797786375098,0.03918217867612839
1732437797786375098,0.03918217867612839
1732437797796789965,0.03918217867612839
1732437797796789965,0.03918217867612839
1732437797807150852,0.03918217867612839
1732437797807150852,0.03918217867612839
1732437797817175303,0.03918217867612839
1732437797817175303,0.03918217867612839
1732437797827533865,0.03918217867612839
1732437797827533865,0.03918217867612839
1732437797837894510,0.03918217867612839
1732437797837894510,0.03918217867612839
1732437797849125102,0.03921281546354294
1732437797849125102,0.03921281546354294
1732437797859376224,0.03921281546354294
1732437797859376224,0.03921281546354294
1732437797869708488,0.03921281546354294
1732437797869708488,0.03921281546354294
1732437797879988203,0.03921281546354294
1732437797879988203,0.03921281546354294
1732437797890273629,0.03921281546354294
1732437797890273629,0.03921281546354294
1732437797900577098,0.03921281546354294
1732437797900577098,0.03921281546354294
1732437797910937082,0.03921281546354294
1732437797910937082,0.03921281546354294
1732437797921664907,0.03921281546354294
1732437797921664907,0.03921281546354294
1732437797933558102,0.03921281546354294
1732437797933558102,0.03921281546354294
1732437797943723064,0.038893043994903564
1732437797943723064,0.038893043994903564
1732437797954110390,0.038893043994903564
1732437797954110390,0.038893043994903564
1732437797964395826,0.038893043994903564
1732437797964395826,0.038893043994903564
1732437797974504404,0.038893043994903564
1732437797974504404,0.038893043994903564
1732437797985080125,0.038893043994903564
1732437797985080125,0.038893043994903564
1732437797995314049,0.038893043994903564
1732437797995314049,0.038893043994903564
1732437798005640271,0.038893043994903564
1732437798005640271,0.038893043994903564
1732437798016038684,0.038893043994903564
1732437798016038684,0.038893043994903564
1732437798026301612,0.038893043994903564
1732437798026301612,0.038893043994903564
1732437798036740714,0.038893043994903564
1732437798036740714,0.038893043994903564
1732437798047187880,0.04029759392142296
1732437798047187880,0.04029759392142296
1732437798057402264,0.04029759392142296
1732437798057402264,0.04029759392142296
1732437798067955808,0.04029759392142296
1732437798067955808,0.04029759392142296
1732437798078279044,0.04029759392142296
1732437798078279044,0.04029759392142296
1732437798088703909,0.04029759392142296
1732437798088703909,0.04029759392142296
1732437798099172446,0.04029759392142296
1732437798099172446,0.04029759392142296
1732437798109726778,0.04029759392142296
1732437798109726778,0.04029759392142296
1732437798120069952,0.04029759392142296
1732437798120069952,0.04029759392142296
1732437798130269011,0.04029759392142296
1732437798130269011,0.04029759392142296
1732437798140723608,0.04029759392142296
1732437798140723608,0.04029759392142296
1732437798154635998,0.04068901017308235
1732437798154635998,0.04068901017308235
1732437798164978370,0.04068901017308235
1732437798164978370,0.04068901017308235
1732437798175242661,0.04068901017308235
1732437798175242661,0.04068901017308235
1732437798185737496,0.04068901017308235
1732437798185737496,0.04068901017308235
1732437798196036647,0.04068901017308235
1732437798196036647,0.04068901017308235
1732437798207229679,0.04068901017308235
1732437798207229679,0.04068901017308235
1732437798217260432,0.04068901017308235
1732437798217260432,0.04068901017308235
1732437798227524549,0.04068901017308235
1732437798227524549,0.04068901017308235
1732437798237779809,0.04068901017308235
1732437798237779809,0.04068901017308235
1732437798248145354,0.040598321706056595
1732437798248145354,0.040598321706056595
1732437798258645499,0.040598321706056595
1732437798258645499,0.040598321706056595
1732437798269126780,0.040598321706056595
1732437798269126780,0.040598321706056595
1732437798279829256,0.040598321706056595
1732437798279829256,0.040598321706056595
1732437798290369129,0.040598321706056595
1732437798290369129,0.040598321706056595
1732437798300621404,0.040598321706056595
1732437798300621404,0.040598321706056595
1732437798311072347,0.040598321706056595
1732437798311072347,0.040598321706056595
1732437798321524152,0.040598321706056595
1732437798321524152,0.040598321706056595
1732437798331995515,0.040598321706056595
1732437798331995515,0.040598321706056595
1732437798342549048,0.040598321706056595
1732437798342549048,0.040598321706056595
1732437798352701188,0.041398242115974426
1732437798352701188,0.041398242115974426
1732437798362967148,0.041398242115974426
1732437798362967148,0.041398242115974426
1732437798373219047,0.041398242115974426
1732437798373219047,0.041398242115974426
1732437798383836414,0.041398242115974426
1732437798383836414,0.041398242115974426
1732437798394193811,0.041398242115974426
1732437798394193811,0.041398242115974426
1732437798404580495,0.041398242115974426
1732437798404580495,0.041398242115974426
1732437798414856818,0.041398242115974426
1732437798414856818,0.041398242115974426
1732437798425302162,0.041398242115974426
1732437798425302162,0.041398242115974426
1732437798435986598,0.041398242115974426
1732437798435986598,0.041398242115974426
1732437798446184833,0.04162123426795006
1732437798446184833,0.04162123426795006
1732437798456676312,0.04162123426795006
1732437798456676312,0.04162123426795006
1732437798466926462,0.04162123426795006
1732437798466926462,0.04162123426795006
1732437798477508049,0.04162123426795006
1732437798477508049,0.04162123426795006
1732437798488582651,0.04162123426795006
1732437798488582651,0.04162123426795006
1732437798498938408,0.04162123426795006
1732437798498938408,0.04162123426795006
1732437798509876114,0.04162123426795006
1732437798509876114,0.04162123426795006
1732437798520312040,0.04162123426795006
1732437798520312040,0.04162123426795006
1732437798530615781,0.04162123426795006
1732437798530615781,0.04162123426795006
1732437798541079915,0.04162123426795006
1732437798541079915,0.04162123426795006
1732437798551698534,0.04187750071287155
1732437798551698534,0.04187750071287155
1732437798561956478,0.04187750071287155
1732437798561956478,0.04187750071287155
1732437798572418229,0.04187750071287155
1732437798572418229,0.04187750071287155
1732437798582705612,0.04187750071287155
1732437798582705612,0.04187750071287155
1732437798593179158,0.04187750071287155
1732437798593179158,0.04187750071287155
1732437798603733914,0.04187750071287155
1732437798603733914,0.04187750071287155
1732437798614086435,0.04187750071287155
1732437798614086435,0.04187750071287155
1732437798624383522,0.04187750071287155
1732437798624383522,0.04187750071287155
1732437798634759657,0.04187750071287155
1732437798634759657,0.04187750071287155
1732437798645173302,0.041425906121730804
1732437798645173302,0.041425906121730804
1732437798655618484,0.041425906121730804
1732437798655618484,0.041425906121730804
1732437798666193488,0.041425906121730804
1732437798666193488,0.041425906121730804
1732437798676547443,0.041425906121730804
1732437798676547443,0.041425906121730804
1732437798686782154,0.041425906121730804
1732437798686782154,0.041425906121730804
1732437798696964379,0.041425906121730804
1732437798696964379,0.041425906121730804
1732437798707514087,0.041425906121730804
1732437798707514087,0.041425906121730804
1732437798717696661,0.041425906121730804
1732437798717696661,0.041425906121730804
1732437798728104325,0.041425906121730804
1732437798728104325,0.041425906121730804
1732437798738219165,0.041425906121730804
1732437798738219165,0.041425906121730804
1732437798752909335,0.041522011160850525
1732437798752909335,0.041522011160850525
1732437798763597429,0.041522011160850525
1732437798763597429,0.041522011160850525
1732437798773865106,0.041522011160850525
1732437798773865106,0.041522011160850525
1732437798784425803,0.041522011160850525
1732437798784425803,0.041522011160850525
1732437798794963154,0.041522011160850525
1732437798794963154,0.041522011160850525
1732437798805353058,0.041522011160850525
1732437798805353058,0.041522011160850525
1732437798816361476,0.041522011160850525
1732437798816361476,0.041522011160850525
1732437798826625423,0.041522011160850525
1732437798826625423,0.041522011160850525
1732437798837174589,0.041522011160850525
1732437798837174589,0.041522011160850525
1732437798847396508,0.043577756732702255
1732437798847396508,0.043577756732702255
1732437798858122662,0.043577756732702255
1732437798858122662,0.043577756732702255
1732437798868398722,0.043577756732702255
1732437798868398722,0.043577756732702255
1732437798878630519,0.043577756732702255
1732437798878630519,0.043577756732702255
1732437798889281860,0.043577756732702255
1732437798889281860,0.043577756732702255
1732437798899427120,0.043577756732702255
1732437798899427120,0.043577756732702255
1732437798909958454,0.043577756732702255
1732437798909958454,0.043577756732702255
1732437798920303550,0.043577756732702255
1732437798920303550,0.043577756732702255
1732437798930716274,0.043577756732702255
1732437798930716274,0.043577756732702255
1732437798940984708,0.043577756732702255
1732437798940984708,0.043577756732702255
1732437798951460878,0.043562840670347214
1732437798951460878,0.043562840670347214
1732437798961880925,0.043562840670347214
1732437798961880925,0.043562840670347214
1732437798972496053,0.043562840670347214
1732437798972496053,0.043562840670347214
1732437798982716408,0.043562840670347214
1732437798982716408,0.043562840670347214
1732437798993190936,0.043562840670347214
1732437798993190936,0.043562840670347214
1732437799003677366,0.043562840670347214
1732437799003677366,0.043562840670347214
1732437799013897421,0.043562840670347214
1732437799013897421,0.043562840670347214
1732437799024737066,0.043562840670347214
1732437799024737066,0.043562840670347214
1732437799035212605,0.043562840670347214
1732437799035212605,0.043562840670347214
1732437799045443821,0.04507528990507126
1732437799045443821,0.04507528990507126
1732437799056022993,0.04507528990507126
1732437799056022993,0.04507528990507126
1732437799066396053,0.04507528990507126
1732437799066396053,0.04507528990507126
1732437799076903903,0.04507528990507126
1732437799076903903,0.04507528990507126
1732437799087188667,0.04507528990507126
1732437799087188667,0.04507528990507126
1732437799097257061,0.04507528990507126
1732437799097257061,0.04507528990507126
1732437799107460765,0.04507528990507126
1732437799107460765,0.04507528990507126
1732437799117657247,0.04507528990507126
1732437799117657247,0.04507528990507126
1732437799128216091,0.04507528990507126
1732437799128216091,0.04507528990507126
1732437799138694166,0.04507528990507126
1732437799138694166,0.04507528990507126
1732437799149008216,0.04520811140537262
1732437799149008216,0.04520811140537262
1732437799159180852,0.04520811140537262
1732437799159180852,0.04520811140537262
1732437799169413951,0.04520811140537262
1732437799169413951,0.04520811140537262
1732437799179569476,0.04520811140537262
1732437799179569476,0.04520811140537262
1732437799190020410,0.04520811140537262
1732437799190020410,0.04520811140537262
1732437799200454252,0.04520811140537262
1732437799200454252,0.04520811140537262
1732437799210599489,0.04520811140537262
1732437799210599489,0.04520811140537262
1732437799220828601,0.04520811140537262
1732437799220828601,0.04520811140537262
1732437799231981679,0.04520811140537262
1732437799231981679,0.04520811140537262
1732437799242074717,0.04520811140537262
1732437799242074717,0.04603651165962219
1732437799253315588,0.04603651165962219
1732437799253315588,0.04603651165962219
1732437799263719885,0.04603651165962219
1732437799263719885,0.04603651165962219
1732437799274478129,0.04603651165962219
1732437799274478129,0.04603651165962219
1732437799284714054,0.04603651165962219
1732437799284714054,0.04603651165962219
1732437799294976459,0.04603651165962219
1732437799294976459,0.04603651165962219
1732437799305610589,0.04603651165962219
1732437799305610589,0.04603651165962219
1732437799315943704,0.04603651165962219
1732437799315943704,0.04603651165962219
1732437799326805073,0.04603651165962219
1732437799326805073,0.04603651165962219
1732437799336961189,0.04603651165962219
1732437799336961189,0.04603651165962219
1732437799351331019,0.0461328849196434
1732437799351331019,0.0461328849196434
1732437799361706934,0.0461328849196434
1732437799361706934,0.0461328849196434
1732437799371930926,0.0461328849196434
1732437799371930926,0.0461328849196434
1732437799382400695,0.0461328849196434
1732437799382400695,0.0461328849196434
1732437799392896673,0.0461328849196434
1732437799392896673,0.0461328849196434
1732437799403277037,0.0461328849196434
1732437799403277037,0.0461328849196434
1732437799413912573,0.0461328849196434
1732437799413912573,0.0461328849196434
1732437799424194503,0.0461328849196434
1732437799424194503,0.0461328849196434
1732437799434419467,0.0461328849196434
1732437799434419467,0.0461328849196434
1732437799445208388,0.04677891731262207
1732437799445208388,0.04677891731262207
1732437799455667376,0.04677891731262207
1732437799455667376,0.04677891731262207
1732437799465955397,0.04677891731262207
1732437799465955397,0.04677891731262207
1732437799476272954,0.04677891731262207
1732437799476272954,0.04677891731262207
1732437799487109745,0.04677891731262207
1732437799487109745,0.04677891731262207
1732437799497196643,0.04677891731262207
1732437799497196643,0.04677891731262207
1732437799508350682,0.04677891731262207
1732437799508350682,0.04677891731262207
1732437799518394279,0.04677891731262207
1732437799518394279,0.04677891731262207
1732437799528835615,0.04677891731262207
1732437799528835615,0.04677891731262207
1732437799539133734,0.04677891731262207
1732437799539133734,0.04677891731262207
1732437799549472209,0.046585943549871445
1732437799549472209,0.046585943549871445
1732437799559620759,0.046585943549871445
1732437799559620759,0.046585943549871445
1732437799570301103,0.046585943549871445
1732437799570301103,0.046585943549871445
1732437799581116554,0.046585943549871445
1732437799581116554,0.046585943549871445
1732437799591502166,0.046585943549871445
1732437799591502166,0.046585943549871445
1732437799601930667,0.046585943549871445
1732437799601930667,0.046585943549871445
1732437799612455438,0.046585943549871445
1732437799612455438,0.046585943549871445
1732437799623057022,0.046585943549871445
1732437799623057022,0.046585943549871445
1732437799633133360,0.046585943549871445
1732437799633133360,0.046585943549871445
1732437799643372933,0.04743218794465065
1732437799643372933,0.04743218794465065
1732437799653484505,0.04743218794465065
1732437799653484505,0.04743218794465065
1732437799664275690,0.04743218794465065
1732437799664275690,0.04743218794465065
1732437799674764926,0.04743218794465065
1732437799674764926,0.04743218794465065
1732437799685336553,0.04743218794465065
1732437799685336553,0.04743218794465065
1732437799695474345,0.04743218794465065
1732437799695474345,0.04743218794465065
1732437799705806107,0.04743218794465065
1732437799705806107,0.04743218794465065
1732437799716208758,0.04743218794465065
1732437799716208758,0.04743218794465065
1732437799726602680,0.04743218794465065
1732437799726602680,0.04743218794465065
1732437799737047342,0.04743218794465065
1732437799737047342,0.04743218794465065
1732437799747213258,0.04734717309474945
1732437799747213258,0.04734717309474945
1732437799757834818,0.04734717309474945
1732437799757834818,0.04734717309474945
1732437799768141744,0.04734717309474945
1732437799768141744,0.04734717309474945
1732437799778447298,0.04734717309474945
1732437799778447298,0.04734717309474945
1732437799788940139,0.04734717309474945
1732437799788940139,0.04734717309474945
1732437799799516793,0.04734717309474945
1732437799799516793,0.04734717309474945
1732437799810208727,0.04734717309474945
1732437799810208727,0.04734717309474945
1732437799820364053,0.04734717309474945
1732437799820364053,0.04734717309474945
1732437799831866619,0.04734717309474945
1732437799831866619,0.04734717309474945
1732437799842064624,0.04747265204787254
1732437799842064624,0.04747265204787254
1732437799852691304,0.04747265204787254
1732437799852691304,0.04747265204787254
1732437799863175790,0.04747265204787254
1732437799863175790,0.04747265204787254
1732437799873672558,0.04747265204787254
1732437799873672558,0.04747265204787254
1732437799883736013,0.04747265204787254
1732437799883736013,0.04747265204787254
1732437799894325330,0.04747265204787254
1732437799894325330,0.04747265204787254
1732437799904892523,0.04747265204787254
1732437799904892523,0.04747265204787254
1732437799915042580,0.04747265204787254
1732437799915042580,0.04747265204787254
1732437799925372168,0.04747265204787254
1732437799925372168,0.04747265204787254
1732437799936200723,0.04747265204787254
1732437799936200723,0.04747265204787254
1732437799946501186,0.047757674008607864
1732437799946501186,0.047757674008607864
1732437799956844861,0.047757674008607864
1732437799956844861,0.047757674008607864
1732437799967124817,0.047757674008607864
1732437799967124817,0.047757674008607864
1732437799977150231,0.047757674008607864
1732437799977150231,0.047757674008607864
1732437799987248988,0.047757674008607864
1732437799987248988,0.047757674008607864
1732437799997370283,0.047757674008607864
1732437799997370283,0.047757674008607864
1732437800007905864,0.047757674008607864
1732437800007905864,0.047757674008607864
1732437800018558619,0.047757674008607864
1732437800018558619,0.047757674008607864
1732437800029020407,0.047757674008607864
1732437800029020407,0.047757674008607864
1732437800039294490,0.047757674008607864
1732437800039294490,0.047757674008607864
1732437800049516038,0.048353418707847595
1732437800049516038,0.048353418707847595
1732437800059815874,0.048353418707847595
1732437800059815874,0.048353418707847595
1732437800070488729,0.048353418707847595
1732437800070488729,0.048353418707847595
1732437800080777189,0.048353418707847595
1732437800080777189,0.048353418707847595
1732437800091380951,0.048353418707847595
1732437800091380951,0.048353418707847595
1732437800101822637,0.048353418707847595
1732437800101822637,0.048353418707847595
1732437800112386460,0.048353418707847595
1732437800112386460,0.048353418707847595
1732437800122646571,0.048353418707847595
1732437800122646571,0.048353418707847595
1732437800132992680,0.048353418707847595
1732437800132992680,0.048353418707847595
1732437800143135932,0.04895610734820366
1732437800143135932,0.04895610734820366
