%time,field.data
1732437687748469770,1.0
1732437687748469770,1.0
1732437687758751029,1.0
1732437687758751029,1.0
1732437687768908015,1.0
1732437687768908015,1.0
1732437687779426452,1.0
1732437687779426452,1.0
1732437687790087463,1.0
1732437687790087463,1.0
1732437687800499009,1.0
1732437687800499009,1.0
1732437687810581844,1.0
1732437687810581844,1.0
1732437687820832550,1.0
1732437687820832550,1.0
1732437687830939489,1.0
1732437687830939489,1.0
1732437687841194303,1.0
1732437687841194303,1.0
1732437687851609086,1.0
1732437687851609086,1.0
1732437687862105860,1.0
1732437687862105860,1.0
1732437687872365764,1.0
1732437687872365764,1.0
1732437687882822764,1.0
1732437687882822764,1.0
1732437687893282260,1.0
1732437687893282260,1.0
1732437687903496288,1.0
1732437687903496288,1.0
1732437687913954401,1.0
1732437687913954401,1.0
1732437687924179301,1.0
1732437687924179301,1.0
1732437687934618899,1.0
1732437687934618899,1.0
1732437687944917855,1.0
1732437687944917855,1.0
1732437687955219085,1.0
1732437687955219085,1.0
1732437687965788221,1.0
1732437687965788221,1.0
1732437687976559931,1.0
1732437687976559931,1.0
1732437687986785391,1.0
1732437687986785391,1.0
1732437687997591181,1.0
1732437687997591181,1.0
1732437688007655981,1.0
1732437688007655981,1.0
1732437688017995894,1.0
1732437688017995894,1.0
1732437688028209040,1.0
1732437688028209040,1.0
1732437688038379719,1.0
1732437688038379719,1.0
1732437688048924804,1.0
1732437688048924804,1.0
1732437688059138742,1.0
1732437688059138742,1.0
1732437688069715856,1.0
1732437688069715856,1.0
1732437688079914782,1.0
1732437688079914782,1.0
1732437688090074052,1.0
1732437688090074052,1.0
1732437688100474558,1.0
1732437688100474558,1.0
1732437688110673625,1.0
1732437688110673625,1.0
1732437688121186123,1.0
1732437688121186123,1.0
1732437688131575274,1.0
1732437688131575274,1.0
1732437688142153884,1.0
1732437688142153884,1.0
1732437688152682317,1.0
1732437688152682317,1.0
1732437688163877582,1.0
1732437688163877582,1.0
1732437688174484201,1.0
1732437688174484201,1.0
1732437688185092503,1.0
1732437688185092503,1.0
1732437688195717687,1.0
1732437688195717687,1.0
1732437688206202109,1.0
1732437688206202109,1.0
1732437688216451684,1.0
1732437688216451684,1.0
1732437688226863871,1.0
1732437688226863871,1.0
1732437688237185530,1.0
1732437688237185530,1.0
1732437688248195991,1.0
1732437688248195991,1.0
1732437688258505687,1.0
1732437688258505687,1.0
1732437688268625030,1.0
1732437688268625030,1.0
1732437688278826906,1.0
1732437688278826906,1.0
1732437688288984790,1.0
1732437688288984790,1.0
1732437688299222632,1.0
1732437688299222632,1.0
1732437688310176248,1.0
1732437688310176248,1.0
1732437688320377282,1.0
1732437688320377282,1.0
1732437688330972991,1.0
1732437688330972991,1.0
1732437688341197258,1.0
1732437688341197258,1.0
1732437688351628511,1.0
1732437688351628511,1.0
1732437688362109746,1.0
1732437688362109746,1.0
1732437688372590036,1.0
1732437688372590036,1.0
1732437688383555106,1.0
1732437688383555106,1.0
1732437688393894137,1.0
1732437688393894137,1.0
1732437688404082359,1.0
1732437688404082359,1.0
1732437688414465512,1.0
1732437688414465512,1.0
1732437688425151167,1.0
1732437688425151167,1.0
1732437688435368252,1.0
1732437688435368252,1.0
1732437688445689911,1.0
1732437688445689911,1.0
1732437688456104472,1.0
1732437688456104472,1.0
1732437688466133286,1.0
1732437688466133286,1.0
1732437688476421402,1.0
1732437688476421402,1.0
1732437688486467298,1.0
1732437688486467298,1.0
1732437688496589707,1.0
1732437688496589707,1.0
1732437688507099997,1.0
1732437688507099997,1.0
1732437688517345293,1.0
1732437688517345293,1.0
1732437688527637046,1.0
1732437688527637046,1.0
1732437688538001975,1.0
1732437688538001975,1.0
1732437688548368217,1.0
1732437688548368217,1.0
1732437688558666492,1.0
1732437688558666492,1.0
1732437688569029789,1.0
1732437688569029789,1.0
1732437688579296636,1.0
1732437688579296636,1.0
1732437688589654462,1.0
1732437688589654462,1.0
1732437688600177677,1.0
1732437688600177677,1.0
1732437688610610229,1.0
1732437688610610229,1.0
1732437688621055330,1.0
1732437688621055330,1.0
1732437688631410868,1.0
1732437688631410868,1.0
1732437688641593848,1.0
1732437688641593848,1.0
1732437688651962548,1.0
1732437688651962548,1.0
1732437688662462860,1.0
1732437688662462860,1.0
1732437688672816599,1.0
1732437688672816599,1.0
1732437688682959755,1.0
1732437688682959755,1.0
1732437688693567287,1.0
1732437688693567287,1.0
1732437688704046748,1.0
1732437688704046748,1.0
1732437688714503467,1.0
1732437688714503467,1.0
1732437688725650543,1.0
1732437688725650543,1.0
1732437688735946805,1.0
1732437688735946805,1.0
1732437688746615058,1.0
1732437688746615058,1.0
1732437688757439513,1.0
1732437688757439513,1.0
1732437688767577540,1.0
1732437688767577540,1.0
1732437688777807048,1.0
1732437688777807048,1.0
1732437688788037758,1.0
1732437688788037758,1.0
1732437688798513584,1.0
1732437688798513584,1.0
1732437688808795989,1.0
1732437688808795989,1.0
1732437688819271153,1.0
1732437688819271153,1.0
1732437688829713767,1.0
1732437688829713767,1.0
1732437688840283805,1.0
1732437688840283805,1.0
1732437688850460247,1.0
1732437688850460247,1.0
1732437688860643338,1.0
1732437688860643338,1.0
1732437688870900698,1.0
1732437688870900698,1.0
1732437688881316341,1.0
1732437688881316341,1.0
1732437688891609172,1.0
1732437688891609172,1.0
1732437688902006916,1.0
1732437688902006916,1.0
1732437688912571307,1.0
1732437688912571307,1.0
1732437688922882683,1.0
1732437688922882683,1.0
1732437688933386174,1.0
1732437688933386174,1.0
1732437688943998554,1.0
1732437688943998554,1.0
1732437688954441378,1.0
1732437688954441378,1.0
1732437688964613990,1.0
1732437688964613990,1.0
1732437688974875928,1.0
1732437688974875928,1.0
1732437688985670978,1.0
1732437688985670978,1.0
1732437688996079558,1.0
1732437688996079558,1.0
1732437689006600618,1.0
1732437689006600618,1.0
1732437689017074460,1.0
1732437689017074460,1.0
1732437689027588347,1.0
1732437689027588347,1.0
1732437689038004351,1.0
1732437689038004351,1.0
1732437689048506012,1.0
1732437689048506012,1.0
1732437689059016346,1.0
1732437689059016346,1.0
1732437689069734873,1.0
1732437689069734873,1.0
1732437689080306767,1.0
1732437689080306767,1.0
1732437689090708696,1.0
1732437689090708696,1.0
1732437689101306990,1.0
1732437689101306990,1.0
1732437689111555091,1.0
1732437689111555091,1.0
1732437689122105645,1.0
1732437689122105645,1.0
1732437689132317831,1.0
1732437689132317831,1.0
1732437689142514487,1.0
1732437689142514487,1.0
1732437689153057809,1.0
1732437689153057809,1.0
1732437689163410726,1.0
1732437689163410726,1.0
1732437689173960807,1.0
1732437689173960807,1.0
1732437689184433848,1.0
1732437689184433848,1.0
1732437689194505645,1.0
1732437689194505645,1.0
1732437689204682545,1.0
1732437689204682545,1.0
1732437689216459052,1.0
1732437689216459052,1.0
1732437689227007823,1.0
1732437689227007823,1.0
1732437689237094224,1.0
1732437689237094224,1.0
1732437689247278839,1.0
1732437689247278839,1.0
1732437689257323912,1.0
1732437689257323912,1.0
1732437689267378994,1.0
1732437689267378994,1.0
1732437689277766235,1.0
1732437689277766235,1.0
1732437689289391771,1.0
1732437689289391771,1.0
1732437689299979435,1.0
1732437689299979435,1.0
1732437689310295283,1.0
1732437689310295283,1.0
1732437689320875503,1.0
1732437689320875503,1.0
1732437689331211759,1.0
1732437689331211759,1.0
1732437689341279355,1.0
1732437689341279355,1.0
1732437689351927883,1.0
1732437689351927883,1.0
1732437689362153924,1.0
1732437689362153924,1.0
1732437689372274960,1.0
1732437689372274960,1.0
1732437689382629400,1.0
1732437689382629400,1.0
1732437689392798945,1.0
1732437689392798945,1.0
1732437689403753142,1.0
1732437689403753142,1.0
1732437689413921476,1.0
1732437689413921476,1.0
1732437689424333522,1.0
1732437689424333522,1.0
1732437689434423749,1.0
1732437689434423749,1.0
1732437689444845626,1.0
1732437689444845626,1.0
1732437689455260929,1.0
1732437689455260929,1.0
1732437689465472693,1.0
1732437689465472693,1.0
1732437689475756411,1.0
1732437689475756411,1.0
1732437689486356118,1.0
1732437689486356118,1.0
1732437689496554528,1.0
1732437689496554528,1.0
1732437689507031372,1.0
1732437689507031372,1.0
1732437689517111515,1.0
1732437689517111515,1.0
1732437689527272646,1.0
1732437689527272646,1.0
1732437689537482026,1.0
1732437689537482026,1.0
1732437689548006543,1.0
1732437689548006543,1.0
1732437689558647286,1.0
1732437689558647286,1.0
1732437689568804568,1.0
1732437689568804568,1.0
1732437689579500282,1.0
1732437689579500282,1.0
1732437689590170191,1.0
1732437689590170191,1.0
1732437689600568451,1.0
1732437689600568451,1.0
1732437689610669779,1.0
1732437689610669779,1.0
1732437689620921538,1.0
1732437689620921538,1.0
1732437689631437990,1.0
1732437689631437990,1.0
1732437689641786208,1.0
1732437689641786208,1.0
1732437689651928163,1.0
1732437689651928163,1.0
1732437689662476224,1.0
1732437689662476224,1.0
1732437689672697766,1.0
1732437689672697766,1.0
1732437689683341085,1.0
1732437689683341085,1.0
1732437689693717235,1.0
1732437689693717235,1.0
1732437689704028525,1.0
1732437689704028525,1.0
1732437689714479896,1.0
1732437689714479896,1.0
1732437689724970478,1.0
1732437689724970478,1.0
1732437689735236284,1.0
1732437689735236284,1.0
1732437689746271571,1.0
1732437689746271571,1.0
1732437689756903456,1.0
1732437689756903456,1.0
1732437689767084379,1.0
1732437689767084379,1.0
1732437689777221234,1.0
1732437689777221234,1.0
1732437689787367761,1.0
1732437689787367761,1.0
1732437689797548818,1.0
1732437689797548818,1.0
1732437689807685202,1.0
1732437689807685202,1.0
1732437689818382230,1.0
1732437689818382230,1.0
1732437689828534694,1.0
1732437689828534694,1.0
1732437689838611348,1.0
1732437689838611348,1.0
1732437689849317412,1.0
1732437689849317412,1.0
1732437689859581173,1.0
1732437689859581173,1.0
1732437689870050336,1.0
1732437689870050336,1.0
1732437689880254416,1.0
1732437689880254416,1.0
1732437689890315251,1.0
1732437689890315251,1.0
1732437689901129436,1.0
1732437689901129436,1.0
1732437689911321192,1.0
1732437689911321192,1.0
1732437689921769734,1.0
1732437689921769734,1.0
1732437689932440807,1.0
1732437689932440807,1.0
1732437689942878959,1.0
1732437689942878959,1.0
1732437689953149843,1.0
1732437689953149843,1.0
1732437689963713416,1.0
1732437689963713416,1.0
1732437689973950227,1.0
1732437689973950227,1.0
1732437689984617285,1.0
1732437689984617285,1.0
1732437689995198741,1.0
1732437689995198741,1.0
1732437690005391351,1.0
1732437690005391351,1.0
1732437690015528152,1.0
1732437690015528152,1.0
1732437690025896881,1.0
1732437690025896881,1.0
1732437690036553795,1.0
1732437690036553795,1.0
1732437690047071168,1.0
1732437690047071168,1.0
1732437690057095453,1.0
1732437690057095453,1.0
1732437690067099189,1.0
1732437690067099189,1.0
1732437690077488000,1.0
1732437690077488000,1.0
1732437690087878260,1.0
1732437690087878260,1.0
1732437690098502963,1.0
1732437690098502963,1.0
1732437690108635951,1.0
1732437690108635951,1.0
1732437690119539243,1.0
1732437690119539243,1.0
1732437690129819213,1.0
1732437690129819213,1.0
1732437690140238173,1.0
1732437690140238173,1.0
1732437690150721203,1.0
1732437690150721203,1.0
1732437690160898615,1.0
1732437690160898615,1.0
1732437690171363448,1.0
1732437690171363448,1.0
1732437690181808189,1.0
1732437690181808189,1.0
1732437690192217682,1.0
1732437690192217682,1.0
1732437690202417384,1.0
1732437690202417384,1.0
1732437690213284638,1.0
1732437690213284638,1.0
1732437690223643846,1.0
1732437690223643846,1.0
1732437690234246920,1.0
1732437690234246920,1.0
1732437690244643128,1.0
1732437690244643128,1.0
1732437690254990094,1.0
1732437690254990094,1.0
1732437690265584897,1.0
1732437690265584897,1.0
1732437690275853848,1.0
1732437690275853848,1.0
1732437690286289102,1.0
1732437690286289102,1.0
1732437690296552163,1.0
1732437690296552163,1.0
1732437690306774857,1.0
1732437690306774857,1.0
1732437690317181906,1.0
1732437690317181906,1.0
1732437690327770021,1.0
1732437690327770021,1.0
1732437690337913969,1.0
1732437690337913969,1.0
1732437690347930018,1.0
1732437690347930018,1.0
1732437690358328670,1.0
1732437690358328670,1.0
1732437690368849930,1.0
1732437690368849930,1.0
1732437690379043270,1.0
1732437690379043270,1.0
1732437690389846717,1.0
1732437690389846717,1.0
1732437690400065665,1.0
1732437690400065665,1.0
1732437690410703148,1.0
1732437690410703148,1.0
1732437690420916669,1.0
1732437690420916669,1.0
1732437690420916669,1.0
1732437690420916669,1.0
1732437690441833967,1.0
1732437690441833967,1.0
1732437690452602418,1.0
1732437690452602418,1.0
1732437690462765271,1.0
1732437690462765271,1.0
1732437690473081560,1.0
1732437690473081560,1.0
1732437690473081560,1.0
1732437690473081560,1.0
1732437690494900336,1.0
1732437690494900336,1.0
1732437690505198320,1.0
1732437690505198320,1.0
1732437690515464756,1.0
1732437690515464756,1.0
1732437690526408504,1.0
1732437690526408504,1.0
1732437690537517057,1.0
1732437690537517057,1.0
1732437690547764307,1.0
1732437690547764307,1.0
1732437690557991140,1.0
1732437690557991140,1.0
1732437690568270230,1.0
1732437690568270230,1.0
1732437690578621424,1.0
1732437690578621424,1.0
1732437690589015869,1.0
1732437690589015869,1.0
1732437690599069946,1.0
1732437690599069946,1.0
1732437690609502345,1.0
1732437690609502345,1.0
1732437690620212056,1.0
1732437690620212056,1.0
1732437690630712017,1.0
1732437690630712017,1.0
1732437690641259976,1.0
1732437690641259976,1.0
1732437690651653260,1.0
1732437690651653260,1.0
1732437690662650686,1.0
1732437690662650686,1.0
1732437690673253308,1.0
1732437690673253308,1.0
1732437690684431622,1.0
1732437690684431622,1.0
1732437690694746107,1.0
1732437690694746107,1.0
1732437690705467300,1.0
1732437690705467300,1.0
1732437690715742909,1.0
1732437690715742909,1.0
1732437690726016102,1.0
1732437690726016102,1.0
1732437690736538535,1.0
1732437690736538535,1.0
1732437690747694135,1.0
1732437690747694135,1.0
1732437690757908621,1.0
1732437690757908621,1.0
1732437690768106264,1.0
1732437690768106264,1.0
1732437690778543248,1.0
1732437690778543248,1.0
1732437690789197184,1.0
1732437690789197184,1.0
1732437690799638135,1.0
1732437690799638135,1.0
1732437690810190604,1.0
1732437690810190604,1.0
1732437690820796652,1.0
1732437690820796652,1.0
1732437690831049534,1.0
1732437690831049534,1.0
1732437690841515431,1.0
1732437690841515431,1.0
1732437690852021283,1.0
1732437690852021283,1.0
1732437690862450413,1.0
1732437690862450413,1.0
1732437690872812746,1.0
1732437690872812746,1.0
1732437690883107025,1.0
1732437690883107025,1.0
1732437690893325973,1.0
1732437690893325973,1.0
1732437690903817888,1.0
1732437690903817888,1.0
1732437690914393831,1.0
1732437690914393831,1.0
1732437690924790870,1.0
1732437690924790870,1.0
1732437690935308901,1.0
1732437690935308901,1.0
1732437690945523664,1.0
1732437690945523664,1.0
1732437690956000521,1.0
1732437690956000521,1.0
1732437690966302566,1.0
1732437690966302566,1.0
1732437690976991367,1.0
1732437690976991367,1.0
1732437690987451600,1.0
1732437690987451600,1.0
1732437690997715866,1.0
1732437690997715866,1.0
1732437691007962555,1.0
1732437691007962555,1.0
1732437691018348543,1.0
1732437691018348543,1.0
1732437691028704046,1.0
1732437691028704046,1.0
1732437691039261163,1.0
1732437691039261163,1.0
1732437691049882360,1.0
1732437691049882360,1.0
1732437691060481956,1.0
1732437691060481956,1.0
1732437691070608201,1.0
1732437691070608201,1.0
1732437691080826468,1.0
1732437691080826468,1.0
1732437691090996791,1.0
1732437691090996791,1.0
1732437691101212057,1.0
1732437691101212057,1.0
1732437691111594297,1.0
1732437691111594297,1.0
1732437691121939510,1.0
1732437691121939510,1.0
1732437691132551090,1.0
1732437691132551090,1.0
1732437691142839847,1.0
1732437691142839847,1.0
1732437691153100853,1.0
1732437691153100853,1.0
1732437691163478727,1.0
1732437691163478727,1.0
1732437691173992380,1.0
1732437691173992380,1.0
1732437691184162491,1.0
1732437691184162491,1.0
1732437691194477558,1.0
1732437691194477558,1.0
1732437691204787575,1.0
1732437691204787575,1.0
1732437691215412018,1.0
1732437691215412018,1.0
1732437691225829285,1.0
1732437691225829285,1.0
1732437691236059795,1.0
1732437691236059795,1.0
1732437691246835398,1.0
1732437691246835398,1.0
1732437691257238319,1.0
1732437691257238319,1.0
1732437691267498885,1.0
1732437691267498885,1.0
1732437691277730546,1.0
1732437691277730546,1.0
1732437691287990841,1.0
1732437691287990841,1.0
1732437691298414379,1.0
1732437691298414379,1.0
1732437691308850522,1.0
1732437691308850522,1.0
1732437691319299197,1.0
1732437691319299197,1.0
1732437691329715553,1.0
1732437691329715553,1.0
1732437691340283570,1.0
1732437691340283570,1.0
1732437691350592396,1.0
1732437691350592396,1.0
1732437691360887456,1.0
1732437691360887456,1.0
1732437691371232798,1.0
1732437691371232798,1.0
1732437691381588220,1.0
1732437691381588220,1.0
1732437691391886416,1.0
1732437691391886416,1.0
1732437691403194871,1.0
1732437691403194871,1.0
1732437691413934019,1.0
1732437691413934019,1.0
1732437691424218534,1.0
1732437691424218534,1.0
1732437691434790383,1.0
1732437691434790383,1.0
1732437691445051820,1.0
1732437691445051820,1.0
1732437691455445363,1.0
1732437691455445363,1.0
1732437691465650501,1.0
1732437691465650501,1.0
1732437691476112565,1.0
1732437691476112565,1.0
1732437691487025535,1.0
1732437691487025535,1.0
1732437691497306739,1.0
1732437691497306739,1.0
1732437691507770292,1.0
1732437691507770292,1.0
1732437691517937974,1.0
1732437691517937974,1.0
1732437691528127407,1.0
1732437691528127407,1.0
1732437691538417889,1.0
1732437691538417889,1.0
1732437691548579340,1.0
1732437691548579340,1.0
1732437691558882073,1.0
1732437691558882073,1.0
1732437691570054306,1.0
1732437691570054306,1.0
1732437691581237719,1.0
1732437691581237719,1.0
1732437691591615762,1.0
1732437691591615762,1.0
1732437691601941489,1.0
1732437691601941489,1.0
1732437691612411714,1.0
1732437691612411714,1.0
1732437691622535615,1.0
1732437691622535615,1.0
1732437691633201395,1.0
1732437691633201395,1.0
1732437691643652446,1.0
1732437691643652446,1.0
1732437691653986737,1.0
1732437691653986737,1.0
1732437691664699225,1.0
1732437691664699225,1.0
1732437691675248065,1.0
1732437691675248065,1.0
1732437691685438101,1.0
1732437691685438101,1.0
1732437691695616983,1.0
1732437691695616983,1.0
1732437691707005950,1.0
1732437691707005950,1.0
1732437691717300478,1.0
1732437691717300478,1.0
1732437691727650761,1.0
1732437691727650761,1.0
1732437691738096550,1.0
1732437691738096550,1.0
1732437691748322352,1.0
1732437691748322352,1.0
1732437691758417859,1.0
1732437691758417859,1.0
1732437691768991758,1.0
1732437691768991758,1.0
1732437691779536162,1.0
1732437691779536162,1.0
1732437691789736014,1.0
1732437691789736014,1.0
1732437691800057713,1.0
1732437691800057713,1.0
1732437691810510907,1.0
1732437691810510907,1.0
1732437691820891582,1.0
1732437691820891582,1.0
1732437691831375333,1.0
1732437691831375333,1.0
1732437691841884504,1.0
1732437691841884504,1.0
1732437691852434939,1.0
1732437691852434939,1.0
1732437691863818845,1.0
1732437691863818845,1.0
1732437691874375330,1.0
1732437691874375330,1.0
1732437691884736053,1.0
1732437691884736053,1.0
1732437691895233279,1.0
1732437691895233279,1.0
1732437691905874692,1.0
1732437691905874692,1.0
1732437691916121934,1.0
1732437691916121934,1.0
1732437691926395894,1.0
1732437691926395894,1.0
1732437691936876957,1.0
1732437691936876957,1.0
1732437691947107259,1.0
1732437691947107259,1.0
1732437691957535938,1.0
1732437691957535938,1.0
1732437691967782947,1.0
1732437691967782947,1.0
1732437691978248976,1.0
1732437691978248976,1.0
1732437691988415224,1.0
1732437691988415224,1.0
1732437691998787549,1.0
1732437691998787549,1.0
1732437692008944661,1.0
1732437692008944661,1.0
1732437692019404037,1.0
1732437692019404037,1.0
1732437692029485559,1.0
1732437692029485559,1.0
1732437692039745714,1.0
1732437692039745714,1.0
1732437692050069166,1.0
1732437692050069166,1.0
1732437692060437508,1.0
1732437692060437508,1.0
1732437692070798444,1.0
1732437692070798444,1.0
1732437692081417636,1.0
1732437692081417636,1.0
1732437692091636044,1.0
1732437692091636044,1.0
1732437692101709327,1.0
1732437692101709327,1.0
1732437692112121728,1.0
1732437692112121728,1.0
1732437692122738777,1.0
1732437692122738777,1.0
1732437692133290164,1.0
1732437692133290164,1.0
1732437692143661255,1.0
1732437692143661255,1.0
1732437692154638023,1.0
1732437692154638023,1.0
1732437692165152843,1.0
1732437692165152843,1.0
1732437692175772025,1.0
1732437692175772025,1.0
1732437692186256809,1.0
1732437692186256809,1.0
1732437692196971970,1.0
1732437692196971970,1.0
1732437692207019900,1.0
1732437692207019900,1.0
1732437692217046807,1.0
1732437692217046807,1.0
1732437692227612584,1.0
1732437692227612584,1.0
1732437692238019381,1.0
1732437692238019381,1.0
1732437692248517839,1.0
1732437692248517839,1.0
1732437692258727210,1.0
1732437692258727210,1.0
1732437692269412445,1.0
1732437692269412445,1.0
1732437692279933576,1.0
1732437692279933576,1.0
1732437692290294379,1.0
1732437692290294379,1.0
1732437692300354941,1.0
1732437692300354941,1.0
1732437692310614435,1.0
1732437692310614435,1.0
1732437692321050937,1.0
1732437692321050937,1.0
1732437692331280014,1.0
1732437692331280014,1.0
1732437692341517127,1.0
1732437692341517127,1.0
1732437692352443812,1.0
1732437692352443812,1.0
1732437692363330321,1.0
1732437692363330321,1.0
1732437692374000449,1.0
1732437692374000449,1.0
1732437692386916955,1.0
1732437692386916955,1.0
1732437692397288190,1.0
1732437692397288190,1.0
1732437692407379771,1.0
1732437692407379771,1.0
1732437692417578170,1.0
1732437692417578170,1.0
1732437692427987519,1.0
1732437692427987519,1.0
1732437692438619108,1.0
1732437692438619108,1.0
1732437692449200982,1.0
1732437692449200982,1.0
1732437692459416975,1.0
1732437692459416975,1.0
1732437692469683951,1.0
1732437692469683951,1.0
1732437692480376478,1.0
1732437692480376478,1.0
1732437692490928960,1.0
1732437692490928960,1.0
1732437692501526704,1.0
1732437692501526704,1.0
1732437692511917391,1.0
1732437692511917391,1.0
1732437692522386124,1.0
1732437692522386124,1.0
1732437692532665976,1.0
1732437692532665976,1.0
1732437692543186114,1.0
1732437692543186114,1.0
1732437692553288562,1.0
1732437692553288562,1.0
1732437692563613000,1.0
1732437692563613000,1.0
1732437692574220280,1.0
1732437692574220280,1.0
1732437692584498098,1.0
1732437692584498098,1.0
1732437692594772589,1.0
1732437692594772589,1.0
1732437692604928720,1.0
1732437692604928720,1.0
1732437692615394287,1.0
1732437692615394287,1.0
1732437692625651849,1.0
1732437692625651849,1.0
1732437692636037576,1.0
1732437692636037576,1.0
1732437692646771984,1.0
1732437692646771984,1.0
1732437692657397679,1.0
1732437692657397679,1.0
1732437692667488709,1.0
1732437692667488709,1.0
1732437692677807953,1.0
1732437692677807953,1.0
1732437692688147035,1.0
1732437692688147035,1.0
1732437692699476049,1.0
1732437692699476049,1.0
1732437692710104956,1.0
1732437692710104956,1.0
1732437692720400019,1.0
1732437692720400019,1.0
1732437692731198546,1.0
1732437692731198546,1.0
1732437692741423242,1.0
1732437692741423242,1.0
1732437692751838247,1.0
1732437692751838247,1.0
1732437692762293847,1.0
1732437692762293847,1.0
1732437692772757740,1.0
1732437692772757740,1.0
1732437692783260774,1.0
1732437692783260774,1.0
1732437692793768203,1.0
1732437692793768203,1.0
1732437692803949851,1.0
1732437692803949851,1.0
1732437692814506263,1.0
1732437692814506263,1.0
1732437692825182015,1.0
1732437692825182015,1.0
1732437692835766664,1.0
1732437692835766664,1.0
1732437692845995590,1.0
1732437692845995590,1.0
1732437692856222764,1.0
1732437692856222764,1.0
1732437692867181139,1.0
1732437692867181139,1.0
1732437692877304017,1.0
1732437692877304017,1.0
1732437692887566617,1.0
1732437692887566617,1.0
1732437692898000355,1.0
1732437692898000355,1.0
1732437692908583190,1.0
1732437692908583190,1.0
1732437692919214886,1.0
1732437692919214886,1.0
1732437692929749582,1.0
1732437692929749582,1.0
1732437692940014876,1.0
1732437692940014876,1.0
1732437692950344830,1.0
1732437692950344830,1.0
1732437692960629791,1.0
1732437692960629791,1.0
1732437692970923319,1.0
1732437692970923319,1.0
1732437692981310011,1.0
1732437692981310011,1.0
1732437692991821502,1.0
1732437692991821502,1.0
1732437693002677457,1.0
1732437693002677457,1.0
1732437693013287302,1.0
1732437693013287302,1.0
1732437693023506882,1.0
1732437693023506882,1.0
1732437693033804496,1.0
1732437693033804496,1.0
1732437693044039834,1.0
1732437693044039834,1.0
1732437693054241881,1.0
1732437693054241881,1.0
1732437693064528314,1.0
1732437693064528314,1.0
1732437693074710393,1.0
1732437693074710393,1.0
1732437693085017766,1.0
1732437693085017766,1.0
1732437693095364743,1.0
1732437693095364743,1.0
1732437693105613647,1.0
1732437693105613647,1.0
1732437693115819601,1.0
1732437693115819601,1.0
1732437693126424388,1.0
1732437693126424388,1.0
1732437693137089663,1.0
1732437693137089663,1.0
1732437693147108742,1.0
1732437693147108742,1.0
1732437693157464154,1.0
1732437693157464154,1.0
1732437693167951258,1.0
1732437693167951258,1.0
1732437693178531411,1.0
1732437693178531411,1.0
1732437693188994103,1.0
1732437693188994103,1.0
1732437693199449863,1.0
1732437693199449863,1.0
1732437693209780910,1.0
1732437693209780910,1.0
1732437693219952169,1.0
1732437693219952169,1.0
1732437693230612368,1.0
1732437693230612368,1.0
1732437693241228585,1.0
1732437693241228585,1.0
1732437693252422489,1.0
1732437693252422489,1.0
1732437693262582437,1.0
1732437693262582437,1.0
1732437693272845697,1.0
1732437693272845697,1.0
1732437693282960151,1.0
1732437693282960151,1.0
1732437693293222509,1.0
1732437693293222509,1.0
1732437693303750311,1.0
1732437693303750311,1.0
1732437693314453270,1.0
1732437693314453270,1.0
1732437693325016498,1.0
1732437693325016498,1.0
1732437693335587301,1.0
1732437693335587301,1.0
1732437693346032101,1.0
1732437693346032101,1.0
1732437693356488331,1.0
1732437693356488331,1.0
1732437693366929963,1.0
1732437693366929963,1.0
1732437693377244188,1.0
1732437693377244188,1.0
1732437693387679746,1.0
1732437693387679746,1.0
1732437693398086817,1.0
1732437693398086817,1.0
1732437693408452700,1.0
1732437693408452700,1.0
1732437693418887629,1.0
1732437693418887629,1.0
1732437693429249945,1.0
1732437693429249945,1.0
1732437693439413761,1.0
1732437693439413761,1.0
1732437693449857607,1.0
1732437693449857607,1.0
1732437693460094078,1.0
1732437693460094078,1.0
1732437693470581696,1.0
1732437693470581696,1.0
1732437693481115028,1.0
1732437693481115028,1.0
1732437693491470010,1.0
1732437693491470010,1.0
1732437693501785889,1.0
1732437693501785889,1.0
1732437693512008414,1.0
1732437693512008414,1.0
1732437693522725730,1.0
1732437693522725730,1.0
1732437693533143459,1.0
1732437693533143459,1.0
1732437693544072368,1.0
1732437693544072368,1.0
1732437693554322053,1.0
1732437693554322053,1.0
1732437693564434243,1.0
1732437693564434243,1.0
1732437693574713212,1.0
1732437693574713212,1.0
1732437693585014214,1.0
1732437693585014214,1.0
1732437693595369496,1.0
1732437693595369496,1.0
1732437693605572685,1.0
1732437693605572685,1.0
1732437693616074640,1.0
1732437693616074640,1.0
1732437693626340575,1.0
1732437693626340575,1.0
1732437693636719210,1.0
1732437693636719210,1.0
1732437693647277750,1.0
1732437693647277750,1.0
1732437693658150582,1.0
1732437693658150582,1.0
1732437693668549418,1.0
1732437693668549418,1.0
1732437693678660326,1.0
1732437693678660326,1.0
1732437693689347115,1.0
1732437693689347115,1.0
1732437693699829231,1.0
1732437693699829231,1.0
1732437693710307378,1.0
1732437693710307378,1.0
1732437693720743876,1.0
1732437693720743876,1.0
1732437693731861475,1.0
1732437693731861475,1.0
1732437693742465621,1.0
1732437693742465621,1.0
1732437693752984283,1.0
1732437693752984283,1.0
1732437693763440286,1.0
1732437693763440286,1.0
1732437693773835802,1.0
1732437693773835802,1.0
1732437693784122848,1.0
1732437693784122848,1.0
1732437693794270612,1.0
1732437693794270612,1.0
1732437693804792344,1.0
1732437693804792344,1.0
1732437693815049885,1.0
1732437693815049885,1.0
1732437693825700786,1.0
1732437693825700786,1.0
1732437693835871194,1.0
1732437693835871194,1.0
1732437693846181459,1.0
1732437693846181459,1.0
1732437693856921059,1.0
1732437693856921059,1.0
1732437693867156809,1.0
1732437693867156809,1.0
1732437693877556764,1.0
1732437693877556764,1.0
1732437693887773788,1.0
1732437693887773788,1.0
1732437693897984422,1.0
1732437693897984422,1.0
1732437693908149179,1.0
1732437693908149179,1.0
1732437693918402280,1.0
1732437693918402280,1.0
1732437693928905908,1.0
1732437693928905908,1.0
1732437693939018669,1.0
1732437693939018669,1.0
1732437693949108836,1.0
1732437693949108836,1.0
1732437693959520253,1.0
1732437693959520253,1.0
1732437693969607547,1.0
1732437693969607547,1.0
1732437693980236407,1.0
1732437693980236407,1.0
1732437693990307010,1.0
1732437693990307010,1.0
1732437694000821538,1.0
1732437694000821538,1.0
1732437694011061916,1.0
1732437694011061916,1.0
1732437694021519488,1.0
1732437694021519488,1.0
1732437694031762812,1.0
1732437694031762812,1.0
1732437694042597335,1.0
1732437694042597335,1.0
1732437694053301817,1.0
1732437694053301817,1.0
1732437694063743751,1.0
1732437694063743751,1.0
1732437694074270862,1.0
1732437694074270862,1.0
1732437694084701063,1.0
1732437694084701063,1.0
1732437694095179995,1.0
1732437694095179995,1.0
1732437694105588726,1.0
1732437694105588726,1.0
1732437694116198231,1.0
1732437694116198231,1.0
1732437694126787880,1.0
1732437694126787880,1.0
1732437694137662979,1.0
1732437694137662979,1.0
1732437694147852743,1.0
1732437694147852743,1.0
1732437694158012000,1.0
1732437694158012000,1.0
1732437694168275140,1.0
1732437694168275140,1.0
1732437694178609204,1.0
1732437694178609204,1.0
1732437694189136354,1.0
1732437694189136354,1.0
1732437694199602423,1.0
1732437694199602423,1.0
1732437694210160393,1.0
1732437694210160393,1.0
1732437694220523431,1.0
1732437694220523431,1.0
1732437694231034932,1.0
1732437694231034932,1.0
1732437694241499489,1.0
1732437694241499489,1.0
1732437694251695754,1.0
1732437694251695754,1.0
1732437694261817792,1.0
1732437694261817792,1.0
1732437694272351686,1.0
1732437694272351686,1.0
1732437694282823324,1.0
1732437694282823324,1.0
1732437694293603818,1.0
1732437694293603818,1.0
1732437694303684129,1.0
1732437694303684129,1.0
1732437694314343316,1.0
1732437694314343316,1.0
1732437694324775221,1.0
1732437694324775221,1.0
1732437694335642465,1.0
1732437694335642465,1.0
1732437694346328614,1.0
1732437694346328614,1.0
1732437694356587907,1.0
1732437694356587907,1.0
1732437694367042624,1.0
1732437694367042624,1.0
1732437694377184338,1.0
1732437694377184338,1.0
1732437694387355698,1.0
1732437694387355698,1.0
1732437694397561068,1.0
1732437694397561068,1.0
1732437694407859817,1.0
1732437694407859817,1.0
1732437694418623550,1.0
1732437694418623550,1.0
1732437694429118812,1.0
1732437694429118812,1.0
1732437694439494312,1.0
1732437694439494312,1.0
1732437694449872272,1.0
1732437694449872272,1.0
1732437694460067860,1.0
1732437694460067860,1.0
1732437694470418982,1.0
1732437694470418982,1.0
1732437694481053607,1.0
1732437694481053607,1.0
1732437694491427800,1.0
1732437694491427800,1.0
1732437694501864613,1.0
1732437694501864613,1.0
1732437694512128128,1.0
1732437694512128128,1.0
1732437694522535528,1.0
1732437694522535528,1.0
1732437694532903563,1.0
1732437694532903563,1.0
1732437694543285785,1.0
1732437694543285785,1.0
1732437694554090844,1.0
1732437694554090844,1.0
1732437694564899821,1.0
1732437694564899821,1.0
1732437694575548819,1.0
1732437694575548819,1.0
1732437694585981666,1.0
1732437694585981666,1.0
1732437694596335151,1.0
1732437694596335151,1.0
1732437694606493780,1.0
1732437694606493780,1.0
1732437694617278327,1.0
1732437694617278327,1.0
1732437694627380832,1.0
1732437694627380832,1.0
1732437694637817626,1.0
1732437694637817626,1.0
1732437694648173429,1.0
1732437694648173429,1.0
1732437694658334600,1.0
1732437694658334600,1.0
1732437694668715098,1.0
1732437694668715098,1.0
1732437694679015619,1.0
1732437694679015619,1.0
1732437694689325086,1.0
1732437694689325086,1.0
1732437694699647877,1.0
1732437694699647877,1.0
1732437694710209122,1.0
1732437694710209122,1.0
1732437694720303178,1.0
1732437694720303178,1.0
1732437694730595020,1.0
1732437694730595020,1.0
1732437694741140897,1.0
1732437694741140897,1.0
1732437694751768364,1.0
1732437694751768364,1.0
1732437694761979890,1.0
1732437694761979890,1.0
1732437694772406734,1.0
1732437694772406734,1.0
1732437694782562154,1.0
1732437694782562154,1.0
1732437694792852461,1.0
1732437694792852461,1.0
1732437694803418445,1.0
1732437694803418445,1.0
1732437694813681500,1.0
1732437694813681500,1.0
1732437694823814058,1.0
1732437694823814058,1.0
1732437694835252776,1.0
1732437694835252776,1.0
1732437694845532665,1.0
1732437694845532665,1.0
1732437694855933813,0.9159926772117615
1732437694855933813,0.9159926772117615
1732437694866508904,0.9159926772117615
1732437694866508904,0.9159926772117615
1732437694877073625,0.9159926772117615
1732437694877073625,0.9159926772117615
1732437694887350962,0.9159926772117615
1732437694887350962,0.9159926772117615
1732437694897687098,0.9159926772117615
1732437694897687098,0.9159926772117615
1732437694908153414,0.9159926772117615
1732437694908153414,0.9159926772117615
1732437694918425704,0.9159926772117615
1732437694918425704,0.9159926772117615
1732437694928645133,0.9159926772117615
1732437694928645133,0.9159926772117615
1732437694939072199,0.9159926772117615
1732437694939072199,0.9159926772117615
1732437694949690781,0.9159926772117615
1732437694949690781,0.9159926772117615
1732437694960766904,0.9159926772117615
1732437694960766904,0.9159926772117615
1732437694971127586,0.9159926772117615
1732437694971127586,0.9159926772117615
1732437694981622859,0.9159926772117615
1732437694981622859,0.9159926772117615
1732437694991853018,0.9159926772117615
1732437694991853018,0.9159926772117615
1732437695002022975,0.9159926772117615
1732437695002022975,0.9159926772117615
1732437695012125636,0.9159926772117615
1732437695012125636,0.9159926772117615
1732437695022396080,0.9159926772117615
1732437695022396080,0.9159926772117615
1732437695032654562,0.9159926772117615
1732437695032654562,0.9159926772117615
1732437695042745955,0.9159926772117615
1732437695042745955,0.9159926772117615
1732437695053835714,0.9159926772117615
1732437695053835714,0.9159926772117615
1732437695064198680,0.9159926772117615
1732437695064198680,0.9159926772117615
1732437695074555054,0.9159926772117615
1732437695074555054,0.9159926772117615
1732437695084794351,0.9159926772117615
1732437695084794351,0.9159926772117615
1732437695095262231,0.9159926772117615
1732437695095262231,0.9159926772117615
1732437695105841311,0.9159926772117615
1732437695105841311,0.9159926772117615
1732437695116126882,0.9159926772117615
1732437695116126882,0.9159926772117615
1732437695126384252,0.9159926772117615
1732437695126384252,0.9159926772117615
1732437695136925851,0.9159926772117615
1732437695136925851,0.9159926772117615
1732437695147000583,0.9159926772117615
1732437695147000583,0.9159926772117615
1732437695157159328,0.9159926772117615
1732437695157159328,0.9159926772117615
1732437695167331359,0.9159926772117615
1732437695167331359,0.9159926772117615
1732437695177646836,0.9159926772117615
1732437695177646836,0.9159926772117615
1732437695187826381,0.9159926772117615
1732437695187826381,0.9159926772117615
1732437695198319160,0.9159926772117615
1732437695198319160,0.9159926772117615
1732437695208702904,0.9159926772117615
1732437695208702904,0.9159926772117615
1732437695218929133,0.9159926772117615
1732437695218929133,0.9159926772117615
1732437695229321408,0.9159926772117615
1732437695229321408,0.9159926772117615
1732437695239755836,0.9159926772117615
1732437695239755836,0.9159926772117615
1732437695250130331,0.9159926772117615
1732437695250130331,0.9159926772117615
1732437695260572428,0.9159926772117615
1732437695260572428,0.9159926772117615
1732437695270737035,0.9159926772117615
1732437695270737035,0.9159926772117615
1732437695281560308,0.9159926772117615
1732437695281560308,0.9159926772117615
1732437695291965935,0.9159926772117615
1732437695291965935,0.9159926772117615
1732437695302856752,0.9159926772117615
1732437695302856752,0.9159926772117615
1732437695313563858,0.9159926772117615
1732437695313563858,0.9159926772117615
1732437695324231763,0.9159926772117615
1732437695324231763,0.9159926772117615
1732437695334598306,0.9159926772117615
1732437695334598306,0.9159926772117615
1732437695345111962,0.9159926772117615
1732437695345111962,0.9159926772117615
1732437695355645626,0.9159926772117615
1732437695355645626,0.9159926772117615
1732437695366170185,0.9159926772117615
1732437695366170185,0.9159926772117615
1732437695376891617,0.9159926772117615
1732437695376891617,0.9159926772117615
1732437695387002554,0.9159926772117615
1732437695387002554,0.9159926772117615
1732437695397241339,0.9159926772117615
1732437695397241339,0.9159926772117615
1732437695407735399,0.9159926772117615
1732437695407735399,0.9159926772117615
1732437695418227145,0.9159926772117615
1732437695418227145,0.9159926772117615
1732437695428644433,0.9159926772117615
1732437695428644433,0.9159926772117615
1732437695438949222,0.9159926772117615
1732437695438949222,0.9159926772117615
1732437695449373312,0.9159926772117615
1732437695449373312,0.9159926772117615
1732437695460487657,0.9159926772117615
1732437695460487657,0.9159926772117615
1732437695470704933,0.9159926772117615
1732437695470704933,0.9159926772117615
1732437695481271285,0.9159926772117615
1732437695481271285,0.9159926772117615
1732437695491875162,0.9159926772117615
1732437695491875162,0.9159926772117615
1732437695502442509,0.9159926772117615
1732437695502442509,0.9159926772117615
1732437695512790587,0.9159926772117615
1732437695512790587,0.9159926772117615
1732437695523087380,0.9159926772117615
1732437695523087380,0.9159926772117615
1732437695533446118,0.9159926772117615
1732437695533446118,0.9159926772117615
1732437695543634587,0.9159926772117615
1732437695543634587,0.9159926772117615
1732437695553831538,0.9159926772117615
1732437695553831538,0.9159926772117615
1732437695564163526,0.9159926772117615
1732437695564163526,0.9159926772117615
1732437695574378056,0.9159926772117615
1732437695574378056,0.9159926772117615
1732437695584793269,0.9159926772117615
1732437695584793269,0.9159926772117615
1732437695596003211,0.9159926772117615
1732437695596003211,0.9159926772117615
1732437695607022579,0.9159926772117615
1732437695607022579,0.9159926772117615
1732437695617076340,0.9159926772117615
1732437695617076340,0.9159926772117615
1732437695627272095,0.9159926772117615
1732437695627272095,0.9159926772117615
1732437695637599415,0.9159926772117615
1732437695637599415,0.9159926772117615
1732437695647719950,0.9159926772117615
1732437695647719950,0.9159926772117615
1732437695658193172,0.9159926772117615
1732437695658193172,0.9159926772117615
1732437695670210797,0.9159926772117615
1732437695670210797,0.9159926772117615
1732437695680324179,0.9159926772117615
1732437695680324179,0.9159926772117615
1732437695690692202,0.9159926772117615
1732437695690692202,0.9159926772117615
1732437695703965628,0.9159926772117615
1732437695703965628,0.9159926772117615
1732437695715279130,0.9159926772117615
1732437695715279130,0.9159926772117615
1732437695725799673,0.9159926772117615
1732437695725799673,0.9159926772117615
1732437695736339869,0.9159926772117615
1732437695736339869,0.9159926772117615
1732437695747045894,0.9159926772117615
1732437695747045894,0.9159926772117615
1732437695757763931,0.9159926772117615
1732437695757763931,0.9159926772117615
1732437695768637939,0.9159926772117615
1732437695768637939,0.9159926772117615
1732437695778994824,0.9159926772117615
1732437695778994824,0.9159926772117615
1732437695789157398,0.9159926772117615
1732437695789157398,0.9159926772117615
1732437695799346481,0.9159926772117615
1732437695799346481,0.9159926772117615
1732437695809841662,0.9159926772117615
1732437695809841662,0.9159926772117615
1732437695820493125,0.9159926772117615
1732437695820493125,0.9159926772117615
1732437695831157843,0.9159926772117615
1732437695831157843,0.9159926772117615
1732437695841620575,0.9159926772117615
1732437695841620575,0.9159926772117615
1732437695852295101,0.9159926772117615
1732437695852295101,0.9159926772117615
1732437695862495855,0.9159926772117615
1732437695862495855,0.9159926772117615
1732437695873079813,0.9159926772117615
1732437695873079813,0.9159926772117615
1732437695883679158,0.9159926772117615
1732437695883679158,0.9159926772117615
1732437695894150327,0.9159926772117615
1732437695894150327,0.9159926772117615
1732437695904944344,0.9159926772117615
1732437695904944344,0.9159926772117615
1732437695915428827,0.9159926772117615
1732437695915428827,0.9159926772117615
1732437695925590149,0.9159926772117615
1732437695925590149,0.9159926772117615
1732437695925590149,0.9159926772117615
1732437695925590149,0.9159926772117615
1732437695936290934,0.9159926772117615
1732437695936290934,0.9159926772117615
1732437695958048295,0.9159926772117615
1732437695958048295,0.9159926772117615
1732437695968298623,0.9159926772117615
1732437695968298623,0.9159926772117615
1732437695978428606,0.9159926772117615
1732437695978428606,0.9159926772117615
1732437695988931372,0.9159926772117615
1732437695988931372,0.9159926772117615
1732437695999345424,0.9159926772117615
1732437695999345424,0.9159926772117615
1732437696009738707,0.9159926772117615
1732437696009738707,0.9159926772117615
1732437696019958717,0.9159926772117615
1732437696019958717,0.9159926772117615
1732437696030144834,0.9159926772117615
1732437696030144834,0.9159926772117615
1732437696040570717,0.9159926772117615
1732437696040570717,0.9159926772117615
1732437696051835480,0.9159926772117615
1732437696051835480,0.9159926772117615
1732437696062263581,0.9159926772117615
1732437696062263581,0.9159926772117615
1732437696072483221,0.9159926772117615
1732437696072483221,0.9159926772117615
1732437696082732315,0.9159926772117615
1732437696082732315,0.9159926772117615
1732437696093095602,0.9159926772117615
1732437696093095602,0.9159926772117615
1732437696103691602,0.9159926772117615
1732437696103691602,0.9159926772117615
1732437696114143674,0.9159926772117615
1732437696114143674,0.9159926772117615
1732437696125197506,0.9159926772117615
1732437696125197506,0.9159926772117615
1732437696135369487,0.9159926772117615
1732437696135369487,0.9159926772117615
1732437696145555113,0.9159926772117615
1732437696145555113,0.9159926772117615
1732437696155990685,0.9159926772117615
1732437696155990685,0.9159926772117615
1732437696166199875,0.9159926772117615
1732437696166199875,0.9159926772117615
1732437696176630578,0.9159926772117615
1732437696176630578,0.9159926772117615
1732437696186979979,0.9159926772117615
1732437696186979979,0.9159926772117615
1732437696197002762,0.9159926772117615
1732437696197002762,0.9159926772117615
1732437696197002762,0.9159926772117615
1732437696197002762,0.9159926772117615
1732437696217149032,0.9159926772117615
1732437696217149032,0.9159926772117615
1732437696227597511,0.9159926772117615
1732437696227597511,0.9159926772117615
1732437696237793536,0.9159926772117615
1732437696237793536,0.9159926772117615
1732437696248828485,0.9159926772117615
1732437696248828485,0.9159926772117615
1732437696259118475,0.9159926772117615
1732437696259118475,0.9159926772117615
1732437696269502400,0.9159926772117615
1732437696269502400,0.9159926772117615
1732437696279772503,0.9159926772117615
1732437696279772503,0.9159926772117615
1732437696292369217,0.9159926772117615
1732437696292369217,0.9159926772117615
1732437696302584814,0.9159926772117615
1732437696302584814,0.9159926772117615
1732437696313249727,0.9159926772117615
1732437696313249727,0.9159926772117615
1732437696324069844,0.9159926772117615
1732437696324069844,0.9159926772117615
1732437696334414326,0.9159926772117615
1732437696334414326,0.9159926772117615
1732437696344814892,0.9159926772117615
1732437696344814892,0.9159926772117615
1732437696355339920,0.9159926772117615
1732437696355339920,0.9159926772117615
1732437696367863607,0.9159926772117615
1732437696367863607,0.9159926772117615
1732437696378041840,0.9159926772117615
1732437696378041840,0.9159926772117615
1732437696388079681,0.9159926772117615
1732437696388079681,0.9159926772117615
1732437696402083483,0.9159926772117615
1732437696402083483,0.9159926772117615
1732437696412550224,0.9159926772117615
1732437696412550224,0.9159926772117615
1732437696422644801,0.9159926772117615
1732437696422644801,0.9159926772117615
1732437696434805301,0.9159926772117615
1732437696434805301,0.9159926772117615
1732437696444911862,0.9159926772117615
1732437696444911862,0.9159926772117615
1732437696455066821,0.9159926772117615
1732437696455066821,0.9159926772117615
1732437696465623778,0.9159926772117615
1732437696465623778,0.9159926772117615
1732437696475951890,0.9159926772117615
1732437696475951890,0.9159926772117615
1732437696486471244,0.9159926772117615
1732437696486471244,0.9159926772117615
1732437696497257197,0.9159926772117615
1732437696497257197,0.9159926772117615
1732437696507274424,0.9159926772117615
1732437696507274424,0.9159926772117615
1732437696517796637,0.9159926772117615
1732437696517796637,0.9159926772117615
1732437696528660505,0.9159926772117615
1732437696528660505,0.9159926772117615
1732437696539163702,0.9159926772117615
1732437696539163702,0.9159926772117615
1732437696550199440,0.9159926772117615
1732437696550199440,0.9159926772117615
1732437696560710202,0.9159926772117615
1732437696560710202,0.9159926772117615
1732437696571015221,0.9159926772117615
1732437696571015221,0.9159926772117615
1732437696581526714,0.9159926772117615
1732437696581526714,0.9159926772117615
1732437696592072490,0.9159926772117615
1732437696592072490,0.9159926772117615
1732437696602473107,0.9159926772117615
1732437696602473107,0.9159926772117615
1732437696612774919,0.9159926772117615
1732437696612774919,0.9159926772117615
1732437696623044863,0.9159926772117615
1732437696623044863,0.9159926772117615
1732437696634487980,0.9159926772117615
1732437696634487980,0.9159926772117615
1732437696644629023,0.9159926772117615
1732437696644629023,0.9159926772117615
1732437696655006847,0.9159926772117615
1732437696655006847,0.9159926772117615
1732437696665392957,0.9159926772117615
1732437696665392957,0.9159926772117615
1732437696675815083,0.9159926772117615
1732437696675815083,0.9159926772117615
1732437696686425490,0.9159926772117615
1732437696686425490,0.9159926772117615
1732437696697185542,0.9159926772117615
1732437696697185542,0.9159926772117615
1732437696707273140,0.9159926772117615
1732437696707273140,0.9159926772117615
1732437696717411027,0.9159926772117615
1732437696717411027,0.9159926772117615
1732437696727637930,0.9159926772117615
1732437696727637930,0.9159926772117615
1732437696737813375,0.9159926772117615
1732437696737813375,0.9159926772117615
1732437696748027879,0.9159926772117615
1732437696748027879,0.9159926772117615
1732437696758393539,0.9159926772117615
1732437696758393539,0.9159926772117615
1732437696768485110,0.9159926772117615
1732437696768485110,0.9159926772117615
1732437696778575756,0.9159926772117615
1732437696778575756,0.9159926772117615
1732437696789338029,0.9159926772117615
1732437696789338029,0.9159926772117615
1732437696802826352,0.9159926772117615
1732437696802826352,0.9159926772117615
1732437696812986130,0.9159926772117615
1732437696812986130,0.9159926772117615
1732437696823365438,0.9159926772117615
1732437696823365438,0.9159926772117615
1732437696833884724,0.9159926772117615
1732437696833884724,0.9159926772117615
1732437696844023955,0.9159926772117615
1732437696844023955,0.9159926772117615
1732437696854664558,0.9159926772117615
1732437696854664558,0.9159926772117615
1732437696864947004,0.9159926772117615
1732437696864947004,0.9159926772117615
1732437696875447844,0.9159926772117615
1732437696875447844,0.9159926772117615
1732437696886211691,0.9159926772117615
1732437696886211691,0.9159926772117615
1732437696896749624,0.9159926772117615
1732437696896749624,0.9159926772117615
1732437696906778615,0.9159926772117615
1732437696906778615,0.9159926772117615
1732437696919054205,0.9159926772117615
1732437696919054205,0.9159926772117615
1732437696929441166,0.9159926772117615
1732437696929441166,0.9159926772117615
1732437696939600562,0.9159926772117615
1732437696939600562,0.9159926772117615
1732437696950238932,0.9159926772117615
1732437696950238932,0.9159926772117615
1732437696960678981,0.9159926772117615
1732437696960678981,0.9159926772117615
1732437696970981284,0.9159926772117615
1732437696970981284,0.9159926772117615
1732437696981562195,0.9159926772117615
1732437696981562195,0.9159926772117615
1732437696992632228,0.9159926772117615
1732437696992632228,0.9159926772117615
1732437697003875944,0.9159926772117615
1732437697003875944,0.9159926772117615
1732437697014360326,0.9159926772117615
1732437697014360326,0.9159926772117615
1732437697025038739,0.9159926772117615
1732437697025038739,0.9159926772117615
1732437697035380036,0.9159926772117615
1732437697035380036,0.9159926772117615
1732437697045577704,0.9159926772117615
1732437697045577704,0.9159926772117615
1732437697056071204,0.9159926772117615
1732437697056071204,0.9159926772117615
1732437697066550047,0.9159926772117615
1732437697066550047,0.9159926772117615
1732437697077141748,0.9159926772117615
1732437697077141748,0.9159926772117615
1732437697087587849,0.9159926772117615
1732437697087587849,0.9159926772117615
1732437697097916863,0.9159926772117615
1732437697097916863,0.9159926772117615
1732437697108189391,0.9159926772117615
1732437697108189391,0.9159926772117615
1732437697118816138,0.9159926772117615
1732437697118816138,0.9159926772117615
1732437697129487616,0.9159926772117615
1732437697129487616,0.9159926772117615
1732437697139702779,0.9159926772117615
1732437697139702779,0.9159926772117615
1732437697150227907,0.9159926772117615
1732437697150227907,0.9159926772117615
1732437697160774956,0.9159926772117615
1732437697160774956,0.9159926772117615
1732437697171442708,0.9159926772117615
1732437697171442708,0.9159926772117615
1732437697181685240,0.9159926772117615
1732437697181685240,0.9159926772117615
1732437697192493667,0.9159926772117615
1732437697192493667,0.9159926772117615
1732437697207230182,0.9159926772117615
1732437697207230182,0.9159926772117615
1732437697228150949,0.9159926772117615
1732437697228150949,0.9159926772117615
1732437697228150949,0.9159926772117615
1732437697228150949,0.9159926772117615
1732437697238698541,0.9159926772117615
1732437697238698541,0.9159926772117615
1732437697249038829,0.9159926772117615
1732437697249038829,0.9159926772117615
1732437697260913890,0.9159926772117615
1732437697260913890,0.9159926772117615
1732437697271103504,0.9159926772117615
1732437697271103504,0.9159926772117615
1732437697283536276,0.9159926772117615
1732437697283536276,0.9159926772117615
1732437697293794939,0.9159926772117615
1732437697293794939,0.9159926772117615
1732437697314898923,0.9159926772117615
1732437697314898923,0.9159926772117615
1732437697327622414,0.9159926772117615
1732437697327622414,0.9159926772117615
1732437697338647592,0.9159926772117615
1732437697338647592,0.9159926772117615
1732437697350722395,0.9159926772117615
1732437697350722395,0.9159926772117615
1732437697360961881,0.9159926772117615
1732437697360961881,0.9159926772117615
1732437697371101451,0.9159926772117615
1732437697371101451,0.9159926772117615
1732437697381756011,0.9159926772117615
1732437697381756011,0.9159926772117615
1732437697392810665,0.9159926772117615
1732437697392810665,0.9159926772117615
1732437697403475814,0.9159926772117615
1732437697403475814,0.9159926772117615
1732437697413594138,0.9159926772117615
1732437697413594138,0.9159926772117615
1732437697423887054,0.9159926772117615
1732437697423887054,0.9159926772117615
1732437697434364615,0.9159926772117615
1732437697434364615,0.9159926772117615
1732437697444721660,0.9159926772117615
1732437697444721660,0.9159926772117615
1732437697455484752,0.9159926772117615
1732437697455484752,0.9159926772117615
1732437697465710713,0.9159926772117615
1732437697465710713,0.9159926772117615
1732437697476279742,0.9159926772117615
1732437697476279742,0.9159926772117615
1732437697486409143,0.9159926772117615
1732437697486409143,0.9159926772117615
1732437697497054908,0.9159926772117615
1732437697497054908,0.9159926772117615
1732437697507251534,0.9159926772117615
1732437697507251534,0.9159926772117615
1732437697507251534,0.9159926772117615
1732437697507251534,0.9159926772117615
1732437697528082082,0.9159926772117615
1732437697528082082,0.9159926772117615
1732437697538824705,0.9159926772117615
1732437697538824705,0.9159926772117615
1732437697550137507,0.9159926772117615
1732437697550137507,0.9159926772117615
1732437697560200996,0.9159926772117615
1732437697560200996,0.9159926772117615
1732437697572160003,0.9159926772117615
1732437697572160003,0.9159926772117615
1732437697582642641,0.9159926772117615
1732437697582642641,0.9159926772117615
1732437697592939004,0.9159926772117615
1732437697592939004,0.9159926772117615
1732437697605927527,0.9159926772117615
1732437697605927527,0.9159926772117615
1732437697616428711,0.9159926772117615
1732437697616428711,0.9159926772117615
1732437697626937158,0.9159926772117615
1732437697626937158,0.9159926772117615
1732437697637070635,0.9159926772117615
1732437697637070635,0.9159926772117615
1732437697648200220,0.9159926772117615
1732437697648200220,0.9159926772117615
1732437697658594284,0.9159926772117615
1732437697658594284,0.9159926772117615
1732437697669123721,0.9159926772117615
1732437697669123721,0.9159926772117615
1732437697679559503,0.9159926772117615
1732437697679559503,0.9159926772117615
1732437697690210565,0.9159926772117615
1732437697690210565,0.9159926772117615
1732437697700922210,0.9159926772117615
1732437697700922210,0.9159926772117615
1732437697711281580,0.9159926772117615
1732437697711281580,0.9159926772117615
1732437697722164694,0.9159926772117615
1732437697722164694,0.9159926772117615
1732437697732515008,0.9159926772117615
1732437697732515008,0.9159926772117615
1732437697742786000,0.9159926772117615
1732437697742786000,0.9159926772117615
1732437697753517852,0.9159926772117615
1732437697753517852,0.9159926772117615
1732437697763756381,0.9159926772117615
1732437697763756381,0.9159926772117615
1732437697774139946,0.9159926772117615
1732437697774139946,0.9159926772117615
1732437697784688237,0.9159926772117615
1732437697784688237,0.9159926772117615
1732437697795104322,0.9159926772117615
1732437697795104322,0.9159926772117615
1732437697805652534,0.9159926772117615
1732437697805652534,0.9159926772117615
1732437697815836778,0.9159926772117615
1732437697815836778,0.9159926772117615
1732437697826545327,0.9159926772117615
1732437697826545327,0.9159926772117615
1732437697837200367,0.9159926772117615
1732437697837200367,0.9159926772117615
1732437697848021697,0.9159926772117615
1732437697848021697,0.9159926772117615
1732437697858254208,0.9159926772117615
1732437697858254208,0.9159926772117615
1732437697868422493,0.9159926772117615
1732437697868422493,0.9159926772117615
1732437697878685083,0.9159926772117615
1732437697878685083,0.9159926772117615
1732437697888989451,0.9159926772117615
1732437697888989451,0.9159926772117615
1732437697899190055,0.9159926772117615
1732437697899190055,0.9159926772117615
1732437697909274463,0.9159926772117615
1732437697909274463,0.9159926772117615
1732437697919649141,0.9159926772117615
1732437697919649141,0.9159926772117615
1732437697930087838,0.9159926772117615
1732437697930087838,0.9159926772117615
1732437697940408204,0.9159926772117615
1732437697940408204,0.9159926772117615
1732437697950697734,0.9159926772117615
1732437697950697734,0.9159926772117615
1732437697961398395,0.9159926772117615
1732437697961398395,0.9159926772117615
1732437697971551871,0.9159926772117615
1732437697971551871,0.9159926772117615
1732437697981898357,0.9159926772117615
1732437697981898357,0.9159926772117615
1732437697992258749,0.9159926772117615
1732437697992258749,0.9159926772117615
1732437698002381061,0.9159926772117615
1732437698002381061,0.9159926772117615
1732437698012962894,0.9159926772117615
1732437698012962894,0.9159926772117615
1732437698023379611,0.9159926772117615
1732437698023379611,0.9159926772117615
1732437698033637702,0.9159926772117615
1732437698033637702,0.9159926772117615
1732437698044550914,0.9159926772117615
1732437698044550914,0.9159926772117615
1732437698054782226,0.9159926772117615
1732437698054782226,0.9159926772117615
1732437698064965278,0.9159926772117615
1732437698064965278,0.9159926772117615
1732437698075781788,0.9159926772117615
1732437698075781788,0.9159926772117615
1732437698086013909,0.9159926772117615
1732437698086013909,0.9159926772117615
1732437698096393079,0.9159926772117615
1732437698096393079,0.9159926772117615
1732437698106629119,0.9159926772117615
1732437698106629119,0.9159926772117615
1732437698116892089,0.9159926772117615
1732437698116892089,0.9159926772117615
1732437698126958164,0.9159926772117615
1732437698126958164,0.9159926772117615
1732437698137442505,0.9159926772117615
1732437698137442505,0.9159926772117615
1732437698147808327,0.9159926772117615
1732437698147808327,0.9159926772117615
1732437698158746665,0.9159926772117615
1732437698158746665,0.9159926772117615
1732437698169226003,0.9159926772117615
1732437698169226003,0.9159926772117615
1732437698179595716,0.9159926772117615
1732437698179595716,0.9159926772117615
1732437698189980302,0.9159926772117615
1732437698189980302,0.9159926772117615
1732437698200545325,0.9159926772117615
1732437698200545325,0.9159926772117615
1732437698210898710,0.9159926772117615
1732437698210898710,0.9159926772117615
1732437698221226254,0.9159926772117615
1732437698221226254,0.9159926772117615
1732437698231674029,0.9159926772117615
1732437698231674029,0.9159926772117615
1732437698242294374,0.9159926772117615
1732437698242294374,0.9159926772117615
1732437698252828640,0.9159926772117615
1732437698252828640,0.9159926772117615
1732437698263280202,0.9159926772117615
1732437698263280202,0.9159926772117615
1732437698273646444,0.9159926772117615
1732437698273646444,0.9159926772117615
1732437698284179698,0.9159926772117615
1732437698284179698,0.9159926772117615
1732437698294616492,0.9159926772117615
1732437698294616492,0.9159926772117615
1732437698305094904,0.9159926772117615
1732437698305094904,0.9159926772117615
1732437698315536585,0.9159926772117615
1732437698315536585,0.9159926772117615
1732437698325791560,0.9159926772117615
1732437698325791560,0.9159926772117615
1732437698336097321,0.9159926772117615
1732437698336097321,0.9159926772117615
1732437698346283959,0.9159926772117615
1732437698346283959,0.9159926772117615
1732437698356616154,0.9159926772117615
1732437698356616154,0.9159926772117615
1732437698366898935,0.9159926772117615
1732437698366898935,0.9159926772117615
1732437698377181202,0.9159926772117615
1732437698377181202,0.9159926772117615
1732437698387450153,0.9159926772117615
1732437698387450153,0.9159926772117615
1732437698397878043,0.9159926772117615
1732437698397878043,0.9159926772117615
1732437698408330435,0.9159926772117615
1732437698408330435,0.9159926772117615
1732437698418710443,0.9159926772117615
1732437698418710443,0.9159926772117615
1732437698429208973,0.9159926772117615
1732437698429208973,0.9159926772117615
1732437698439595289,0.9159926772117615
1732437698439595289,0.9159926772117615
1732437698449911840,0.9159926772117615
1732437698449911840,0.9159926772117615
1732437698461047323,0.9159926772117615
1732437698461047323,0.9159926772117615
1732437698471537570,0.9159926772117615
1732437698471537570,0.9159926772117615
1732437698481883624,0.9159926772117615
1732437698481883624,0.9159926772117615
1732437698492173323,0.9159926772117615
1732437698492173323,0.9159926772117615
1732437698502269603,0.9159926772117615
1732437698502269603,0.9159926772117615
1732437698512515873,0.9159926772117615
1732437698512515873,0.9159926772117615
1732437698522892095,0.9159926772117615
1732437698522892095,0.9159926772117615
1732437698533247929,0.9159926772117615
1732437698533247929,0.9159926772117615
1732437698543913108,0.9159926772117615
1732437698543913108,0.9159926772117615
1732437698554323061,0.9159926772117615
1732437698554323061,0.9159926772117615
1732437698564490204,0.9159926772117615
1732437698564490204,0.9159926772117615
1732437698574522045,0.9159926772117615
1732437698574522045,0.9159926772117615
1732437698584880602,0.9159926772117615
1732437698584880602,0.9159926772117615
1732437698595105071,0.9159926772117615
1732437698595105071,0.9159926772117615
1732437698605720997,0.9159926772117615
1732437698605720997,0.9159926772117615
1732437698616015232,0.9159926772117615
1732437698616015232,0.9159926772117615
1732437698626553285,0.9159926772117615
1732437698626553285,0.9159926772117615
1732437698637240199,0.9159926772117615
1732437698637240199,0.9159926772117615
1732437698647837640,0.9159926772117615
1732437698647837640,0.9159926772117615
1732437698658462294,0.9159926772117615
1732437698658462294,0.9159926772117615
1732437698668925217,0.9159926772117615
1732437698668925217,0.9159926772117615
1732437698679042126,0.9159926772117615
1732437698679042126,0.9159926772117615
1732437698689670626,0.9159926772117615
1732437698689670626,0.9159926772117615
1732437698700302155,0.9159926772117615
1732437698700302155,0.9159926772117615
1732437698710549817,0.9159926772117615
1732437698710549817,0.9159926772117615
1732437698721120920,0.9159926772117615
1732437698721120920,0.9159926772117615
1732437698731705289,0.9159926772117615
1732437698731705289,0.9159926772117615
1732437698742333510,0.9159926772117615
1732437698742333510,0.9159926772117615
1732437698753022924,0.9159926772117615
1732437698753022924,0.9159926772117615
1732437698763237531,0.9159926772117615
1732437698763237531,0.9159926772117615
1732437698773397934,0.9159926772117615
1732437698773397934,0.9159926772117615
1732437698783858117,0.9159926772117615
1732437698783858117,0.9159926772117615
1732437698794021116,0.9159926772117615
1732437698794021116,0.9159926772117615
1732437698804172117,0.9159926772117615
1732437698804172117,0.9159926772117615
1732437698814786383,0.9159926772117615
1732437698814786383,0.9159926772117615
1732437698825345123,0.9159926772117615
1732437698825345123,0.9159926772117615
1732437698835825177,0.9159926772117615
1732437698835825177,0.9159926772117615
1732437698846189658,0.9159926772117615
1732437698846189658,0.9159926772117615
1732437698858560491,0.9159926772117615
1732437698858560491,0.9159926772117615
1732437698868893453,0.9159926772117615
1732437698868893453,0.9159926772117615
1732437698879225564,0.9159926772117615
1732437698879225564,0.9159926772117615
1732437698889748779,0.9159926772117615
1732437698889748779,0.9159926772117615
1732437698899927394,0.9159926772117615
1732437698899927394,0.9159926772117615
1732437698910508115,0.9159926772117615
1732437698910508115,0.9159926772117615
1732437698920626116,0.9159926772117615
1732437698920626116,0.9159926772117615
1732437698930893525,0.9159926772117615
1732437698930893525,0.9159926772117615
1732437698941240443,0.9159926772117615
1732437698941240443,0.9159926772117615
1732437698951645939,0.9159926772117615
1732437698951645939,0.9159926772117615
1732437698961797853,0.9159926772117615
1732437698961797853,0.9159926772117615
1732437698972478410,0.9159926772117615
1732437698972478410,0.9159926772117615
1732437698982760225,0.9159926772117615
1732437698982760225,0.9159926772117615
1732437698993391610,0.9159926772117615
1732437698993391610,0.9159926772117615
1732437699003592515,0.9159926772117615
1732437699003592515,0.9159926772117615
1732437699013941296,0.9159926772117615
1732437699013941296,0.9159926772117615
1732437699024544711,0.9159926772117615
1732437699024544711,0.9159926772117615
1732437699034733683,0.9159926772117615
1732437699034733683,0.9159926772117615
1732437699044969291,0.9159926772117615
1732437699044969291,0.9159926772117615
1732437699055125673,0.9159926772117615
1732437699055125673,0.9159926772117615
1732437699065608723,0.9159926772117615
1732437699065608723,0.9159926772117615
1732437699075905481,0.9159926772117615
1732437699075905481,0.9159926772117615
1732437699086402319,0.9159926772117615
1732437699086402319,0.9159926772117615
1732437699097155097,0.9159926772117615
1732437699097155097,0.9159926772117615
1732437699108024590,0.9159926772117615
1732437699108024590,0.9159926772117615
1732437699118462346,0.9159926772117615
1732437699118462346,0.9159926772117615
1732437699128778906,0.9159926772117615
1732437699128778906,0.9159926772117615
1732437699139347925,0.9159926772117615
1732437699139347925,0.9159926772117615
1732437699149837459,0.9159926772117615
1732437699149837459,0.9159926772117615
1732437699160098754,0.9159926772117615
1732437699160098754,0.9159926772117615
1732437699170700977,0.9159926772117615
1732437699170700977,0.9159926772117615
1732437699180945655,0.9159926772117615
1732437699180945655,0.9159926772117615
1732437699191290979,0.9159926772117615
1732437699191290979,0.9159926772117615
1732437699201787065,0.9159926772117615
1732437699201787065,0.9159926772117615
1732437699212177352,0.9159926772117615
1732437699212177352,0.9159926772117615
1732437699222707672,0.9159926772117615
1732437699222707672,0.9159926772117615
1732437699233097448,0.9159926772117615
1732437699233097448,0.9159926772117615
1732437699244439105,0.9159926772117615
1732437699244439105,0.9159926772117615
1732437699254611805,0.9159926772117615
1732437699254611805,0.9159926772117615
1732437699265228454,0.9159926772117615
1732437699265228454,0.9159926772117615
1732437699275782424,0.9159926772117615
1732437699275782424,0.9159926772117615
1732437699286257293,0.9159926772117615
1732437699286257293,0.9159926772117615
1732437699286257293,0.9159926772117615
1732437699286257293,0.9159926772117615
1732437699307024461,0.9159926772117615
1732437699307024461,0.9159926772117615
1732437699317052256,0.9159926772117615
1732437699317052256,0.9159926772117615
1732437699327440286,0.9159926772117615
1732437699327440286,0.9159926772117615
1732437699337646765,0.9159926772117615
1732437699337646765,0.9159926772117615
1732437699348207520,0.9159926772117615
1732437699348207520,0.9159926772117615
1732437699358738048,0.9159926772117615
1732437699358738048,0.9159926772117615
1732437699369235081,0.9159926772117615
1732437699369235081,0.9159926772117615
1732437699379535411,0.9159926772117615
1732437699379535411,0.9159926772117615
1732437699389945479,0.9159926772117615
1732437699389945479,0.9159926772117615
1732437699400370081,0.9159926772117615
1732437699400370081,0.9159926772117615
1732437699411080004,0.9159926772117615
1732437699411080004,0.9159926772117615
1732437699421770425,0.9159926772117615
1732437699421770425,0.9159926772117615
1732437699432229835,0.9159926772117615
1732437699432229835,0.9159926772117615
1732437699443070162,0.9159926772117615
1732437699443070162,0.9159926772117615
1732437699453378307,0.9159926772117615
1732437699453378307,0.9159926772117615
1732437699463750962,0.9159926772117615
1732437699463750962,0.9159926772117615
1732437699473931446,0.9159926772117615
1732437699473931446,0.9159926772117615
1732437699484126380,0.9159926772117615
1732437699484126380,0.9159926772117615
1732437699494583199,0.9159926772117615
1732437699494583199,0.9159926772117615
1732437699505019195,0.9159926772117615
1732437699505019195,0.9159926772117615
1732437699515342318,0.9159926772117615
1732437699515342318,0.9159926772117615
1732437699525784078,0.9159926772117615
1732437699525784078,0.9159926772117615
1732437699525784078,0.9159926772117615
1732437699525784078,0.9159926772117615
1732437699548920928,0.9159926772117615
1732437699548920928,0.9159926772117615
1732437699559631918,0.9159926772117615
1732437699559631918,0.9159926772117615
1732437699570041976,0.9159926772117615
1732437699570041976,0.9159926772117615
1732437699580405524,0.9159926772117615
1732437699580405524,0.9159926772117615
1732437699590747752,0.9159926772117615
1732437699590747752,0.9159926772117615
1732437699601948658,0.9159926772117615
1732437699601948658,0.9159926772117615
1732437699613708913,0.9159926772117615
1732437699613708913,0.9159926772117615
1732437699624301549,0.9159926772117615
1732437699624301549,0.9159926772117615
1732437699634718917,0.9159926772117615
1732437699634718917,0.9159926772117615
1732437699647996788,0.9159926772117615
1732437699647996788,0.9159926772117615
1732437699658450223,0.9159926772117615
1732437699658450223,0.9159926772117615
1732437699668581548,0.9159926772117615
1732437699668581548,0.9159926772117615
1732437699678961716,0.9159926772117615
1732437699678961716,0.9159926772117615
1732437699689312040,0.9159926772117615
1732437699689312040,0.9159926772117615
1732437699700096893,0.9159926772117615
1732437699700096893,0.9159926772117615
1732437699710321273,0.9159926772117615
1732437699710321273,0.9159926772117615
1732437699720545481,0.9159926772117615
1732437699720545481,0.9159926772117615
1732437699730747647,0.9159926772117615
1732437699730747647,0.9159926772117615
1732437699740965216,0.9159926772117615
1732437699740965216,0.9159926772117615
1732437699751240369,0.9159926772117615
1732437699751240369,0.9159926772117615
1732437699762024470,0.9159926772117615
1732437699762024470,0.9159926772117615
1732437699772452337,0.9159926772117615
1732437699772452337,0.9159926772117615
1732437699782701421,0.9159926772117615
1732437699782701421,0.9159926772117615
1732437699793210170,0.9159926772117615
1732437699793210170,0.9159926772117615
1732437699803360382,0.9159926772117615
1732437699803360382,0.9159926772117615
1732437699813683565,0.9159926772117615
1732437699813683565,0.9159926772117615
1732437699823826780,0.9159926772117615
1732437699823826780,0.9159926772117615
1732437699834363463,0.9159926772117615
1732437699834363463,0.9159926772117615
1732437699844568917,0.9159926772117615
1732437699844568917,0.9159926772117615
1732437699855147818,0.9159926772117615
1732437699855147818,0.9159926772117615
1732437699865834397,0.9159926772117615
1732437699865834397,0.9159926772117615
1732437699876156800,0.9159926772117615
1732437699876156800,0.9159926772117615
1732437699886787175,0.9159926772117615
1732437699886787175,0.9159926772117615
1732437699896994850,0.9159926772117615
1732437699896994850,0.9159926772117615
1732437699907126836,0.9159926772117615
1732437699907126836,0.9159926772117615
1732437699917449047,0.9159926772117615
1732437699917449047,0.9159926772117615
1732437699927612192,0.9159926772117615
1732437699927612192,0.9159926772117615
1732437699937895331,0.9159926772117615
1732437699937895331,0.9159926772117615
1732437699948225274,0.9159926772117615
1732437699948225274,0.9159926772117615
1732437699958520816,0.9159926772117615
1732437699958520816,0.9159926772117615
1732437699968805669,0.9159926772117615
1732437699968805669,0.9159926772117615
1732437699979090799,0.9159926772117615
1732437699979090799,0.9159926772117615
1732437699989488059,0.9159926772117615
1732437699989488059,0.9159926772117615
1732437699999962413,0.9159926772117615
1732437699999962413,0.9159926772117615
1732437700010178218,0.9159926772117615
1732437700010178218,0.9159926772117615
1732437700020356619,0.9159926772117615
1732437700020356619,0.9159926772117615
1732437700030672578,0.9159926772117615
1732437700030672578,0.9159926772117615
1732437700041358467,0.9159926772117615
1732437700041358467,0.9159926772117615
1732437700051797264,0.9159926772117615
1732437700051797264,0.9159926772117615
1732437700062299506,0.9159926772117615
1732437700062299506,0.9159926772117615
1732437700072793034,0.9159926772117615
1732437700072793034,0.9159926772117615
1732437700083033125,0.9159926772117615
1732437700083033125,0.9159926772117615
1732437700093476032,0.9159926772117615
1732437700093476032,0.9159926772117615
1732437700103772085,0.9159926772117615
1732437700103772085,0.9159926772117615
1732437700114078337,0.9159926772117615
1732437700114078337,0.9159926772117615
1732437700124647759,0.9159926772117615
1732437700124647759,0.9159926772117615
1732437700135049778,0.9159926772117615
1732437700135049778,0.9159926772117615
1732437700145260100,0.9159926772117615
1732437700145260100,0.9159926772117615
1732437700155727200,0.9159926772117615
1732437700155727200,0.9159926772117615
1732437700166233816,0.9159926772117615
1732437700166233816,0.9159926772117615
1732437700176470598,0.9159926772117615
1732437700176470598,0.9159926772117615
1732437700186759648,0.9159926772117615
1732437700186759648,0.9159926772117615
1732437700197153874,0.9159926772117615
1732437700197153874,0.9159926772117615
1732437700207818534,0.9159926772117615
1732437700207818534,0.9159926772117615
1732437700217949639,0.9159926772117615
1732437700217949639,0.9159926772117615
1732437700228250650,0.9159926772117615
1732437700228250650,0.9159926772117615
1732437700238554325,0.9159926772117615
1732437700238554325,0.9159926772117615
1732437700248962436,0.9159926772117615
1732437700248962436,0.9159926772117615
1732437700259479259,0.9159926772117615
1732437700259479259,0.9159926772117615
1732437700269703998,0.9159926772117615
1732437700269703998,0.9159926772117615
1732437700280037461,0.9159926772117615
1732437700280037461,0.9159926772117615
1732437700290273632,0.9159926772117615
1732437700290273632,0.9159926772117615
1732437700300649885,0.9159926772117615
1732437700300649885,0.9159926772117615
1732437700311102596,0.9159926772117615
1732437700311102596,0.9159926772117615
1732437700321971956,0.9159926772117615
1732437700321971956,0.9159926772117615
1732437700332236416,0.9159926772117615
1732437700332236416,0.9159926772117615
1732437700342381351,0.9159926772117615
1732437700342381351,0.9159926772117615
1732437700353043406,0.9159926772117615
1732437700353043406,0.9159926772117615
1732437700363331263,0.9159926772117615
1732437700363331263,0.9159926772117615
1732437700373709799,0.9159926772117615
1732437700373709799,0.9159926772117615
1732437700384570490,0.9159926772117615
1732437700384570490,0.9159926772117615
1732437700395214120,0.9159926772117615
1732437700395214120,0.9159926772117615
1732437700405865483,0.9159926772117615
1732437700405865483,0.9159926772117615
1732437700416146427,0.9159926772117615
1732437700416146427,0.9159926772117615
1732437700427037865,0.9159926772117615
1732437700427037865,0.9159926772117615
1732437700437378449,0.9159926772117615
1732437700437378449,0.9159926772117615
1732437700447841547,0.9159926772117615
1732437700447841547,0.9159926772117615
1732437700458358369,0.9159926772117615
1732437700458358369,0.9159926772117615
1732437700468525914,0.9159926772117615
1732437700468525914,0.9159926772117615
1732437700478629157,0.9159926772117615
1732437700478629157,0.9159926772117615
1732437700489244892,0.9159926772117615
1732437700489244892,0.9159926772117615
1732437700499608051,0.9159926772117615
1732437700499608051,0.9159926772117615
1732437700509952090,0.9159926772117615
1732437700509952090,0.9159926772117615
1732437700520283441,0.9159926772117615
1732437700520283441,0.9159926772117615
1732437700530751422,0.9159926772117615
1732437700530751422,0.9159926772117615
1732437700541105560,0.9159926772117615
1732437700541105560,0.9159926772117615
1732437700551232266,0.9159926772117615
1732437700551232266,0.9159926772117615
1732437700561590922,0.9159926772117615
1732437700561590922,0.9159926772117615
1732437700571768266,0.9159926772117615
1732437700571768266,0.9159926772117615
1732437700581883852,0.9159926772117615
1732437700581883852,0.9159926772117615
1732437700592379582,0.9159926772117615
1732437700592379582,0.9159926772117615
1732437700603360623,0.9159926772117615
1732437700603360623,0.9159926772117615
1732437700613687890,0.9159926772117615
1732437700613687890,0.9159926772117615
1732437700624322906,0.9159926772117615
1732437700624322906,0.9159926772117615
1732437700634567298,0.9159926772117615
1732437700634567298,0.9159926772117615
1732437700644808875,0.9159926772117615
1732437700644808875,0.9159926772117615
1732437700654947640,0.9159926772117615
1732437700654947640,0.9159926772117615
1732437700665366054,0.9159926772117615
1732437700665366054,0.9159926772117615
1732437700676187844,0.9159926772117615
1732437700676187844,0.9159926772117615
1732437700686963591,0.9159926772117615
1732437700686963591,0.9159926772117615
1732437700697560042,0.9159926772117615
1732437700697560042,0.9159926772117615
1732437700707867335,0.9159926772117615
1732437700707867335,0.9159926772117615
1732437700718265937,0.9159926772117615
1732437700718265937,0.9159926772117615
1732437700728834106,0.9159926772117615
1732437700728834106,0.9159926772117615
1732437700739067664,0.9159926772117615
1732437700739067664,0.9159926772117615
1732437700749574597,0.9159926772117615
1732437700749574597,0.9159926772117615
1732437700759838458,0.9159926772117615
1732437700759838458,0.9159926772117615
1732437700770067958,0.9159926772117615
1732437700770067958,0.9159926772117615
1732437700780412391,0.9159926772117615
1732437700780412391,0.9159926772117615
1732437700790549423,0.9159926772117615
1732437700790549423,0.9159926772117615
1732437700801078372,0.9159926772117615
1732437700801078372,0.9159926772117615
1732437700811324268,0.9159926772117615
1732437700811324268,0.9159926772117615
1732437700821404482,0.9159926772117615
1732437700821404482,0.9159926772117615
1732437700831870731,0.9159926772117615
1732437700831870731,0.9159926772117615
1732437700842034927,0.9159926772117615
1732437700842034927,0.9159926772117615
1732437700852598056,0.9159926772117615
1732437700852598056,0.9159926772117615
1732437700862966581,0.9159926772117615
1732437700862966581,0.9159926772117615
1732437700873502429,0.9159926772117615
1732437700873502429,0.9159926772117615
1732437700883824200,0.9159926772117615
1732437700883824200,0.9159926772117615
1732437700894457900,0.9159926772117615
1732437700894457900,0.9159926772117615
1732437700904776915,0.9159926772117615
1732437700904776915,0.9159926772117615
1732437700915001192,0.9159926772117615
1732437700915001192,0.9159926772117615
1732437700925634642,0.9159926772117615
1732437700925634642,0.9159926772117615
1732437700935821342,0.9159926772117615
1732437700935821342,0.9159926772117615
1732437700946056972,0.9159926772117615
1732437700946056972,0.9159926772117615
1732437700956469550,0.9159926772117615
1732437700956469550,0.9159926772117615
1732437700966521338,0.9159926772117615
1732437700966521338,0.9159926772117615
1732437700977162701,0.9159926772117615
1732437700977162701,0.9159926772117615
1732437700987480304,0.9159926772117615
1732437700987480304,0.9159926772117615
1732437700997531772,0.9159926772117615
1732437700997531772,0.9159926772117615
1732437701007939510,0.9159926772117615
1732437701007939510,0.9159926772117615
1732437701018955211,0.9159926772117615
1732437701018955211,0.9159926772117615
1732437701029370507,0.9159926772117615
1732437701029370507,0.9159926772117615
1732437701040047249,0.9159926772117615
1732437701040047249,0.9159926772117615
1732437701050574439,0.9159926772117615
1732437701050574439,0.9159926772117615
1732437701061175800,0.9159926772117615
1732437701061175800,0.9159926772117615
1732437701071349506,0.9159926772117615
1732437701071349506,0.9159926772117615
1732437701081654243,0.9159926772117615
1732437701081654243,0.9159926772117615
1732437701091806006,0.9159926772117615
1732437701091806006,0.9159926772117615
1732437701101986449,0.9159926772117615
1732437701101986449,0.9159926772117615
1732437701112422286,0.9159926772117615
1732437701112422286,0.9159926772117615
1732437701122641194,0.9159926772117615
1732437701122641194,0.9159926772117615
1732437701133222846,0.9159926772117615
1732437701133222846,0.9159926772117615
1732437701143594832,0.9159926772117615
1732437701143594832,0.9159926772117615
1732437701153912234,0.9159926772117615
1732437701153912234,0.9159926772117615
1732437701164265409,0.9159926772117615
1732437701164265409,0.9159926772117615
1732437701174832700,0.9159926772117615
1732437701174832700,0.9159926772117615
1732437701185214200,0.9159926772117615
1732437701185214200,0.9159926772117615
1732437701195587175,0.9159926772117615
1732437701195587175,0.9159926772117615
1732437701195587175,0.9159926772117615
1732437701195587175,0.9159926772117615
1732437701216734069,0.9159926772117615
1732437701216734069,0.9159926772117615
1732437701227294224,0.9159926772117615
1732437701227294224,0.9159926772117615
1732437701237307240,0.9159926772117615
1732437701237307240,0.9159926772117615
1732437701247346774,0.9159926772117615
1732437701247346774,0.9159926772117615
1732437701257948104,0.9159926772117615
1732437701257948104,0.9159926772117615
1732437701268119262,0.9159926772117615
1732437701268119262,0.9159926772117615
1732437701278423077,0.9159926772117615
1732437701278423077,0.9159926772117615
1732437701288593291,0.9159926772117615
1732437701288593291,0.9159926772117615
1732437701299249696,0.9159926772117615
1732437701299249696,0.9159926772117615
1732437701309727586,0.9159926772117615
1732437701309727586,0.9159926772117615
1732437701320295424,0.9159926772117615
1732437701320295424,0.9159926772117615
1732437701330692830,0.9159926772117615
1732437701330692830,0.9159926772117615
1732437701340924566,0.9159926772117615
1732437701340924566,0.9159926772117615
1732437701351350131,0.9159926772117615
1732437701351350131,0.9159926772117615
1732437701361668756,0.9159926772117615
1732437701361668756,0.9159926772117615
1732437701372386413,0.9159926772117615
1732437701372386413,0.9159926772117615
1732437701382912473,0.9159926772117615
1732437701382912473,0.9159926772117615
1732437701393485039,0.9159926772117615
1732437701393485039,0.9159926772117615
1732437701404412019,0.9159926772117615
1732437701404412019,0.9159926772117615
1732437701416011636,0.9159926772117615
1732437701416011636,0.9159926772117615
1732437701426617644,0.9159926772117615
1732437701426617644,0.9159926772117615
1732437701436774147,0.9159926772117615
1732437701436774147,0.9159926772117615
1732437701447013675,0.9159926772117615
1732437701447013675,0.9159926772117615
1732437701462143133,0.9159926772117615
1732437701462143133,0.9159926772117615
1732437701472451429,0.9159926772117615
1732437701472451429,0.9159926772117615
1732437701482561937,0.9159926772117615
1732437701482561937,0.9159926772117615
1732437701492791564,0.9159926772117615
1732437701492791564,0.9159926772117615
1732437701503535997,0.9159926772117615
1732437701503535997,0.9159926772117615
1732437701513866744,0.9159926772117615
1732437701513866744,0.9159926772117615
1732437701524429999,0.9159926772117615
1732437701524429999,0.9159926772117615
1732437701534938457,0.9159926772117615
1732437701534938457,0.9159926772117615
1732437701546745542,0.9159926772117615
1732437701546745542,0.9159926772117615
1732437701558731250,0.9159926772117615
1732437701558731250,0.9159926772117615
1732437701569050584,0.9159926772117615
1732437701569050584,0.9159926772117615
1732437701579818803,0.9159926772117615
1732437701579818803,0.9159926772117615
1732437701589989603,0.9159926772117615
1732437701589989603,0.9159926772117615
1732437701600397445,0.9159926772117615
1732437701600397445,0.9159926772117615
1732437701610728499,0.9159926772117615
1732437701610728499,0.9159926772117615
1732437701620977428,0.9159926772117615
1732437701620977428,0.9159926772117615
1732437701631398432,0.9159926772117615
1732437701631398432,0.9159926772117615
1732437701642392884,0.9159926772117615
1732437701642392884,0.9159926772117615
1732437701653149783,0.9159926772117615
1732437701653149783,0.9159926772117615
1732437701663737178,0.9159926772117615
1732437701663737178,0.9159926772117615
1732437701674080628,0.9159926772117615
1732437701674080628,0.9159926772117615
1732437701684566761,0.9159926772117615
1732437701684566761,0.9159926772117615
1732437701695348833,0.9159926772117615
1732437701695348833,0.9159926772117615
1732437701705758126,0.9159926772117615
1732437701705758126,0.9159926772117615
1732437701716125641,0.9159926772117615
1732437701716125641,0.9159926772117615
1732437701726291328,0.9159926772117615
1732437701726291328,0.9159926772117615
1732437701736834801,0.9159926772117615
1732437701736834801,0.9159926772117615
1732437701746854473,0.9159926772117615
1732437701746854473,0.9159926772117615
1732437701758325710,0.9159926772117615
1732437701758325710,0.9159926772117615
1732437701768637923,0.9159926772117615
1732437701768637923,0.9159926772117615
1732437701779348506,0.9159926772117615
1732437701779348506,0.9159926772117615
1732437701789739267,0.9159926772117615
1732437701789739267,0.9159926772117615
1732437701800347430,0.9159926772117615
1732437701800347430,0.9159926772117615
1732437701810695438,0.9159926772117615
1732437701810695438,0.9159926772117615
1732437701821870557,0.9159926772117615
1732437701821870557,0.9159926772117615
1732437701832034253,0.9159926772117615
1732437701832034253,0.9159926772117615
1732437701842290663,0.9159926772117615
1732437701842290663,0.9159926772117615
1732437701852699996,0.9159926772117615
1732437701852699996,0.9159926772117615
1732437701862968668,0.9159926772117615
1732437701862968668,0.9159926772117615
1732437701873513995,0.9159926772117615
1732437701873513995,0.9159926772117615
1732437701884024648,0.9159926772117615
1732437701884024648,0.9159926772117615
1732437701894648699,0.9159926772117615
1732437701894648699,0.9159926772117615
1732437701904968303,0.9159926772117615
1732437701904968303,0.9159926772117615
1732437701915558227,0.9159926772117615
1732437701915558227,0.9159926772117615
1732437701925819182,0.9159926772117615
1732437701925819182,0.9159926772117615
1732437701936202086,0.9159926772117615
1732437701936202086,0.9159926772117615
1732437701946471147,0.9159926772117615
1732437701946471147,0.9159926772117615
1732437701957174938,0.9159926772117615
1732437701957174938,0.9159926772117615
1732437701967339094,0.9159926772117615
1732437701967339094,0.9159926772117615
1732437701977628334,0.9159926772117615
1732437701977628334,0.9159926772117615
1732437701987877972,0.9159926772117615
1732437701987877972,0.9159926772117615
1732437701998377552,0.9159926772117615
1732437701998377552,0.9159926772117615
1732437702008936203,0.9159926772117615
1732437702008936203,0.9159926772117615
1732437702008936203,0.9159926772117615
1732437702008936203,0.9159926772117615
1732437702029346599,0.9159926772117615
1732437702029346599,0.9159926772117615
1732437702039778129,0.9159926772117615
1732437702039778129,0.9159926772117615
1732437702050253698,0.9159926772117615
1732437702050253698,0.9159926772117615
1732437702060882448,0.9159926772117615
1732437702060882448,0.9159926772117615
1732437702071261524,0.9159926772117615
1732437702071261524,0.9159926772117615
1732437702081789651,0.9159926772117615
1732437702081789651,0.9159926772117615
1732437702092303959,0.9159926772117615
1732437702092303959,0.9159926772117615
1732437702102895011,0.9159926772117615
1732437702102895011,0.9159926772117615
1732437702113267021,0.9159926772117615
1732437702113267021,0.9159926772117615
1732437702123844109,0.9159926772117615
1732437702123844109,0.9159926772117615
1732437702134380118,0.9159926772117615
1732437702134380118,0.9159926772117615
1732437702145558793,0.9159926772117615
1732437702145558793,0.9159926772117615
1732437702156111434,0.9159926772117615
1732437702156111434,0.9159926772117615
1732437702166627625,0.9159926772117615
1732437702166627625,0.9159926772117615
1732437702177185547,0.9159926772117615
1732437702177185547,0.9159926772117615
1732437702187214528,0.9159926772117615
1732437702187214528,0.9159926772117615
1732437702198140619,0.9159926772117615
1732437702198140619,0.9159926772117615
1732437702208627165,0.9159926772117615
1732437702208627165,0.9159926772117615
1732437702219009219,0.9159926772117615
1732437702219009219,0.9159926772117615
1732437702229092777,0.9159926772117615
1732437702229092777,0.9159926772117615
1732437702239342594,0.9159926772117615
1732437702239342594,0.9159926772117615
1732437702249482056,0.9159926772117615
1732437702249482056,0.9159926772117615
1732437702260143689,0.9159926772117615
1732437702260143689,0.9159926772117615
1732437702270805169,0.9159926772117615
1732437702270805169,0.9159926772117615
1732437702280946245,0.9159926772117615
1732437702280946245,0.9159926772117615
1732437702291123667,0.9159926772117615
1732437702291123667,0.9159926772117615
1732437702301321776,0.9159926772117615
1732437702301321776,0.9159926772117615
1732437702311699410,0.9159926772117615
1732437702311699410,0.9159926772117615
1732437702321841966,0.9159926772117615
1732437702321841966,0.9159926772117615
1732437702332217885,0.9159926772117615
1732437702332217885,0.9159926772117615
1732437702342373127,0.9159926772117615
1732437702342373127,0.9159926772117615
1732437702352503652,0.9159926772117615
1732437702352503652,0.9159926772117615
1732437702363124369,0.9159926772117615
1732437702363124369,0.9159926772117615
1732437702373374806,0.9159926772117615
1732437702373374806,0.9159926772117615
1732437702383844911,0.9159926772117615
1732437702383844911,0.9159926772117615
1732437702394176020,0.9159926772117615
1732437702394176020,0.9159926772117615
1732437702404516723,0.9159926772117615
1732437702404516723,0.9159926772117615
1732437702414943892,0.9159926772117615
1732437702414943892,0.9159926772117615
1732437702425221871,0.9159926772117615
1732437702425221871,0.9159926772117615
1732437702435460727,0.9159926772117615
1732437702435460727,0.9159926772117615
1732437702446100820,0.9159926772117615
1732437702446100820,0.9159926772117615
1732437702456541190,0.9159926772117615
1732437702456541190,0.9159926772117615
1732437702467369720,0.9159926772117615
1732437702467369720,0.9159926772117615
1732437702477622315,0.9159926772117615
1732437702477622315,0.9159926772117615
1732437702488398831,0.9159926772117615
1732437702488398831,0.9159926772117615
1732437702498674838,0.9159926772117615
1732437702498674838,0.9159926772117615
1732437702509071757,0.9159926772117615
1732437702509071757,0.9159926772117615
1732437702519542635,0.9159926772117615
1732437702519542635,0.9159926772117615
1732437702530132842,0.9159926772117615
1732437702530132842,0.9159926772117615
1732437702540259222,0.9159926772117615
1732437702540259222,0.9159926772117615
1732437702550654650,0.9159926772117615
1732437702550654650,0.9159926772117615
1732437702560863621,0.9159926772117615
1732437702560863621,0.9159926772117615
1732437702571064584,0.9159926772117615
1732437702571064584,0.9159926772117615
1732437702581327033,0.9159926772117615
1732437702581327033,0.9159926772117615
1732437702591838618,0.9159926772117615
1732437702591838618,0.9159926772117615
1732437702602484361,0.9159926772117615
1732437702602484361,0.9159926772117615
1732437702612990957,0.9159926772117615
1732437702612990957,0.9159926772117615
1732437702623239311,0.9159926772117615
1732437702623239311,0.9159926772117615
1732437702633516768,0.9159926772117615
1732437702633516768,0.9159926772117615
1732437702643624159,0.9159926772117615
1732437702643624159,0.9159926772117615
1732437702653851735,0.9159926772117615
1732437702653851735,0.9159926772117615
1732437702664207177,0.9159926772117615
1732437702664207177,0.9159926772117615
1732437702674264283,0.9159926772117615
1732437702674264283,0.9159926772117615
1732437702684606974,0.9159926772117615
1732437702684606974,0.9159926772117615
1732437702695171987,0.9159926772117615
1732437702695171987,0.9159926772117615
1732437702705318230,0.9159926772117615
1732437702705318230,0.9159926772117615
1732437702717408432,0.9159926772117615
1732437702717408432,0.9159926772117615
1732437702727664459,0.9159926772117615
1732437702727664459,0.9159926772117615
1732437702737789344,0.9159926772117615
1732437702737789344,0.9159926772117615
1732437702748229945,0.9159926772117615
1732437702748229945,0.9159926772117615
1732437702758504137,0.9159926772117615
1732437702758504137,0.9159926772117615
1732437702768976608,0.9159926772117615
1732437702768976608,0.9159926772117615
1732437702779478112,0.9159926772117615
1732437702779478112,0.9159926772117615
1732437702790016546,0.9159926772117615
1732437702790016546,0.9159926772117615
1732437702800485558,0.9159926772117615
1732437702800485558,0.9159926772117615
1732437702811261949,0.9159926772117615
1732437702811261949,0.9159926772117615
1732437702821940338,0.9159926772117615
1732437702821940338,0.9159926772117615
1732437702832664201,0.9159926772117615
1732437702832664201,0.9159926772117615
1732437702843148731,0.9159926772117615
1732437702843148731,0.9159926772117615
1732437702853657892,0.9159926772117615
1732437702853657892,0.9159926772117615
1732437702864076090,0.9159926772117615
1732437702864076090,0.9159926772117615
1732437702874507807,0.9159926772117615
1732437702874507807,0.9159926772117615
1732437702885101111,0.9159926772117615
1732437702885101111,0.9159926772117615
1732437702895171324,0.9159926772117615
1732437702895171324,0.9159926772117615
1732437702905461024,0.9159926772117615
1732437702905461024,0.9159926772117615
1732437702915919800,0.9159926772117615
1732437702915919800,0.9159926772117615
1732437702927816077,0.9159926772117615
1732437702927816077,0.9159926772117615
1732437702938098156,0.9159926772117615
1732437702938098156,0.9159926772117615
1732437702948495568,0.9159926772117615
1732437702948495568,0.9159926772117615
1732437702958840260,0.9159926772117615
1732437702958840260,0.9159926772117615
1732437702969110184,0.9159926772117615
1732437702969110184,0.9159926772117615
1732437702979214391,0.9159926772117615
1732437702979214391,0.9159926772117615
1732437702989782319,0.9159926772117615
1732437702989782319,0.9159926772117615
1732437703000243108,0.9159926772117615
1732437703000243108,0.9159926772117615
1732437703010310694,0.9159926772117615
1732437703010310694,0.9159926772117615
1732437703020511238,0.9159926772117615
1732437703020511238,0.9159926772117615
1732437703030699560,0.9159926772117615
1732437703030699560,0.9159926772117615
1732437703041206556,0.9159926772117615
1732437703041206556,0.9159926772117615
1732437703051592875,0.9159926772117615
1732437703051592875,0.9159926772117615
1732437703061832522,0.9159926772117615
1732437703061832522,0.9159926772117615
1732437703072187524,0.9159926772117615
1732437703072187524,0.9159926772117615
1732437703082569527,0.9159926772117615
1732437703082569527,0.9159926772117615
1732437703092828747,0.9159926772117615
1732437703092828747,0.9159926772117615
1732437703103525649,0.9159926772117615
1732437703103525649,0.9159926772117615
1732437703113839714,0.9159926772117615
1732437703113839714,0.9159926772117615
1732437703124151315,0.9159926772117615
1732437703124151315,0.9159926772117615
1732437703134465697,0.9159926772117615
1732437703134465697,0.9159926772117615
1732437703144733631,0.9159926772117615
1732437703144733631,0.9159926772117615
1732437703154916593,0.9159926772117615
1732437703154916593,0.9159926772117615
1732437703165572184,0.9159926772117615
1732437703165572184,0.9159926772117615
1732437703175993391,0.9159926772117615
1732437703175993391,0.9159926772117615
1732437703186454367,0.9159926772117615
1732437703186454367,0.9159926772117615
1732437703196897146,0.9159926772117615
1732437703196897146,0.9159926772117615
1732437703207002052,0.9159926772117615
1732437703207002052,0.9159926772117615
1732437703217204438,0.9159926772117615
1732437703217204438,0.9159926772117615
1732437703227328851,0.9159926772117615
1732437703227328851,0.9159926772117615
1732437703237502638,0.9159926772117615
1732437703237502638,0.9159926772117615
1732437703247620726,0.9159926772117615
1732437703247620726,0.9159926772117615
1732437703258175600,0.9159926772117615
1732437703258175600,0.9159926772117615
1732437703268547604,0.9159926772117615
1732437703268547604,0.9159926772117615
1732437703278811052,0.9159926772117615
1732437703278811052,0.9159926772117615
1732437703289367613,0.9159926772117615
1732437703289367613,0.9159926772117615
1732437703299640183,0.9159926772117615
1732437703299640183,0.9159926772117615
1732437703309986006,0.9159926772117615
1732437703309986006,0.9159926772117615
1732437703320821534,0.9159926772117615
1732437703320821534,0.9159926772117615
1732437703331226340,0.9159926772117615
1732437703331226340,0.9159926772117615
1732437703341796762,0.9159926772117615
1732437703341796762,0.9159926772117615
1732437703352355629,0.9159926772117615
1732437703352355629,0.9159926772117615
1732437703362600179,0.9159926772117615
1732437703362600179,0.9159926772117615
1732437703373061916,0.9159926772117615
1732437703373061916,0.9159926772117615
1732437703383467526,0.9159926772117615
1732437703383467526,0.9159926772117615
1732437703393664345,0.9159926772117615
1732437703393664345,0.9159926772117615
1732437703403942333,0.9159926772117615
1732437703403942333,0.9159926772117615
1732437703414258742,0.9159926772117615
1732437703414258742,0.9159926772117615
1732437703424429282,0.9159926772117615
1732437703424429282,0.9159926772117615
1732437703434970730,0.9159926772117615
1732437703434970730,0.9159926772117615
1732437703445146198,0.9159926772117615
1732437703445146198,0.9159926772117615
1732437703455491954,0.9159926772117615
1732437703455491954,0.9159926772117615
1732437703466003358,0.9159926772117615
1732437703466003358,0.9159926772117615
1732437703476595471,0.9159926772117615
1732437703476595471,0.9159926772117615
1732437703487220794,0.9159926772117615
1732437703487220794,0.9159926772117615
1732437703497333999,0.9159926772117615
1732437703497333999,0.9159926772117615
1732437703507848456,0.9159926772117615
1732437703507848456,0.9159926772117615
1732437703518711064,0.9159926772117615
1732437703518711064,0.9159926772117615
1732437703529143720,0.9159926772117615
1732437703529143720,0.9159926772117615
1732437703539859695,0.9159926772117615
1732437703539859695,0.9159926772117615
1732437703550024161,0.9159926772117615
1732437703550024161,0.9159926772117615
1732437703560644859,0.9159926772117615
1732437703560644859,0.9159926772117615
1732437703570988939,0.9159926772117615
1732437703570988939,0.9159926772117615
1732437703581072749,0.9159926772117615
1732437703581072749,0.9159926772117615
1732437703591680901,0.9159926772117615
1732437703591680901,0.9159926772117615
1732437703602205991,0.9159926772117615
1732437703602205991,0.9159926772117615
1732437703612433496,0.9159926772117615
1732437703612433496,0.9159926772117615
1732437703623058058,0.9159926772117615
1732437703623058058,0.9159926772117615
1732437703633241021,0.9159926772117615
1732437703633241021,0.9159926772117615
1732437703643511703,0.9159926772117615
1732437703643511703,0.9159926772117615
1732437703654003875,0.9159926772117615
1732437703654003875,0.9159926772117615
1732437703664320694,0.9159926772117615
1732437703664320694,0.9159926772117615
1732437703674604413,0.9159926772117615
1732437703674604413,0.9159926772117615
1732437703685502593,0.9159926772117615
1732437703685502593,0.9159926772117615
1732437703695839083,0.9159926772117615
1732437703695839083,0.9159926772117615
1732437703706151065,0.9159926772117615
1732437703706151065,0.9159926772117615
1732437703716394018,0.9159926772117615
1732437703716394018,0.9159926772117615
1732437703727093792,0.9159926772117615
1732437703727093792,0.9159926772117615
1732437703737464524,0.9159926772117615
1732437703737464524,0.9159926772117615
1732437703749071334,0.9159926772117615
1732437703749071334,0.9159926772117615
1732437703759433260,0.9159926772117615
1732437703759433260,0.9159926772117615
1732437703769653593,0.9159926772117615
1732437703769653593,0.9159926772117615
1732437703779970522,0.9159926772117615
1732437703779970522,0.9159926772117615
1732437703790468291,0.9159926772117615
1732437703790468291,0.9159926772117615
1732437703801180179,0.9159926772117615
1732437703801180179,0.9159926772117615
1732437703811338404,0.9159926772117615
1732437703811338404,0.9159926772117615
1732437703821952039,0.9159926772117615
1732437703821952039,0.9159926772117615
1732437703832456879,0.9159926772117615
1732437703832456879,0.9159926772117615
1732437703842764224,0.9159926772117615
1732437703842764224,0.9159926772117615
1732437703852934882,0.9159926772117615
1732437703852934882,0.9159926772117615
1732437703863477522,0.9159926772117615
1732437703863477522,0.9159926772117615
1732437703873736429,0.9159926772117615
1732437703873736429,0.9159926772117615
1732437703884157203,0.9159926772117615
1732437703884157203,0.9159926772117615
1732437703894383715,0.9159926772117615
1732437703894383715,0.9159926772117615
1732437703894383715,0.9159926772117615
1732437703904541381,0.9159926772117615
1732437703914670633,0.9159926772117615
1732437703914670633,0.9159926772117615
1732437703924996243,0.9159926772117615
1732437703924996243,0.9159926772117615
1732437703935689965,0.9159926772117615
1732437703935689965,0.9159926772117615
1732437703946081185,0.9159926772117615
1732437703946081185,0.9159926772117615
1732437703956247160,0.9159926772117615
1732437703956247160,0.9159926772117615
1732437703966478015,0.9159926772117615
1732437703966478015,0.9159926772117615
1732437703977152924,0.9159926772117615
1732437703977152924,0.9159926772117615
1732437703987239745,0.9159926772117615
1732437703987239745,0.9159926772117615
1732437703997707870,0.9159926772117615
1732437703997707870,0.9159926772117615
1732437704008291187,0.9159926772117615
1732437704008291187,0.9159926772117615
1732437704018607477,0.9159926772117615
1732437704018607477,0.9159926772117615
1732437704028886147,0.9159926772117615
1732437704028886147,0.9159926772117615
1732437704039495042,0.9159926772117615
1732437704039495042,0.9159926772117615
1732437704049675007,0.9159926772117615
1732437704049675007,0.9159926772117615
1732437704060288090,0.9159926772117615
1732437704060288090,0.9159926772117615
1732437704070511167,0.9159926772117615
1732437704070511167,0.9159926772117615
1732437704081103680,0.9159926772117615
1732437704081103680,0.9159926772117615
1732437704091609384,0.9159926772117615
1732437704091609384,0.9159926772117615
1732437704101814658,0.9159926772117615
1732437704101814658,0.9159926772117615
1732437704112344014,0.9159926772117615
1732437704112344014,0.9159926772117615
1732437704122785398,0.9159926772117615
1732437704122785398,0.9159926772117615
1732437704133332744,0.9159926772117615
1732437704133332744,0.9159926772117615
1732437704143670127,0.9159926772117615
1732437704143670127,0.9159926772117615
1732437704153869169,0.9159926772117615
1732437704153869169,0.9159926772117615
1732437704164276037,0.9159926772117615
1732437704164276037,0.9159926772117615
1732437704174822548,0.9159926772117615
1732437704174822548,0.9159926772117615
1732437704185143897,0.9159926772117615
1732437704185143897,0.9159926772117615
1732437704195371574,0.9159926772117615
1732437704195371574,0.9159926772117615
1732437704205732027,0.9159926772117615
1732437704205732027,0.9159926772117615
1732437704215910460,0.9159926772117615
1732437704215910460,0.9159926772117615
1732437704226423676,0.9159926772117615
1732437704226423676,0.9159926772117615
1732437704237091791,0.9159926772117615
1732437704237091791,0.9159926772117615
1732437704247221533,0.9159926772117615
1732437704247221533,0.9159926772117615
1732437704257710522,0.9159926772117615
1732437704257710522,0.9159926772117615
1732437704268015786,0.9159926772117615
1732437704268015786,0.9159926772117615
1732437704278667860,0.9159926772117615
1732437704278667860,0.9159926772117615
1732437704289297104,0.9159926772117615
1732437704289297104,0.9159926772117615
1732437704299606402,0.9159926772117615
1732437704299606402,0.9159926772117615
1732437704309844667,0.9159926772117615
1732437704309844667,0.9159926772117615
1732437704320243791,0.9159926772117615
1732437704320243791,0.9159926772117615
1732437704330940010,0.9159926772117615
1732437704330940010,0.9159926772117615
1732437704341230992,0.9159926772117615
1732437704341230992,0.9159926772117615
1732437704351743639,0.9159926772117615
1732437704351743639,0.9159926772117615
1732437704362061792,0.9159926772117615
1732437704362061792,0.9159926772117615
1732437704372436031,0.9159926772117615
1732437704372436031,0.9159926772117615
1732437704382595460,0.9159926772117615
1732437704382595460,0.9159926772117615
1732437704393169931,0.9159926772117615
1732437704393169931,0.9159926772117615
1732437704403544580,0.9159926772117615
1732437704403544580,0.9159926772117615
1732437704413618289,0.9159926772117615
1732437704413618289,0.9159926772117615
1732437704424242512,0.9159926772117615
1732437704424242512,0.9159926772117615
1732437704434608554,0.9159926772117615
1732437704434608554,0.9159926772117615
1732437704445731244,0.9159926772117615
1732437704445731244,0.9159926772117615
1732437704456203086,0.9159926772117615
1732437704456203086,0.9159926772117615
1732437704466562946,0.9159926772117615
1732437704466562946,0.9159926772117615
1732437704476834504,0.9159926772117615
1732437704476834504,0.9159926772117615
1732437704488546051,0.9159926772117615
1732437704488546051,0.9159926772117615
1732437704498852641,0.9159926772117615
1732437704498852641,0.9159926772117615
1732437704509378192,0.9159926772117615
1732437704509378192,0.9159926772117615
1732437704520073888,0.9159926772117615
1732437704520073888,0.9159926772117615
1732437704530201296,0.9159926772117615
1732437704530201296,0.9159926772117615
1732437704540520733,0.9159926772117615
1732437704540520733,0.9159926772117615
1732437704550923094,0.9159926772117615
1732437704550923094,0.9159926772117615
1732437704561252647,0.9159926772117615
1732437704561252647,0.9159926772117615
1732437704571603602,0.9159926772117615
1732437704571603602,0.9159926772117615
1732437704582501527,0.9159926772117615
1732437704582501527,0.9159926772117615
1732437704593091103,0.9159926772117615
1732437704593091103,0.9159926772117615
1732437704603538229,0.9159926772117615
1732437704603538229,0.9159926772117615
1732437704614066854,0.9159926772117615
1732437704614066854,0.9159926772117615
1732437704624504750,0.9159926772117615
1732437704624504750,0.9159926772117615
1732437704635150991,0.9159926772117615
1732437704635150991,0.9159926772117615
1732437704647064336,0.9159926772117615
1732437704647064336,0.9159926772117615
1732437704657101207,0.9159926772117615
1732437704657101207,0.9159926772117615
1732437704667433557,0.9159926772117615
1732437704667433557,0.9159926772117615
1732437704677534807,0.9159926772117615
1732437704677534807,0.9159926772117615
1732437704687653358,0.9159926772117615
1732437704687653358,0.9159926772117615
1732437704698059596,0.9159926772117615
1732437704698059596,0.9159926772117615
1732437704708486693,0.9159926772117615
1732437704708486693,0.9159926772117615
1732437704718962038,0.9159926772117615
1732437704718962038,0.9159926772117615
1732437704729265675,0.9159926772117615
1732437704729265675,0.9159926772117615
1732437704740369872,0.9159926772117615
1732437704740369872,0.9159926772117615
1732437704750492612,0.9159926772117615
1732437704750492612,0.9159926772117615
1732437704760913497,0.9159926772117615
1732437704760913497,0.9159926772117615
1732437704771442693,0.9159926772117615
1732437704771442693,0.9159926772117615
1732437704785608067,0.9159926772117615
1732437704785608067,0.9159926772117615
1732437704795816177,0.9159926772117615
1732437704795816177,0.9159926772117615
1732437704806069830,0.9159926772117615
1732437704806069830,0.9159926772117615
1732437704816222793,0.9159926772117615
1732437704816222793,0.9159926772117615
1732437704826485286,0.9159926772117615
1732437704826485286,0.9159926772117615
1732437704836729490,0.9159926772117615
1732437704836729490,0.9159926772117615
1732437704846897599,0.9159926772117615
1732437704846897599,0.9159926772117615
1732437704857219475,0.9159926772117615
1732437704857219475,0.9159926772117615
1732437704869104859,0.9159926772117615
1732437704869104859,0.9159926772117615
1732437704879567332,0.9159926772117615
1732437704879567332,0.9159926772117615
1732437704890044452,0.9159926772117615
1732437704890044452,0.9159926772117615
1732437704902364831,0.9159926772117615
1732437704902364831,0.9159926772117615
1732437704912765530,0.9159926772117615
1732437704912765530,0.9159926772117615
1732437704923501340,0.9159926772117615
1732437704923501340,0.9159926772117615
1732437704933950056,0.9159926772117615
1732437704933950056,0.9159926772117615
1732437704944078475,0.9159926772117615
1732437704944078475,0.9159926772117615
1732437704954499821,0.9159926772117615
1732437704954499821,0.9159926772117615
1732437704964965713,0.9159926772117615
1732437704964965713,0.9159926772117615
1732437704975347765,0.9159926772117615
1732437704975347765,0.9159926772117615
1732437704985848307,0.9159926772117615
1732437704985848307,0.9159926772117615
1732437704996009160,0.9159926772117615
1732437704996009160,0.9159926772117615
1732437705006596003,0.9159926772117615
1732437705006596003,0.9159926772117615
1732437705017615531,0.9159926772117615
1732437705017615531,0.9159926772117615
1732437705027817097,0.9159926772117615
1732437705027817097,0.9159926772117615
1732437705038240216,0.9159926772117615
1732437705038240216,0.9159926772117615
1732437705048380719,0.9159926772117615
1732437705048380719,0.9159926772117615
1732437705058627910,0.9159926772117615
1732437705058627910,0.9159926772117615
1732437705068952017,0.9159926772117615
1732437705068952017,0.9159926772117615
1732437705079258889,0.9159926772117615
1732437705079258889,0.9159926772117615
1732437705089913058,0.9159926772117615
1732437705089913058,0.9159926772117615
1732437705100548733,0.9159926772117615
1732437705100548733,0.9159926772117615
1732437705111481380,0.9159926772117615
1732437705111481380,0.9159926772117615
1732437705122702883,0.9159926772117615
1732437705122702883,0.9159926772117615
1732437705133200671,0.9159926772117615
1732437705133200671,0.9159926772117615
1732437705143473730,0.9159926772117615
1732437705143473730,0.9159926772117615
1732437705153531129,0.9159926772117615
1732437705153531129,0.9159926772117615
1732437705164439822,0.9159926772117615
1732437705164439822,0.9159926772117615
1732437705174913476,0.9159926772117615
1732437705174913476,0.9159926772117615
1732437705185555702,0.9159926772117615
1732437705185555702,0.9159926772117615
1732437705195722204,0.9159926772117615
1732437705195722204,0.9159926772117615
1732437705206194084,0.9159926772117615
1732437705206194084,0.9159926772117615
1732437705216988434,0.9159926772117615
1732437705216988434,0.9159926772117615
1732437705227231788,0.9159926772117615
1732437705227231788,0.9159926772117615
1732437705237502885,0.9159926772117615
1732437705237502885,0.9159926772117615
1732437705247744004,0.9159926772117615
1732437705247744004,0.9159926772117615
1732437705257908282,0.9159926772117615
1732437705257908282,0.9159926772117615
1732437705268190839,0.9159926772117615
1732437705268190839,0.9159926772117615
1732437705278241935,0.9159926772117615
1732437705278241935,0.9159926772117615
1732437705288507813,0.9159926772117615
1732437705288507813,0.9159926772117615
1732437705299709943,0.9159926772117615
1732437705299709943,0.9159926772117615
1732437705310007338,0.9159926772117615
1732437705310007338,0.9159926772117615
1732437705320312097,0.9159926772117615
1732437705320312097,0.9159926772117615
1732437705330680514,0.9159926772117615
1732437705330680514,0.9159926772117615
1732437705340990252,0.9159926772117615
1732437705340990252,0.9159926772117615
1732437705351081593,0.9159926772117615
1732437705351081593,0.9159926772117615
1732437705362163238,0.9159926772117615
1732437705362163238,0.9159926772117615
1732437705373029913,0.9159926772117615
1732437705373029913,0.9159926772117615
1732437705383163282,0.9159926772117615
1732437705383163282,0.9159926772117615
1732437705393355187,0.9159926772117615
1732437705393355187,0.9159926772117615
1732437705393355187,0.9159926772117615
1732437705393355187,0.9159926772117615
1732437705415670344,0.9159926772117615
1732437705415670344,0.9159926772117615
1732437705426352983,0.9159926772117615
1732437705426352983,0.9159926772117615
1732437705436524507,0.9159926772117615
1732437705436524507,0.9159926772117615
1732437705446762212,0.9159926772117615
1732437705446762212,0.9159926772117615
1732437705456788721,0.9159926772117615
1732437705456788721,0.9159926772117615
1732437705467806798,0.9159926772117615
1732437705467806798,0.9159926772117615
1732437705478426022,0.9159926772117615
1732437705478426022,0.9159926772117615
1732437705478426022,0.9159926772117615
1732437705478426022,0.9159926772117615
1732437705499467563,0.9159926772117615
1732437705499467563,0.9159926772117615
1732437705510098961,0.9159926772117615
1732437705510098961,0.9159926772117615
1732437705521341244,0.9159926772117615
1732437705521341244,0.9159926772117615
1732437705531605388,0.9159926772117615
1732437705531605388,0.9159926772117615
1732437705542431187,0.9159926772117615
1732437705542431187,0.9159926772117615
1732437705553727010,0.9159926772117615
1732437705553727010,0.9159926772117615
1732437705564233084,0.9159926772117615
1732437705564233084,0.9159926772117615
1732437705574384166,0.9159926772117615
1732437705574384166,0.9159926772117615
1732437705584838341,0.9159926772117615
1732437705584838341,0.9159926772117615
1732437705595163317,0.9159926772117615
1732437705595163317,0.9159926772117615
1732437705605686202,0.9159926772117615
1732437705605686202,0.9159926772117615
1732437705618521982,0.9159926772117615
1732437705618521982,0.9159926772117615
1732437705628938999,0.9159926772117615
1732437705628938999,0.9159926772117615
1732437705639177310,0.9159926772117615
1732437705639177310,0.9159926772117615
1732437705649326603,0.9159926772117615
1732437705649326603,0.9159926772117615
1732437705659845802,0.9159926772117615
1732437705659845802,0.9159926772117615
1732437705670441903,0.9159926772117615
1732437705670441903,0.9159926772117615
1732437705680830708,0.9159926772117615
1732437705680830708,0.9159926772117615
1732437705690915929,0.9159926772117615
1732437705690915929,0.9159926772117615
1732437705701281652,0.9159926772117615
1732437705701281652,0.9159926772117615
1732437705711675605,0.9159926772117615
1732437705711675605,0.9159926772117615
1732437705722137467,0.9159926772117615
1732437705722137467,0.9159926772117615
1732437705732788439,0.9159926772117615
1732437705732788439,0.9159926772117615
1732437705743345548,0.9159926772117615
1732437705743345548,0.9159926772117615
1732437705753633115,0.9159926772117615
1732437705753633115,0.9159926772117615
1732437705763958653,0.9159926772117615
1732437705763958653,0.9159926772117615
1732437705774541160,0.9159926772117615
1732437705774541160,0.9159926772117615
1732437705784775327,0.9159926772117615
1732437705784775327,0.9159926772117615
1732437705795067201,0.9159926772117615
1732437705795067201,0.9159926772117615
1732437705805423326,0.9159926772117615
1732437705805423326,0.9159926772117615
1732437705815817451,0.9159926772117615
1732437705815817451,0.9159926772117615
1732437705826255979,0.9159926772117615
1732437705826255979,0.9159926772117615
1732437705836864243,0.9159926772117615
1732437705836864243,0.9159926772117615
1732437705848784848,0.9159926772117615
1732437705848784848,0.9159926772117615
1732437705859485515,0.9159926772117615
1732437705859485515,0.9159926772117615
1732437705869869941,0.9159926772117615
1732437705869869941,0.9159926772117615
1732437705880424566,0.9159926772117615
1732437705880424566,0.9159926772117615
1732437705890867692,0.9159926772117615
1732437705890867692,0.9159926772117615
1732437705901354881,0.9159926772117615
1732437705901354881,0.9159926772117615
1732437705911779262,0.9159926772117615
1732437705911779262,0.9159926772117615
1732437705922519732,0.9159926772117615
1732437705922519732,0.9159926772117615
1732437705932827947,0.9159926772117615
1732437705932827947,0.9159926772117615
1732437705943409881,0.9159926772117615
1732437705943409881,0.9159926772117615
1732437705953731462,0.9159926772117615
1732437705953731462,0.9159926772117615
1732437705964377756,0.9159926772117615
1732437705964377756,0.9159926772117615
1732437705974822726,0.9159926772117615
1732437705974822726,0.9159926772117615
1732437705985282343,0.9159926772117615
1732437705985282343,0.9159926772117615
1732437705995435249,0.9159926772117615
1732437705995435249,0.9159926772117615
1732437706006070604,0.9159926772117615
1732437706006070604,0.9159926772117615
1732437706016544697,0.9159926772117615
1732437706016544697,0.9159926772117615
1732437706026727429,0.9159926772117615
1732437706026727429,0.9159926772117615
1732437706037214948,0.9159926772117615
1732437706037214948,0.9159926772117615
1732437706047529766,0.9159926772117615
1732437706047529766,0.9159926772117615
1732437706057691999,0.9159926772117615
1732437706057691999,0.9159926772117615
1732437706057691999,0.9159926772117615
1732437706057691999,0.9159926772117615
1732437706078677568,0.9159926772117615
1732437706078677568,0.9159926772117615
1732437706088998243,0.9159926772117615
1732437706088998243,0.9159926772117615
1732437706099275644,0.9159926772117615
1732437706099275644,0.9159926772117615
1732437706109641487,0.9159926772117615
1732437706109641487,0.9159926772117615
1732437706120724143,0.9159926772117615
1732437706120724143,0.9159926772117615
1732437706131143184,0.9159926772117615
1732437706131143184,0.9159926772117615
1732437706141346114,0.9159926772117615
1732437706141346114,0.9159926772117615
1732437706151962584,0.9159926772117615
1732437706151962584,0.9159926772117615
1732437706162279956,0.9159926772117615
1732437706162279956,0.9159926772117615
1732437706172840621,0.9159926772117615
1732437706172840621,0.9159926772117615
1732437706183340302,0.9159926772117615
1732437706183340302,0.9159926772117615
1732437706193483280,0.9159926772117615
1732437706193483280,0.9159926772117615
1732437706205272131,0.9159926772117615
1732437706205272131,0.9159926772117615
1732437706215764269,0.9159926772117615
1732437706215764269,0.9159926772117615
1732437706226451699,0.9159926772117615
1732437706226451699,0.9159926772117615
1732437706237049574,0.9159926772117615
1732437706237049574,0.9159926772117615
1732437706247462695,0.9159926772117615
1732437706247462695,0.9159926772117615
1732437706257650376,0.9159926772117615
1732437706257650376,0.9159926772117615
1732437706267907683,0.9159926772117615
1732437706267907683,0.9159926772117615
1732437706278445318,0.9159926772117615
1732437706278445318,0.9159926772117615
1732437706288776668,0.9159926772117615
1732437706288776668,0.9159926772117615
1732437706299093069,0.9159926772117615
1732437706299093069,0.9159926772117615
1732437706309496170,0.9159926772117615
1732437706309496170,0.9159926772117615
1732437706319724116,0.9159926772117615
1732437706319724116,0.9159926772117615
1732437706330048091,0.9159926772117615
1732437706330048091,0.9159926772117615
1732437706340749908,0.9159926772117615
1732437706340749908,0.9159926772117615
1732437706352429366,0.9159926772117615
1732437706352429366,0.9159926772117615
1732437706363242020,0.9159926772117615
1732437706363242020,0.9159926772117615
1732437706373869119,0.9159926772117615
1732437706373869119,0.9159926772117615
1732437706384945714,0.9159926772117615
1732437706384945714,0.9159926772117615
1732437706395386788,0.9159926772117615
1732437706395386788,0.9159926772117615
1732437706405610426,0.9159926772117615
1732437706405610426,0.9159926772117615
1732437706415967232,0.9159926772117615
1732437706415967232,0.9159926772117615
1732437706426261260,0.9159926772117615
1732437706426261260,0.9159926772117615
1732437706436526586,0.9159926772117615
1732437706436526586,0.9159926772117615
1732437706448468592,0.9159926772117615
1732437706448468592,0.9159926772117615
1732437706458856476,0.9159926772117615
1732437706458856476,0.9159926772117615
1732437706469262934,0.9159926772117615
1732437706469262934,0.9159926772117615
1732437706479627974,0.9159926772117615
1732437706479627974,0.9159926772117615
1732437706490137845,0.9159926772117615
1732437706490137845,0.9159926772117615
1732437706500313123,0.9159926772117615
1732437706500313123,0.9159926772117615
1732437706510702439,0.9159926772117615
1732437706510702439,0.9159926772117615
1732437706520953197,0.9159926772117615
1732437706520953197,0.9159926772117615
1732437706531103029,0.9159926772117615
1732437706531103029,0.9159926772117615
1732437706541590568,0.9159926772117615
1732437706541590568,0.9159926772117615
1732437706551962052,0.9159926772117615
1732437706551962052,0.9159926772117615
1732437706562453578,0.9159926772117615
1732437706562453578,0.9159926772117615
1732437706573014303,0.9159926772117615
1732437706573014303,0.9159926772117615
1732437706583362722,0.9159926772117615
1732437706583362722,0.9159926772117615
1732437706593833891,0.9159926772117615
1732437706593833891,0.9159926772117615
1732437706604252562,0.9159926772117615
1732437706604252562,0.9159926772117615
1732437706614768885,0.9159926772117615
1732437706614768885,0.9159926772117615
1732437706624936880,0.9159926772117615
1732437706624936880,0.9159926772117615
1732437706635380037,0.9159926772117615
1732437706635380037,0.9159926772117615
1732437706645970236,0.9159926772117615
1732437706645970236,0.9159926772117615
1732437706656393046,0.9159926772117615
1732437706656393046,0.9159926772117615
1732437706666904820,0.9159926772117615
1732437706666904820,0.9159926772117615
1732437706677597571,0.9159926772117615
1732437706677597571,0.9159926772117615
1732437706687936884,0.9159926772117615
1732437706687936884,0.9159926772117615
1732437706698645444,0.9159926772117615
1732437706698645444,0.9159926772117615
1732437706708776369,0.9159926772117615
1732437706708776369,0.9159926772117615
1732437706719268977,0.9159926772117615
1732437706719268977,0.9159926772117615
1732437706729707275,0.9159926772117615
1732437706729707275,0.9159926772117615
1732437706740195185,0.9159926772117615
1732437706740195185,0.9159926772117615
1732437706750284524,0.9159926772117615
1732437706750284524,0.9159926772117615
1732437706760541183,0.9159926772117615
1732437706760541183,0.9159926772117615
1732437706770982616,0.9159926772117615
1732437706770982616,0.9159926772117615
1732437706781306961,0.9159926772117615
1732437706781306961,0.9159926772117615
1732437706791786956,0.9159926772117615
1732437706791786956,0.9159926772117615
1732437706802337545,0.9159926772117615
1732437706802337545,0.9159926772117615
1732437706812889342,0.9159926772117615
1732437706812889342,0.9159926772117615
1732437706823124572,0.9159926772117615
1732437706823124572,0.9159926772117615
1732437706833839955,0.9159926772117615
1732437706833839955,0.9159926772117615
1732437706843978814,0.9159926772117615
1732437706843978814,0.9159926772117615
1732437706854713804,0.9159926772117615
1732437706854713804,0.9159926772117615
1732437706864971174,0.9159926772117615
1732437706864971174,0.9159926772117615
1732437706875434299,0.9159926772117615
1732437706875434299,0.9159926772117615
1732437706886455882,0.9159926772117615
1732437706886455882,0.9159926772117615
1732437706896785817,0.9159926772117615
1732437706896785817,0.9159926772117615
1732437706906891205,0.9159926772117615
1732437706906891205,0.9159926772117615
1732437706917206273,0.9159926772117615
1732437706917206273,0.9159926772117615
1732437706927397801,0.9159926772117615
1732437706927397801,0.9159926772117615
1732437706937588518,0.9159926772117615
1732437706937588518,0.9159926772117615
1732437706948007830,0.9159926772117615
1732437706948007830,0.9159926772117615
1732437706958570419,0.9159926772117615
1732437706958570419,0.9159926772117615
1732437706968771181,0.9159926772117615
1732437706968771181,0.9159926772117615
1732437706979075883,0.9159926772117615
1732437706979075883,0.9159926772117615
1732437706989502559,0.9159926772117615
1732437706989502559,0.9159926772117615
1732437707002017892,0.9159926772117615
1732437707002017892,0.9159926772117615
1732437707012632228,0.9159926772117615
1732437707012632228,0.9159926772117615
1732437707023175761,0.9159926772117615
1732437707023175761,0.9159926772117615
1732437707033650466,0.9159926772117615
1732437707033650466,0.9159926772117615
1732437707043768067,0.9159926772117615
1732437707043768067,0.9159926772117615
1732437707053851954,0.9159926772117615
1732437707053851954,0.9159926772117615
1732437707064071264,0.9159926772117615
1732437707064071264,0.9159926772117615
1732437707074677975,0.9159926772117615
1732437707074677975,0.9159926772117615
1732437707085097127,0.9159926772117615
1732437707085097127,0.9159926772117615
1732437707095709088,0.9159926772117615
1732437707095709088,0.9159926772117615
1732437707105959977,0.9159926772117615
1732437707105959977,0.9159926772117615
1732437707116474897,0.9159926772117615
1732437707116474897,0.9159926772117615
1732437707126575787,0.9159926772117615
1732437707126575787,0.9159926772117615
1732437707136831004,0.9159926772117615
1732437707136831004,0.9159926772117615
1732437707147274692,0.9159926772117615
1732437707147274692,0.9159926772117615
1732437707157501793,0.9159926772117615
1732437707157501793,0.9159926772117615
1732437707167679078,0.9159926772117615
1732437707167679078,0.9159926772117615
1732437707177851480,0.9159926772117615
1732437707177851480,0.9159926772117615
1732437707188082292,0.9159926772117615
1732437707188082292,0.9159926772117615
1732437707198449367,0.9159926772117615
1732437707198449367,0.9159926772117615
1732437707208851517,0.9159926772117615
1732437707208851517,0.9159926772117615
1732437707220458560,0.9159926772117615
1732437707220458560,0.9159926772117615
1732437707230675154,0.9159926772117615
1732437707230675154,0.9159926772117615
1732437707240811099,0.9159926772117615
1732437707240811099,0.9159926772117615
1732437707251506145,0.9159926772117615
1732437707251506145,0.9159926772117615
1732437707261680502,0.9159926772117615
1732437707261680502,0.9159926772117615
1732437707272069598,0.9159926772117615
1732437707272069598,0.9159926772117615
1732437707282427932,0.9159926772117615
1732437707282427932,0.9159926772117615
1732437707292990946,0.9159926772117615
1732437707292990946,0.9159926772117615
1732437707306236003,0.9159926772117615
1732437707306236003,0.9159926772117615
1732437707316813114,0.9159926772117615
1732437707316813114,0.9159926772117615
1732437707327888638,0.9159926772117615
1732437707327888638,0.9159926772117615
1732437707338402366,0.9159926772117615
1732437707338402366,0.9159926772117615
1732437707348845768,0.9159926772117615
1732437707348845768,0.9159926772117615
1732437707359182721,0.9159926772117615
1732437707359182721,0.9159926772117615
1732437707369499089,0.9159926772117615
1732437707369499089,0.9159926772117615
1732437707379901743,0.9159926772117615
1732437707379901743,0.9159926772117615
1732437707390270461,0.9159926772117615
1732437707390270461,0.9159926772117615
1732437707404867429,0.9159926772117615
1732437707404867429,0.9159926772117615
1732437707415135168,0.9159926772117615
1732437707415135168,0.9159926772117615
1732437707425249533,0.9159926772117615
1732437707425249533,0.9159926772117615
1732437707435585531,0.9159926772117615
1732437707435585531,0.9159926772117615
1732437707446193133,0.9159926772117615
1732437707446193133,0.9159926772117615
1732437707456502200,0.9159926772117615
1732437707456502200,0.9159926772117615
1732437707466613289,0.9159926772117615
1732437707466613289,0.9159926772117615
1732437707477093965,0.9159926772117615
1732437707477093965,0.9159926772117615
1732437707487277098,0.9159926772117615
1732437707487277098,0.9159926772117615
1732437707497805403,0.9159926772117615
1732437707497805403,0.9159926772117615
1732437707507949243,0.9159926772117615
1732437707507949243,0.9159926772117615
1732437707507949243,0.9159926772117615
1732437707507949243,0.9159926772117615
1732437707532936809,0.9159926772117615
1732437707532936809,0.9159926772117615
1732437707543558407,0.9159926772117615
1732437707543558407,0.9159926772117615
1732437707554327331,0.9159926772117615
1732437707554327331,0.9159926772117615
1732437707554327331,0.9159926772117615
1732437707564575054,0.9159926772117615
1732437707574869133,0.9159926772117615
1732437707574869133,0.9159926772117615
1732437707574869133,0.9159926772117615
1732437707574869133,0.9159926772117615
1732437707595787365,0.9159926772117615
1732437707595787365,0.9159926772117615
1732437707606053843,0.9159926772117615
1732437707606053843,0.9159926772117615
1732437707616221256,0.9159926772117615
1732437707616221256,0.9159926772117615
1732437707626454684,0.9159926772117615
1732437707626454684,0.9159926772117615
1732437707636589572,0.9159926772117615
1732437707636589572,0.9159926772117615
1732437707647630926,0.9159926772117615
1732437707647630926,0.9159926772117615
1732437707657719412,0.9159926772117615
1732437707657719412,0.9159926772117615
1732437707667849907,0.9159926772117615
1732437707667849907,0.9159926772117615
1732437707678452400,0.9159926772117615
1732437707678452400,0.9159926772117615
1732437707688733144,0.9159926772117615
1732437707688733144,0.9159926772117615
1732437707699038323,0.9159926772117615
1732437707699038323,0.9159926772117615
1732437707709180801,0.9159926772117615
1732437707709180801,0.9159926772117615
1732437707719341351,0.9159926772117615
1732437707719341351,0.9159926772117615
1732437707730011291,0.9159926772117615
1732437707730011291,0.9159926772117615
1732437707740193591,0.9159926772117615
1732437707740193591,0.9159926772117615
1732437707750319784,0.9159926772117615
1732437707750319784,0.9159926772117615
1732437707760856399,0.9159926772117615
1732437707760856399,0.9159926772117615
1732437707771185052,0.9159926772117615
1732437707771185052,0.9159926772117615
1732437707781279159,0.9159926772117615
1732437707781279159,0.9159926772117615
1732437707791774333,0.9159926772117615
1732437707791774333,0.9159926772117615
1732437707802342021,0.9159926772117615
1732437707802342021,0.9159926772117615
1732437707812768656,0.9159926772117615
1732437707812768656,0.9159926772117615
1732437707823902780,0.9159926772117615
1732437707823902780,0.9159926772117615
1732437707834248075,0.9159926772117615
1732437707834248075,0.9159926772117615
1732437707844376545,0.9159926772117615
1732437707844376545,0.9159926772117615
1732437707854462747,0.9159926772117615
1732437707854462747,0.9159926772117615
1732437707865053128,0.9159926772117615
1732437707865053128,0.9159926772117615
1732437707875203125,0.9159926772117615
1732437707875203125,0.9159926772117615
1732437707885514550,0.9159926772117615
1732437707885514550,0.9159926772117615
1732437707895836942,0.9159926772117615
1732437707895836942,0.9159926772117615
1732437707906271519,0.9159926772117615
1732437707906271519,0.9159926772117615
1732437707916549873,0.9159926772117615
1732437707916549873,0.9159926772117615
1732437707926951639,0.9159926772117615
1732437707926951639,0.9159926772117615
1732437707936982723,0.9159926772117615
1732437707936982723,0.9159926772117615
1732437707947202914,0.9159926772117615
1732437707947202914,0.9159926772117615
1732437707957215569,0.9159926772117615
1732437707957215569,0.9159926772117615
1732437707967699792,0.9159926772117615
1732437707967699792,0.9159926772117615
1732437707978013759,0.9159926772117615
1732437707978013759,0.9159926772117615
1732437707988340017,0.9159926772117615
1732437707988340017,0.9159926772117615
1732437707998562894,0.9159926772117615
1732437707998562894,0.9159926772117615
1732437708009081562,0.9159926772117615
1732437708009081562,0.9159926772117615
1732437708019200886,0.9159926772117615
1732437708019200886,0.9159926772117615
1732437708029518960,0.9159926772117615
1732437708029518960,0.9159926772117615
1732437708040176135,0.9159926772117615
1732437708040176135,0.9159926772117615
1732437708050287073,0.9159926772117615
1732437708050287073,0.9159926772117615
1732437708060860422,0.9159926772117615
1732437708060860422,0.9159926772117615
1732437708071280626,0.9159926772117615
1732437708071280626,0.9159926772117615
1732437708081611403,0.9159926772117615
1732437708081611403,0.9159926772117615
1732437708091841162,0.9159926772117615
1732437708091841162,0.9159926772117615
1732437708102231941,0.9159926772117615
1732437708102231941,0.9159926772117615
1732437708112604948,0.9159926772117615
1732437708112604948,0.9159926772117615
1732437708123092077,0.9159926772117615
1732437708123092077,0.9159926772117615
1732437708133602488,0.9159926772117615
1732437708133602488,0.9159926772117615
1732437708143874546,0.9159926772117615
1732437708143874546,0.9159926772117615
1732437708154394437,0.9159926772117615
1732437708154394437,0.9159926772117615
1732437708164748888,0.9159926772117615
1732437708164748888,0.9159926772117615
1732437708175180663,0.9159926772117615
1732437708175180663,0.9159926772117615
1732437708185457479,0.9159926772117615
1732437708185457479,0.9159926772117615
1732437708195940508,0.9159926772117615
1732437708195940508,0.9159926772117615
1732437708206391582,0.9159926772117615
1732437708206391582,0.9159926772117615
1732437708217276782,0.9159926772117615
1732437708217276782,0.9159926772117615
1732437708227335512,0.9159926772117615
1732437708227335512,0.9159926772117615
1732437708237382121,0.9159926772117615
1732437708237382121,0.9159926772117615
1732437708247720243,0.9159926772117615
1732437708247720243,0.9159926772117615
1732437708258426008,0.9159926772117615
1732437708258426008,0.9159926772117615
1732437708268644025,0.9159926772117615
1732437708268644025,0.9159926772117615
1732437708279115796,0.9159926772117615
1732437708279115796,0.9159926772117615
1732437708289556668,0.9159926772117615
1732437708289556668,0.9159926772117615
1732437708300580586,0.9159926772117615
1732437708300580586,0.9159926772117615
1732437708310719322,0.9159926772117615
1732437708310719322,0.9159926772117615
1732437708321032250,0.9159926772117615
1732437708321032250,0.9159926772117615
1732437708331324416,0.9159926772117615
1732437708331324416,0.9159926772117615
1732437708341844796,0.9159926772117615
1732437708341844796,0.9159926772117615
1732437708352587640,0.9159926772117615
1732437708352587640,0.9159926772117615
1732437708362755193,0.9159926772117615
1732437708362755193,0.9159926772117615
1732437708373175349,0.9159926772117615
1732437708373175349,0.9159926772117615
1732437708383853462,0.9159926772117615
1732437708383853462,0.9159926772117615
1732437708394980482,0.9159926772117615
1732437708394980482,0.9159926772117615
1732437708405382401,0.9159926772117615
1732437708405382401,0.9159926772117615
1732437708415564893,0.9159926772117615
1732437708415564893,0.9159926772117615
1732437708425714234,0.9159926772117615
1732437708425714234,0.9159926772117615
1732437708435959848,0.9159926772117615
1732437708435959848,0.9159926772117615
1732437708446111396,0.9159926772117615
1732437708446111396,0.9159926772117615
1732437708456337239,0.9159926772117615
1732437708456337239,0.9159926772117615
1732437708466830348,0.9159926772117615
1732437708466830348,0.9159926772117615
1732437708476936187,0.9159926772117615
1732437708476936187,0.9159926772117615
1732437708487352613,0.9159926772117615
1732437708487352613,0.9159926772117615
1732437708498428479,0.9159926772117615
1732437708498428479,0.9159926772117615
1732437708509510444,0.9159926772117615
1732437708509510444,0.9159926772117615
1732437708519786620,0.9159926772117615
1732437708519786620,0.9159926772117615
1732437708530039712,0.9159926772117615
1732437708530039712,0.9159926772117615
1732437708540816721,0.9159926772117615
1732437708540816721,0.9159926772117615
1732437708551341360,0.9159926772117615
1732437708551341360,0.9159926772117615
1732437708562148794,0.9159926772117615
1732437708562148794,0.9159926772117615
1732437708572587258,0.9159926772117615
1732437708572587258,0.9159926772117615
1732437708586464970,0.9159926772117615
1732437708586464970,0.9159926772117615
1732437708597158283,0.9159926772117615
1732437708597158283,0.9159926772117615
1732437708607330746,0.9159926772117615
1732437708607330746,0.9159926772117615
1732437708617640895,0.9159926772117615
1732437708617640895,0.9159926772117615
1732437708627806324,0.9159926772117615
1732437708627806324,0.9159926772117615
1732437708638324667,0.9159926772117615
1732437708638324667,0.9159926772117615
1732437708648406305,0.9159926772117615
1732437708648406305,0.9159926772117615
1732437708658869059,0.9159926772117615
1732437708658869059,0.9159926772117615
1732437708669525502,0.9159926772117615
1732437708669525502,0.9159926772117615
1732437708680048959,0.9159926772117615
1732437708680048959,0.9159926772117615
1732437708690364989,0.9159926772117615
1732437708690364989,0.9159926772117615
1732437708700891437,0.9159926772117615
1732437708700891437,0.9159926772117615
1732437708711496748,0.9159926772117615
1732437708711496748,0.9159926772117615
1732437708711496748,0.9159926772117615
1732437708711496748,0.9159926772117615
1732437708733202728,0.9159926772117615
1732437708733202728,0.9159926772117615
1732437708744065917,0.9159926772117615
1732437708744065917,0.9159926772117615
1732437708754711980,0.9159926772117615
1732437708754711980,0.9159926772117615
1732437708765837146,0.9159926772117615
1732437708765837146,0.9159926772117615
1732437708776448777,0.9159926772117615
1732437708776448777,0.9159926772117615
1732437708787834287,0.9159926772117615
1732437708787834287,0.9159926772117615
1732437708798403269,0.9159926772117615
1732437708798403269,0.9159926772117615
1732437708808613982,0.9159926772117615
1732437708808613982,0.9159926772117615
1732437708818794860,0.9159926772117615
1732437708818794860,0.9159926772117615
1732437708829169481,0.9159926772117615
1732437708829169481,0.9159926772117615
1732437708839649342,0.9159926772117615
1732437708839649342,0.9159926772117615
1732437708849891096,0.9159926772117615
1732437708849891096,0.9159926772117615
1732437708860416316,0.9159926772117615
1732437708860416316,0.9159926772117615
1732437708871093706,0.9159926772117615
1732437708871093706,0.9159926772117615
1732437708882568005,0.9159926772117615
1732437708882568005,0.9159926772117615
1732437708892847206,0.9159926772117615
1732437708892847206,0.9159926772117615
1732437708903427167,0.9159926772117615
1732437708903427167,0.9159926772117615
1732437708913901542,0.9159926772117615
1732437708913901542,0.9159926772117615
1732437708924259882,0.9159926772117615
1732437708924259882,0.9159926772117615
1732437708934606608,0.9159926772117615
1732437708934606608,0.9159926772117615
1732437708945102964,0.9159926772117615
1732437708945102964,0.9159926772117615
1732437708955655225,0.9159926772117615
1732437708955655225,0.9159926772117615
1732437708966063586,0.9159926772117615
1732437708966063586,0.9159926772117615
1732437708976724779,0.9159926772117615
1732437708976724779,0.9159926772117615
1732437708987830839,0.9159926772117615
1732437708987830839,0.9159926772117615
1732437708998015023,0.9159926772117615
1732437708998015023,0.9159926772117615
1732437709008537789,0.9159926772117615
1732437709008537789,0.9159926772117615
1732437709018935461,0.9159926772117615
1732437709018935461,0.9159926772117615
1732437709029202019,0.9159926772117615
1732437709029202019,0.9159926772117615
1732437709039496378,0.9159926772117615
1732437709039496378,0.9159926772117615
1732437709049760590,0.9159926772117615
1732437709049760590,0.9159926772117615
1732437709059973571,0.9159926772117615
1732437709059973571,0.9159926772117615
1732437709070192560,0.9159926772117615
1732437709070192560,0.9159926772117615
1732437709080379370,0.9159926772117615
1732437709080379370,0.9159926772117615
1732437709090684039,0.9159926772117615
1732437709090684039,0.9159926772117615
1732437709104124955,0.9159926772117615
1732437709104124955,0.9159926772117615
1732437709114295601,0.9159926772117615
1732437709114295601,0.9159926772117615
1732437709124964742,0.9159926772117615
1732437709124964742,0.9159926772117615
1732437709135479272,0.9159926772117615
1732437709135479272,0.9159926772117615
1732437709145654319,0.9159926772117615
1732437709145654319,0.9159926772117615
1732437709157192043,0.9159926772117615
1732437709157192043,0.9159926772117615
1732437709167603071,0.9159926772117615
1732437709167603071,0.9159926772117615
1732437709177735660,0.9159926772117615
1732437709177735660,0.9159926772117615
1732437709188035118,0.9159926772117615
1732437709188035118,0.9159926772117615
1732437709198959079,0.9159926772117615
1732437709198959079,0.9159926772117615
1732437709209188937,0.9159926772117615
1732437709209188937,0.9159926772117615
1732437709221713561,0.9159926772117615
1732437709221713561,0.9159926772117615
1732437709232099210,0.9159926772117615
1732437709232099210,0.9159926772117615
1732437709242617697,0.9159926772117615
1732437709242617697,0.9159926772117615
1732437709253438197,0.9159926772117615
1732437709253438197,0.9159926772117615
1732437709264178086,0.9159926772117615
1732437709264178086,0.9159926772117615
1732437709274472264,0.9159926772117615
1732437709274472264,0.9159926772117615
1732437709284699400,0.9159926772117615
1732437709284699400,0.9159926772117615
1732437709294908942,0.9159926772117615
1732437709294908942,0.9159926772117615
1732437709306436056,0.9159926772117615
1732437709306436056,0.9159926772117615
1732437709316565519,0.9159926772117615
1732437709316565519,0.9159926772117615
1732437709326859639,0.9159926772117615
1732437709326859639,0.9159926772117615
1732437709337750589,0.9159926772117615
1732437709337750589,0.9159926772117615
1732437709348134776,0.9159926772117615
1732437709348134776,0.9159926772117615
1732437709358496361,0.9159926772117615
1732437709358496361,0.9159926772117615
1732437709368927945,0.9159926772117615
1732437709368927945,0.9159926772117615
1732437709379449758,0.9159926772117615
1732437709379449758,0.9159926772117615
1732437709389643450,0.9159926772117615
1732437709389643450,0.9159926772117615
1732437709400274398,0.9159926772117615
1732437709400274398,0.9159926772117615
1732437709410520397,0.9159926772117615
1732437709410520397,0.9159926772117615
1732437709428057708,0.9159926772117615
1732437709428057708,0.9159926772117615
1732437709438444980,0.9159926772117615
1732437709438444980,0.9159926772117615
1732437709448736625,0.9159926772117615
1732437709448736625,0.9159926772117615
1732437709459162831,0.9159926772117615
1732437709459162831,0.9159926772117615
1732437709469292443,0.9159926772117615
1732437709469292443,0.9159926772117615
1732437709479492063,0.9159926772117615
1732437709479492063,0.9159926772117615
1732437709479492063,0.9159926772117615
1732437709479492063,0.9159926772117615
1732437709500430083,0.9159926772117615
1732437709500430083,0.9159926772117615
1732437709510731178,0.9159926772117615
1732437709510731178,0.9159926772117615
1732437709521150387,0.9159926772117615
1732437709521150387,0.9159926772117615
1732437709531807487,0.9159926772117615
1732437709531807487,0.9159926772117615
1732437709552441180,0.9159926772117615
1732437709552441180,0.9159926772117615
1732437709552441180,0.9159926772117615
1732437709552441180,0.9159926772117615
1732437709562963894,0.9159926772117615
1732437709562963894,0.9159926772117615
1732437709574156697,0.9159926772117615
1732437709574156697,0.9159926772117615
1732437709584500448,0.9159926772117615
1732437709584500448,0.9159926772117615
1732437709594683332,0.9159926772117615
1732437709594683332,0.9159926772117615
1732437709604699934,0.9159926772117615
1732437709604699934,0.9159926772117615
1732437709604699934,0.9159926772117615
1732437709604699934,0.9159926772117615
1732437709625464982,0.9159926772117615
1732437709625464982,0.9159926772117615
1732437709635633227,0.9159926772117615
1732437709635633227,0.9159926772117615
1732437709646218458,0.9159926772117615
1732437709646218458,0.9159926772117615
1732437709656939952,0.9159926772117615
1732437709656939952,0.9159926772117615
1732437709666985601,0.9159926772117615
1732437709666985601,0.9159926772117615
1732437709677106477,0.9159926772117615
1732437709677106477,0.9159926772117615
1732437709687233064,0.9159926772117615
1732437709687233064,0.9159926772117615
1732437709697691168,0.9159926772117615
1732437709697691168,0.9159926772117615
1732437709708196959,0.9159926772117615
1732437709708196959,0.9159926772117615
1732437709719055121,0.9159926772117615
1732437709719055121,0.9159926772117615
1732437709729923279,0.9159926772117615
1732437709729923279,0.9159926772117615
1732437709740050568,0.9159926772117615
1732437709740050568,0.9159926772117615
1732437709750544489,0.9159926772117615
1732437709750544489,0.9159926772117615
1732437709761214117,0.9159926772117615
1732437709761214117,0.9159926772117615
1732437709772132579,0.9159926772117615
1732437709772132579,0.9159926772117615
1732437709782544458,0.9159926772117615
1732437709782544458,0.9159926772117615
1732437709792969891,0.9159926772117615
1732437709792969891,0.9159926772117615
1732437709803230538,0.9159926772117615
1732437709803230538,0.9159926772117615
1732437709813479785,0.9159926772117615
1732437709813479785,0.9159926772117615
1732437709827198507,0.9159926772117615
1732437709827198507,0.9159926772117615
1732437709837757590,0.9159926772117615
1732437709837757590,0.9159926772117615
1732437709847894065,0.9159926772117615
1732437709847894065,0.9159926772117615
1732437709847894065,0.9159926772117615
1732437709858274186,0.9159926772117615
1732437709868597770,0.9159926772117615
1732437709868597770,0.9159926772117615
1732437709879368476,0.9159926772117615
1732437709879368476,0.9159926772117615
1732437709889632037,0.9159926772117615
1732437709889632037,0.9159926772117615
1732437709900184900,0.9159926772117615
1732437709900184900,0.9159926772117615
1732437709910720137,0.9159926772117615
1732437709910720137,0.9159926772117615
1732437709921280372,0.9159926772117615
1732437709921280372,0.9159926772117615
1732437709931989854,0.9159926772117615
1732437709931989854,0.9159926772117615
1732437709943404620,0.9159926772117615
1732437709943404620,0.9159926772117615
1732437709954053445,0.9159926772117615
1732437709954053445,0.9159926772117615
1732437709964735681,0.9159926772117615
1732437709964735681,0.9159926772117615
1732437709975281899,0.9159926772117615
1732437709975281899,0.9159926772117615
1732437709985464818,0.9159926772117615
1732437709985464818,0.9159926772117615
1732437709996146733,0.9159926772117615
1732437709996146733,0.9159926772117615
1732437710006341118,0.9159926772117615
1732437710006341118,0.9159926772117615
1732437710016454680,0.9159926772117615
1732437710016454680,0.9159926772117615
1732437710026855067,0.9159926772117615
1732437710026855067,0.9159926772117615
1732437710026855067,0.9159926772117615
1732437710038175676,0.9159926772117615
1732437710049397874,0.9159926772117615
1732437710049397874,0.9159926772117615
1732437710060029308,0.9159926772117615
1732437710060029308,0.9159926772117615
1732437710070386968,0.9159926772117615
1732437710070386968,0.9159926772117615
1732437710080686569,0.9159926772117615
1732437710080686569,0.9159926772117615
1732437710091110811,0.9159926772117615
1732437710091110811,0.9159926772117615
1732437710101678755,0.9159926772117615
1732437710101678755,0.9159926772117615
1732437710112198970,0.9159926772117615
1732437710112198970,0.9159926772117615
1732437710122634803,0.9159926772117615
1732437710122634803,0.9159926772117615
1732437710134885494,0.9159926772117615
1732437710134885494,0.9159926772117615
1732437710145006761,0.9159926772117615
1732437710145006761,0.9159926772117615
1732437710155544835,0.9159926772117615
1732437710155544835,0.9159926772117615
1732437710166094306,0.9159926772117615
1732437710166094306,0.9159926772117615
1732437710176777394,0.9159926772117615
1732437710176777394,0.9159926772117615
1732437710187056846,0.9159926772117615
1732437710187056846,0.9159926772117615
1732437710197438278,0.9159926772117615
1732437710197438278,0.9159926772117615
1732437710207692373,0.9159926772117615
1732437710207692373,0.9159926772117615
1732437710217966996,0.9159926772117615
1732437710217966996,0.9159926772117615
1732437710228680445,0.9159926772117615
1732437710228680445,0.9159926772117615
1732437710239312434,0.9159926772117615
1732437710239312434,0.9159926772117615
1732437710249682966,0.9159926772117615
1732437710249682966,0.9159926772117615
1732437710259902022,0.9159926772117615
1732437710259902022,0.9159926772117615
1732437710270088113,0.9159926772117615
1732437710270088113,0.9159926772117615
1732437710280554635,0.9159926772117615
1732437710280554635,0.9159926772117615
1732437710290671023,0.9159926772117615
1732437710290671023,0.9159926772117615
1732437710301065289,0.9159926772117615
1732437710301065289,0.9159926772117615
1732437710311715802,0.9159926772117615
1732437710311715802,0.9159926772117615
1732437710322854644,0.9159926772117615
1732437710322854644,0.9159926772117615
1732437710333079223,0.9159926772117615
1732437710333079223,0.9159926772117615
1732437710343705582,0.9159926772117615
1732437710343705582,0.9159926772117615
1732437710353914692,0.9159926772117615
1732437710353914692,0.9159926772117615
1732437710364191170,0.9159926772117615
1732437710364191170,0.9159926772117615
1732437710374313726,0.9159926772117615
1732437710374313726,0.9159926772117615
1732437710385000189,0.9159926772117615
1732437710385000189,0.9159926772117615
1732437710395489532,0.9159926772117615
1732437710395489532,0.9159926772117615
1732437710405663257,0.9159926772117615
1732437710405663257,0.9159926772117615
1732437710417290688,0.9159926772117615
1732437710417290688,0.9159926772117615
1732437710427383884,0.9159926772117615
1732437710427383884,0.9159926772117615
1732437710437476729,0.9159926772117615
1732437710437476729,0.9159926772117615
1732437710447665852,0.9159926772117615
1732437710447665852,0.9159926772117615
1732437710458244302,0.9159926772117615
1732437710458244302,0.9159926772117615
1732437710468634780,0.9159926772117615
1732437710468634780,0.9159926772117615
1732437710478826609,0.9159926772117615
1732437710478826609,0.9159926772117615
1732437710489265448,0.9159926772117615
1732437710489265448,0.9159926772117615
1732437710500037778,0.9159926772117615
1732437710500037778,0.9159926772117615
1732437710511648126,0.9159926772117615
1732437710511648126,0.9159926772117615
1732437710524036765,0.9159926772117615
1732437710524036765,0.9159926772117615
1732437710534305387,0.9159926772117615
1732437710534305387,0.9159926772117615
1732437710544831909,0.9159926772117615
1732437710544831909,0.9159926772117615
1732437710555002938,0.9159926772117615
1732437710555002938,0.9159926772117615
1732437710565289816,0.9159926772117615
1732437710565289816,0.9159926772117615
1732437710576467769,0.9159926772117615
1732437710576467769,0.9159926772117615
1732437710591123566,0.9159926772117615
1732437710591123566,0.9159926772117615
1732437710603012123,0.9159926772117615
1732437710603012123,0.9159926772117615
1732437710618037469,0.9159926772117615
1732437710618037469,0.9159926772117615
1732437710628344734,0.9159926772117615
1732437710628344734,0.9159926772117615
1732437710638495993,0.9159926772117615
1732437710638495993,0.9159926772117615
1732437710648840850,0.9159926772117615
1732437710648840850,0.9159926772117615
1732437710660230149,0.9159926772117615
1732437710660230149,0.9159926772117615
1732437710670340987,0.9159926772117615
1732437710670340987,0.9159926772117615
1732437710685564109,0.9159926772117615
1732437710685564109,0.9159926772117615
1732437710696164299,0.9159926772117615
1732437710696164299,0.9159926772117615
1732437710706931489,0.9159926772117615
1732437710706931489,0.9159926772117615
1732437710717712966,0.9159926772117615
1732437710717712966,0.9159926772117615
1732437710728200095,0.9159926772117615
1732437710728200095,0.9159926772117615
1732437710738621901,0.9159926772117615
1732437710738621901,0.9159926772117615
1732437710748747688,0.9159926772117615
1732437710748747688,0.9159926772117615
1732437710759198429,0.9159926772117615
1732437710759198429,0.9159926772117615
1732437710769332421,0.9159926772117615
1732437710769332421,0.9159926772117615
1732437710780606072,0.9159926772117615
1732437710780606072,0.9159926772117615
1732437710794642487,0.9159926772117615
1732437710794642487,0.9159926772117615
1732437710805029239,0.9159926772117615
1732437710805029239,0.9159926772117615
1732437710818659759,0.9159926772117615
1732437710818659759,0.9159926772117615
1732437710829176803,0.9159926772117615
1732437710829176803,0.9159926772117615
1732437710839831643,0.9159926772117615
1732437710839831643,0.9159926772117615
1732437710860772008,0.9159926772117615
1732437710860772008,0.9159926772117615
1732437710860772008,0.9159926772117615
1732437710860772008,0.9159926772117615
1732437710871277510,0.9159926772117615
1732437710871277510,0.9159926772117615
1732437710881694776,0.9159926772117615
1732437710881694776,0.9159926772117615
1732437710891930742,0.9159926772117615
1732437710891930742,0.9159926772117615
1732437710902339303,0.9159926772117615
1732437710902339303,0.9159926772117615
1732437710913072129,0.9159926772117615
1732437710913072129,0.9159926772117615
1732437710926354170,0.9159926772117615
1732437710926354170,0.9159926772117615
1732437710936554985,0.9159926772117615
1732437710936554985,0.9159926772117615
1732437710946770079,0.9159926772117615
1732437710946770079,0.9159926772117615
1732437710969064201,0.9159926772117615
1732437710969064201,0.9159926772117615
1732437710969064201,0.9159926772117615
1732437710969064201,0.9159926772117615
1732437710979419095,0.9159926772117615
1732437710979419095,0.9159926772117615
1732437710990170615,0.9159926772117615
1732437710990170615,0.9159926772117615
1732437711002760908,0.9159926772117615
1732437711002760908,0.9159926772117615
1732437711013767744,0.9159926772117615
1732437711013767744,0.9159926772117615
1732437711026777469,0.9159926772117615
1732437711026777469,0.9159926772117615
1732437711037055318,0.9159926772117615
1732437711037055318,0.9159926772117615
1732437711048444565,0.9159926772117615
1732437711048444565,0.9159926772117615
1732437711059000072,0.9159926772117615
1732437711059000072,0.9159926772117615
1732437711069271489,0.9159926772117615
1732437711069271489,0.9159926772117615
1732437711079760667,0.9159926772117615
1732437711079760667,0.9159926772117615
1732437711090496634,0.9159926772117615
1732437711090496634,0.9159926772117615
1732437711100843641,0.9159926772117615
1732437711100843641,0.9159926772117615
1732437711111515323,0.9159926772117615
1732437711111515323,0.9159926772117615
1732437711121902567,0.9159926772117615
1732437711121902567,0.9159926772117615
1732437711132256357,0.9159926772117615
1732437711132256357,0.9159926772117615
1732437711142291870,0.9159926772117615
1732437711142291870,0.9159926772117615
1732437711158739859,0.9159926772117615
1732437711158739859,0.9159926772117615
1732437711169051016,0.9159926772117615
1732437711169051016,0.9159926772117615
1732437711179183748,0.9159926772117615
1732437711179183748,0.9159926772117615
1732437711189294757,0.9159926772117615
1732437711189294757,0.9159926772117615
1732437711199437274,0.9159926772117615
1732437711199437274,0.9159926772117615
1732437711210200717,0.9159926772117615
1732437711210200717,0.9159926772117615
1732437711220319171,0.9159926772117615
1732437711220319171,0.9159926772117615
1732437711233142398,0.9159926772117615
1732437711233142398,0.9159926772117615
1732437711244447699,0.9159926772117615
1732437711244447699,0.9159926772117615
1732437711255001071,0.9159926772117615
1732437711255001071,0.9159926772117615
1732437711265936384,0.9159926772117615
1732437711265936384,0.9159926772117615
1732437711265936384,0.9159926772117615
1732437711265936384,0.9159926772117615
1732437711286385183,0.9159926772117615
1732437711286385183,0.9159926772117615
1732437711299345044,0.9159926772117615
1732437711299345044,0.9159926772117615
1732437711309821905,0.9159926772117615
1732437711309821905,0.9159926772117615
1732437711334567201,0.9159926772117615
1732437711334567201,0.9159926772117615
1732437711346858918,0.9159926772117615
1732437711357044016,0.9159926772117615
1732437711380740870,0.9159926772117615
1732437711380740870,0.9159926772117615
1732437711390952928,0.9159926772117615
1732437711390952928,0.9159926772117615
1732437711425863644,0.9159926772117615
1732437711425863644,0.9159926772117615
1732437711439466171,0.9159926772117615
1732437711439466171,0.9159926772117615
1732437711471714362,0.9159926772117615
1732437711471714362,0.9159926772117615
1732437711482605742,0.9159926772117615
1732437711482605742,0.9159926772117615
1732437711504143098,0.9159926772117615
1732437711504143098,0.9159926772117615
1732437711504143098,0.9159926772117615
1732437711504143098,0.9159926772117615
1732437711514227839,0.9159926772117615
1732437711514227839,0.9159926772117615
1732437711525057504,0.9159926772117615
1732437711525057504,0.9159926772117615
1732437711536000060,0.9159926772117615
1732437711536000060,0.9159926772117615
1732437711550467096,0.9159926772117615
1732437711550467096,0.9159926772117615
1732437711561500944,0.9159926772117615
1732437711561500944,0.9159926772117615
1732437711572227628,0.9159926772117615
1732437711572227628,0.9159926772117615
1732437711583310467,0.9159926772117615
1732437711583310467,0.9159926772117615
1732437711599038950,0.9159926772117615
1732437711599038950,0.9159926772117615
1732437711609909553,0.9159926772117615
1732437711609909553,0.9159926772117615
1732437711620106419,0.9159926772117615
1732437711620106419,0.9159926772117615
1732437711632711241,0.9159926772117615
1732437711632711241,0.9159926772117615
1732437711643197178,0.9159926772117615
1732437711643197178,0.9159926772117615
1732437711653568550,0.9159926772117615
1732437711653568550,0.9159926772117615
1732437711664690442,0.9159926772117615
1732437711664690442,0.9159926772117615
1732437711675721171,0.9159926772117615
1732437711675721171,0.9159926772117615
1732437711675721171,0.9159926772117615
1732437711675721171,0.9159926772117615
1732437711696834168,0.9159926772117615
1732437711696834168,0.9159926772117615
1732437711706890384,0.9159926772117615
1732437711706890384,0.9159926772117615
1732437711718730311,0.9159926772117615
1732437711718730311,0.9159926772117615
1732437711729531270,0.9159926772117615
1732437711729531270,0.9159926772117615
1732437711739631612,0.9159926772117615
1732437711739631612,0.9159926772117615
1732437711750244565,0.9159926772117615
1732437711750244565,0.9159926772117615
1732437711761387935,0.9159926772117615
1732437711761387935,0.9159926772117615
1732437711771512645,0.9159926772117615
1732437711771512645,0.9159926772117615
1732437711782025397,0.9159926772117615
1732437711782025397,0.9159926772117615
1732437711792374518,0.9159926772117615
1732437711792374518,0.9159926772117615
1732437711802542253,0.9159926772117615
1732437711802542253,0.9159926772117615
1732437711812779536,0.9159926772117615
1732437711812779536,0.9159926772117615
1732437711822901034,0.9159926772117615
1732437711822901034,0.9159926772117615
1732437711833476298,0.9159926772117615
1732437711833476298,0.9159926772117615
1732437711854782239,0.9159926772117615
1732437711854782239,0.9159926772117615
1732437711865456389,0.9159926772117615
1732437711865456389,0.9159926772117615
1732437711878016506,0.9159926772117615
1732437711878016506,0.9159926772117615
1732437711888364767,0.9159926772117615
1732437711888364767,0.9159926772117615
1732437711898639750,0.9159926772117615
1732437711898639750,0.9159926772117615
1732437711908823474,0.9159926772117615
1732437711908823474,0.9159926772117615
1732437711918961310,0.9159926772117615
1732437711918961310,0.9159926772117615
1732437711929140248,0.9159926772117615
1732437711929140248,0.9159926772117615
1732437711939355301,0.9159926772117615
1732437711939355301,0.9159926772117615
1732437711949482640,0.9159926772117615
1732437711949482640,0.9159926772117615
1732437711959879489,0.9159926772117615
1732437711959879489,0.9159926772117615
1732437711970544691,0.9159926772117615
1732437711970544691,0.9159926772117615
1732437711980938435,0.9159926772117615
1732437711980938435,0.9159926772117615
1732437711980938435,0.9159926772117615
1732437711980938435,0.9159926772117615
1732437712001642390,0.9159926772117615
1732437712001642390,0.9159926772117615
1732437712012192004,0.9159926772117615
1732437712012192004,0.9159926772117615
1732437712022514408,0.9159926772117615
1732437712022514408,0.9159926772117615
1732437712033265898,0.9159926772117615
1732437712033265898,0.9159926772117615
1732437712043577035,0.9159926772117615
1732437712043577035,0.9159926772117615
1732437712043577035,0.9159926772117615
1732437712054553389,0.9159926772117615
1732437712068168760,0.9159926772117615
1732437712068168760,0.9159926772117615
1732437712078696393,0.9159926772117615
1732437712078696393,0.9159926772117615
1732437712088901669,0.9159926772117615
1732437712088901669,0.9159926772117615
1732437712099078769,0.9159926772117615
1732437712099078769,0.9159926772117615
1732437712109452408,0.9159926772117615
1732437712109452408,0.9159926772117615
1732437712119519344,0.9159926772117615
1732437712119519344,0.9159926772117615
1732437712129634600,0.9159926772117615
1732437712129634600,0.9159926772117615
1732437712139802746,0.9159926772117615
1732437712139802746,0.9159926772117615
1732437712152736669,0.9159926772117615
1732437712152736669,0.9159926772117615
1732437712163941094,0.9159926772117615
1732437712163941094,0.9159926772117615
1732437712174328306,0.9159926772117615
1732437712174328306,0.9159926772117615
1732437712185234771,0.9159926772117615
1732437712185234771,0.9159926772117615
1732437712195737213,0.9159926772117615
1732437712195737213,0.9159926772117615
1732437712209969321,0.9159926772117615
1732437712209969321,0.9159926772117615
1732437712220467351,0.9159926772117615
1732437712220467351,0.9159926772117615
1732437712230846759,0.9159926772117615
1732437712230846759,0.9159926772117615
1732437712241041494,0.9159926772117615
1732437712241041494,0.9159926772117615
1732437712251328060,0.9159926772117615
1732437712251328060,0.9159926772117615
1732437712261719316,0.9159926772117615
1732437712261719316,0.9159926772117615
1732437712272169091,0.9159926772117615
1732437712272169091,0.9159926772117615
1732437712282261891,0.9159926772117615
1732437712282261891,0.9159926772117615
1732437712292832730,0.9159926772117615
1732437712292832730,0.9159926772117615
1732437712303449460,0.9159926772117615
1732437712303449460,0.9159926772117615
1732437712314852763,0.9159926772117615
1732437712314852763,0.9159926772117615
1732437712324996163,0.9159926772117615
1732437712324996163,0.9159926772117615
1732437712335471629,0.9159926772117615
1732437712335471629,0.9159926772117615
1732437712345615621,0.9159926772117615
1732437712345615621,0.9159926772117615
1732437712355855017,0.9159926772117615
1732437712355855017,0.9159926772117615
1732437712366587865,0.9159926772117615
1732437712366587865,0.9159926772117615
1732437712377107804,0.9159926772117615
1732437712377107804,0.9159926772117615
1732437712387273635,0.9159926772117615
1732437712387273635,0.9159926772117615
1732437712397957751,0.9159926772117615
1732437712397957751,0.9159926772117615
1732437712408212316,0.9159926772117615
1732437712408212316,0.9159926772117615
1732437712418305202,0.9159926772117615
1732437712418305202,0.9159926772117615
1732437712428825462,0.9159926772117615
1732437712428825462,0.9159926772117615
1732437712439180746,0.9159926772117615
1732437712439180746,0.9159926772117615
1732437712449676059,0.9159926772117615
1732437712449676059,0.9159926772117615
1732437712460145292,0.9159926772117615
1732437712460145292,0.9159926772117615
1732437712470959754,0.9159926772117615
1732437712470959754,0.9159926772117615
1732437712470959754,0.9159926772117615
1732437712470959754,0.9159926772117615
1732437712492234902,0.9159926772117615
1732437712492234902,0.9159926772117615
1732437712508607695,0.9159926772117615
1732437712508607695,0.9159926772117615
1732437712518859975,0.9159926772117615
1732437712518859975,0.9159926772117615
1732437712529086961,0.9159926772117615
1732437712529086961,0.9159926772117615
1732437712539719390,0.9159926772117615
1732437712539719390,0.9159926772117615
1732437712549886023,0.9159926772117615
1732437712549886023,0.9159926772117615
1732437712560079415,0.9159926772117615
1732437712560079415,0.9159926772117615
1732437712570789921,0.9159926772117615
1732437712570789921,0.9159926772117615
1732437712581317375,0.9159926772117615
1732437712581317375,0.9159926772117615
1732437712591774146,0.9159926772117615
1732437712591774146,0.9159926772117615
1732437712602425401,0.9159926772117615
1732437712602425401,0.9159926772117615
1732437712614353131,0.9159926772117615
1732437712614353131,0.9159926772117615
1732437712624673329,0.9159926772117615
1732437712624673329,0.9159926772117615
1732437712635077163,0.9159926772117615
1732437712635077163,0.9159926772117615
1732437712648187002,0.9159926772117615
1732437712648187002,0.9159926772117615
1732437712658230687,0.9159926772117615
1732437712658230687,0.9159926772117615
1732437712668832729,0.9159926772117615
1732437712668832729,0.9159926772117615
1732437712679029238,0.9159926772117615
1732437712679029238,0.9159926772117615
1732437712690229794,0.9159926772117615
1732437712690229794,0.9159926772117615
1732437712701047608,0.9159926772117615
1732437712701047608,0.9159926772117615
1732437712711667815,0.9159926772117615
1732437712711667815,0.9159926772117615
1732437712721979186,0.9159926772117615
1732437712721979186,0.9159926772117615
1732437712732422841,0.9159926772117615
1732437712732422841,0.9159926772117615
1732437712742647761,0.9159926772117615
1732437712742647761,0.9159926772117615
1732437712753399277,0.9159926772117615
1732437712753399277,0.9159926772117615
1732437712764209753,0.9159926772117615
1732437712764209753,0.9159926772117615
1732437712774492625,0.9159926772117615
1732437712774492625,0.9159926772117615
1732437712784623481,0.9159926772117615
1732437712784623481,0.9159926772117615
1732437712795708462,0.9159926772117615
1732437712795708462,0.9159926772117615
1732437712806160938,0.9159926772117615
1732437712806160938,0.9159926772117615
1732437712816612590,0.9159926772117615
1732437712816612590,0.9159926772117615
1732437712827131789,0.9159926772117615
1732437712827131789,0.9159926772117615
1732437712837149584,0.9159926772117615
1732437712837149584,0.9159926772117615
1732437712848343979,0.9159926772117615
1732437712848343979,0.9159926772117615
1732437712858601410,0.9159926772117615
1732437712858601410,0.9159926772117615
1732437712869283902,0.9159926772117615
1732437712869283902,0.9159926772117615
1732437712879990181,0.9159926772117615
1732437712879990181,0.9159926772117615
1732437712890345369,0.9159926772117615
1732437712890345369,0.9159926772117615
1732437712900738687,0.9159926772117615
1732437712900738687,0.9159926772117615
1732437712911166976,0.9159926772117615
1732437712911166976,0.9159926772117615
1732437712921308903,0.9159926772117615
1732437712921308903,0.9159926772117615
1732437712931894545,0.9159926772117615
1732437712931894545,0.9159926772117615
1732437712942489254,0.9159926772117615
1732437712942489254,0.9159926772117615
1732437712952802707,0.9159926772117615
1732437712952802707,0.9159926772117615
1732437712963316678,0.9159926772117615
1732437712963316678,0.9159926772117615
1732437712973777690,0.9159926772117615
1732437712973777690,0.9159926772117615
1732437712984113142,0.9159926772117615
1732437712994465815,0.9159926772117615
1732437712994465815,0.9159926772117615
1732437712994465815,0.9159926772117615
1732437713004964455,0.9159926772117615
1732437713004964455,0.9159926772117615
1732437713015249166,0.9159926772117615
1732437713015249166,0.9159926772117615
1732437713025720687,0.9159926772117615
1732437713025720687,0.9159926772117615
1732437713035987936,0.9159926772117615
1732437713035987936,0.9159926772117615
1732437713046523125,0.9159926772117615
1732437713046523125,0.9159926772117615
1732437713056634785,0.9159926772117615
1732437713056634785,0.9159926772117615
1732437713066744963,0.9159926772117615
1732437713066744963,0.9159926772117615
1732437713077073422,0.9159926772117615
1732437713077073422,0.9159926772117615
1732437713087194930,0.9159926772117615
1732437713087194930,0.9159926772117615
1732437713097462875,0.9159926772117615
1732437713097462875,0.9159926772117615
1732437713107580907,0.9159926772117615
1732437713107580907,0.9159926772117615
1732437713117903800,0.9159926772117615
1732437713117903800,0.9159926772117615
1732437713128223938,0.9159926772117615
1732437713128223938,0.9159926772117615
1732437713138413324,0.9159926772117615
1732437713138413324,0.9159926772117615
1732437713148821224,0.9159926772117615
1732437713148821224,0.9159926772117615
1732437713159450739,0.9159926772117615
1732437713159450739,0.9159926772117615
1732437713169733847,0.9159926772117615
1732437713169733847,0.9159926772117615
1732437713180091847,0.9159926772117615
1732437713180091847,0.9159926772117615
1732437713190674352,0.9159926772117615
1732437713190674352,0.9159926772117615
1732437713207829562,0.9159926772117615
1732437713207829562,0.9159926772117615
1732437713217978823,0.9159926772117615
1732437713217978823,0.9159926772117615
1732437713228684955,0.9159926772117615
1732437713228684955,0.9159926772117615
1732437713238865508,0.9159926772117615
1732437713238865508,0.9159926772117615
1732437713249461429,0.9159926772117615
1732437713249461429,0.9159926772117615
1732437713259968817,0.9159926772117615
1732437713259968817,0.9159926772117615
1732437713270228080,0.9159926772117615
1732437713270228080,0.9159926772117615
1732437713280761756,0.9159926772117615
1732437713280761756,0.9159926772117615
1732437713291356034,0.9159926772117615
1732437713291356034,0.9159926772117615
1732437713302003733,0.9159926772117615
1732437713302003733,0.9159926772117615
1732437713312362974,0.9159926772117615
1732437713312362974,0.9159926772117615
1732437713322652495,0.9159926772117615
1732437713322652495,0.9159926772117615
1732437713332867737,0.9159926772117615
1732437713332867737,0.9159926772117615
1732437713343210638,0.9159926772117615
1732437713343210638,0.9159926772117615
1732437713353605355,0.9159926772117615
1732437713353605355,0.9159926772117615
1732437713364200516,0.9159926772117615
1732437713364200516,0.9159926772117615
1732437713374542464,0.9159926772117615
1732437713374542464,0.9159926772117615
1732437713384882396,0.9159926772117615
1732437713384882396,0.9159926772117615
1732437713395809667,0.9159926772117615
1732437713395809667,0.9159926772117615
1732437713406164831,0.9159926772117615
1732437713406164831,0.9159926772117615
1732437713419058800,0.9159926772117615
1732437713419058800,0.9159926772117615
1732437713429882785,0.9159926772117615
1732437713429882785,0.9159926772117615
1732437713440108749,0.9159926772117615
1732437713440108749,0.9159926772117615
1732437713450945247,0.9159926772117615
1732437713450945247,0.9159926772117615
1732437713461225632,0.9159926772117615
1732437713461225632,0.9159926772117615
1732437713471456279,0.9159926772117615
1732437713471456279,0.9159926772117615
1732437713481710098,0.9159926772117615
1732437713481710098,0.9159926772117615
1732437713492261887,0.9159926772117615
1732437713492261887,0.9159926772117615
1732437713502544706,0.9159926772117615
1732437713502544706,0.9159926772117615
1732437713514052554,0.9159926772117615
1732437713514052554,0.9159926772117615
1732437713524829323,0.9159926772117615
1732437713524829323,0.9159926772117615
1732437713535106180,0.9159926772117615
1732437713535106180,0.9159926772117615
1732437713546263798,0.9159926772117615
1732437713546263798,0.9159926772117615
1732437713556815405,0.9159926772117615
1732437713556815405,0.9159926772117615
1732437713567496486,0.9159926772117615
1732437713567496486,0.9159926772117615
1732437713577681312,0.9159926772117615
1732437713577681312,0.9159926772117615
1732437713587831665,0.9159926772117615
1732437713587831665,0.9159926772117615
1732437713598113001,0.9159926772117615
1732437713598113001,0.9159926772117615
1732437713608757252,0.9159926772117615
1732437713608757252,0.9159926772117615
1732437713619211870,0.9159926772117615
1732437713619211870,0.9159926772117615
1732437713630788497,0.9159926772117615
1732437713630788497,0.9159926772117615
1732437713651273383,0.9159926772117615
1732437713651273383,0.9159926772117615
1732437713651273383,0.9159926772117615
1732437713651273383,0.9159926772117615
1732437713663161601,0.9159926772117615
1732437713663161601,0.9159926772117615
1732437713673266557,0.9159926772117615
1732437713673266557,0.9159926772117615
1732437713683721597,0.9159926772117615
1732437713683721597,0.9159926772117615
1732437713696083725,0.9159926772117615
1732437713696083725,0.9159926772117615
1732437713706296946,0.9159926772117615
1732437713706296946,0.9159926772117615
1732437713717374910,0.9159926772117615
1732437713717374910,0.9159926772117615
1732437713729036077,0.9159926772117615
1732437713729036077,0.9159926772117615
1732437713739392814,0.9159926772117615
1732437713739392814,0.9159926772117615
1732437713749726056,0.9159926772117615
1732437713749726056,0.9159926772117615
1732437713760090307,0.9159926772117615
1732437713760090307,0.9159926772117615
1732437713770578056,0.9159926772117615
1732437713770578056,0.9159926772117615
1732437713780943065,0.9159926772117615
1732437713780943065,0.9159926772117615
1732437713792032919,0.9159926772117615
1732437713792032919,0.9159926772117615
1732437713802318173,0.9159926772117615
1732437713802318173,0.9159926772117615
1732437713812644057,0.9159926772117615
1732437713812644057,0.9159926772117615
1732437713822787481,0.9159926772117615
1732437713822787481,0.9159926772117615
1732437713833395144,0.9159926772117615
1732437713833395144,0.9159926772117615
1732437713843466700,0.9159926772117615
1732437713843466700,0.9159926772117615
1732437713853730382,0.9159926772117615
1732437713853730382,0.9159926772117615
1732437713864448913,0.9159926772117615
1732437713864448913,0.9159926772117615
1732437713875096970,0.9159926772117615
1732437713875096970,0.9159926772117615
1732437713885251080,0.9159926772117615
1732437713885251080,0.9159926772117615
1732437713895511316,0.9159926772117615
1732437713895511316,0.9159926772117615
1732437713906162411,0.9159926772117615
1732437713906162411,0.9159926772117615
1732437713916518476,0.9159926772117615
1732437713916518476,0.9159926772117615
1732437713926648421,0.9159926772117615
1732437713926648421,0.9159926772117615
1732437713937285748,0.9159926772117615
1732437713937285748,0.9159926772117615
1732437713947831537,0.9159926772117615
1732437713947831537,0.9159926772117615
1732437713958528446,0.9159926772117615
1732437713958528446,0.9159926772117615
1732437713968683928,0.9159926772117615
1732437713968683928,0.9159926772117615
1732437713979091569,0.9159926772117615
1732437713979091569,0.9159926772117615
1732437713989692179,0.9159926772117615
1732437713989692179,0.9159926772117615
1732437714000228470,0.9159926772117615
1732437714000228470,0.9159926772117615
1732437714010400451,0.9159926772117615
1732437714010400451,0.9159926772117615
1732437714020782743,0.9159926772117615
1732437714020782743,0.9159926772117615
1732437714030961450,0.9159926772117615
1732437714030961450,0.9159926772117615
1732437714041407393,0.9159926772117615
1732437714041407393,0.9159926772117615
1732437714051629338,0.9159926772117615
1732437714051629338,0.9159926772117615
1732437714062173113,0.9159926772117615
1732437714062173113,0.9159926772117615
1732437714072482097,0.9159926772117615
1732437714072482097,0.9159926772117615
1732437714082568163,0.9159926772117615
1732437714082568163,0.9159926772117615
1732437714093030916,0.9159926772117615
1732437714093030916,0.9159926772117615
1732437714103936735,0.9159926772117615
1732437714103936735,0.9159926772117615
1732437714114278783,0.9159926772117615
1732437714114278783,0.9159926772117615
1732437714124995540,0.9159926772117615
1732437714124995540,0.9159926772117615
1732437714135150441,0.9159926772117615
1732437714135150441,0.9159926772117615
1732437714145627011,0.9159926772117615
1732437714145627011,0.9159926772117615
1732437714156157950,0.9159926772117615
1732437714156157950,0.9159926772117615
1732437714166760515,0.9159926772117615
1732437714166760515,0.9159926772117615
1732437714177313907,0.9159926772117615
1732437714177313907,0.9159926772117615
1732437714188477152,0.9159926772117615
1732437714188477152,0.9159926772117615
1732437714198814684,0.9159926772117615
1732437714198814684,0.9159926772117615
1732437714209371070,0.9159926772117615
1732437714209371070,0.9159926772117615
1732437714219642862,0.9159926772117615
1732437714219642862,0.9159926772117615
1732437714230055913,0.9159926772117615
1732437714230055913,0.9159926772117615
1732437714240321179,0.9159926772117615
1732437714240321179,0.9159926772117615
1732437714250730894,0.9159926772117615
1732437714250730894,0.9159926772117615
1732437714261583321,0.9159926772117615
1732437714261583321,0.9159926772117615
1732437714271751229,0.9159926772117615
1732437714271751229,0.9159926772117615
1732437714282249418,0.9159926772117615
1732437714282249418,0.9159926772117615
1732437714292997843,0.9159926772117615
1732437714292997843,0.9159926772117615
1732437714303502676,0.9159926772117615
1732437714303502676,0.9159926772117615
1732437714313744758,0.9159926772117615
1732437714313744758,0.9159926772117615
1732437714324307669,0.9159926772117615
1732437714324307669,0.9159926772117615
1732437714335055613,0.9159926772117615
1732437714335055613,0.9159926772117615
1732437714345361625,0.9159926772117615
1732437714345361625,0.9159926772117615
1732437714355903765,0.9159926772117615
1732437714355903765,0.9159926772117615
1732437714366539162,0.9159926772117615
1732437714366539162,0.9159926772117615
1732437714377115776,0.9159926772117615
1732437714377115776,0.9159926772117615
1732437714387266269,0.9159926772117615
1732437714387266269,0.9159926772117615
1732437714397543026,0.9159926772117615
1732437714397543026,0.9159926772117615
1732437714407969683,0.9159926772117615
1732437714407969683,0.9159926772117615
1732437714418384518,0.9159926772117615
1732437714418384518,0.9159926772117615
1732437714428661997,0.9159926772117615
1732437714428661997,0.9159926772117615
1732437714439021849,0.9159926772117615
1732437714439021849,0.9159926772117615
1732437714449572222,0.9159926772117615
1732437714449572222,0.9159926772117615
1732437714459905989,0.9159926772117615
1732437714459905989,0.9159926772117615
1732437714470299734,0.9159926772117615
1732437714470299734,0.9159926772117615
1732437714481799559,0.9159926772117615
1732437714481799559,0.9159926772117615
1732437714492375773,0.9159926772117615
1732437714492375773,0.9159926772117615
1732437714502551223,0.9159926772117615
1732437714502551223,0.9159926772117615
1732437714512831405,0.9159926772117615
1732437714512831405,0.9159926772117615
1732437714524082698,0.9159926772117615
1732437714524082698,0.9159926772117615
1732437714535132473,0.9159926772117615
1732437714535132473,0.9159926772117615
1732437714545854039,0.9159926772117615
1732437714545854039,0.9159926772117615
1732437714557296455,0.9159926772117615
1732437714557296455,0.9159926772117615
1732437714569925332,0.9159926772117615
1732437714569925332,0.9159926772117615
1732437714580546430,0.9159926772117615
1732437714580546430,0.9159926772117615
1732437714591558115,0.9159926772117615
1732437714591558115,0.9159926772117615
1732437714602191936,0.9159926772117615
1732437714602191936,0.9159926772117615
1732437714612884870,0.9159926772117615
1732437714612884870,0.9159926772117615
1732437714623384461,0.9159926772117615
1732437714623384461,0.9159926772117615
1732437714634239095,0.9159926772117615
1732437714634239095,0.9159926772117615
1732437714647240182,0.9159926772117615
1732437714647240182,0.9159926772117615
1732437714658710071,0.9159926772117615
1732437714658710071,0.9159926772117615
1732437714669222977,0.9159926772117615
1732437714669222977,0.9159926772117615
1732437714681576129,0.9159926772117615
1732437714681576129,0.9159926772117615
1732437714691861783,0.9159926772117615
1732437714691861783,0.9159926772117615
1732437714702050679,0.9159926772117615
1732437714702050679,0.9159926772117615
1732437714712670974,0.9159926772117615
1732437714712670974,0.9159926772117615
1732437714723096088,0.9159926772117615
1732437714723096088,0.9159926772117615
1732437714733225220,0.9159926772117615
1732437714733225220,0.9159926772117615
1732437714743602365,0.9159926772117615
1732437714743602365,0.9159926772117615
1732437714755017447,0.9159926772117615
1732437714755017447,0.9159926772117615
1732437714765291043,0.9159926772117615
1732437714765291043,0.9159926772117615
1732437714775526332,0.9159926772117615
1732437714775526332,0.9159926772117615
1732437714785691069,0.9159926772117615
1732437714785691069,0.9159926772117615
1732437714796010658,0.9159926772117615
1732437714796010658,0.9159926772117615
1732437714806560295,0.9159926772117615
1732437714806560295,0.9159926772117615
1732437714817408225,0.9159926772117615
1732437714817408225,0.9159926772117615
1732437714827860229,0.9159926772117615
1732437714827860229,0.9159926772117615
1732437714838062296,0.9159926772117615
1732437714838062296,0.9159926772117615
1732437714848750531,0.9159926772117615
1732437714848750531,0.9159926772117615
1732437714859044756,0.9159926772117615
1732437714859044756,0.9159926772117615
1732437714869288908,0.9159926772117615
1732437714869288908,0.9159926772117615
1732437714879517636,0.9159926772117615
1732437714879517636,0.9159926772117615
1732437714890200960,0.9159926772117615
1732437714890200960,0.9159926772117615
1732437714900534974,0.9159926772117615
1732437714900534974,0.9159926772117615
1732437714914645627,0.9159926772117615
1732437714914645627,0.9159926772117615
1732437714925706743,0.9159926772117615
1732437714925706743,0.9159926772117615
1732437714936233107,0.9159926772117615
1732437714936233107,0.9159926772117615
1732437714946749849,0.9159926772117615
1732437714946749849,0.9159926772117615
1732437714957395775,0.9159926772117615
1732437714957395775,0.9159926772117615
1732437714967535077,0.9159926772117615
1732437714967535077,0.9159926772117615
1732437714979513722,0.9159926772117615
1732437714979513722,0.9159926772117615
1732437714989786842,0.9159926772117615
1732437714989786842,0.9159926772117615
1732437715000890168,0.9159926772117615
1732437715000890168,0.9159926772117615
1732437715011534761,0.9159926772117615
1732437715011534761,0.9159926772117615
1732437715021665947,0.9159926772117615
1732437715021665947,0.9159926772117615
1732437715032483731,0.9159926772117615
1732437715032483731,0.9159926772117615
1732437715042780526,0.9159926772117615
1732437715042780526,0.9159926772117615
1732437715056483050,0.9159926772117615
1732437715056483050,0.9159926772117615
1732437715066933420,0.9159926772117615
1732437715066933420,0.9159926772117615
1732437715077377569,0.9159926772117615
1732437715077377569,0.9159926772117615
1732437715087767217,0.9159926772117615
1732437715087767217,0.9159926772117615
1732437715098057831,0.9159926772117615
1732437715098057831,0.9159926772117615
1732437715108614378,0.9159926772117615
1732437715108614378,0.9159926772117615
1732437715119188159,0.9159926772117615
1732437715119188159,0.9159926772117615
1732437715129441423,0.9159926772117615
1732437715129441423,0.9159926772117615
1732437715140044549,0.9159926772117615
1732437715140044549,0.9159926772117615
1732437715150730037,0.9159926772117615
1732437715150730037,0.9159926772117615
1732437715161256248,0.9159926772117615
1732437715161256248,0.9159926772117615
1732437715171833386,0.9159926772117615
1732437715171833386,0.9159926772117615
1732437715182289496,0.9159926772117615
1732437715182289496,0.9159926772117615
1732437715192746881,0.9159926772117615
1732437715192746881,0.9159926772117615
1732437715203437728,0.9159926772117615
1732437715203437728,0.9159926772117615
1732437715213761514,0.9159926772117615
1732437715213761514,0.9159926772117615
1732437715224412895,0.9159926772117615
1732437715224412895,0.9159926772117615
1732437715234947797,0.9159926772117615
1732437715234947797,0.9159926772117615
1732437715245147782,0.9159926772117615
1732437715245147782,0.9159926772117615
1732437715255414761,0.9159926772117615
1732437715255414761,0.9159926772117615
1732437715265881733,0.9159926772117615
1732437715265881733,0.9159926772117615
1732437715276389339,0.9159926772117615
1732437715276389339,0.9159926772117615
1732437715286755745,0.9159926772117615
1732437715286755745,0.9159926772117615
1732437715296936794,0.9159926772117615
1732437715296936794,0.9159926772117615
1732437715306946985,0.9159926772117615
1732437715306946985,0.9159926772117615
1732437715317164073,0.9159926772117615
1732437715317164073,0.9159926772117615
1732437715327279799,0.9159926772117615
1732437715327279799,0.9159926772117615
1732437715337523927,0.9159926772117615
1732437715337523927,0.9159926772117615
1732437715348348873,0.9159926772117615
1732437715348348873,0.9159926772117615
1732437715358498745,0.9159926772117615
1732437715358498745,0.9159926772117615
1732437715368967761,0.9159926772117615
1732437715368967761,0.9159926772117615
1732437715368967761,0.9159926772117615
1732437715368967761,0.9159926772117615
1732437715389766994,0.9159926772117615
1732437715389766994,0.9159926772117615
1732437715400033141,0.9159926772117615
1732437715400033141,0.9159926772117615
1732437715410637058,0.9159926772117615
1732437715410637058,0.9159926772117615
1732437715420823227,0.9159926772117615
1732437715420823227,0.9159926772117615
1732437715431176738,0.9159926772117615
1732437715431176738,0.9159926772117615
1732437715441644718,0.9159926772117615
1732437715441644718,0.9159926772117615
1732437715452477169,0.9159926772117615
1732437715462736438,0.9159926772117615
1732437715462736438,0.9159926772117615
1732437715462736438,0.9159926772117615
1732437715473031038,0.9159926772117615
1732437715473031038,0.9159926772117615
1732437715483658369,0.9159926772117615
1732437715483658369,0.9159926772117615
1732437715494397346,0.9159926772117615
1732437715494397346,0.9159926772117615
1732437715504993108,0.9159926772117615
1732437715504993108,0.9159926772117615
1732437715515514060,0.9159926772117615
1732437715515514060,0.9159926772117615
1732437715525982093,0.9159926772117615
1732437715525982093,0.9159926772117615
1732437715536516792,0.9159926772117615
1732437715536516792,0.9159926772117615
1732437715546962884,0.9159926772117615
1732437715546962884,0.9159926772117615
1732437715557054908,0.9159926772117615
1732437715557054908,0.9159926772117615
1732437715567183168,0.9159926772117615
1732437715567183168,0.9159926772117615
1732437715577337859,0.9159926772117615
1732437715577337859,0.9159926772117615
1732437715587968335,0.9159926772117615
1732437715587968335,0.9159926772117615
1732437715598647852,0.9159926772117615
1732437715598647852,0.9159926772117615
1732437715609076894,0.9159926772117615
1732437715609076894,0.9159926772117615
1732437715619231713,0.9159926772117615
1732437715619231713,0.9159926772117615
1732437715630256885,0.9159926772117615
1732437715630256885,0.9159926772117615
1732437715640517302,0.9159926772117615
1732437715640517302,0.9159926772117615
1732437715651081945,0.9159926772117615
1732437715651081945,0.9159926772117615
1732437715661306346,0.9159926772117615
1732437715661306346,0.9159926772117615
1732437715671446044,0.9159926772117615
1732437715671446044,0.9159926772117615
1732437715681962402,0.9159926772117615
1732437715681962402,0.9159926772117615
1732437715692437448,0.9159926772117615
1732437715692437448,0.9159926772117615
1732437715703011028,0.9159926772117615
1732437715703011028,0.9159926772117615
1732437715713672147,0.9159926772117615
1732437715713672147,0.9159926772117615
1732437715724142419,0.9159926772117615
1732437715724142419,0.9159926772117615
1732437715734594243,0.9159926772117615
1732437715734594243,0.9159926772117615
1732437715744797433,0.9159926772117615
1732437715744797433,0.9159926772117615
1732437715755172314,0.9159926772117615
1732437715755172314,0.9159926772117615
1732437715767027729,0.9159926772117615
1732437715767027729,0.9159926772117615
1732437715777509445,0.9159926772117615
1732437715777509445,0.9159926772117615
1732437715788028867,0.9159926772117615
1732437715788028867,0.9159926772117615
1732437715798427452,0.9159926772117615
1732437715798427452,0.9159926772117615
1732437715808997121,0.9159926772117615
1732437715808997121,0.9159926772117615
1732437715819247623,0.9159926772117615
1732437715819247623,0.9159926772117615
1732437715829838005,0.9159926772117615
1732437715829838005,0.9159926772117615
1732437715840113990,0.9159926772117615
1732437715840113990,0.9159926772117615
1732437715850196246,0.9159926772117615
1732437715850196246,0.9159926772117615
1732437715860706607,0.9159926772117615
1732437715860706607,0.9159926772117615
1732437715871062153,0.9159926772117615
1732437715871062153,0.9159926772117615
1732437715882150962,0.9159926772117615
1732437715882150962,0.9159926772117615
1732437715892379299,0.9159926772117615
1732437715892379299,0.9159926772117615
1732437715902691199,0.9159926772117615
1732437715902691199,0.9159926772117615
1732437715912967247,0.9159926772117615
1732437715912967247,0.9159926772117615
1732437715924035740,0.9159926772117615
1732437715924035740,0.9159926772117615
1732437715934241174,0.9159926772117615
1732437715934241174,0.9159926772117615
1732437715944713786,0.9159926772117615
1732437715944713786,0.9159926772117615
1732437715955155912,0.9159926772117615
1732437715955155912,0.9159926772117615
1732437715965490697,0.9159926772117615
1732437715965490697,0.9159926772117615
1732437715975811728,0.9159926772117615
1732437715975811728,0.9159926772117615
1732437715986216870,0.9159926772117615
1732437715986216870,0.9159926772117615
1732437715996844164,0.9159926772117615
1732437715996844164,0.9159926772117615
1732437716007160875,0.9159926772117615
1732437716007160875,0.9159926772117615
1732437716019436925,0.9159926772117615
1732437716019436925,0.9159926772117615
1732437716029701951,0.9159926772117615
1732437716029701951,0.9159926772117615
1732437716040371856,0.9159926772117615
1732437716040371856,0.9159926772117615
1732437716053697883,0.9159926772117615
1732437716053697883,0.9159926772117615
1732437716064040893,0.9159926772117615
1732437716064040893,0.9159926772117615
1732437716074333010,0.9159926772117615
1732437716074333010,0.9159926772117615
1732437716084983563,0.9159926772117615
1732437716084983563,0.9159926772117615
1732437716095157880,0.9159926772117615
1732437716095157880,0.9159926772117615
1732437716105409180,0.9159926772117615
1732437716105409180,0.9159926772117615
1732437716115522754,0.9159926772117615
1732437716115522754,0.9159926772117615
1732437716125795625,0.9159926772117615
1732437716125795625,0.9159926772117615
1732437716136035403,0.9159926772117615
1732437716136035403,0.9159926772117615
1732437716146163014,0.9159926772117615
1732437716146163014,0.9159926772117615
1732437716156789062,0.9159926772117615
1732437716156789062,0.9159926772117615
1732437716167056011,0.9159926772117615
1732437716167056011,0.9159926772117615
1732437716177149498,0.9159926772117615
1732437716177149498,0.9159926772117615
1732437716187450040,0.9159926772117615
1732437716187450040,0.9159926772117615
1732437716197663409,0.9159926772117615
1732437716197663409,0.9159926772117615
1732437716207994488,0.9159926772117615
1732437716207994488,0.9159926772117615
1732437716218549674,0.9159926772117615
1732437716218549674,0.9159926772117615
1732437716228724882,0.9159926772117615
1732437716228724882,0.9159926772117615
1732437716239022349,0.9159926772117615
1732437716239022349,0.9159926772117615
1732437716249251286,0.9159926772117615
1732437716249251286,0.9159926772117615
1732437716259455220,0.9159926772117615
1732437716259455220,0.9159926772117615
1732437716270080906,0.9159926772117615
1732437716270080906,0.9159926772117615
1732437716283621810,0.9159926772117615
1732437716283621810,0.9159926772117615
1732437716294256764,0.9159926772117615
1732437716294256764,0.9159926772117615
1732437716304526479,0.9159926772117615
1732437716304526479,0.9159926772117615
1732437716314818575,0.9159926772117615
1732437716314818575,0.9159926772117615
1732437716325268144,0.9159926772117615
1732437716325268144,0.9159926772117615
1732437716335392418,0.9159926772117615
1732437716335392418,0.9159926772117615
1732437716351354018,0.9159926772117615
1732437716351354018,0.9159926772117615
1732437716361554152,0.9159926772117615
1732437716361554152,0.9159926772117615
1732437716374925751,0.9159926772117615
1732437716374925751,0.9159926772117615
1732437716385546707,0.9159926772117615
1732437716385546707,0.9159926772117615
1732437716395917311,0.9159926772117615
1732437716395917311,0.9159926772117615
1732437716406423454,0.9159926772117615
1732437716406423454,0.9159926772117615
1732437716417030027,0.9159926772117615
1732437716417030027,0.9159926772117615
1732437716427255920,0.9159926772117615
1732437716427255920,0.9159926772117615
1732437716437490154,0.9159926772117615
1732437716437490154,0.9159926772117615
1732437716448273385,0.9159926772117615
1732437716448273385,0.9159926772117615
1732437716458557791,0.9159926772117615
1732437716458557791,0.9159926772117615
1732437716468689228,0.9159926772117615
1732437716468689228,0.9159926772117615
1732437716479420361,0.9159926772117615
1732437716479420361,0.9159926772117615
1732437716489914533,0.9159926772117615
1732437716489914533,0.9159926772117615
1732437716500103348,0.9159926772117615
1732437716500103348,0.9159926772117615
1732437716500103348,0.9159926772117615
1732437716500103348,0.9159926772117615
1732437716522611620,0.9159926772117615
1732437716522611620,0.9159926772117615
1732437716533114430,0.9159926772117615
1732437716533114430,0.9159926772117615
1732437716543482877,0.9159926772117615
1732437716553750528,0.9159926772117615
1732437716553750528,0.9159926772117615
1732437716564197704,0.9159926772117615
1732437716564197704,0.9159926772117615
1732437716575163814,0.9159926772117615
1732437716575163814,0.9159926772117615
1732437716586842010,0.9159926772117615
1732437716586842010,0.9159926772117615
1732437716597008733,0.9159926772117615
1732437716597008733,0.9159926772117615
1732437716607119201,0.9159926772117615
1732437716607119201,0.9159926772117615
1732437716617590912,0.9159926772117615
1732437716617590912,0.9159926772117615
1732437716628136149,0.9159926772117615
1732437716628136149,0.9159926772117615
1732437716638276804,0.9159926772117615
1732437716638276804,0.9159926772117615
1732437716648458655,0.4264189898967743
1732437716648458655,0.4264189898967743
1732437716658584411,0.4264189898967743
1732437716658584411,0.4264189898967743
1732437716669205009,0.4264189898967743
1732437716669205009,0.4264189898967743
1732437716679439699,0.4264189898967743
1732437716679439699,0.4264189898967743
1732437716689901831,0.4264189898967743
1732437716689901831,0.4264189898967743
1732437716700118223,0.4264189898967743
1732437716700118223,0.4264189898967743
1732437716710495811,0.4264189898967743
1732437716710495811,0.4264189898967743
1732437716720887113,0.4264189898967743
1732437716720887113,0.4264189898967743
1732437716731262704,0.4264189898967743
1732437716731262704,0.4264189898967743
1732437716741422794,0.4264189898967743
1732437716741422794,0.4264189898967743
1732437716751871322,0.4264189898967743
1732437716751871322,0.4264189898967743
1732437716762864933,0.4264189898967743
1732437716762864933,0.4264189898967743
1732437716773526167,0.4264189898967743
1732437716773526167,0.4264189898967743
1732437716784159699,0.4264189898967743
1732437716784159699,0.4264189898967743
1732437716794399677,0.4264189898967743
1732437716794399677,0.4264189898967743
1732437716804872430,0.4264189898967743
1732437716804872430,0.4264189898967743
1732437716804872430,0.4264189898967743
1732437716804872430,0.4264189898967743
1732437716826179618,0.4264189898967743
1732437716826179618,0.4264189898967743
1732437716836511529,0.4264189898967743
1732437716836511529,0.4264189898967743
1732437716847126766,0.4264189898967743
1732437716847126766,0.4264189898967743
1732437716868345310,0.4264189898967743
1732437716868345310,0.4264189898967743
1732437716868345310,0.4264189898967743
1732437716868345310,0.4264189898967743
1732437716878769872,0.4264189898967743
1732437716878769872,0.4264189898967743
1732437716889388606,0.4264189898967743
1732437716889388606,0.4264189898967743
1732437716899849335,0.4264189898967743
1732437716899849335,0.4264189898967743
1732437716910433385,0.4264189898967743
1732437716910433385,0.4264189898967743
1732437716920595821,0.4264189898967743
1732437716920595821,0.4264189898967743
1732437716931389058,0.4264189898967743
1732437716931389058,0.4264189898967743
1732437716942018513,0.4264189898967743
1732437716942018513,0.4264189898967743
1732437716952276717,0.4264189898967743
1732437716952276717,0.4264189898967743
1732437716962347951,0.4264189898967743
1732437716962347951,0.4264189898967743
1732437716972491662,0.4264189898967743
1732437716972491662,0.4264189898967743
1732437716982899854,0.4264189898967743
1732437716982899854,0.4264189898967743
1732437716993521594,0.4264189898967743
1732437716993521594,0.4264189898967743
1732437717003585987,0.4264189898967743
1732437717003585987,0.4264189898967743
1732437717013927514,0.4264189898967743
1732437717013927514,0.4264189898967743
1732437717024271016,0.4264189898967743
1732437717024271016,0.4264189898967743
1732437717034791999,0.4264189898967743
1732437717034791999,0.4264189898967743
1732437717045007963,0.4264189898967743
1732437717045007963,0.4264189898967743
1732437717055295601,0.4264189898967743
1732437717055295601,0.4264189898967743
1732437717065482751,0.4264189898967743
1732437717065482751,0.4264189898967743
1732437717075779768,0.4264189898967743
1732437717075779768,0.4264189898967743
1732437717086201646,0.4264189898967743
1732437717086201646,0.4264189898967743
1732437717097081705,0.4264189898967743
1732437717097081705,0.4264189898967743
1732437717107463027,0.4264189898967743
1732437717107463027,0.4264189898967743
1732437717122905389,0.4264189898967743
1732437717122905389,0.4264189898967743
1732437717134724495,0.4264189898967743
1732437717134724495,0.4264189898967743
1732437717145041731,0.4264189898967743
1732437717145041731,0.4264189898967743
1732437717155475541,0.4264189898967743
1732437717155475541,0.4264189898967743
1732437717166318894,0.4264189898967743
1732437717166318894,0.4264189898967743
1732437717176961733,0.4264189898967743
1732437717176961733,0.4264189898967743
1732437717188137894,0.4264189898967743
1732437717188137894,0.4264189898967743
1732437717198579859,0.4264189898967743
1732437717198579859,0.4264189898967743
1732437717208840688,0.4264189898967743
1732437717208840688,0.4264189898967743
1732437717219061932,0.4264189898967743
1732437717219061932,0.4264189898967743
1732437717229541698,0.4264189898967743
1732437717229541698,0.4264189898967743
1732437717240004993,0.4264189898967743
1732437717240004993,0.4264189898967743
1732437717250333957,0.4264189898967743
1732437717250333957,0.4264189898967743
1732437717260896197,0.4264189898967743
1732437717260896197,0.4264189898967743
1732437717271211637,0.4264189898967743
1732437717271211637,0.4264189898967743
1732437717281340358,0.4264189898967743
1732437717281340358,0.4264189898967743
1732437717292156550,0.4264189898967743
1732437717292156550,0.4264189898967743
1732437717302974115,0.4264189898967743
1732437717302974115,0.4264189898967743
1732437717313377337,0.4264189898967743
1732437717313377337,0.4264189898967743
1732437717323688189,0.4264189898967743
1732437717323688189,0.4264189898967743
1732437717334205836,0.4264189898967743
1732437717334205836,0.4264189898967743
1732437717344483965,0.4264189898967743
1732437717344483965,0.4264189898967743
1732437717354886407,0.4264189898967743
1732437717354886407,0.4264189898967743
1732437717365022453,0.4264189898967743
1732437717365022453,0.4264189898967743
1732437717375231935,0.4264189898967743
1732437717375231935,0.4264189898967743
1732437717385490589,0.4264189898967743
1732437717385490589,0.4264189898967743
1732437717395653546,0.4264189898967743
1732437717395653546,0.4264189898967743
1732437717407945784,0.4264189898967743
1732437717407945784,0.4264189898967743
1732437717418061112,0.4264189898967743
1732437717418061112,0.4264189898967743
1732437717428572406,0.4264189898967743
1732437717428572406,0.4264189898967743
1732437717438671843,0.4264189898967743
1732437717438671843,0.4264189898967743
1732437717448825262,0.4264189898967743
1732437717448825262,0.4264189898967743
1732437717459321869,0.4264189898967743
1732437717459321869,0.4264189898967743
1732437717469568950,0.4264189898967743
1732437717469568950,0.4264189898967743
1732437717481250119,0.4264189898967743
1732437717481250119,0.4264189898967743
1732437717491413740,0.4264189898967743
1732437717491413740,0.4264189898967743
1732437717501850675,0.4264189898967743
1732437717501850675,0.4264189898967743
1732437717512159734,0.4264189898967743
1732437717512159734,0.4264189898967743
1732437717522419150,0.4264189898967743
1732437717522419150,0.4264189898967743
1732437717532543292,0.4264189898967743
1732437717532543292,0.4264189898967743
1732437717542925206,0.4264189898967743
1732437717542925206,0.4264189898967743
1732437717553416520,0.4264189898967743
1732437717553416520,0.4264189898967743
1732437717563834584,0.4264189898967743
1732437717563834584,0.4264189898967743
1732437717574054717,0.4264189898967743
1732437717574054717,0.4264189898967743
1732437717584587031,0.4264189898967743
1732437717584587031,0.4264189898967743
1732437717594725871,0.4264189898967743
1732437717594725871,0.4264189898967743
1732437717604842100,0.4264189898967743
1732437717604842100,0.4264189898967743
1732437717615217652,0.4264189898967743
1732437717615217652,0.4264189898967743
1732437717625926984,0.4264189898967743
1732437717625926984,0.4264189898967743
1732437717636261400,0.4264189898967743
1732437717636261400,0.4264189898967743
1732437717648816037,0.4264189898967743
1732437717648816037,0.4264189898967743
1732437717659272038,0.4264189898967743
1732437717659272038,0.4264189898967743
1732437717669899489,0.4264189898967743
1732437717669899489,0.4264189898967743
1732437717680640031,0.4264189898967743
1732437717680640031,0.4264189898967743
1732437717690813615,0.4264189898967743
1732437717690813615,0.4264189898967743
1732437717701298482,0.4264189898967743
1732437717701298482,0.4264189898967743
1732437717711391647,0.4264189898967743
1732437717711391647,0.4264189898967743
1732437717721799228,0.4264189898967743
1732437717721799228,0.4264189898967743
1732437717732233376,0.4264189898967743
1732437717732233376,0.4264189898967743
1732437717742238168,0.4264189898967743
1732437717742238168,0.4264189898967743
1732437717752443114,0.4264189898967743
1732437717752443114,0.4264189898967743
1732437717762529758,0.4264189898967743
1732437717762529758,0.4264189898967743
1732437717772811947,0.4264189898967743
1732437717772811947,0.4264189898967743
1732437717783433786,0.4264189898967743
1732437717783433786,0.4264189898967743
1732437717793722613,0.4264189898967743
1732437717793722613,0.4264189898967743
1732437717803887717,0.4264189898967743
1732437717803887717,0.4264189898967743
1732437717814192723,0.4264189898967743
1732437717814192723,0.4264189898967743
1732437717824389866,0.4264189898967743
1732437717824389866,0.4264189898967743
1732437717834971990,0.4264189898967743
1732437717834971990,0.4264189898967743
1732437717845602825,0.4264189898967743
1732437717845602825,0.4264189898967743
1732437717855773931,0.4264189898967743
1732437717855773931,0.4264189898967743
1732437717866064163,0.4264189898967743
1732437717866064163,0.4264189898967743
1732437717877011118,0.4264189898967743
1732437717877011118,0.4264189898967743
1732437717887027842,0.4264189898967743
1732437717887027842,0.4264189898967743
1732437717897320747,0.4264189898967743
1732437717897320747,0.4264189898967743
1732437717907331181,0.4264189898967743
1732437717907331181,0.4264189898967743
1732437717917600793,0.4264189898967743
1732437717917600793,0.4264189898967743
1732437717928426617,0.4264189898967743
1732437717928426617,0.4264189898967743
1732437717938962476,0.4264189898967743
1732437717938962476,0.4264189898967743
1732437717949256155,0.4264189898967743
1732437717949256155,0.4264189898967743
1732437717959726785,0.4264189898967743
1732437717959726785,0.4264189898967743
1732437717969918453,0.4264189898967743
1732437717969918453,0.4264189898967743
1732437717980269840,0.4264189898967743
1732437717980269840,0.4264189898967743
1732437717990369238,0.4264189898967743
1732437717990369238,0.4264189898967743
1732437718000660371,0.4264189898967743
1732437718000660371,0.4264189898967743
1732437718011078162,0.4264189898967743
1732437718011078162,0.4264189898967743
1732437718021533203,0.4264189898967743
1732437718021533203,0.4264189898967743
1732437718031928610,0.4264189898967743
1732437718031928610,0.4264189898967743
1732437718042347273,0.4264189898967743
1732437718042347273,0.4264189898967743
1732437718052910143,0.4264189898967743
1732437718052910143,0.4264189898967743
1732437718063428409,0.4264189898967743
1732437718063428409,0.4264189898967743
1732437718073698585,0.4264189898967743
1732437718073698585,0.4264189898967743
1732437718084146021,0.4264189898967743
1732437718084146021,0.4264189898967743
1732437718094340464,0.4264189898967743
1732437718094340464,0.4264189898967743
1732437718104609996,0.4264189898967743
1732437718104609996,0.4264189898967743
1732437718115229997,0.4264189898967743
1732437718115229997,0.4264189898967743
1732437718115229997,0.4264189898967743
1732437718125383054,0.4264189898967743
1732437718139608421,0.4264189898967743
1732437718139608421,0.4264189898967743
1732437718150234930,0.4264189898967743
1732437718150234930,0.4264189898967743
1732437718160619094,0.4264189898967743
1732437718160619094,0.4264189898967743
1732437718170970991,0.4264189898967743
1732437718170970991,0.4264189898967743
1732437718181197229,0.4264189898967743
1732437718181197229,0.4264189898967743
1732437718191489055,0.4264189898967743
1732437718191489055,0.4264189898967743
1732437718202704039,0.4264189898967743
1732437718202704039,0.4264189898967743
1732437718213100800,0.4264189898967743
1732437718213100800,0.4264189898967743
1732437718223741977,0.4264189898967743
1732437718223741977,0.4264189898967743
1732437718233841234,0.4264189898967743
1732437718233841234,0.4264189898967743
1732437718244431842,0.4264189898967743
1732437718244431842,0.4264189898967743
1732437718254550599,0.4264189898967743
1732437718254550599,0.4264189898967743
1732437718264982267,0.4264189898967743
1732437718264982267,0.4264189898967743
1732437718275612942,0.4264189898967743
1732437718275612942,0.4264189898967743
1732437718286317346,0.4264189898967743
1732437718286317346,0.4264189898967743
1732437718297165909,0.4264189898967743
1732437718297165909,0.4264189898967743
1732437718307766217,0.4264189898967743
1732437718307766217,0.4264189898967743
1732437718317864831,0.4264189898967743
1732437718317864831,0.4264189898967743
1732437718329056927,0.4264189898967743
1732437718329056927,0.4264189898967743
1732437718339611211,0.4264189898967743
1732437718339611211,0.4264189898967743
1732437718353357025,0.4264189898967743
1732437718353357025,0.4264189898967743
1732437718363618084,0.4264189898967743
1732437718363618084,0.4264189898967743
1732437718373835612,0.4264189898967743
1732437718373835612,0.4264189898967743
1732437718384201805,0.4264189898967743
1732437718384201805,0.4264189898967743
1732437718394626666,0.4264189898967743
1732437718394626666,0.4264189898967743
1732437718404871839,0.4264189898967743
1732437718404871839,0.4264189898967743
1732437718415031148,0.4264189898967743
1732437718415031148,0.4264189898967743
1732437718425442646,0.4264189898967743
1732437718425442646,0.4264189898967743
1732437718436132062,0.4264189898967743
1732437718436132062,0.4264189898967743
1732437718446272015,0.4264189898967743
1732437718446272015,0.4264189898967743
1732437718456447804,0.4264189898967743
1732437718456447804,0.4264189898967743
1732437718466885763,0.4264189898967743
1732437718466885763,0.4264189898967743
1732437718477172740,0.4264189898967743
1732437718477172740,0.4264189898967743
1732437718487586673,0.4264189898967743
1732437718487586673,0.4264189898967743
1732437718497953197,0.4264189898967743
1732437718497953197,0.4264189898967743
1732437718508758620,0.4264189898967743
1732437718508758620,0.4264189898967743
1732437718518926836,0.4264189898967743
1732437718518926836,0.4264189898967743
1732437718529216924,0.4264189898967743
1732437718529216924,0.4264189898967743
1732437718539803679,0.4264189898967743
1732437718539803679,0.4264189898967743
1732437718550210213,0.4264189898967743
1732437718550210213,0.4264189898967743
1732437718560569494,0.4264189898967743
1732437718560569494,0.4264189898967743
1732437718570785648,0.4264189898967743
1732437718570785648,0.4264189898967743
1732437718581205012,0.4264189898967743
1732437718581205012,0.4264189898967743
1732437718591553721,0.4264189898967743
1732437718591553721,0.4264189898967743
1732437718601819020,0.4264189898967743
1732437718601819020,0.4264189898967743
1732437718615704655,0.4264189898967743
1732437718615704655,0.4264189898967743
1732437718625888110,0.4264189898967743
1732437718625888110,0.4264189898967743
1732437718636521400,0.4264189898967743
1732437718636521400,0.4264189898967743
1732437718646790625,0.4264189898967743
1732437718646790625,0.4264189898967743
1732437718657034402,0.4264189898967743
1732437718657034402,0.4264189898967743
1732437718667165158,0.4264189898967743
1732437718667165158,0.4264189898967743
1732437718677205225,0.4264189898967743
1732437718677205225,0.4264189898967743
1732437718687503332,0.4264189898967743
1732437718687503332,0.4264189898967743
1732437718697757218,0.4264189898967743
1732437718697757218,0.4264189898967743
1732437718707855994,0.4264189898967743
1732437718707855994,0.4264189898967743
1732437718717952116,0.4264189898967743
1732437718717952116,0.4264189898967743
1732437718728081369,0.4264189898967743
1732437718728081369,0.4264189898967743
1732437718738687080,0.4264189898967743
1732437718738687080,0.4264189898967743
1732437718752096925,0.4264189898967743
1732437718752096925,0.4264189898967743
1732437718762606620,0.4264189898967743
1732437718762606620,0.4264189898967743
1732437718772884029,0.4264189898967743
1732437718772884029,0.4264189898967743
1732437718783195471,0.4264189898967743
1732437718783195471,0.4264189898967743
1732437718793706014,0.4264189898967743
1732437718793706014,0.4264189898967743
1732437718804023198,0.4264189898967743
1732437718804023198,0.4264189898967743
1732437718814244381,0.4264189898967743
1732437718814244381,0.4264189898967743
1732437718824547769,0.4264189898967743
1732437718824547769,0.4264189898967743
1732437718835016414,0.4264189898967743
1732437718835016414,0.4264189898967743
1732437718845275199,0.4264189898967743
1732437718845275199,0.4264189898967743
1732437718856051425,0.4264189898967743
1732437718856051425,0.4264189898967743
1732437718866820660,0.4264189898967743
1732437718866820660,0.4264189898967743
1732437718877179722,0.4264189898967743
1732437718877179722,0.4264189898967743
1732437718887481815,0.4264189898967743
1732437718887481815,0.4264189898967743
1732437718897690567,0.4264189898967743
1732437718897690567,0.4264189898967743
1732437718908029412,0.4264189898967743
1732437718908029412,0.4264189898967743
1732437718918522833,0.4264189898967743
1732437718918522833,0.4264189898967743
1732437718928633921,0.4264189898967743
1732437718928633921,0.4264189898967743
1732437718938677796,0.4264189898967743
1732437718938677796,0.4264189898967743
1732437718949002373,0.4264189898967743
1732437718949002373,0.4264189898967743
1732437718959423298,0.4264189898967743
1732437718959423298,0.4264189898967743
1732437718969980088,0.4264189898967743
1732437718969980088,0.4264189898967743
1732437718980415939,0.4264189898967743
1732437718980415939,0.4264189898967743
1732437718990740169,0.4264189898967743
1732437718990740169,0.4264189898967743
1732437719001788862,0.4264189898967743
1732437719001788862,0.4264189898967743
1732437719012022120,0.4264189898967743
1732437719012022120,0.4264189898967743
1732437719022469435,0.4264189898967743
1732437719022469435,0.4264189898967743
1732437719032932749,0.4264189898967743
1732437719032932749,0.4264189898967743
1732437719043517150,0.4264189898967743
1732437719043517150,0.4264189898967743
1732437719053924391,0.4264189898967743
1732437719053924391,0.4264189898967743
1732437719064347972,0.4264189898967743
1732437719064347972,0.4264189898967743
1732437719074489017,0.4264189898967743
1732437719074489017,0.4264189898967743
1732437719084942995,0.4264189898967743
1732437719084942995,0.4264189898967743
1732437719095581707,0.4264189898967743
1732437719095581707,0.4264189898967743
1732437719105738610,0.4264189898967743
1732437719105738610,0.4264189898967743
1732437719116051216,0.4264189898967743
1732437719116051216,0.4264189898967743
1732437719127214584,0.4264189898967743
1732437719127214584,0.4264189898967743
1732437719137690503,0.4264189898967743
1732437719137690503,0.4264189898967743
1732437719147860843,0.4264189898967743
1732437719147860843,0.4264189898967743
1732437719158233719,0.4264189898967743
1732437719158233719,0.4264189898967743
1732437719170067696,0.4264189898967743
1732437719170067696,0.4264189898967743
1732437719180685869,0.4264189898967743
1732437719180685869,0.4264189898967743
1732437719191201292,0.4264189898967743
1732437719191201292,0.4264189898967743
1732437719201769250,0.4264189898967743
1732437719201769250,0.4264189898967743
1732437719212257443,0.4264189898967743
1732437719212257443,0.4264189898967743
1732437719222357673,0.4264189898967743
1732437719222357673,0.4264189898967743
1732437719232945459,0.4264189898967743
1732437719232945459,0.4264189898967743
1732437719243166472,0.4264189898967743
1732437719243166472,0.4264189898967743
1732437719255659236,0.4264189898967743
1732437719255659236,0.4264189898967743
1732437719265984855,0.4264189898967743
1732437719265984855,0.4264189898967743
1732437719276162267,0.4264189898967743
1732437719276162267,0.4264189898967743
1732437719288784159,0.4264189898967743
1732437719288784159,0.4264189898967743
1732437719299469148,0.4264189898967743
1732437719299469148,0.4264189898967743
1732437719310207385,0.4264189898967743
1732437719310207385,0.4264189898967743
1732437719321691225,0.4264189898967743
1732437719321691225,0.4264189898967743
1732437719332125881,0.4264189898967743
1732437719332125881,0.4264189898967743
1732437719342489541,0.4264189898967743
1732437719342489541,0.4264189898967743
1732437719352749087,0.4264189898967743
1732437719352749087,0.4264189898967743
1732437719363076169,0.4264189898967743
1732437719363076169,0.4264189898967743
1732437719373478279,0.4264189898967743
1732437719373478279,0.4264189898967743
1732437719383922539,0.4264189898967743
1732437719383922539,0.4264189898967743
1732437719394490870,0.4264189898967743
1732437719394490870,0.4264189898967743
1732437719405132237,0.4264189898967743
1732437719405132237,0.4264189898967743
1732437719415405537,0.4264189898967743
1732437719415405537,0.4264189898967743
1732437719425983536,0.4264189898967743
1732437719425983536,0.4264189898967743
1732437719436124842,0.4264189898967743
1732437719436124842,0.4264189898967743
1732437719446422209,0.4264189898967743
1732437719446422209,0.4264189898967743
1732437719457036924,0.4264189898967743
1732437719457036924,0.4264189898967743
1732437719467359538,0.4264189898967743
1732437719467359538,0.4264189898967743
1732437719477770527,0.4264189898967743
1732437719477770527,0.4264189898967743
1732437719488038428,0.4264189898967743
1732437719488038428,0.4264189898967743
1732437719498580479,0.4264189898967743
1732437719498580479,0.4264189898967743
1732437719509043163,0.4264189898967743
1732437719509043163,0.4264189898967743
1732437719520473568,0.4264189898967743
1732437719520473568,0.4264189898967743
1732437719530909743,0.4264189898967743
1732437719530909743,0.4264189898967743
1732437719541870002,0.4264189898967743
1732437719541870002,0.4264189898967743
1732437719552147432,0.4264189898967743
1732437719552147432,0.4264189898967743
1732437719562611649,0.4264189898967743
1732437719562611649,0.4264189898967743
1732437719573141845,0.4264189898967743
1732437719573141845,0.4264189898967743
1732437719583496490,0.4264189898967743
1732437719583496490,0.4264189898967743
1732437719593824975,0.4264189898967743
1732437719593824975,0.4264189898967743
1732437719604039467,0.4264189898967743
1732437719604039467,0.4264189898967743
1732437719614535724,0.4264189898967743
1732437719614535724,0.4264189898967743
1732437719625224998,0.4264189898967743
1732437719625224998,0.4264189898967743
1732437719635485947,0.4264189898967743
1732437719635485947,0.4264189898967743
1732437719645757045,0.4264189898967743
1732437719645757045,0.4264189898967743
1732437719656192819,0.4264189898967743
1732437719656192819,0.4264189898967743
1732437719666912210,0.4264189898967743
1732437719666912210,0.4264189898967743
1732437719677376908,0.4264189898967743
1732437719677376908,0.4264189898967743
1732437719687516541,0.4264189898967743
1732437719687516541,0.4264189898967743
1732437719697976450,0.4264189898967743
1732437719697976450,0.4264189898967743
1732437719708198797,0.4264189898967743
1732437719708198797,0.4264189898967743
1732437719718474121,0.4264189898967743
1732437719718474121,0.4264189898967743
1732437719728738737,0.4264189898967743
1732437719728738737,0.4264189898967743
1732437719739069616,0.4264189898967743
1732437719739069616,0.4264189898967743
1732437719749397640,0.4264189898967743
1732437719749397640,0.4264189898967743
1732437719759680478,0.4264189898967743
1732437719759680478,0.4264189898967743
1732437719769841110,0.4264189898967743
1732437719769841110,0.4264189898967743
1732437719780254102,0.4264189898967743
1732437719780254102,0.4264189898967743
1732437719790480937,0.4264189898967743
1732437719790480937,0.4264189898967743
1732437719802111884,0.4264189898967743
1732437719802111884,0.4264189898967743
1732437719812868696,0.4264189898967743
1732437719812868696,0.4264189898967743
1732437719823348042,0.4264189898967743
1732437719823348042,0.4264189898967743
1732437719833537507,0.4264189898967743
1732437719833537507,0.4264189898967743
1732437719843970414,0.4264189898967743
1732437719843970414,0.4264189898967743
1732437719854261309,0.4264189898967743
1732437719854261309,0.4264189898967743
1732437719864454953,0.4264189898967743
1732437719864454953,0.4264189898967743
1732437719874846735,0.4264189898967743
1732437719874846735,0.4264189898967743
1732437719885124503,0.4264189898967743
1732437719885124503,0.4264189898967743
1732437719895507720,0.4264189898967743
1732437719895507720,0.4264189898967743
1732437719905935048,0.4264189898967743
1732437719905935048,0.4264189898967743
1732437719916280976,0.4264189898967743
1732437719916280976,0.4264189898967743
1732437719926987723,0.4264189898967743
1732437719926987723,0.4264189898967743
1732437719937118810,0.4264189898967743
1732437719937118810,0.4264189898967743
1732437719947489159,0.4264189898967743
1732437719947489159,0.4264189898967743
1732437719957604300,0.4264189898967743
1732437719957604300,0.4264189898967743
1732437719967990501,0.4264189898967743
1732437719967990501,0.4264189898967743
1732437719978471829,0.4264189898967743
1732437719978471829,0.4264189898967743
1732437719989184018,0.4264189898967743
1732437719989184018,0.4264189898967743
1732437719999572935,0.4264189898967743
1732437719999572935,0.4264189898967743
1732437720010153397,0.4264189898967743
1732437720010153397,0.4264189898967743
1732437720020645947,0.4264189898967743
1732437720020645947,0.4264189898967743
1732437720030985813,0.4264189898967743
1732437720030985813,0.4264189898967743
1732437720041458516,0.4264189898967743
1732437720041458516,0.4264189898967743
1732437720051802920,0.4264189898967743
1732437720051802920,0.4264189898967743
1732437720062065982,0.4264189898967743
1732437720062065982,0.4264189898967743
1732437720072405346,0.4264189898967743
1732437720072405346,0.4264189898967743
1732437720082484687,0.4264189898967743
1732437720082484687,0.4264189898967743
1732437720092756737,0.4264189898967743
1732437720092756737,0.4264189898967743
1732437720103411006,0.4264189898967743
1732437720103411006,0.4264189898967743
1732437720113855847,0.4264189898967743
1732437720113855847,0.4264189898967743
1732437720124389584,0.4264189898967743
1732437720124389584,0.4264189898967743
1732437720134558001,0.4264189898967743
1732437720134558001,0.4264189898967743
1732437720145025905,0.4264189898967743
1732437720145025905,0.4264189898967743
1732437720156466738,0.4264189898967743
1732437720156466738,0.4264189898967743
1732437720168303370,0.4264189898967743
1732437720168303370,0.4264189898967743
1732437720178523673,0.4264189898967743
1732437720178523673,0.4264189898967743
1732437720188904535,0.4264189898967743
1732437720188904535,0.4264189898967743
1732437720199244932,0.4264189898967743
1732437720199244932,0.4264189898967743
1732437720210042097,0.4264189898967743
1732437720210042097,0.4264189898967743
1732437720220558832,0.4264189898967743
1732437720220558832,0.4264189898967743
1732437720231716640,0.4264189898967743
1732437720231716640,0.4264189898967743
1732437720243133210,0.4264189898967743
1732437720243133210,0.4264189898967743
1732437720253415910,0.4264189898967743
1732437720253415910,0.4264189898967743
1732437720263782143,0.4264189898967743
1732437720263782143,0.4264189898967743
1732437720280839672,0.4264189898967743
1732437720280839672,0.4264189898967743
1732437720291249017,0.4264189898967743
1732437720291249017,0.4264189898967743
1732437720303901277,0.4264189898967743
1732437720303901277,0.4264189898967743
1732437720314205746,0.4264189898967743
1732437720314205746,0.4264189898967743
1732437720324759059,0.4264189898967743
1732437720324759059,0.4264189898967743
1732437720335423028,0.4264189898967743
1732437720335423028,0.4264189898967743
1732437720345732297,0.4264189898967743
1732437720345732297,0.4264189898967743
1732437720356149346,0.4264189898967743
1732437720356149346,0.4264189898967743
1732437720366446671,0.4264189898967743
1732437720366446671,0.4264189898967743
1732437720376707369,0.4264189898967743
1732437720376707369,0.4264189898967743
1732437720387191764,0.4264189898967743
1732437720387191764,0.4264189898967743
1732437720397622940,0.4264189898967743
1732437720397622940,0.4264189898967743
1732437720408101113,0.4264189898967743
1732437720408101113,0.4264189898967743
1732437720422406037,0.4264189898967743
1732437720422406037,0.4264189898967743
1732437720433004134,0.4264189898967743
1732437720433004134,0.4264189898967743
1732437720443191115,0.4264189898967743
1732437720443191115,0.4264189898967743
1732437720453745841,0.4264189898967743
1732437720453745841,0.4264189898967743
1732437720464100133,0.4264189898967743
1732437720464100133,0.4264189898967743
1732437720474334481,0.4264189898967743
1732437720474334481,0.4264189898967743
1732437720484647466,0.4264189898967743
1732437720484647466,0.4264189898967743
1732437720495017678,0.4264189898967743
1732437720495017678,0.4264189898967743
1732437720505114753,0.4264189898967743
1732437720505114753,0.4264189898967743
1732437720515545598,0.4264189898967743
1732437720515545598,0.4264189898967743
1732437720526309421,0.4264189898967743
1732437720526309421,0.4264189898967743
1732437720536563718,0.4264189898967743
1732437720536563718,0.4264189898967743
1732437720547834052,0.4264189898967743
1732437720547834052,0.4264189898967743
1732437720558201212,0.4264189898967743
1732437720558201212,0.4264189898967743
1732437720568522613,0.4264189898967743
1732437720568522613,0.4264189898967743
1732437720579188274,0.4264189898967743
1732437720579188274,0.4264189898967743
1732437720590689031,0.4264189898967743
1732437720590689031,0.4264189898967743
1732437720601220944,0.4264189898967743
1732437720601220944,0.4264189898967743
1732437720611467936,0.4264189898967743
1732437720611467936,0.4264189898967743
1732437720621751197,0.4264189898967743
1732437720621751197,0.4264189898967743
1732437720632333814,0.4264189898967743
1732437720632333814,0.4264189898967743
1732437720642922492,0.4264189898967743
1732437720642922492,0.4264189898967743
1732437720653170146,0.4264189898967743
1732437720653170146,0.4264189898967743
1732437720664068742,0.4264189898967743
1732437720664068742,0.4264189898967743
1732437720674401073,0.4264189898967743
1732437720674401073,0.4264189898967743
1732437720684973001,0.4264189898967743
1732437720684973001,0.4264189898967743
1732437720695594519,0.4264189898967743
1732437720695594519,0.4264189898967743
1732437720708847728,0.4264189898967743
1732437720708847728,0.4264189898967743
1732437720719353022,0.4264189898967743
1732437720719353022,0.4264189898967743
1732437720729820054,0.4264189898967743
1732437720729820054,0.4264189898967743
1732437720740185156,0.4264189898967743
1732437720740185156,0.4264189898967743
1732437720750746002,0.4264189898967743
1732437720750746002,0.4264189898967743
1732437720761037418,0.4264189898967743
1732437720761037418,0.4264189898967743
1732437720771784502,0.4264189898967743
1732437720771784502,0.4264189898967743
1732437720782136901,0.4264189898967743
1732437720782136901,0.4264189898967743
1732437720792310105,0.4264189898967743
1732437720792310105,0.4264189898967743
1732437720802579489,0.4264189898967743
1732437720802579489,0.4264189898967743
1732437720812765088,0.4264189898967743
1732437720812765088,0.4264189898967743
1732437720823247048,0.4264189898967743
1732437720823247048,0.4264189898967743
1732437720833727335,0.4264189898967743
1732437720833727335,0.4264189898967743
1732437720844112094,0.4264189898967743
1732437720844112094,0.4264189898967743
1732437720854438965,0.4264189898967743
1732437720854438965,0.4264189898967743
1732437720864782888,0.4264189898967743
1732437720864782888,0.4264189898967743
1732437720875235654,0.4264189898967743
1732437720875235654,0.4264189898967743
1732437720885605826,0.4264189898967743
1732437720885605826,0.4264189898967743
1732437720896219020,0.4264189898967743
1732437720896219020,0.4264189898967743
1732437720906270388,0.4264189898967743
1732437720906270388,0.4264189898967743
1732437720919563791,0.4264189898967743
1732437720919563791,0.4264189898967743
1732437720930205489,0.4264189898967743
1732437720930205489,0.4264189898967743
1732437720940408871,0.4264189898967743
1732437720940408871,0.4264189898967743
1732437720950567958,0.4264189898967743
1732437720950567958,0.4264189898967743
1732437720960794172,0.4264189898967743
1732437720960794172,0.4264189898967743
1732437720971260343,0.4264189898967743
1732437720971260343,0.4264189898967743
1732437720981483522,0.4264189898967743
1732437720981483522,0.4264189898967743
1732437720991765489,0.4264189898967743
1732437720991765489,0.4264189898967743
1732437721002206835,0.4264189898967743
1732437721002206835,0.4264189898967743
1732437721012552720,0.4264189898967743
1732437721012552720,0.4264189898967743
1732437721022900310,0.4264189898967743
1732437721022900310,0.4264189898967743
1732437721033288476,0.4264189898967743
1732437721033288476,0.4264189898967743
1732437721043568720,0.4264189898967743
1732437721043568720,0.4264189898967743
1732437721053776510,0.4264189898967743
1732437721053776510,0.4264189898967743
1732437721064235877,0.4264189898967743
1732437721064235877,0.4264189898967743
1732437721074598765,0.4264189898967743
1732437721074598765,0.4264189898967743
1732437721084910645,0.4264189898967743
1732437721084910645,0.4264189898967743
1732437721095173832,0.4264189898967743
1732437721095173832,0.4264189898967743
1732437721105675199,0.4264189898967743
1732437721105675199,0.4264189898967743
1732437721119042860,0.4264189898967743
1732437721119042860,0.4264189898967743
1732437721129565023,0.4264189898967743
1732437721129565023,0.4264189898967743
1732437721140679160,0.4264189898967743
1732437721140679160,0.4264189898967743
1732437721152071886,0.4264189898967743
1732437721152071886,0.4264189898967743
1732437721162264959,0.4264189898967743
1732437721162264959,0.4264189898967743
1732437721173096741,0.4264189898967743
1732437721173096741,0.4264189898967743
1732437721184006276,0.4264189898967743
1732437721184006276,0.4264189898967743
1732437721194273455,0.4264189898967743
1732437721194273455,0.4264189898967743
1732437721204455035,0.4264189898967743
1732437721204455035,0.4264189898967743
1732437721214803197,0.4264189898967743
1732437721214803197,0.4264189898967743
1732437721225075577,0.4264189898967743
1732437721225075577,0.4264189898967743
1732437721235402439,0.4264189898967743
1732437721235402439,0.4264189898967743
1732437721245954209,0.4264189898967743
1732437721245954209,0.4264189898967743
1732437721256087550,0.4264189898967743
1732437721256087550,0.4264189898967743
1732437721266183601,0.4264189898967743
1732437721266183601,0.4264189898967743
1732437721276531077,0.4264189898967743
1732437721276531077,0.4264189898967743
1732437721287057043,0.4264189898967743
1732437721287057043,0.4264189898967743
1732437721297255836,0.4264189898967743
1732437721297255836,0.4264189898967743
1732437721307268062,0.4264189898967743
1732437721307268062,0.4264189898967743
1732437721317445977,0.4264189898967743
1732437721317445977,0.4264189898967743
1732437721327690454,0.4264189898967743
1732437721327690454,0.4264189898967743
1732437721337832350,0.4264189898967743
1732437721337832350,0.4264189898967743
1732437721347943050,0.4264189898967743
1732437721347943050,0.4264189898967743
1732437721358372682,0.4264189898967743
1732437721358372682,0.4264189898967743
1732437721368947626,0.4264189898967743
1732437721368947626,0.4264189898967743
1732437721379264989,0.4264189898967743
1732437721379264989,0.4264189898967743
1732437721390111037,0.4264189898967743
1732437721390111037,0.4264189898967743
1732437721400510438,0.4264189898967743
1732437721400510438,0.4264189898967743
1732437721410801708,0.4264189898967743
1732437721410801708,0.4264189898967743
1732437721421269862,0.4264189898967743
1732437721421269862,0.4264189898967743
1732437721432022025,0.4264189898967743
1732437721432022025,0.4264189898967743
1732437721443455647,0.4264189898967743
1732437721443455647,0.4264189898967743
1732437721453883306,0.4264189898967743
1732437721453883306,0.4264189898967743
1732437721467700743,0.4264189898967743
1732437721467700743,0.4264189898967743
1732437721477941424,0.4264189898967743
1732437721477941424,0.4264189898967743
1732437721491261557,0.4264189898967743
1732437721491261557,0.4264189898967743
1732437721502481170,0.4264189898967743
1732437721502481170,0.4264189898967743
1732437721513688661,0.4264189898967743
1732437721513688661,0.4264189898967743
1732437721524177921,0.4264189898967743
1732437721524177921,0.4264189898967743
1732437721534706803,0.4264189898967743
1732437721534706803,0.4264189898967743
1732437721545831788,0.4264189898967743
1732437721545831788,0.4264189898967743
1732437721556448149,0.4264189898967743
1732437721556448149,0.4264189898967743
1732437721566925390,0.4264189898967743
1732437721566925390,0.4264189898967743
1732437721578580383,0.4264189898967743
1732437721578580383,0.4264189898967743
1732437721589135330,0.4264189898967743
1732437721589135330,0.4264189898967743
1732437721602555870,0.4264189898967743
1732437721602555870,0.4264189898967743
1732437721613214076,0.4264189898967743
1732437721613214076,0.4264189898967743
1732437721623801363,0.4264189898967743
1732437721623801363,0.4264189898967743
1732437721658951929,0.4264189898967743
1732437721658951929,0.4264189898967743
1732437721658951929,0.4264189898967743
1732437721658951929,0.4264189898967743
1732437721669879489,0.4264189898967743
1732437721669879489,0.4264189898967743
1732437721681770921,0.4264189898967743
1732437721681770921,0.4264189898967743
1732437721692199351,0.4264189898967743
1732437721692199351,0.4264189898967743
1732437721702600521,0.4264189898967743
1732437721702600521,0.4264189898967743
1732437721713809404,0.4264189898967743
1732437721713809404,0.4264189898967743
1732437721724361055,0.4264189898967743
1732437721724361055,0.4264189898967743
1732437721734725355,0.4264189898967743
1732437721734725355,0.4264189898967743
1732437721745534794,0.4264189898967743
1732437721745534794,0.4264189898967743
1732437721756446584,0.4264189898967743
1732437721756446584,0.4264189898967743
1732437721767342755,0.4264189898967743
1732437721767342755,0.4264189898967743
1732437721777899314,0.4264189898967743
1732437721777899314,0.4264189898967743
1732437721788285186,0.4264189898967743
1732437721788285186,0.4264189898967743
1732437721800861905,0.4264189898967743
1732437721800861905,0.4264189898967743
1732437721811432450,0.4264189898967743
1732437721811432450,0.4264189898967743
1732437721821762545,0.4264189898967743
1732437721821762545,0.4264189898967743
1732437721832151512,0.4264189898967743
1732437721832151512,0.4264189898967743
1732437721842367468,0.4264189898967743
1732437721842367468,0.4264189898967743
1732437721853274920,0.4264189898967743
1732437721853274920,0.4264189898967743
1732437721863996035,0.4264189898967743
1732437721863996035,0.4264189898967743
1732437721874377760,0.4264189898967743
1732437721874377760,0.4264189898967743
1732437721884656000,0.4264189898967743
1732437721884656000,0.4264189898967743
1732437721895262921,0.4264189898967743
1732437721895262921,0.4264189898967743
1732437721906867282,0.4264189898967743
1732437721906867282,0.4264189898967743
1732437721917572327,0.4264189898967743
1732437721917572327,0.4264189898967743
1732437721927661295,0.4264189898967743
1732437721927661295,0.4264189898967743
1732437721937787564,0.4264189898967743
1732437721937787564,0.4264189898967743
1732437721948057085,0.4264189898967743
1732437721948057085,0.4264189898967743
1732437721958237967,0.4264189898967743
1732437721958237967,0.4264189898967743
1732437721968680003,0.4264189898967743
1732437721968680003,0.4264189898967743
1732437721979154910,0.4264189898967743
1732437721979154910,0.4264189898967743
1732437721989759398,0.4264189898967743
1732437721989759398,0.4264189898967743
1732437721999895034,0.4264189898967743
1732437721999895034,0.4264189898967743
1732437722010181510,0.4264189898967743
1732437722010181510,0.4264189898967743
1732437722020422611,0.4264189898967743
1732437722020422611,0.4264189898967743
1732437722030643415,0.4264189898967743
1732437722030643415,0.4264189898967743
1732437722041099487,0.4264189898967743
1732437722041099487,0.4264189898967743
1732437722054826908,0.4264189898967743
1732437722054826908,0.4264189898967743
1732437722065173005,0.4264189898967743
1732437722065173005,0.4264189898967743
1732437722075537437,0.4264189898967743
1732437722075537437,0.4264189898967743
1732437722085934249,0.4264189898967743
1732437722085934249,0.4264189898967743
1732437722085934249,0.4264189898967743
1732437722085934249,0.4264189898967743
1732437722106239170,0.4264189898967743
1732437722106239170,0.4264189898967743
1732437722116351873,0.4264189898967743
1732437722116351873,0.4264189898967743
1732437722126457209,0.4264189898967743
1732437722126457209,0.4264189898967743
1732437722136798161,0.4264189898967743
1732437722136798161,0.4264189898967743
1732437722147059220,0.4264189898967743
1732437722147059220,0.4264189898967743
1732437722157227977,0.4264189898967743
1732437722157227977,0.4264189898967743
1732437722167456826,0.4264189898967743
1732437722167456826,0.4264189898967743
1732437722177816739,0.4264189898967743
1732437722177816739,0.4264189898967743
1732437722190733632,0.4264189898967743
1732437722190733632,0.4264189898967743
1732437722200867883,0.4264189898967743
1732437722200867883,0.4264189898967743
1732437722211175115,0.4264189898967743
1732437722211175115,0.4264189898967743
1732437722222351902,0.4264189898967743
1732437722222351902,0.4264189898967743
1732437722232843039,0.4264189898967743
1732437722232843039,0.4264189898967743
1732437722244055700,0.4264189898967743
1732437722244055700,0.4264189898967743
1732437722254296291,0.4264189898967743
1732437722254296291,0.4264189898967743
1732437722264686992,0.4264189898967743
1732437722264686992,0.4264189898967743
1732437722274847723,0.4264189898967743
1732437722274847723,0.4264189898967743
1732437722285422877,0.4264189898967743
1732437722285422877,0.4264189898967743
1732437722295590853,0.4264189898967743
1732437722295590853,0.4264189898967743
1732437722306789937,0.4264189898967743
1732437722306789937,0.4264189898967743
1732437722323226921,0.4264189898967743
1732437722323226921,0.4264189898967743
1732437722333838272,0.4264189898967743
1732437722333838272,0.4264189898967743
1732437722344481940,0.4264189898967743
1732437722344481940,0.4264189898967743
1732437722354633659,0.4264189898967743
1732437722354633659,0.4264189898967743
1732437722365123955,0.4264189898967743
1732437722365123955,0.4264189898967743
1732437722375251074,0.4264189898967743
1732437722375251074,0.4264189898967743
1732437722385660767,0.4264189898967743
1732437722385660767,0.4264189898967743
1732437722395855976,0.4264189898967743
1732437722395855976,0.4264189898967743
1732437722406910561,0.4264189898967743
1732437722406910561,0.4264189898967743
1732437722417367461,0.4264189898967743
1732437722417367461,0.4264189898967743
1732437722427649332,0.4264189898967743
1732437722427649332,0.4264189898967743
1732437722437756595,0.4264189898967743
1732437722437756595,0.4264189898967743
1732437722447894075,0.4264189898967743
1732437722447894075,0.4264189898967743
1732437722458764107,0.4264189898967743
1732437722458764107,0.4264189898967743
1732437722469209669,0.4264189898967743
1732437722469209669,0.4264189898967743
1732437722479435944,0.4264189898967743
1732437722479435944,0.4264189898967743
1732437722490145728,0.4264189898967743
1732437722490145728,0.4264189898967743
1732437722500594274,0.4264189898967743
1732437722500594274,0.4264189898967743
1732437722511611330,0.4264189898967743
1732437722511611330,0.4264189898967743
1732437722522165405,0.4264189898967743
1732437722522165405,0.4264189898967743
1732437722532685757,0.4264189898967743
1732437722532685757,0.4264189898967743
1732437722542876596,0.4264189898967743
1732437722542876596,0.4264189898967743
1732437722553327117,0.4264189898967743
1732437722553327117,0.4264189898967743
1732437722563787307,0.4264189898967743
1732437722563787307,0.4264189898967743
1732437722574398067,0.4264189898967743
1732437722574398067,0.4264189898967743
1732437722584919551,0.4264189898967743
1732437722584919551,0.4264189898967743
1732437722596058022,0.4264189898967743
1732437722596058022,0.4264189898967743
1732437722606571531,0.4264189898967743
1732437722606571531,0.4264189898967743
1732437722617936965,0.4264189898967743
1732437722617936965,0.4264189898967743
1732437722628375985,0.4264189898967743
1732437722628375985,0.4264189898967743
1732437722638556655,0.4264189898967743
1732437722638556655,0.4264189898967743
1732437722649095651,0.4264189898967743
1732437722649095651,0.4264189898967743
1732437722659649101,0.4264189898967743
1732437722659649101,0.4264189898967743
1732437722670080992,0.4264189898967743
1732437722670080992,0.4264189898967743
1732437722680730183,0.4264189898967743
1732437722680730183,0.4264189898967743
1732437722690927634,0.4264189898967743
1732437722690927634,0.4264189898967743
1732437722701305759,0.4264189898967743
1732437722701305759,0.4264189898967743
1732437722711705877,0.4264189898967743
1732437722711705877,0.4264189898967743
1732437722722441159,0.4264189898967743
1732437722722441159,0.4264189898967743
1732437722732933599,0.4264189898967743
1732437722732933599,0.4264189898967743
1732437722743217250,0.4264189898967743
1732437722743217250,0.4264189898967743
1732437722753613290,0.4264189898967743
1732437722753613290,0.4264189898967743
1732437722764035679,0.4264189898967743
1732437722764035679,0.4264189898967743
1732437722774580367,0.4264189898967743
1732437722774580367,0.4264189898967743
1732437722785251189,0.4264189898967743
1732437722785251189,0.4264189898967743
1732437722795700948,0.4264189898967743
1732437722795700948,0.4264189898967743
1732437722805987033,0.4264189898967743
1732437722805987033,0.4264189898967743
1732437722816467310,0.4264189898967743
1732437722816467310,0.4264189898967743
1732437722826582568,0.4264189898967743
1732437722826582568,0.4264189898967743
1732437722837138886,0.4264189898967743
1732437722837138886,0.4264189898967743
1732437722847816321,0.4264189898967743
1732437722847816321,0.4264189898967743
1732437722857947969,0.4264189898967743
1732437722857947969,0.4264189898967743
1732437722868241960,0.4264189898967743
1732437722868241960,0.4264189898967743
1732437722878840236,0.4264189898967743
1732437722878840236,0.4264189898967743
1732437722888998425,0.4264189898967743
1732437722888998425,0.4264189898967743
1732437722899172229,0.4264189898967743
1732437722899172229,0.4264189898967743
1732437722909397531,0.4264189898967743
1732437722909397531,0.4264189898967743
1732437722920050500,0.4264189898967743
1732437722920050500,0.4264189898967743
1732437722930451420,0.4264189898967743
1732437722930451420,0.4264189898967743
1732437722941080865,0.4264189898967743
1732437722941080865,0.4264189898967743
1732437722951862022,0.4264189898967743
1732437722951862022,0.4264189898967743
1732437722962339740,0.4264189898967743
1732437722962339740,0.4264189898967743
1732437722972609589,0.4264189898967743
1732437722972609589,0.4264189898967743
1732437722983925448,0.4264189898967743
1732437722983925448,0.4264189898967743
1732437722994533617,0.4264189898967743
1732437722994533617,0.4264189898967743
1732437723005230927,0.4264189898967743
1732437723005230927,0.4264189898967743
1732437723015652451,0.4264189898967743
1732437723015652451,0.4264189898967743
1732437723026189904,0.4264189898967743
1732437723026189904,0.4264189898967743
1732437723036538336,0.4264189898967743
1732437723036538336,0.4264189898967743
1732437723047069291,0.4264189898967743
1732437723047069291,0.4264189898967743
1732437723057283313,0.4264189898967743
1732437723057283313,0.4264189898967743
1732437723067709809,0.4264189898967743
1732437723067709809,0.4264189898967743
1732437723078149862,0.4264189898967743
1732437723078149862,0.4264189898967743
1732437723088425338,0.4264189898967743
1732437723088425338,0.4264189898967743
1732437723098983099,0.4264189898967743
1732437723098983099,0.4264189898967743
1732437723109410877,0.4264189898967743
1732437723109410877,0.4264189898967743
1732437723119966454,0.4264189898967743
1732437723119966454,0.4264189898967743
1732437723130363573,0.4264189898967743
1732437723130363573,0.4264189898967743
1732437723141194276,0.4264189898967743
1732437723141194276,0.4264189898967743
1732437723151723264,0.4264189898967743
1732437723151723264,0.4264189898967743
1732437723162441363,0.4264189898967743
1732437723162441363,0.4264189898967743
1732437723172851330,0.4264189898967743
1732437723172851330,0.4264189898967743
1732437723183018765,0.4264189898967743
1732437723183018765,0.4264189898967743
1732437723193681902,0.4264189898967743
1732437723193681902,0.4264189898967743
1732437723204293854,0.4264189898967743
1732437723204293854,0.4264189898967743
1732437723214684936,0.4264189898967743
1732437723214684936,0.4264189898967743
1732437723225120911,0.4264189898967743
1732437723225120911,0.4264189898967743
1732437723235586009,0.4264189898967743
1732437723235586009,0.4264189898967743
1732437723246235090,0.4264189898967743
1732437723246235090,0.4264189898967743
1732437723256835521,0.4264189898967743
1732437723256835521,0.4264189898967743
1732437723267087300,0.4264189898967743
1732437723267087300,0.4264189898967743
1732437723277118761,0.4264189898967743
1732437723277118761,0.4264189898967743
1732437723287275369,0.4264189898967743
1732437723287275369,0.4264189898967743
1732437723298022518,0.4264189898967743
1732437723298022518,0.4264189898967743
1732437723308492980,0.4264189898967743
1732437723308492980,0.4264189898967743
1732437723318770450,0.4264189898967743
1732437723318770450,0.4264189898967743
1732437723329530244,0.4264189898967743
1732437723329530244,0.4264189898967743
1732437723339754828,0.4264189898967743
1732437723339754828,0.4264189898967743
1732437723350790670,0.4264189898967743
1732437723350790670,0.4264189898967743
1732437723361437638,0.4264189898967743
1732437723361437638,0.4264189898967743
1732437723371741807,0.4264189898967743
1732437723371741807,0.4264189898967743
1732437723383707629,0.4264189898967743
1732437723383707629,0.4264189898967743
1732437723394110592,0.4264189898967743
1732437723394110592,0.4264189898967743
1732437723409977432,0.4264189898967743
1732437723409977432,0.4264189898967743
1732437723420640433,0.4264189898967743
1732437723420640433,0.4264189898967743
1732437723430841861,0.4264189898967743
1732437723430841861,0.4264189898967743
1732437723441451008,0.4264189898967743
1732437723441451008,0.4264189898967743
1732437723451786636,0.4264189898967743
1732437723451786636,0.4264189898967743
1732437723462071299,0.4264189898967743
1732437723462071299,0.4264189898967743
1732437723472362682,0.4264189898967743
1732437723472362682,0.4264189898967743
1732437723482762727,0.4264189898967743
1732437723482762727,0.4264189898967743
1732437723493317977,0.4264189898967743
1732437723493317977,0.4264189898967743
1732437723503340779,0.4264189898967743
1732437723503340779,0.4264189898967743
1732437723513724831,0.4264189898967743
1732437723513724831,0.4264189898967743
1732437723523889962,0.4264189898967743
1732437723523889962,0.4264189898967743
1732437723534545421,0.4264189898967743
1732437723534545421,0.4264189898967743
1732437723544811914,0.4264189898967743
1732437723544811914,0.4264189898967743
1732437723555081449,0.4264189898967743
1732437723555081449,0.4264189898967743
1732437723568034358,0.4264189898967743
1732437723568034358,0.4264189898967743
1732437723578963457,0.4264189898967743
1732437723578963457,0.4264189898967743
1732437723589540529,0.4264189898967743
1732437723589540529,0.4264189898967743
1732437723599960740,0.4264189898967743
1732437723599960740,0.4264189898967743
1732437723610674515,0.4264189898967743
1732437723610674515,0.4264189898967743
1732437723622668089,0.4264189898967743
1732437723622668089,0.4264189898967743
1732437723632850552,0.4264189898967743
1732437723632850552,0.4264189898967743
1732437723643203041,0.4264189898967743
1732437723643203041,0.4264189898967743
1732437723653413253,0.4264189898967743
1732437723653413253,0.4264189898967743
1732437723663666408,0.4264189898967743
1732437723663666408,0.4264189898967743
1732437723673820078,0.4264189898967743
1732437723673820078,0.4264189898967743
1732437723684461254,0.4264189898967743
1732437723684461254,0.4264189898967743
1732437723694747961,0.4264189898967743
1732437723694747961,0.4264189898967743
1732437723706187524,0.4264189898967743
1732437723706187524,0.4264189898967743
1732437723716380626,0.4264189898967743
1732437723716380626,0.4264189898967743
1732437723726543382,0.4264189898967743
1732437723726543382,0.4264189898967743
1732437723737156466,0.4264189898967743
1732437723737156466,0.4264189898967743
1732437723749125987,0.4264189898967743
1732437723749125987,0.4264189898967743
1732437723759840479,0.4264189898967743
1732437723759840479,0.4264189898967743
1732437723770172600,0.4264189898967743
1732437723770172600,0.4264189898967743
1732437723780350415,0.4264189898967743
1732437723780350415,0.4264189898967743
1732437723790412143,0.4264189898967743
1732437723790412143,0.4264189898967743
1732437723800855988,0.4264189898967743
1732437723800855988,0.4264189898967743
1732437723811226034,0.4264189898967743
1732437723811226034,0.4264189898967743
1732437723821423395,0.4264189898967743
1732437723821423395,0.4264189898967743
1732437723831695422,0.4264189898967743
1732437723831695422,0.4264189898967743
1732437723842499422,0.4264189898967743
1732437723842499422,0.4264189898967743
1732437723852626702,0.4264189898967743
1732437723852626702,0.4264189898967743
1732437723863058750,0.4264189898967743
1732437723863058750,0.4264189898967743
1732437723874528929,0.4264189898967743
1732437723874528929,0.4264189898967743
1732437723884986624,0.4264189898967743
1732437723884986624,0.4264189898967743
1732437723895310080,0.4264189898967743
1732437723895310080,0.4264189898967743
1732437723905421470,0.4264189898967743
1732437723905421470,0.4264189898967743
1732437723915673502,0.4264189898967743
1732437723915673502,0.4264189898967743
1732437723926341309,0.4264189898967743
1732437723926341309,0.4264189898967743
1732437723936824170,0.4264189898967743
1732437723936824170,0.4264189898967743
1732437723947788378,0.4264189898967743
1732437723947788378,0.4264189898967743
1732437723959266423,0.4264189898967743
1732437723959266423,0.4264189898967743
1732437723969742412,0.4264189898967743
1732437723969742412,0.4264189898967743
1732437723980177305,0.4264189898967743
1732437723980177305,0.4264189898967743
1732437723990652532,0.4264189898967743
1732437723990652532,0.4264189898967743
1732437724001081113,0.4264189898967743
1732437724001081113,0.4264189898967743
1732437724011478374,0.4264189898967743
1732437724011478374,0.4264189898967743
1732437724022426772,0.4264189898967743
1732437724022426772,0.4264189898967743
1732437724032972832,0.4264189898967743
1732437724032972832,0.4264189898967743
1732437724043292250,0.4264189898967743
1732437724043292250,0.4264189898967743
1732437724053501329,0.4264189898967743
1732437724053501329,0.4264189898967743
1732437724064129915,0.4264189898967743
1732437724064129915,0.4264189898967743
1732437724074240765,0.4264189898967743
1732437724074240765,0.4264189898967743
1732437724086819678,0.4264189898967743
1732437724086819678,0.4264189898967743
1732437724097563913,0.4264189898967743
1732437724097563913,0.4264189898967743
1732437724108173451,0.4264189898967743
1732437724108173451,0.4264189898967743
1732437724118792720,0.4264189898967743
1732437724118792720,0.4264189898967743
1732437724129446180,0.4264189898967743
1732437724129446180,0.4264189898967743
1732437724139603857,0.4264189898967743
1732437724139603857,0.4264189898967743
1732437724139603857,0.4264189898967743
1732437724139603857,0.4264189898967743
1732437724160465878,0.4264189898967743
1732437724160465878,0.4264189898967743
1732437724170566188,0.4264189898967743
1732437724170566188,0.4264189898967743
1732437724181248551,0.4264189898967743
1732437724181248551,0.4264189898967743
1732437724191772359,0.4264189898967743
1732437724191772359,0.4264189898967743
1732437724205389685,0.4264189898967743
1732437724205389685,0.4264189898967743
1732437724215953879,0.4264189898967743
1732437724215953879,0.4264189898967743
1732437724226498906,0.4264189898967743
1732437724226498906,0.4264189898967743
1732437724238654862,0.4264189898967743
1732437724238654862,0.4264189898967743
1732437724249583564,0.4264189898967743
1732437724249583564,0.4264189898967743
1732437724259972602,0.4264189898967743
1732437724259972602,0.4264189898967743
1732437724270468428,0.4264189898967743
1732437724270468428,0.4264189898967743
1732437724280718146,0.4264189898967743
1732437724280718146,0.4264189898967743
1732437724291145063,0.4264189898967743
1732437724291145063,0.4264189898967743
1732437724307625839,0.4264189898967743
1732437724307625839,0.4264189898967743
1732437724318488488,0.4264189898967743
1732437724318488488,0.4264189898967743
1732437724328721134,0.4264189898967743
1732437724328721134,0.4264189898967743
1732437724338960102,0.4264189898967743
1732437724338960102,0.4264189898967743
1732437724349119983,0.4264189898967743
1732437724349119983,0.4264189898967743
1732437724359572619,0.4264189898967743
1732437724359572619,0.4264189898967743
1732437724370517431,0.4264189898967743
1732437724370517431,0.4264189898967743
1732437724380670228,0.4264189898967743
1732437724380670228,0.4264189898967743
1732437724391145526,0.4264189898967743
1732437724391145526,0.4264189898967743
1732437724401570079,0.4264189898967743
1732437724401570079,0.4264189898967743
1732437724412034828,0.4264189898967743
1732437724412034828,0.4264189898967743
1732437724422431179,0.4264189898967743
1732437724422431179,0.4264189898967743
1732437724432650199,0.4264189898967743
1732437724432650199,0.4264189898967743
1732437724443160282,0.4264189898967743
1732437724443160282,0.4264189898967743
1732437724453391045,0.4264189898967743
1732437724453391045,0.4264189898967743
1732437724464088687,0.4264189898967743
1732437724464088687,0.4264189898967743
1732437724474456545,0.4264189898967743
1732437724474456545,0.4264189898967743
1732437724484998036,0.4264189898967743
1732437724484998036,0.4264189898967743
1732437724495536742,0.4264189898967743
1732437724495536742,0.4264189898967743
1732437724505761063,0.4264189898967743
1732437724505761063,0.4264189898967743
1732437724520146318,0.4264189898967743
1732437724520146318,0.4264189898967743
1732437724530658986,0.4264189898967743
1732437724530658986,0.4264189898967743
1732437724541258945,0.4264189898967743
1732437724541258945,0.4264189898967743
1732437724551749552,0.4264189898967743
1732437724551749552,0.4264189898967743
1732437724562033451,0.4264189898967743
1732437724562033451,0.4264189898967743
1732437724573217197,0.4264189898967743
1732437724573217197,0.4264189898967743
1732437724584514462,0.4264189898967743
1732437724584514462,0.4264189898967743
1732437724594591622,0.4264189898967743
1732437724594591622,0.4264189898967743
1732437724609781886,0.4264189898967743
1732437724609781886,0.4264189898967743
1732437724620300495,0.4264189898967743
1732437724620300495,0.4264189898967743
1732437724630579925,0.4264189898967743
1732437724630579925,0.4264189898967743
1732437724640739138,0.4264189898967743
1732437724640739138,0.4264189898967743
1732437724650918525,0.4264189898967743
1732437724650918525,0.4264189898967743
1732437724661317821,0.4264189898967743
1732437724661317821,0.4264189898967743
1732437724671583819,0.4264189898967743
1732437724671583819,0.4264189898967743
1732437724681873902,0.4264189898967743
1732437724681873902,0.4264189898967743
1732437724692550445,0.4264189898967743
1732437724692550445,0.4264189898967743
1732437724702960762,0.4264189898967743
1732437724702960762,0.4264189898967743
1732437724713450133,0.4264189898967743
1732437724713450133,0.4264189898967743
1732437724723831559,0.4264189898967743
1732437724723831559,0.4264189898967743
1732437724734365393,0.4264189898967743
1732437724734365393,0.4264189898967743
1732437724744857812,0.4264189898967743
1732437724744857812,0.4264189898967743
1732437724755324748,0.4264189898967743
1732437724755324748,0.4264189898967743
1732437724765593271,0.4264189898967743
1732437724765593271,0.4264189898967743
1732437724776610354,0.4264189898967743
1732437724776610354,0.4264189898967743
1732437724787062142,0.4264189898967743
1732437724787062142,0.4264189898967743
1732437724797251838,0.4264189898967743
1732437724797251838,0.4264189898967743
1732437724807349052,0.4264189898967743
1732437724807349052,0.4264189898967743
1732437724817909498,0.4264189898967743
1732437724817909498,0.4264189898967743
1732437724828230839,0.4264189898967743
1732437724828230839,0.4264189898967743
1732437724838332692,0.4264189898967743
1732437724838332692,0.4264189898967743
1732437724848549650,0.4264189898967743
1732437724848549650,0.4264189898967743
1732437724858681204,0.4264189898967743
1732437724858681204,0.4264189898967743
1732437724869199656,0.4264189898967743
1732437724869199656,0.4264189898967743
1732437724879281839,0.4264189898967743
1732437724879281839,0.4264189898967743
1732437724890003164,0.4264189898967743
1732437724890003164,0.4264189898967743
1732437724900212901,0.4264189898967743
1732437724900212901,0.4264189898967743
1732437724910427701,0.4264189898967743
1732437724910427701,0.4264189898967743
1732437724920623041,0.4264189898967743
1732437724920623041,0.4264189898967743
1732437724930836679,0.4264189898967743
1732437724930836679,0.4264189898967743
1732437724941387851,0.4264189898967743
1732437724941387851,0.4264189898967743
1732437724952109147,0.4264189898967743
1732437724952109147,0.4264189898967743
1732437724962692446,0.4264189898967743
1732437724962692446,0.4264189898967743
1732437724973190085,0.4264189898967743
1732437724973190085,0.4264189898967743
1732437724983402023,0.4264189898967743
1732437724983402023,0.4264189898967743
1732437724993659906,0.4264189898967743
1732437724993659906,0.4264189898967743
1732437725003842008,0.4264189898967743
1732437725003842008,0.4264189898967743
1732437725014108978,0.4264189898967743
1732437725014108978,0.4264189898967743
1732437725024358847,0.4264189898967743
1732437725024358847,0.4264189898967743
1732437725034786576,0.4264189898967743
1732437725034786576,0.4264189898967743
1732437725045973959,0.4264189898967743
1732437725045973959,0.4264189898967743
1732437725056299909,0.4264189898967743
1732437725056299909,0.4264189898967743
1732437725066570006,0.4264189898967743
1732437725066570006,0.4264189898967743
1732437725077472268,0.4264189898967743
1732437725077472268,0.4264189898967743
1732437725087944128,0.4264189898967743
1732437725087944128,0.4264189898967743
1732437725098082543,0.4264189898967743
1732437725098082543,0.4264189898967743
1732437725108343812,0.4264189898967743
1732437725108343812,0.4264189898967743
1732437725118644004,0.4264189898967743
1732437725118644004,0.4264189898967743
1732437725129173549,0.4264189898967743
1732437725129173549,0.4264189898967743
1732437725139376814,0.4264189898967743
1732437725139376814,0.4264189898967743
1732437725149813907,0.4264189898967743
1732437725149813907,0.4264189898967743
1732437725160254745,0.4264189898967743
1732437725160254745,0.4264189898967743
1732437725171267864,0.4264189898967743
1732437725171267864,0.4264189898967743
1732437725181461487,0.4264189898967743
1732437725181461487,0.4264189898967743
1732437725191629142,0.4264189898967743
1732437725191629142,0.4264189898967743
1732437725201962196,0.4264189898967743
1732437725201962196,0.4264189898967743
1732437725212355430,0.4264189898967743
1732437725212355430,0.4264189898967743
1732437725222574849,0.4264189898967743
1732437725222574849,0.4264189898967743
1732437725233235315,0.4264189898967743
1732437725233235315,0.4264189898967743
1732437725244555966,0.4264189898967743
1732437725244555966,0.4264189898967743
1732437725255465813,0.4264189898967743
1732437725255465813,0.4264189898967743
1732437725265591409,0.4264189898967743
1732437725265591409,0.4264189898967743
1732437725275939621,0.4264189898967743
1732437725275939621,0.4264189898967743
1732437725286492996,0.4264189898967743
1732437725286492996,0.4264189898967743
1732437725297433129,0.4264189898967743
1732437725297433129,0.4264189898967743
1732437725307747096,0.4264189898967743
1732437725307747096,0.4264189898967743
1732437725318308244,0.4264189898967743
1732437725318308244,0.4264189898967743
1732437725328825597,0.4264189898967743
1732437725328825597,0.4264189898967743
1732437725339465846,0.4264189898967743
1732437725339465846,0.4264189898967743
1732437725350061768,0.4264189898967743
1732437725350061768,0.4264189898967743
1732437725360388947,0.4264189898967743
1732437725360388947,0.4264189898967743
1732437725370854670,0.4264189898967743
1732437725370854670,0.4264189898967743
1732437725381434182,0.4264189898967743
1732437725381434182,0.4264189898967743
1732437725391961526,0.4264189898967743
1732437725391961526,0.4264189898967743
1732437725403628860,0.4264189898967743
1732437725403628860,0.4264189898967743
1732437725413904571,0.4264189898967743
1732437725413904571,0.4264189898967743
1732437725424121637,0.4264189898967743
1732437725424121637,0.4264189898967743
1732437725434311744,0.4264189898967743
1732437725434311744,0.4264189898967743
1732437725444676727,0.4264189898967743
1732437725444676727,0.4264189898967743
1732437725454930849,0.4264189898967743
1732437725454930849,0.4264189898967743
1732437725465361558,0.4264189898967743
1732437725465361558,0.4264189898967743
1732437725475928686,0.4264189898967743
1732437725475928686,0.4264189898967743
1732437725485963344,0.4264189898967743
1732437725485963344,0.4264189898967743
1732437725497011598,0.4264189898967743
1732437725497011598,0.4264189898967743
1732437725507134517,0.4264189898967743
1732437725507134517,0.4264189898967743
1732437725517745741,0.4264189898967743
1732437725517745741,0.4264189898967743
1732437725527864866,0.4264189898967743
1732437725527864866,0.4264189898967743
1732437725538488831,0.4264189898967743
1732437725538488831,0.4264189898967743
1732437725550588061,0.4264189898967743
1732437725550588061,0.4264189898967743
1732437725561007435,0.4264189898967743
1732437725561007435,0.4264189898967743
1732437725571262774,0.4264189898967743
1732437725571262774,0.4264189898967743
1732437725581669691,0.4264189898967743
1732437725581669691,0.4264189898967743
1732437725591996326,0.4264189898967743
1732437725591996326,0.4264189898967743
1732437725602563306,0.4264189898967743
1732437725602563306,0.4264189898967743
1732437725612990361,0.4264189898967743
1732437725612990361,0.4264189898967743
1732437725623634116,0.4264189898967743
1732437725623634116,0.4264189898967743
1732437725633814174,0.4264189898967743
1732437725633814174,0.4264189898967743
1732437725644022244,0.4264189898967743
1732437725644022244,0.4264189898967743
1732437725654705289,0.4264189898967743
1732437725654705289,0.4264189898967743
1732437725665326047,0.4264189898967743
1732437725665326047,0.4264189898967743
1732437725676070757,0.4264189898967743
1732437725676070757,0.4264189898967743
1732437725686460572,0.4264189898967743
1732437725686460572,0.4264189898967743
1732437725697508506,0.4264189898967743
1732437725697508506,0.4264189898967743
1732437725707650066,0.4264189898967743
1732437725707650066,0.4264189898967743
1732437725719065864,0.4264189898967743
1732437725719065864,0.4264189898967743
1732437725729160975,0.4264189898967743
1732437725729160975,0.4264189898967743
1732437725739577954,0.4264189898967743
1732437725739577954,0.4264189898967743
1732437725750065575,0.4264189898967743
1732437725750065575,0.4264189898967743
1732437725760465292,0.4264189898967743
1732437725760465292,0.4264189898967743
1732437725771859306,0.4264189898967743
1732437725771859306,0.4264189898967743
1732437725782415986,0.4264189898967743
1732437725782415986,0.4264189898967743
1732437725792854919,0.4264189898967743
1732437725792854919,0.4264189898967743
1732437725803471911,0.4264189898967743
1732437725803471911,0.4264189898967743
1732437725814092640,0.4264189898967743
1732437725814092640,0.4264189898967743
1732437725824392321,0.4264189898967743
1732437725824392321,0.4264189898967743
1732437725834974237,0.4264189898967743
1732437725834974237,0.4264189898967743
1732437725845069888,0.4264189898967743
1732437725845069888,0.4264189898967743
1732437725855350564,0.4264189898967743
1732437725855350564,0.4264189898967743
1732437725866399159,0.4264189898967743
1732437725866399159,0.4264189898967743
1732437725877197187,0.4264189898967743
1732437725877197187,0.4264189898967743
1732437725887208572,0.4264189898967743
1732437725887208572,0.4264189898967743
1732437725897900930,0.4264189898967743
1732437725897900930,0.4264189898967743
1732437725908426977,0.4264189898967743
1732437725908426977,0.4264189898967743
1732437725918722601,0.4264189898967743
1732437725918722601,0.4264189898967743
1732437725929224478,0.4264189898967743
1732437725929224478,0.4264189898967743
1732437725939450532,0.4264189898967743
1732437725939450532,0.4264189898967743
1732437725949918116,0.4264189898967743
1732437725949918116,0.4264189898967743
1732437725960778941,0.4264189898967743
1732437725960778941,0.4264189898967743
1732437725971020284,0.4264189898967743
1732437725971020284,0.4264189898967743
1732437725981523493,0.4264189898967743
1732437725981523493,0.4264189898967743
1732437725992029309,0.4264189898967743
1732437725992029309,0.4264189898967743
1732437726002310936,0.4264189898967743
1732437726002310936,0.4264189898967743
1732437726012809366,0.4264189898967743
1732437726012809366,0.4264189898967743
1732437726023373039,0.4264189898967743
1732437726023373039,0.4264189898967743
1732437726033828751,0.4264189898967743
1732437726033828751,0.4264189898967743
1732437726043960218,0.4264189898967743
1732437726043960218,0.4264189898967743
1732437726054157028,0.4264189898967743
1732437726054157028,0.4264189898967743
1732437726064744094,0.4264189898967743
1732437726064744094,0.4264189898967743
1732437726074982160,0.4264189898967743
1732437726074982160,0.4264189898967743
1732437726088720512,0.4264189898967743
1732437726088720512,0.4264189898967743
1732437726099253547,0.4264189898967743
1732437726099253547,0.4264189898967743
1732437726109721702,0.4264189898967743
1732437726109721702,0.4264189898967743
1732437726120141696,0.4264189898967743
1732437726120141696,0.4264189898967743
1732437726130952599,0.4264189898967743
1732437726130952599,0.4264189898967743
1732437726141403153,0.4264189898967743
1732437726141403153,0.4264189898967743
1732437726151520634,0.4264189898967743
1732437726151520634,0.4264189898967743
1732437726161701825,0.4264189898967743
1732437726161701825,0.4264189898967743
1732437726172048354,0.4264189898967743
1732437726172048354,0.4264189898967743
1732437726182524593,0.4264189898967743
1732437726182524593,0.4264189898967743
1732437726192911576,0.4264189898967743
1732437726192911576,0.4264189898967743
1732437726203709395,0.4264189898967743
1732437726203709395,0.4264189898967743
1732437726214526328,0.4264189898967743
1732437726214526328,0.4264189898967743
1732437726224710260,0.4264189898967743
1732437726224710260,0.4264189898967743
1732437726235122514,0.4264189898967743
1732437726235122514,0.4264189898967743
1732437726245690104,0.4264189898967743
1732437726245690104,0.4264189898967743
1732437726257546503,0.4264189898967743
1732437726257546503,0.4264189898967743
1732437726267863031,0.4264189898967743
1732437726267863031,0.4264189898967743
1732437726278436815,0.4264189898967743
1732437726278436815,0.4264189898967743
1732437726288866030,0.4264189898967743
1732437726288866030,0.4264189898967743
1732437726301483926,0.4264189898967743
1732437726301483926,0.4264189898967743
1732437726311696245,0.4264189898967743
1732437726311696245,0.4264189898967743
1732437726322119876,0.4264189898967743
1732437726322119876,0.4264189898967743
1732437726332473578,0.4264189898967743
1732437726332473578,0.4264189898967743
1732437726342947299,0.4264189898967743
1732437726342947299,0.4264189898967743
1732437726353308037,0.4264189898967743
1732437726353308037,0.4264189898967743
1732437726364491584,0.4264189898967743
1732437726364491584,0.4264189898967743
1732437726374900518,0.4264189898967743
1732437726374900518,0.4264189898967743
1732437726385294575,0.4264189898967743
1732437726385294575,0.4264189898967743
1732437726395616156,0.4264189898967743
1732437726395616156,0.4264189898967743
1732437726406043557,0.4264189898967743
1732437726406043557,0.4264189898967743
1732437726416608782,0.4264189898967743
1732437726416608782,0.4264189898967743
1732437726427104638,0.4264189898967743
1732437726427104638,0.4264189898967743
1732437726437360728,0.4264189898967743
1732437726437360728,0.4264189898967743
1732437726448330306,0.4264189898967743
1732437726448330306,0.4264189898967743
1732437726459008722,0.4264189898967743
1732437726459008722,0.4264189898967743
1732437726469157241,0.4264189898967743
1732437726469157241,0.4264189898967743
1732437726479820249,0.4264189898967743
1732437726479820249,0.4264189898967743
1732437726489969379,0.4264189898967743
1732437726489969379,0.4264189898967743
1732437726501176500,0.4264189898967743
1732437726501176500,0.4264189898967743
1732437726511936187,0.4264189898967743
1732437726511936187,0.4264189898967743
1732437726522076141,0.4264189898967743
1732437726522076141,0.4264189898967743
1732437726532386882,0.4264189898967743
1732437726532386882,0.4264189898967743
1732437726542569197,0.4264189898967743
1732437726542569197,0.4264189898967743
1732437726555339165,0.4264189898967743
1732437726555339165,0.4264189898967743
1732437726566170496,0.4264189898967743
1732437726566170496,0.4264189898967743
1732437726577471712,0.4264189898967743
1732437726577471712,0.4264189898967743
1732437726587856731,0.4264189898967743
1732437726587856731,0.4264189898967743
1732437726600699817,0.4264189898967743
1732437726600699817,0.4264189898967743
1732437726611127035,0.4264189898967743
1732437726611127035,0.4264189898967743
1732437726621617210,0.4264189898967743
1732437726621617210,0.4264189898967743
1732437726621617210,0.4264189898967743
1732437726621617210,0.4264189898967743
1732437726642923879,0.4264189898967743
1732437726642923879,0.4264189898967743
1732437726653008830,0.4264189898967743
1732437726653008830,0.4264189898967743
1732437726663169192,0.4264189898967743
1732437726663169192,0.4264189898967743
1732437726673538734,0.4264189898967743
1732437726673538734,0.4264189898967743
1732437726684145487,0.4264189898967743
1732437726684145487,0.4264189898967743
1732437726694452121,0.4264189898967743
1732437726694452121,0.4264189898967743
1732437726707039170,0.4264189898967743
1732437726707039170,0.4264189898967743
1732437726717173233,0.4264189898967743
1732437726717173233,0.4264189898967743
1732437726727399337,0.4264189898967743
1732437726727399337,0.4264189898967743
1732437726740905356,0.4264189898967743
1732437726740905356,0.4264189898967743
1732437726751273454,0.4264189898967743
1732437726751273454,0.4264189898967743
1732437726761570140,0.4264189898967743
1732437726761570140,0.4264189898967743
1732437726771905697,0.4264189898967743
1732437726771905697,0.4264189898967743
1732437726782013330,0.4264189898967743
1732437726782013330,0.4264189898967743
1732437726792396126,0.4264189898967743
1732437726792396126,0.4264189898967743
1732437726802659750,0.4264189898967743
1732437726802659750,0.4264189898967743
1732437726813323571,0.4264189898967743
1732437726813323571,0.4264189898967743
1732437726823476889,0.4264189898967743
1732437726823476889,0.4264189898967743
1732437726834006689,0.4264189898967743
1732437726834006689,0.4264189898967743
1732437726844103422,0.4264189898967743
1732437726844103422,0.4264189898967743
1732437726854689977,0.4264189898967743
1732437726854689977,0.4264189898967743
1732437726864895643,0.4264189898967743
1732437726864895643,0.4264189898967743
1732437726875767409,0.4264189898967743
1732437726875767409,0.4264189898967743
1732437726886047323,0.4264189898967743
1732437726886047323,0.4264189898967743
1732437726898168023,0.4264189898967743
1732437726898168023,0.4264189898967743
1732437726908621691,0.4264189898967743
1732437726908621691,0.4264189898967743
1732437726919123979,0.4264189898967743
1732437726919123979,0.4264189898967743
1732437726929433298,0.4264189898967743
1732437726929433298,0.4264189898967743
1732437726940107067,0.4264189898967743
1732437726940107067,0.4264189898967743
1732437726950541159,0.4264189898967743
1732437726950541159,0.4264189898967743
1732437726961085966,0.4264189898967743
1732437726961085966,0.4264189898967743
1732437726972246038,0.4264189898967743
1732437726972246038,0.4264189898967743
1732437726982907683,0.4264189898967743
1732437726982907683,0.4264189898967743
1732437726993273046,0.4264189898967743
1732437726993273046,0.4264189898967743
1732437727003324145,0.4264189898967743
1732437727003324145,0.4264189898967743
1732437727013826032,0.4264189898967743
1732437727013826032,0.4264189898967743
1732437727024251998,0.4264189898967743
1732437727024251998,0.4264189898967743
1732437727034286595,0.4264189898967743
1732437727034286595,0.4264189898967743
1732437727044621632,0.4264189898967743
1732437727044621632,0.4264189898967743
1732437727054785030,0.4264189898967743
1732437727054785030,0.4264189898967743
1732437727065180719,0.4264189898967743
1732437727065180719,0.4264189898967743
1732437727075936772,0.4264189898967743
1732437727075936772,0.4264189898967743
1732437727086452595,0.4264189898967743
1732437727086452595,0.4264189898967743
1732437727097320253,0.4264189898967743
1732437727097320253,0.4264189898967743
1732437727108476969,0.4264189898967743
1732437727108476969,0.4264189898967743
1732437727118633294,0.4264189898967743
1732437727118633294,0.4264189898967743
1732437727128995210,0.4264189898967743
1732437727128995210,0.4264189898967743
1732437727139621980,0.4264189898967743
1732437727139621980,0.4264189898967743
1732437727149902065,0.4264189898967743
1732437727149902065,0.4264189898967743
1732437727160009800,0.4264189898967743
1732437727160009800,0.4264189898967743
1732437727170624879,0.4264189898967743
1732437727170624879,0.4264189898967743
1732437727180891418,0.4264189898967743
1732437727180891418,0.4264189898967743
1732437727191130776,0.4264189898967743
1732437727191130776,0.4264189898967743
1732437727204940791,0.4264189898967743
1732437727204940791,0.4264189898967743
1732437727215587508,0.4264189898967743
1732437727215587508,0.4264189898967743
1732437727226002234,0.4264189898967743
1732437727226002234,0.4264189898967743
1732437727236947145,0.4264189898967743
1732437727236947145,0.4264189898967743
1732437727247095587,0.4264189898967743
1732437727247095587,0.4264189898967743
1732437727257546620,0.4264189898967743
1732437727257546620,0.4264189898967743
1732437727267758467,0.4264189898967743
1732437727267758467,0.4264189898967743
1732437727277982173,0.4264189898967743
1732437727277982173,0.4264189898967743
1732437727288445352,0.4264189898967743
1732437727288445352,0.4264189898967743
1732437727298733632,0.4264189898967743
1732437727298733632,0.4264189898967743
1732437727308970546,0.4264189898967743
1732437727308970546,0.4264189898967743
1732437727319321844,0.4264189898967743
1732437727319321844,0.4264189898967743
1732437727329877112,0.4264189898967743
1732437727329877112,0.4264189898967743
1732437727340323906,0.4264189898967743
1732437727340323906,0.4264189898967743
1732437727350566491,0.4264189898967743
1732437727350566491,0.4264189898967743
1732437727360711144,0.4264189898967743
1732437727360711144,0.4264189898967743
1732437727371438988,0.4264189898967743
1732437727371438988,0.4264189898967743
1732437727382028752,0.4264189898967743
1732437727382028752,0.4264189898967743
1732437727392513043,0.4264189898967743
1732437727392513043,0.4264189898967743
1732437727403252076,0.4264189898967743
1732437727403252076,0.4264189898967743
1732437727413907457,0.4264189898967743
1732437727413907457,0.4264189898967743
1732437727424164432,0.4264189898967743
1732437727424164432,0.4264189898967743
1732437727435479944,0.4264189898967743
1732437727435479944,0.4264189898967743
1732437727445856528,0.4264189898967743
1732437727445856528,0.4264189898967743
1732437727456135330,0.4264189898967743
1732437727456135330,0.4264189898967743
1732437727466773501,0.4264189898967743
1732437727466773501,0.4264189898967743
1732437727476949268,0.4264189898967743
1732437727476949268,0.4264189898967743
1732437727487265804,0.4264189898967743
1732437727487265804,0.4264189898967743
1732437727497281659,0.4264189898967743
1732437727497281659,0.4264189898967743
1732437727507571171,0.4264189898967743
1732437727507571171,0.4264189898967743
1732437727517906177,0.4264189898967743
1732437727517906177,0.4264189898967743
1732437727528292790,0.4264189898967743
1732437727528292790,0.4264189898967743
1732437727538687398,0.4264189898967743
1732437727538687398,0.4264189898967743
1732437727548942232,0.4264189898967743
1732437727548942232,0.4264189898967743
1732437727559358674,0.4264189898967743
1732437727559358674,0.4264189898967743
1732437727570724800,0.4264189898967743
1732437727570724800,0.4264189898967743
1732437727581486702,0.4264189898967743
1732437727581486702,0.4264189898967743
1732437727592605037,0.4264189898967743
1732437727592605037,0.4264189898967743
1732437727606002836,0.4264189898967743
1732437727606002836,0.4264189898967743
1732437727616298158,0.4264189898967743
1732437727616298158,0.4264189898967743
1732437727626746973,0.4264189898967743
1732437727626746973,0.4264189898967743
1732437727638821251,0.4264189898967743
1732437727638821251,0.4264189898967743
1732437727649393149,0.4264189898967743
1732437727649393149,0.4264189898967743
1732437727660215493,0.4264189898967743
1732437727660215493,0.4264189898967743
1732437727670418255,0.4264189898967743
1732437727670418255,0.4264189898967743
1732437727680704130,0.4264189898967743
1732437727680704130,0.4264189898967743
1732437727691216948,0.4264189898967743
1732437727691216948,0.4264189898967743
1732437727701459724,0.4264189898967743
1732437727701459724,0.4264189898967743
1732437727712082495,0.4264189898967743
1732437727712082495,0.4264189898967743
1732437727722287460,0.4264189898967743
1732437727722287460,0.4264189898967743
1732437727732798675,0.4264189898967743
1732437727732798675,0.4264189898967743
1732437727743101953,0.4264189898967743
1732437727743101953,0.4264189898967743
1732437727753290518,0.4264189898967743
1732437727753290518,0.4264189898967743
1732437727763561917,0.4264189898967743
1732437727763561917,0.4264189898967743
1732437727773954337,0.4264189898967743
1732437727773954337,0.4264189898967743
1732437727784154556,0.4264189898967743
1732437727784154556,0.4264189898967743
1732437727794218097,0.4264189898967743
1732437727794218097,0.4264189898967743
1732437727804352892,0.4264189898967743
1732437727804352892,0.4264189898967743
1732437727814554801,0.4264189898967743
1732437727814554801,0.4264189898967743
1732437727825103956,0.4264189898967743
1732437727825103956,0.4264189898967743
1732437727835439275,0.4264189898967743
1732437727835439275,0.4264189898967743
1732437727846013818,0.4264189898967743
1732437727846013818,0.4264189898967743
1732437727856524211,0.4264189898967743
1732437727856524211,0.4264189898967743
1732437727866703107,0.4264189898967743
1732437727866703107,0.4264189898967743
1732437727877264465,0.4264189898967743
1732437727877264465,0.4264189898967743
1732437727887567753,0.4264189898967743
1732437727887567753,0.4264189898967743
1732437727898026300,0.4264189898967743
1732437727898026300,0.4264189898967743
1732437727908306555,0.4264189898967743
1732437727908306555,0.4264189898967743
1732437727918854600,0.4264189898967743
1732437727918854600,0.4264189898967743
1732437727929120418,0.4264189898967743
1732437727929120418,0.4264189898967743
1732437727939366519,0.4264189898967743
1732437727939366519,0.4264189898967743
1732437727949534735,0.4264189898967743
1732437727949534735,0.4264189898967743
1732437727959988323,0.4264189898967743
1732437727959988323,0.4264189898967743
1732437727970334901,0.4264189898967743
1732437727970334901,0.4264189898967743
1732437727980563790,0.4264189898967743
1732437727980563790,0.4264189898967743
1732437727990922922,0.4264189898967743
1732437727990922922,0.4264189898967743
1732437728002499131,0.4264189898967743
1732437728002499131,0.4264189898967743
1732437728012640628,0.4264189898967743
1732437728012640628,0.4264189898967743
1732437728022763429,0.4264189898967743
1732437728022763429,0.4264189898967743
1732437728034831982,0.4264189898967743
1732437728034831982,0.4264189898967743
1732437728045041876,0.4264189898967743
1732437728045041876,0.4264189898967743
1732437728055838850,0.4264189898967743
1732437728055838850,0.4264189898967743
1732437728066241021,0.4264189898967743
1732437728066241021,0.4264189898967743
1732437728076447652,0.4264189898967743
1732437728076447652,0.4264189898967743
1732437728086837974,0.4264189898967743
1732437728086837974,0.4264189898967743
1732437728097381880,0.4264189898967743
1732437728097381880,0.4264189898967743
1732437728107794210,0.4264189898967743
1732437728107794210,0.4264189898967743
1732437728118092238,0.4264189898967743
1732437728118092238,0.4264189898967743
1732437728128288296,0.4264189898967743
1732437728128288296,0.4264189898967743
1732437728138468174,0.4264189898967743
1732437728138468174,0.4264189898967743
1732437728148643997,0.4264189898967743
1732437728148643997,0.4264189898967743
1732437728158792633,0.4264189898967743
1732437728158792633,0.4264189898967743
1732437728168967696,0.4264189898967743
1732437728168967696,0.4264189898967743
1732437728179430110,0.4264189898967743
1732437728179430110,0.4264189898967743
1732437728189528883,0.4264189898967743
1732437728189528883,0.4264189898967743
1732437728199848611,0.4264189898967743
1732437728199848611,0.4264189898967743
1732437728210343678,0.4264189898967743
1732437728210343678,0.4264189898967743
1732437728220596822,0.4264189898967743
1732437728220596822,0.4264189898967743
1732437728230790810,0.4264189898967743
1732437728230790810,0.4264189898967743
1732437728241216906,0.4264189898967743
1732437728241216906,0.4264189898967743
1732437728251392006,0.4264189898967743
1732437728251392006,0.4264189898967743
1732437728261650419,0.4264189898967743
1732437728261650419,0.4264189898967743
1732437728271883348,0.4264189898967743
1732437728271883348,0.4264189898967743
1732437728282001702,0.4264189898967743
1732437728282001702,0.4264189898967743
1732437728292178043,0.4264189898967743
1732437728292178043,0.4264189898967743
1732437728302483214,0.4264189898967743
1732437728302483214,0.4264189898967743
1732437728312803995,0.4264189898967743
1732437728312803995,0.4264189898967743
1732437728323111741,0.4264189898967743
1732437728323111741,0.4264189898967743
1732437728333622787,0.4264189898967743
1732437728333622787,0.4264189898967743
1732437728343882534,0.4264189898967743
1732437728343882534,0.4264189898967743
1732437728354399869,0.4264189898967743
1732437728354399869,0.4264189898967743
1732437728364735374,0.4264189898967743
1732437728364735374,0.4264189898967743
1732437728375074872,0.4264189898967743
1732437728375074872,0.4264189898967743
1732437728385860819,0.4264189898967743
1732437728385860819,0.4264189898967743
1732437728396477721,0.4264189898967743
1732437728396477721,0.4264189898967743
1732437728406660765,0.4264189898967743
1732437728406660765,0.4264189898967743
1732437728417503337,0.4264189898967743
1732437728417503337,0.4264189898967743
1732437728427828645,0.4264189898967743
1732437728427828645,0.4264189898967743
1732437728438410993,0.4264189898967743
1732437728438410993,0.4264189898967743
1732437728448657916,0.4264189898967743
1732437728448657916,0.4264189898967743
1732437728459052986,0.4264189898967743
1732437728459052986,0.4264189898967743
1732437728469547169,0.4264189898967743
1732437728469547169,0.4264189898967743
1732437728479841019,0.4264189898967743
1732437728479841019,0.4264189898967743
1732437728490071451,0.4264189898967743
1732437728490071451,0.4264189898967743
1732437728500405196,0.4264189898967743
1732437728500405196,0.4264189898967743
1732437728510779876,0.4264189898967743
1732437728510779876,0.4264189898967743
1732437728521206976,0.4264189898967743
1732437728521206976,0.4264189898967743
1732437728531423843,0.4264189898967743
1732437728531423843,0.4264189898967743
1732437728531423843,0.4264189898967743
1732437728541675996,0.4264189898967743
1732437728551806261,0.4264189898967743
1732437728551806261,0.4264189898967743
1732437728566546027,0.4264189898967743
1732437728566546027,0.4264189898967743
1732437728576915629,0.4264189898967743
1732437728576915629,0.4264189898967743
1732437728587144198,0.4264189898967743
1732437728587144198,0.4264189898967743
1732437728597201277,0.4264189898967743
1732437728597201277,0.4264189898967743
1732437728607577140,0.4264189898967743
1732437728607577140,0.4264189898967743
1732437728618256618,0.4264189898967743
1732437728618256618,0.4264189898967743
1732437728629166765,0.4264189898967743
1732437728629166765,0.4264189898967743
1732437728639312192,0.4264189898967743
1732437728639312192,0.4264189898967743
1732437728650318969,0.4264189898967743
1732437728650318969,0.4264189898967743
1732437728660890416,0.4264189898967743
1732437728660890416,0.4264189898967743
1732437728671074842,0.4264189898967743
1732437728671074842,0.4264189898967743
1732437728681351379,0.4264189898967743
1732437728681351379,0.4264189898967743
1732437728691970846,0.4264189898967743
1732437728691970846,0.4264189898967743
1732437728702103248,0.4264189898967743
1732437728702103248,0.4264189898967743
1732437728712199540,0.4264189898967743
1732437728712199540,0.4264189898967743
1732437728722687892,0.4264189898967743
1732437728722687892,0.4264189898967743
1732437728733006198,0.4264189898967743
1732437728733006198,0.4264189898967743
1732437728743274911,0.4264189898967743
1732437728743274911,0.4264189898967743
1732437728753705976,0.4264189898967743
1732437728753705976,0.4264189898967743
1732437728763756776,0.4264189898967743
1732437728763756776,0.4264189898967743
1732437728774355240,0.4264189898967743
1732437728774355240,0.4264189898967743
1732437728784763977,0.4264189898967743
1732437728784763977,0.4264189898967743
1732437728796006343,0.4264189898967743
1732437728796006343,0.4264189898967743
1732437728806555465,0.4264189898967743
1732437728806555465,0.4264189898967743
1732437728817269871,0.4264189898967743
1732437728817269871,0.4264189898967743
1732437728827941937,0.4264189898967743
1732437728827941937,0.4264189898967743
1732437728838533281,0.4264189898967743
1732437728838533281,0.4264189898967743
1732437728849136837,0.4264189898967743
1732437728849136837,0.4264189898967743
1732437728859886656,0.4264189898967743
1732437728859886656,0.4264189898967743
1732437728872134133,0.4264189898967743
1732437728872134133,0.4264189898967743
1732437728882362613,0.4264189898967743
1732437728882362613,0.4264189898967743
1732437728892629580,0.4264189898967743
1732437728892629580,0.4264189898967743
1732437728903045922,0.4264189898967743
1732437728903045922,0.4264189898967743
1732437728913603121,0.4264189898967743
1732437728913603121,0.4264189898967743
1732437728923823271,0.4264189898967743
1732437728923823271,0.4264189898967743
1732437728934429847,0.4264189898967743
1732437728934429847,0.4264189898967743
1732437728944966811,0.4264189898967743
1732437728955392838,0.4264189898967743
1732437728955392838,0.4264189898967743
1732437728965796132,0.4264189898967743
1732437728965796132,0.4264189898967743
1732437728976090483,0.4264189898967743
1732437728976090483,0.4264189898967743
1732437728986797592,0.4264189898967743
1732437728986797592,0.4264189898967743
1732437728997146575,0.4264189898967743
1732437728997146575,0.4264189898967743
1732437729007238711,0.4264189898967743
1732437729007238711,0.4264189898967743
1732437729017964665,0.4264189898967743
1732437729017964665,0.4264189898967743
1732437729028624637,0.4264189898967743
1732437729028624637,0.4264189898967743
1732437729038833840,0.4264189898967743
1732437729038833840,0.4264189898967743
1732437729049479094,0.4264189898967743
1732437729049479094,0.4264189898967743
1732437729059641329,0.4264189898967743
1732437729059641329,0.4264189898967743
1732437729069994601,0.4264189898967743
1732437729069994601,0.4264189898967743
1732437729080120359,0.4264189898967743
1732437729080120359,0.4264189898967743
1732437729090751567,0.4264189898967743
1732437729090751567,0.4264189898967743
1732437729101233594,0.4264189898967743
1732437729101233594,0.4264189898967743
1732437729111331512,0.4264189898967743
1732437729111331512,0.4264189898967743
1732437729121569838,0.4264189898967743
1732437729121569838,0.4264189898967743
1732437729131719940,0.4264189898967743
1732437729131719940,0.4264189898967743
1732437729142454354,0.4264189898967743
1732437729142454354,0.4264189898967743
1732437729152919312,0.4264189898967743
1732437729152919312,0.4264189898967743
1732437729163227466,0.4264189898967743
1732437729163227466,0.4264189898967743
1732437729173356561,0.4264189898967743
1732437729173356561,0.4264189898967743
1732437729183545690,0.4264189898967743
1732437729183545690,0.4264189898967743
1732437729193944465,0.4264189898967743
1732437729193944465,0.4264189898967743
1732437729204315419,0.4264189898967743
1732437729204315419,0.4264189898967743
1732437729215050462,0.4264189898967743
1732437729215050462,0.4264189898967743
1732437729225397391,0.4264189898967743
1732437729225397391,0.4264189898967743
1732437729235567501,0.4264189898967743
1732437729235567501,0.4264189898967743
1732437729245744213,0.4264189898967743
1732437729245744213,0.4264189898967743
1732437729256366785,0.4264189898967743
1732437729256366785,0.4264189898967743
1732437729266819001,0.4264189898967743
1732437729266819001,0.4264189898967743
1732437729277740510,0.4264189898967743
1732437729277740510,0.4264189898967743
1732437729288166916,0.4264189898967743
1732437729288166916,0.4264189898967743
1732437729298229413,0.4264189898967743
1732437729298229413,0.4264189898967743
1732437729308732856,0.4264189898967743
1732437729308732856,0.4264189898967743
1732437729319230297,0.4264189898967743
1732437729319230297,0.4264189898967743
1732437729329792306,0.4264189898967743
1732437729329792306,0.4264189898967743
1732437729340009334,0.4264189898967743
1732437729340009334,0.4264189898967743
1732437729351590520,0.4264189898967743
1732437729351590520,0.4264189898967743
1732437729361925859,0.4264189898967743
1732437729361925859,0.4264189898967743
1732437729372375910,0.4264189898967743
1732437729372375910,0.4264189898967743
1732437729382648741,0.4264189898967743
1732437729382648741,0.4264189898967743
1732437729393315034,0.4264189898967743
1732437729393315034,0.4264189898967743
1732437729404384488,0.4264189898967743
1732437729404384488,0.4264189898967743
1732437729415460035,0.4264189898967743
1732437729415460035,0.4264189898967743
1732437729426014230,0.4264189898967743
1732437729426014230,0.4264189898967743
1732437729436578914,0.4264189898967743
1732437729436578914,0.4264189898967743
1732437729447479744,0.4264189898967743
1732437729447479744,0.4264189898967743
1732437729457969911,0.4264189898967743
1732437729457969911,0.4264189898967743
1732437729468241610,0.4264189898967743
1732437729468241610,0.4264189898967743
1732437729478401802,0.4264189898967743
1732437729478401802,0.4264189898967743
1732437729488788745,0.4264189898967743
1732437729488788745,0.4264189898967743
1732437729498916015,0.4264189898967743
1732437729498916015,0.4264189898967743
1732437729509739955,0.4264189898967743
1732437729509739955,0.4264189898967743
1732437729520072877,0.4264189898967743
1732437729520072877,0.4264189898967743
1732437729530460772,0.4264189898967743
1732437729530460772,0.4264189898967743
1732437729541199407,0.4264189898967743
1732437729541199407,0.4264189898967743
1732437729551895760,0.4264189898967743
1732437729551895760,0.4264189898967743
1732437729562175174,0.4264189898967743
1732437729562175174,0.4264189898967743
1732437729572313144,0.4264189898967743
1732437729572313144,0.4264189898967743
1732437729582819470,0.4264189898967743
1732437729582819470,0.4264189898967743
1732437729593439136,0.4264189898967743
1732437729593439136,0.4264189898967743
1732437729603645726,0.4264189898967743
1732437729603645726,0.4264189898967743
1732437729614486194,0.4264189898967743
1732437729614486194,0.4264189898967743
1732437729625019670,0.4264189898967743
1732437729625019670,0.4264189898967743
1732437729635165575,0.4264189898967743
1732437729635165575,0.4264189898967743
1732437729645487066,0.4264189898967743
1732437729645487066,0.4264189898967743
1732437729655759159,0.4264189898967743
1732437729655759159,0.4264189898967743
1732437729672256174,0.4264189898967743
1732437729672256174,0.4264189898967743
1732437729682531179,0.4264189898967743
1732437729682531179,0.4264189898967743
1732437729692882697,0.4264189898967743
1732437729692882697,0.4264189898967743
1732437729707194277,0.4264189898967743
1732437729707194277,0.4264189898967743
1732437729717938947,0.4264189898967743
1732437729717938947,0.4264189898967743
1732437729728411078,0.4264189898967743
1732437729728411078,0.4264189898967743
1732437729739088549,0.4264189898967743
1732437729739088549,0.4264189898967743
1732437729752436138,0.4264189898967743
1732437729752436138,0.4264189898967743
1732437729762801688,0.4264189898967743
1732437729762801688,0.4264189898967743
1732437729772915106,0.4264189898967743
1732437729772915106,0.4264189898967743
1732437729783141701,0.4264189898967743
1732437729783141701,0.4264189898967743
1732437729793688512,0.4264189898967743
1732437729793688512,0.4264189898967743
1732437729804326945,0.4264189898967743
1732437729804326945,0.4264189898967743
1732437729814507885,0.4264189898967743
1732437729814507885,0.4264189898967743
1732437729824891613,0.4264189898967743
1732437729824891613,0.4264189898967743
1732437729846530962,0.4264189898967743
1732437729846530962,0.4264189898967743
1732437729857259331,0.4264189898967743
1732437729857259331,0.4264189898967743
1732437729868042191,0.4264189898967743
1732437729868042191,0.4264189898967743
1732437729882664939,0.4264189898967743
1732437729882664939,0.4264189898967743
1732437729893221920,0.4264189898967743
1732437729893221920,0.4264189898967743
1732437729903653718,0.4264189898967743
1732437729903653718,0.4264189898967743
1732437729914081477,0.4264189898967743
1732437729914081477,0.4264189898967743
1732437729924932875,0.4264189898967743
1732437729924932875,0.4264189898967743
1732437729935962064,0.4264189898967743
1732437729935962064,0.4264189898967743
1732437729950221257,0.4264189898967743
1732437729950221257,0.4264189898967743
1732437729960300928,0.4264189898967743
1732437729960300928,0.4264189898967743
1732437729970507306,0.4264189898967743
1732437729970507306,0.4264189898967743
1732437729980976722,0.4264189898967743
1732437729980976722,0.4264189898967743
1732437729991306541,0.4264189898967743
1732437729991306541,0.4264189898967743
1732437730001868902,0.4264189898967743
1732437730001868902,0.4264189898967743
1732437730012099044,0.4264189898967743
1732437730012099044,0.4264189898967743
1732437730024583350,0.4264189898967743
1732437730024583350,0.4264189898967743
1732437730034824462,0.4264189898967743
1732437730034824462,0.4264189898967743
1732437730045191640,0.4264189898967743
1732437730045191640,0.4264189898967743
1732437730058611659,0.4264189898967743
1732437730058611659,0.4264189898967743
1732437730068840008,0.4264189898967743
1732437730068840008,0.4264189898967743
1732437730079182348,0.4264189898967743
1732437730079182348,0.4264189898967743
1732437730089799151,0.4264189898967743
1732437730089799151,0.4264189898967743
1732437730102162744,0.4264189898967743
1732437730102162744,0.4264189898967743
1732437730112532465,0.4264189898967743
1732437730112532465,0.4264189898967743
1732437730122714838,0.4264189898967743
1732437730122714838,0.4264189898967743
1732437730133142980,0.4264189898967743
1732437730133142980,0.4264189898967743
1732437730143412013,0.4264189898967743
1732437730143412013,0.4264189898967743
1732437730153689023,0.4264189898967743
1732437730153689023,0.4264189898967743
1732437730164347642,0.4264189898967743
1732437730164347642,0.4264189898967743
1732437730174737353,0.4264189898967743
1732437730174737353,0.4264189898967743
1732437730185011996,0.4264189898967743
1732437730185011996,0.4264189898967743
1732437730195340892,0.4264189898967743
1732437730195340892,0.4264189898967743
1732437730205912108,0.4264189898967743
1732437730205912108,0.4264189898967743
1732437730216297541,0.4264189898967743
1732437730216297541,0.4264189898967743
1732437730226611585,0.4264189898967743
1732437730226611585,0.4264189898967743
1732437730237049777,0.4264189898967743
1732437730237049777,0.4264189898967743
1732437730247178951,0.4264189898967743
1732437730247178951,0.4264189898967743
1732437730257559170,0.4264189898967743
1732437730257559170,0.4264189898967743
1732437730268041484,0.4264189898967743
1732437730268041484,0.4264189898967743
1732437730278442163,0.4264189898967743
1732437730278442163,0.4264189898967743
1732437730288541253,0.4264189898967743
1732437730288541253,0.4264189898967743
1732437730298968090,0.4264189898967743
1732437730298968090,0.4264189898967743
1732437730309582096,0.4264189898967743
1732437730309582096,0.4264189898967743
1732437730321762197,0.4264189898967743
1732437730321762197,0.4264189898967743
1732437730331860806,0.4264189898967743
1732437730331860806,0.4264189898967743
1732437730342680736,0.4264189898967743
1732437730342680736,0.4264189898967743
1732437730342680736,0.4264189898967743
1732437730353387905,0.4264189898967743
1732437730364023452,0.4264189898967743
1732437730364023452,0.4264189898967743
1732437730374766560,0.4264189898967743
1732437730374766560,0.4264189898967743
1732437730386278026,0.4264189898967743
1732437730386278026,0.4264189898967743
1732437730397765047,0.4264189898967743
1732437730397765047,0.4264189898967743
1732437730407925870,0.4264189898967743
1732437730407925870,0.4264189898967743
1732437730421612187,0.4264189898967743
1732437730421612187,0.4264189898967743
1732437730432283929,0.4264189898967743
1732437730432283929,0.4264189898967743
1732437730442385583,0.4264189898967743
1732437730442385583,0.4264189898967743
1732437730453036989,0.4264189898967743
1732437730453036989,0.4264189898967743
1732437730466339800,0.4264189898967743
1732437730466339800,0.4264189898967743
1732437730476899996,0.4264189898967743
1732437730476899996,0.4264189898967743
1732437730487237758,0.4264189898967743
1732437730487237758,0.4264189898967743
1732437730497423239,0.4264189898967743
1732437730497423239,0.4264189898967743
1732437730507961142,0.4264189898967743
1732437730507961142,0.4264189898967743
1732437730518354317,0.4264189898967743
1732437730518354317,0.4264189898967743
1732437730518354317,0.4264189898967743
1732437730518354317,0.4264189898967743
1732437730538663371,0.4264189898967743
1732437730538663371,0.4264189898967743
1732437730548720791,0.4264189898967743
1732437730548720791,0.4264189898967743
1732437730559006085,0.4264189898967743
1732437730559006085,0.4264189898967743
1732437730569327064,0.4264189898967743
1732437730569327064,0.4264189898967743
1732437730580440590,0.4264189898967743
1732437730580440590,0.4264189898967743
1732437730590992033,0.4264189898967743
1732437730590992033,0.4264189898967743
1732437730601794306,0.4264189898967743
1732437730601794306,0.4264189898967743
1732437730612074336,0.4264189898967743
1732437730612074336,0.4264189898967743
1732437730622949248,0.4264189898967743
1732437730622949248,0.4264189898967743
1732437730633377338,0.4264189898967743
1732437730633377338,0.4264189898967743
1732437730643788897,0.4264189898967743
1732437730643788897,0.4264189898967743
1732437730653888257,0.4264189898967743
1732437730653888257,0.4264189898967743
1732437730664335940,0.4264189898967743
1732437730664335940,0.4264189898967743
1732437730674611540,0.4264189898967743
1732437730674611540,0.4264189898967743
1732437730689355905,0.4264189898967743
1732437730689355905,0.4264189898967743
1732437730699871818,0.4264189898967743
1732437730699871818,0.4264189898967743
1732437730710457542,0.4264189898967743
1732437730710457542,0.4264189898967743
1732437730720704735,0.4264189898967743
1732437730720704735,0.4264189898967743
1732437730731042228,0.4264189898967743
1732437730731042228,0.4264189898967743
1732437730741396331,0.4264189898967743
1732437730741396331,0.4264189898967743
1732437730751824220,0.4264189898967743
1732437730751824220,0.4264189898967743
1732437730762240639,0.4264189898967743
1732437730762240639,0.4264189898967743
1732437730772467656,0.4264189898967743
1732437730772467656,0.4264189898967743
1732437730782803294,0.4264189898967743
1732437730782803294,0.4264189898967743
1732437730793060897,0.4264189898967743
1732437730793060897,0.4264189898967743
1732437730803115612,0.4264189898967743
1732437730803115612,0.4264189898967743
1732437730813652406,0.4264189898967743
1732437730813652406,0.4264189898967743
1732437730824081128,0.4264189898967743
1732437730824081128,0.4264189898967743
1732437730834726091,0.4264189898967743
1732437730834726091,0.4264189898967743
1732437730845327835,0.4264189898967743
1732437730845327835,0.4264189898967743
1732437730855893302,0.4264189898967743
1732437730855893302,0.4264189898967743
1732437730866451013,0.4264189898967743
1732437730866451013,0.4264189898967743
1732437730876966085,0.4264189898967743
1732437730876966085,0.4264189898967743
1732437730888423753,0.4264189898967743
1732437730888423753,0.4264189898967743
1732437730898487956,0.4264189898967743
1732437730898487956,0.4264189898967743
1732437730910428602,0.4264189898967743
1732437730910428602,0.4264189898967743
1732437730921264641,0.4264189898967743
1732437730921264641,0.4264189898967743
1732437730931963787,0.4264189898967743
1732437730931963787,0.4264189898967743
1732437730942190573,0.4264189898967743
1732437730942190573,0.4264189898967743
1732437730952416316,0.4264189898967743
1732437730952416316,0.4264189898967743
1732437730962657157,0.4264189898967743
1732437730962657157,0.4264189898967743
1732437730973142733,0.4264189898967743
1732437730973142733,0.4264189898967743
1732437730983338604,0.4264189898967743
1732437730983338604,0.4264189898967743
1732437730993677057,0.4264189898967743
1732437730993677057,0.4264189898967743
1732437731004281265,0.4264189898967743
1732437731004281265,0.4264189898967743
1732437731015847295,0.4264189898967743
1732437731015847295,0.4264189898967743
1732437731026318565,0.4264189898967743
1732437731026318565,0.4264189898967743
1732437731036523867,0.4264189898967743
1732437731036523867,0.4264189898967743
1732437731046683171,0.4264189898967743
1732437731046683171,0.4264189898967743
1732437731059771624,0.4264189898967743
1732437731059771624,0.4264189898967743
1732437731070122550,0.4264189898967743
1732437731070122550,0.4264189898967743
1732437731082546015,0.4264189898967743
1732437731082546015,0.4264189898967743
1732437731092686040,0.4264189898967743
1732437731092686040,0.4264189898967743
1732437731102883601,0.4264189898967743
1732437731102883601,0.4264189898967743
1732437731113380559,0.4264189898967743
1732437731113380559,0.4264189898967743
1732437731123869194,0.4264189898967743
1732437731123869194,0.4264189898967743
1732437731134208999,0.4264189898967743
1732437731134208999,0.4264189898967743
1732437731144803890,0.4264189898967743
1732437731144803890,0.4264189898967743
1732437731155465014,0.4264189898967743
1732437731155465014,0.4264189898967743
1732437731165976650,0.4264189898967743
1732437731165976650,0.4264189898967743
1732437731176615472,0.4264189898967743
1732437731176615472,0.4264189898967743
1732437731187024828,0.4264189898967743
1732437731187024828,0.4264189898967743
1732437731197433380,0.4264189898967743
1732437731197433380,0.4264189898967743
1732437731207889232,0.4264189898967743
1732437731207889232,0.4264189898967743
1732437731218443179,0.4264189898967743
1732437731218443179,0.4264189898967743
1732437731228638428,0.4264189898967743
1732437731228638428,0.4264189898967743
1732437731238977552,0.4264189898967743
1732437731238977552,0.4264189898967743
1732437731249339389,0.4264189898967743
1732437731249339389,0.4264189898967743
1732437731259802065,0.4264189898967743
1732437731259802065,0.4264189898967743
1732437731270003183,0.4264189898967743
1732437731270003183,0.4264189898967743
1732437731280246640,0.4264189898967743
1732437731280246640,0.4264189898967743
1732437731290638212,0.4264189898967743
1732437731290638212,0.4264189898967743
1732437731301344722,0.4264189898967743
1732437731301344722,0.4264189898967743
1732437731311685158,0.4264189898967743
1732437731311685158,0.4264189898967743
1732437731322229986,0.4264189898967743
1732437731322229986,0.4264189898967743
1732437731332429899,0.4264189898967743
1732437731332429899,0.4264189898967743
1732437731342584614,0.4264189898967743
1732437731342584614,0.4264189898967743
1732437731353114373,0.4264189898967743
1732437731353114373,0.4264189898967743
1732437731367086773,0.4264189898967743
1732437731367086773,0.4264189898967743
1732437731377247685,0.4264189898967743
1732437731377247685,0.4264189898967743
1732437731387534051,0.4264189898967743
1732437731387534051,0.4264189898967743
1732437731397906119,0.4264189898967743
1732437731397906119,0.4264189898967743
1732437731408236808,0.4264189898967743
1732437731408236808,0.4264189898967743
1732437731418595579,0.4264189898967743
1732437731418595579,0.4264189898967743
1732437731429005616,0.4264189898967743
1732437731429005616,0.4264189898967743
1732437731439107770,0.4264189898967743
1732437731439107770,0.4264189898967743
1732437731449482631,0.4264189898967743
1732437731449482631,0.4264189898967743
1732437731461569458,0.4264189898967743
1732437731461569458,0.4264189898967743
1732437731471796547,0.4264189898967743
1732437731471796547,0.4264189898967743
1732437731481887739,0.4264189898967743
1732437731481887739,0.4264189898967743
1732437731492890098,0.4264189898967743
1732437731492890098,0.4264189898967743
1732437731503318106,0.4264189898967743
1732437731503318106,0.4264189898967743
1732437731513975777,0.4264189898967743
1732437731513975777,0.4264189898967743
1732437731524381686,0.4264189898967743
1732437731524381686,0.4264189898967743
1732437731534601250,0.4264189898967743
1732437731534601250,0.4264189898967743
1732437731544967615,0.4264189898967743
1732437731544967615,0.4264189898967743
1732437731555199430,0.4264189898967743
1732437731555199430,0.4264189898967743
1732437731566047138,0.4264189898967743
1732437731566047138,0.4264189898967743
1732437731576218942,0.4264189898967743
1732437731576218942,0.4264189898967743
1732437731586748464,0.4264189898967743
1732437731586748464,0.4264189898967743
1732437731597202342,0.4264189898967743
1732437731597202342,0.4264189898967743
1732437731607225991,0.4264189898967743
1732437731607225991,0.4264189898967743
1732437731617441807,0.4264189898967743
1732437731617441807,0.4264189898967743
1732437731627938123,0.4264189898967743
1732437731627938123,0.4264189898967743
1732437731638154801,0.4264189898967743
1732437731638154801,0.4264189898967743
1732437731648675253,0.4264189898967743
1732437731648675253,0.4264189898967743
1732437731659101781,0.4264189898967743
1732437731659101781,0.4264189898967743
1732437731669484137,0.4264189898967743
1732437731669484137,0.4264189898967743
1732437731680126807,0.4264189898967743
1732437731680126807,0.4264189898967743
1732437731691645467,0.4264189898967743
1732437731691645467,0.4264189898967743
1732437731702579388,0.4264189898967743
1732437731702579388,0.4264189898967743
1732437731713013361,0.4264189898967743
1732437731713013361,0.4264189898967743
1732437731726426928,0.4264189898967743
1732437731726426928,0.4264189898967743
1732437731738698621,0.4264189898967743
1732437731738698621,0.4264189898967743
1732437731759677379,0.4264189898967743
1732437731759677379,0.4264189898967743
1732437731770650785,0.4264189898967743
1732437731770650785,0.4264189898967743
1732437731781357295,0.4264189898967743
1732437731781357295,0.4264189898967743
1732437731793209215,0.4264189898967743
1732437731793209215,0.4264189898967743
1732437731813729611,0.4264189898967743
1732437731813729611,0.4264189898967743
1732437731813729611,0.4264189898967743
1732437731813729611,0.4264189898967743
1732437731824142540,0.4264189898967743
1732437731824142540,0.4264189898967743
1732437731834301372,0.4264189898967743
1732437731834301372,0.4264189898967743
1732437731844504786,0.4264189898967743
1732437731844504786,0.4264189898967743
1732437731854649749,0.4264189898967743
1732437731854649749,0.4264189898967743
1732437731864870663,0.4264189898967743
1732437731864870663,0.4264189898967743
1732437731875273478,0.4264189898967743
1732437731875273478,0.4264189898967743
1732437731885443428,0.4264189898967743
1732437731885443428,0.4264189898967743
1732437731896029141,0.4264189898967743
1732437731896029141,0.4264189898967743
1732437731906793858,0.4264189898967743
1732437731906793858,0.4264189898967743
1732437731918756765,0.4264189898967743
1732437731918756765,0.4264189898967743
1732437731929009860,0.4264189898967743
1732437731929009860,0.4264189898967743
1732437731939359364,0.4264189898967743
1732437731939359364,0.4264189898967743
1732437731949923569,0.4264189898967743
1732437731949923569,0.4264189898967743
1732437731960378289,0.4264189898967743
1732437731960378289,0.4264189898967743
1732437731970438443,0.4264189898967743
1732437731970438443,0.4264189898967743
1732437731980833004,0.4264189898967743
1732437731980833004,0.4264189898967743
1732437731991663960,0.4264189898967743
1732437731991663960,0.4264189898967743
1732437732002356866,0.4264189898967743
1732437732002356866,0.4264189898967743
1732437732012599884,0.4264189898967743
1732437732012599884,0.4264189898967743
1732437732022707277,0.4264189898967743
1732437732022707277,0.4264189898967743
1732437732033312536,0.4264189898967743
1732437732033312536,0.4264189898967743
1732437732043533101,0.4264189898967743
1732437732043533101,0.4264189898967743
1732437732053921659,0.4264189898967743
1732437732053921659,0.4264189898967743
1732437732065947563,0.4264189898967743
1732437732065947563,0.4264189898967743
1732437732076277660,0.4264189898967743
1732437732076277660,0.4264189898967743
1732437732086735217,0.4264189898967743
1732437732086735217,0.4264189898967743
1732437732097121956,0.4264189898967743
1732437732097121956,0.4264189898967743
1732437732107755112,0.4264189898967743
1732437732107755112,0.4264189898967743
1732437732119780095,0.4264189898967743
1732437732119780095,0.4264189898967743
1732437732130098642,0.4264189898967743
1732437732130098642,0.4264189898967743
1732437732140314106,0.4264189898967743
1732437732140314106,0.4264189898967743
1732437732150629849,0.4264189898967743
1732437732150629849,0.4264189898967743
1732437732161138789,0.4264189898967743
1732437732161138789,0.4264189898967743
1732437732171915530,0.4264189898967743
1732437732171915530,0.4264189898967743
1732437732182304787,0.4264189898967743
1732437732182304787,0.4264189898967743
1732437732192578820,0.4264189898967743
1732437732192578820,0.4264189898967743
1732437732202896446,0.4264189898967743
1732437732202896446,0.4264189898967743
1732437732213466020,0.4264189898967743
1732437732213466020,0.4264189898967743
1732437732223732359,0.4264189898967743
1732437732223732359,0.4264189898967743
1732437732233965879,0.4264189898967743
1732437732233965879,0.4264189898967743
1732437732244226959,0.4264189898967743
1732437732244226959,0.4264189898967743
1732437732254761305,0.4264189898967743
1732437732254761305,0.4264189898967743
1732437732264978822,0.4264189898967743
1732437732264978822,0.4264189898967743
1732437732275490251,0.4264189898967743
1732437732275490251,0.4264189898967743
1732437732286077326,0.4264189898967743
1732437732286077326,0.4264189898967743
1732437732296282484,0.4264189898967743
1732437732296282484,0.4264189898967743
1732437732306414252,0.4264189898967743
1732437732306414252,0.4264189898967743
1732437732316643713,0.4264189898967743
1732437732316643713,0.4264189898967743
1732437732327480314,0.4264189898967743
1732437732327480314,0.4264189898967743
1732437732337630687,0.4264189898967743
1732437732337630687,0.4264189898967743
1732437732349467451,0.4264189898967743
1732437732349467451,0.4264189898967743
1732437732359543005,0.4264189898967743
1732437732359543005,0.4264189898967743
1732437732370066142,0.4264189898967743
1732437732370066142,0.4264189898967743
1732437732380566829,0.4264189898967743
1732437732380566829,0.4264189898967743
1732437732390621534,0.4264189898967743
1732437732390621534,0.4264189898967743
1732437732401126006,0.4264189898967743
1732437732401126006,0.4264189898967743
1732437732411484558,0.4264189898967743
1732437732411484558,0.4264189898967743
1732437732421853899,0.4264189898967743
1732437732421853899,0.4264189898967743
1732437732432373089,0.4264189898967743
1732437732432373089,0.4264189898967743
1732437732442614482,0.4264189898967743
1732437732442614482,0.4264189898967743
1732437732452920265,0.4264189898967743
1732437732452920265,0.4264189898967743
1732437732463082430,0.4264189898967743
1732437732463082430,0.4264189898967743
1732437732473350955,0.4264189898967743
1732437732473350955,0.4264189898967743
1732437732483709425,0.4264189898967743
1732437732483709425,0.4264189898967743
1732437732494310156,0.4264189898967743
1732437732494310156,0.4264189898967743
1732437732504827384,0.4264189898967743
1732437732504827384,0.4264189898967743
1732437732515111487,0.4264189898967743
1732437732515111487,0.4264189898967743
1732437732525209423,0.4264189898967743
1732437732525209423,0.4264189898967743
1732437732535378842,0.4264189898967743
1732437732535378842,0.4264189898967743
1732437732547164159,0.4264189898967743
1732437732547164159,0.4264189898967743
1732437732558855171,0.4264189898967743
1732437732558855171,0.4264189898967743
1732437732569430865,0.4264189898967743
1732437732569430865,0.4264189898967743
1732437732579920447,0.4264189898967743
1732437732579920447,0.4264189898967743
1732437732590338364,0.4264189898967743
1732437732590338364,0.4264189898967743
1732437732602297302,0.4264189898967743
1732437732602297302,0.4264189898967743
1732437732613877197,0.4264189898967743
1732437732613877197,0.4264189898967743
1732437732624110966,0.4264189898967743
1732437732624110966,0.4264189898967743
1732437732636179450,0.4264189898967743
1732437732636179450,0.4264189898967743
1732437732650611513,0.4264189898967743
1732437732650611513,0.4264189898967743
1732437732660908209,0.4264189898967743
1732437732660908209,0.4264189898967743
1732437732671012967,0.4264189898967743
1732437732671012967,0.4264189898967743
1732437732681599945,0.4264189898967743
1732437732681599945,0.4264189898967743
1732437732692157516,0.4264189898967743
1732437732692157516,0.4264189898967743
1732437732703308501,0.4264189898967743
1732437732703308501,0.4264189898967743
1732437732703308501,0.4264189898967743
1732437732703308501,0.4264189898967743
1732437732723908806,0.4264189898967743
1732437732723908806,0.4264189898967743
1732437732734659840,0.4264189898967743
1732437732734659840,0.4264189898967743
1732437732744848494,0.4264189898967743
1732437732744848494,0.4264189898967743
1732437732754932604,0.4264189898967743
1732437732754932604,0.4264189898967743
1732437732765452917,0.4264189898967743
1732437732765452917,0.4264189898967743
1732437732777371322,0.4264189898967743
1732437732777371322,0.4264189898967743
1732437732790522350,0.4264189898967743
1732437732790522350,0.4264189898967743
1732437732800852760,0.4264189898967743
1732437732800852760,0.4264189898967743
1732437732812169283,0.4264189898967743
1732437732812169283,0.4264189898967743
1732437732822500580,0.4264189898967743
1732437732822500580,0.4264189898967743
1732437732832988857,0.4264189898967743
1732437732832988857,0.4264189898967743
1732437732843095649,0.4264189898967743
1732437732843095649,0.4264189898967743
1732437732853320632,0.4264189898967743
1732437732853320632,0.4264189898967743
1732437732863866322,0.4264189898967743
1732437732863866322,0.4264189898967743
1732437732875501608,0.4264189898967743
1732437732875501608,0.4264189898967743
1732437732886161969,0.4264189898967743
1732437732886161969,0.4264189898967743
1732437732896558153,0.4264189898967743
1732437732896558153,0.4264189898967743
1732437732906965816,0.4264189898967743
1732437732906965816,0.4264189898967743
1732437732917058814,0.4264189898967743
1732437732917058814,0.4264189898967743
1732437732928196654,0.4264189898967743
1732437732928196654,0.4264189898967743
1732437732938344192,0.4264189898967743
1732437732938344192,0.4264189898967743
1732437732948389161,0.4264189898967743
1732437732948389161,0.4264189898967743
1732437732958528503,0.4264189898967743
1732437732958528503,0.4264189898967743
1732437732970531465,0.4264189898967743
1732437732970531465,0.4264189898967743
1732437732970531465,0.4264189898967743
1732437732970531465,0.4264189898967743
1732437732991345228,0.4264189898967743
1732437732991345228,0.4264189898967743
1732437733001588712,0.4264189898967743
1732437733001588712,0.4264189898967743
1732437733012763737,0.4264189898967743
1732437733012763737,0.4264189898967743
1732437733023461168,0.4264189898967743
1732437733023461168,0.4264189898967743
1732437733033727689,0.4264189898967743
1732437733033727689,0.4264189898967743
1732437733043843368,0.4264189898967743
1732437733043843368,0.4264189898967743
1732437733054349693,0.4264189898967743
1732437733054349693,0.4264189898967743
1732437733064868854,0.4264189898967743
1732437733064868854,0.4264189898967743
1732437733075401889,0.4264189898967743
1732437733075401889,0.4264189898967743
1732437733089740520,0.4264189898967743
1732437733089740520,0.4264189898967743
1732437733100145627,0.4264189898967743
1732437733100145627,0.4264189898967743
1732437733110465427,0.4264189898967743
1732437733110465427,0.4264189898967743
1732437733120892987,0.4264189898967743
1732437733120892987,0.4264189898967743
1732437733131407688,0.4264189898967743
1732437733131407688,0.4264189898967743
1732437733141574191,0.4264189898967743
1732437733141574191,0.4264189898967743
1732437733155072955,0.4264189898967743
1732437733155072955,0.4264189898967743
1732437733165440747,0.4264189898967743
1732437733165440747,0.4264189898967743
1732437733176042080,0.4264189898967743
1732437733176042080,0.4264189898967743
1732437733186312577,0.4264189898967743
1732437733186312577,0.4264189898967743
1732437733197589489,0.4264189898967743
1732437733197589489,0.4264189898967743
1732437733208118146,0.4264189898967743
1732437733208118146,0.4264189898967743
1732437733218716333,0.4264189898967743
1732437733218716333,0.4264189898967743
1732437733229045731,0.4264189898967743
1732437733229045731,0.4264189898967743
1732437733239653536,0.4264189898967743
1732437733239653536,0.4264189898967743
1732437733250403316,0.4264189898967743
1732437733250403316,0.4264189898967743
1732437733261434608,0.4264189898967743
1732437733261434608,0.4264189898967743
1732437733272937749,0.4264189898967743
1732437733272937749,0.4264189898967743
1732437733283353314,0.4264189898967743
1732437733283353314,0.4264189898967743
1732437733293889025,0.4264189898967743
1732437733293889025,0.4264189898967743
1732437733306357238,0.4264189898967743
1732437733306357238,0.4264189898967743
1732437733317073564,0.4264189898967743
1732437733317073564,0.4264189898967743
1732437733327317248,0.4264189898967743
1732437733327317248,0.4264189898967743
1732437733337406682,0.4264189898967743
1732437733337406682,0.4264189898967743
1732437733347555823,0.4264189898967743
1732437733347555823,0.4264189898967743
1732437733357772652,0.4264189898967743
1732437733357772652,0.4264189898967743
1732437733368637344,0.4264189898967743
1732437733368637344,0.4264189898967743
1732437733379680340,0.4264189898967743
1732437733379680340,0.4264189898967743
1732437733389836194,0.4264189898967743
1732437733389836194,0.4264189898967743
1732437733400224096,0.4264189898967743
1732437733400224096,0.4264189898967743
1732437733410665833,0.4264189898967743
1732437733410665833,0.4264189898967743
1732437733421336127,0.4264189898967743
1732437733421336127,0.4264189898967743
1732437733431983486,0.4264189898967743
1732437733431983486,0.4264189898967743
1732437733442246390,0.4264189898967743
1732437733442246390,0.4264189898967743
1732437733452898466,0.4264189898967743
1732437733452898466,0.4264189898967743
1732437733463248914,0.4264189898967743
1732437733463248914,0.4264189898967743
1732437733473708733,0.4264189898967743
1732437733473708733,0.4264189898967743
1732437733484114642,0.4264189898967743
1732437733484114642,0.4264189898967743
1732437733494487630,0.4264189898967743
1732437733494487630,0.4264189898967743
1732437733504783465,0.4264189898967743
1732437733504783465,0.4264189898967743
1732437733515428230,0.4264189898967743
1732437733515428230,0.4264189898967743
1732437733526035644,0.4264189898967743
1732437733526035644,0.4264189898967743
1732437733536355733,0.4264189898967743
1732437733536355733,0.4264189898967743
1732437733546599702,0.4264189898967743
1732437733546599702,0.4264189898967743
1732437733557042459,0.4264189898967743
1732437733557042459,0.4264189898967743
1732437733567531644,0.4264189898967743
1732437733567531644,0.4264189898967743
1732437733577699060,0.4264189898967743
1732437733577699060,0.4264189898967743
1732437733588195046,0.4264189898967743
1732437733588195046,0.4264189898967743
1732437733598706784,0.4264189898967743
1732437733598706784,0.4264189898967743
1732437733608893525,0.4264189898967743
1732437733608893525,0.4264189898967743
1732437733619229485,0.4264189898967743
1732437733619229485,0.4264189898967743
1732437733629801874,0.4264189898967743
1732437733629801874,0.4264189898967743
1732437733640135538,0.4264189898967743
1732437733640135538,0.4264189898967743
1732437733650508537,0.4264189898967743
1732437733650508537,0.4264189898967743
1732437733660720996,0.4264189898967743
1732437733660720996,0.4264189898967743
1732437733670897387,0.4264189898967743
1732437733670897387,0.4264189898967743
1732437733681327913,0.4264189898967743
1732437733681327913,0.4264189898967743
1732437733691456616,0.4264189898967743
1732437733691456616,0.4264189898967743
1732437733701772506,0.4264189898967743
1732437733701772506,0.4264189898967743
1732437733712304934,0.4264189898967743
1732437733712304934,0.4264189898967743
1732437733722670868,0.4264189898967743
1732437733722670868,0.4264189898967743
1732437733732939803,0.4264189898967743
1732437733732939803,0.4264189898967743
1732437733743307090,0.4264189898967743
1732437733754044337,0.4264189898967743
1732437733754044337,0.4264189898967743
1732437733764319223,0.4264189898967743
1732437733764319223,0.4264189898967743
1732437733774569361,0.4264189898967743
1732437733774569361,0.4264189898967743
1732437733785042747,0.4264189898967743
1732437733785042747,0.4264189898967743
1732437733795731462,0.4264189898967743
1732437733795731462,0.4264189898967743
1732437733806190061,0.4264189898967743
1732437733806190061,0.4264189898967743
1732437733816827871,0.4264189898967743
1732437733816827871,0.4264189898967743
1732437733827491991,0.4264189898967743
1732437733827491991,0.4264189898967743
1732437733837816369,0.4264189898967743
1732437733837816369,0.4264189898967743
1732437733848765849,0.4264189898967743
1732437733848765849,0.4264189898967743
1732437733859151402,0.4264189898967743
1732437733859151402,0.4264189898967743
1732437733869621059,0.4264189898967743
1732437733869621059,0.4264189898967743
1732437733879756205,0.4264189898967743
1732437733879756205,0.4264189898967743
1732437733889970658,0.4264189898967743
1732437733889970658,0.4264189898967743
1732437733900569175,0.4264189898967743
1732437733900569175,0.4264189898967743
1732437733911461722,0.4264189898967743
1732437733911461722,0.4264189898967743
1732437733922071369,0.4264189898967743
1732437733922071369,0.4264189898967743
1732437733932656953,0.4264189898967743
1732437733932656953,0.4264189898967743
1732437733942907264,0.4264189898967743
1732437733942907264,0.4264189898967743
1732437733953122027,0.4264189898967743
1732437733953122027,0.4264189898967743
1732437733963618696,0.4264189898967743
1732437733963618696,0.4264189898967743
1732437733974431903,0.4264189898967743
1732437733974431903,0.4264189898967743
1732437733984612563,0.4264189898967743
1732437733984612563,0.4264189898967743
1732437733994935188,0.4264189898967743
1732437733994935188,0.4264189898967743
1732437734005141412,0.4264189898967743
1732437734005141412,0.4264189898967743
1732437734015779408,0.4264189898967743
1732437734015779408,0.4264189898967743
1732437734025971048,0.4264189898967743
1732437734025971048,0.4264189898967743
1732437734037665024,0.4264189898967743
1732437734037665024,0.4264189898967743
1732437734047856185,0.4264189898967743
1732437734047856185,0.4264189898967743
1732437734058103648,0.4264189898967743
1732437734058103648,0.4264189898967743
1732437734068384635,0.4264189898967743
1732437734068384635,0.4264189898967743
1732437734078701830,0.4264189898967743
1732437734078701830,0.4264189898967743
1732437734088894221,0.4264189898967743
1732437734088894221,0.4264189898967743
1732437734098983923,0.4264189898967743
1732437734098983923,0.4264189898967743
1732437734111408790,0.4264189898967743
1732437734111408790,0.4264189898967743
1732437734122052613,0.4264189898967743
1732437734122052613,0.4264189898967743
1732437734132632075,0.4264189898967743
1732437734132632075,0.4264189898967743
1732437734142771550,0.4264189898967743
1732437734142771550,0.4264189898967743
1732437734153158223,0.4264189898967743
1732437734153158223,0.4264189898967743
1732437734163539236,0.4264189898967743
1732437734163539236,0.4264189898967743
1732437734174128277,0.4264189898967743
1732437734174128277,0.4264189898967743
1732437734184478548,0.4264189898967743
1732437734184478548,0.4264189898967743
1732437734194798222,0.4264189898967743
1732437734194798222,0.4264189898967743
1732437734204908851,0.4264189898967743
1732437734204908851,0.4264189898967743
1732437734215242296,0.4264189898967743
1732437734215242296,0.4264189898967743
1732437734225859648,0.4264189898967743
1732437734225859648,0.4264189898967743
1732437734236389470,0.4264189898967743
1732437734236389470,0.4264189898967743
1732437734246924589,0.4264189898967743
1732437734246924589,0.4264189898967743
1732437734257488934,0.4264189898967743
1732437734257488934,0.4264189898967743
1732437734267722893,0.4264189898967743
1732437734267722893,0.4264189898967743
1732437734277862506,0.4264189898967743
1732437734277862506,0.4264189898967743
1732437734287964301,0.4264189898967743
1732437734287964301,0.4264189898967743
1732437734298217335,0.4264189898967743
1732437734298217335,0.4264189898967743
1732437734308720547,0.4264189898967743
1732437734308720547,0.4264189898967743
1732437734319392510,0.4264189898967743
1732437734319392510,0.4264189898967743
1732437734329670963,0.4264189898967743
1732437734329670963,0.4264189898967743
1732437734340102981,0.4264189898967743
1732437734340102981,0.4264189898967743
1732437734350538445,0.4264189898967743
1732437734350538445,0.4264189898967743
1732437734361148285,0.4264189898967743
1732437734361148285,0.4264189898967743
1732437734371705215,0.4264189898967743
1732437734371705215,0.4264189898967743
1732437734382477227,0.4264189898967743
1732437734382477227,0.4264189898967743
1732437734393025617,0.4264189898967743
1732437734393025617,0.4264189898967743
1732437734403034392,0.4264189898967743
1732437734403034392,0.4264189898967743
1732437734413285138,0.4264189898967743
1732437734413285138,0.4264189898967743
1732437734423772383,0.4264189898967743
1732437734423772383,0.4264189898967743
1732437734434046888,0.4264189898967743
1732437734434046888,0.4264189898967743
1732437734444455822,0.4264189898967743
1732437734444455822,0.4264189898967743
1732437734454899123,0.4264189898967743
1732437734454899123,0.4264189898967743
1732437734465202330,0.4264189898967743
1732437734465202330,0.4264189898967743
1732437734475829833,0.4264189898967743
1732437734475829833,0.4264189898967743
1732437734486517607,0.4264189898967743
1732437734486517607,0.4264189898967743
1732437734497199531,0.4264189898967743
1732437734497199531,0.4264189898967743
1732437734507488342,0.4264189898967743
1732437734507488342,0.4264189898967743
1732437734517628556,0.4264189898967743
1732437734517628556,0.4264189898967743
1732437734527925604,0.4264189898967743
1732437734527925604,0.4264189898967743
1732437734538782502,0.4264189898967743
1732437734538782502,0.4264189898967743
1732437734548986182,0.4264189898967743
1732437734548986182,0.4264189898967743
1732437734559243238,0.4264189898967743
1732437734559243238,0.4264189898967743
1732437734569483650,0.4264189898967743
1732437734569483650,0.4264189898967743
1732437734579811804,0.4264189898967743
1732437734579811804,0.4264189898967743
1732437734590377252,0.4264189898967743
1732437734590377252,0.4264189898967743
1732437734600743486,0.4264189898967743
1732437734600743486,0.4264189898967743
1732437734610976082,0.4264189898967743
1732437734610976082,0.4264189898967743
1732437734621304509,0.4264189898967743
1732437734621304509,0.4264189898967743
1732437734631579805,0.4264189898967743
1732437734631579805,0.4264189898967743
1732437734642233045,0.4264189898967743
1732437734642233045,0.4264189898967743
1732437734652529791,0.4264189898967743
1732437734652529791,0.4264189898967743
1732437734662811761,0.4264189898967743
1732437734662811761,0.4264189898967743
1732437734673045489,0.4264189898967743
1732437734673045489,0.4264189898967743
1732437734683876069,0.4264189898967743
1732437734683876069,0.4264189898967743
1732437734694415688,0.4264189898967743
1732437734694415688,0.4264189898967743
1732437734704579475,0.4264189898967743
1732437734704579475,0.4264189898967743
1732437734715191991,0.4264189898967743
1732437734715191991,0.4264189898967743
1732437734725890624,0.4264189898967743
1732437734725890624,0.4264189898967743
1732437734736491467,0.4264189898967743
1732437734736491467,0.4264189898967743
1732437734748327939,0.4264189898967743
1732437734748327939,0.4264189898967743
1732437734758857780,0.4264189898967743
1732437734758857780,0.4264189898967743
1732437734769673160,0.4264189898967743
1732437734769673160,0.4264189898967743
1732437734780171973,0.4264189898967743
1732437734780171973,0.4264189898967743
1732437734790447309,0.4264189898967743
1732437734790447309,0.4264189898967743
1732437734800911847,0.4264189898967743
1732437734800911847,0.4264189898967743
1732437734811068825,0.4264189898967743
1732437734811068825,0.4264189898967743
1732437734821471568,0.4264189898967743
1732437734821471568,0.4264189898967743
1732437734831830908,0.4264189898967743
1732437734831830908,0.4264189898967743
1732437734842613237,0.4264189898967743
1732437734842613237,0.4264189898967743
1732437734853074224,0.4264189898967743
1732437734853074224,0.4264189898967743
1732437734863441701,0.4264189898967743
1732437734863441701,0.4264189898967743
1732437734873776649,0.4264189898967743
1732437734873776649,0.4264189898967743
1732437734884229746,0.4264189898967743
1732437734884229746,0.4264189898967743
1732437734894404014,0.4264189898967743
1732437734894404014,0.4264189898967743
1732437734904599994,0.4264189898967743
1732437734904599994,0.4264189898967743
1732437734915183854,0.4264189898967743
1732437734915183854,0.4264189898967743
1732437734925601596,0.4264189898967743
1732437734925601596,0.4264189898967743
1732437734936088335,0.4264189898967743
1732437734936088335,0.4264189898967743
1732437734946455083,0.4264189898967743
1732437734946455083,0.4264189898967743
1732437734958460609,0.4264189898967743
1732437734958460609,0.4264189898967743
1732437734969308081,0.4264189898967743
1732437734969308081,0.4264189898967743
1732437734979660221,0.4264189898967743
1732437734979660221,0.4264189898967743
1732437734989985078,0.4264189898967743
1732437734989985078,0.4264189898967743
1732437735003856279,0.4264189898967743
1732437735003856279,0.4264189898967743
1732437735014370018,0.4264189898967743
1732437735014370018,0.4264189898967743
1732437735024616562,0.4264189898967743
1732437735024616562,0.4264189898967743
1732437735034749162,0.4264189898967743
1732437735034749162,0.4264189898967743
1732437735044866035,0.4264189898967743
1732437735044866035,0.4264189898967743
1732437735055449794,0.4264189898967743
1732437735055449794,0.4264189898967743
1732437735066252173,0.4264189898967743
1732437735066252173,0.4264189898967743
1732437735076921221,0.4264189898967743
1732437735076921221,0.4264189898967743
1732437735087257981,0.4264189898967743
1732437735087257981,0.4264189898967743
1732437735097513291,0.4264189898967743
1732437735097513291,0.4264189898967743
1732437735108134281,0.4264189898967743
1732437735108134281,0.4264189898967743
1732437735118414708,0.4264189898967743
1732437735118414708,0.4264189898967743
1732437735128637656,0.4264189898967743
1732437735128637656,0.4264189898967743
1732437735138863531,0.4264189898967743
1732437735138863531,0.4264189898967743
1732437735149078414,0.4264189898967743
1732437735149078414,0.4264189898967743
1732437735159385741,0.4264189898967743
1732437735159385741,0.4264189898967743
1732437735170039982,0.4264189898967743
1732437735170039982,0.4264189898967743
1732437735180280114,0.4264189898967743
1732437735180280114,0.4264189898967743
1732437735190927843,0.4264189898967743
1732437735190927843,0.4264189898967743
1732437735201257191,0.4264189898967743
1732437735201257191,0.4264189898967743
1732437735211763076,0.4264189898967743
1732437735211763076,0.4264189898967743
1732437735221989162,0.4264189898967743
1732437735221989162,0.4264189898967743
1732437735232144604,0.4264189898967743
1732437735232144604,0.4264189898967743
1732437735242825356,0.4264189898967743
1732437735242825356,0.4264189898967743
1732437735252963086,0.4264189898967743
1732437735252963086,0.4264189898967743
1732437735263788397,0.4264189898967743
1732437735263788397,0.4264189898967743
1732437735274154121,0.4264189898967743
1732437735274154121,0.4264189898967743
1732437735284532460,0.4264189898967743
1732437735284532460,0.4264189898967743
1732437735294832061,0.4264189898967743
1732437735294832061,0.4264189898967743
1732437735304983127,0.4264189898967743
1732437735304983127,0.4264189898967743
1732437735315554734,0.4264189898967743
1732437735315554734,0.4264189898967743
1732437735326185022,0.4264189898967743
1732437735326185022,0.4264189898967743
1732437735336516783,0.4264189898967743
1732437735336516783,0.4264189898967743
1732437735346772324,0.4264189898967743
1732437735346772324,0.4264189898967743
1732437735357285232,0.4264189898967743
1732437735357285232,0.4264189898967743
1732437735367725846,0.4264189898967743
1732437735367725846,0.4264189898967743
1732437735378073433,0.4264189898967743
1732437735378073433,0.4264189898967743
1732437735390949525,0.4264189898967743
1732437735390949525,0.4264189898967743
1732437735401529368,0.4264189898967743
1732437735401529368,0.4264189898967743
1732437735412226711,0.4264189898967743
1732437735412226711,0.4264189898967743
1732437735422512706,0.4264189898967743
1732437735422512706,0.4264189898967743
1732437735433071541,0.4264189898967743
1732437735433071541,0.4264189898967743
1732437735443154599,0.4264189898967743
1732437735443154599,0.4264189898967743
1732437735453843807,0.4264189898967743
1732437735453843807,0.4264189898967743
1732437735464101530,0.4264189898967743
1732437735464101530,0.4264189898967743
1732437735474295576,0.4264189898967743
1732437735474295576,0.4264189898967743
1732437735484632105,0.4264189898967743
1732437735484632105,0.4264189898967743
1732437735494806814,0.4264189898967743
1732437735494806814,0.4264189898967743
1732437735505315766,0.4264189898967743
1732437735505315766,0.4264189898967743
1732437735516277691,0.4264189898967743
1732437735516277691,0.4264189898967743
1732437735526947140,0.4264189898967743
1732437735526947140,0.4264189898967743
1732437735537063861,0.4264189898967743
1732437735537063861,0.4264189898967743
1732437735548709459,0.4264189898967743
1732437735548709459,0.4264189898967743
1732437735559026743,0.4264189898967743
1732437735559026743,0.4264189898967743
1732437735569682609,0.4264189898967743
1732437735569682609,0.4264189898967743
1732437735580021784,0.4264189898967743
1732437735580021784,0.4264189898967743
1732437735590354688,0.4264189898967743
1732437735590354688,0.4264189898967743
1732437735600639959,0.4264189898967743
1732437735600639959,0.4264189898967743
1732437735610954563,0.4264189898967743
1732437735610954563,0.4264189898967743
1732437735621157424,0.4264189898967743
1732437735621157424,0.4264189898967743
1732437735631447198,0.4264189898967743
1732437735631447198,0.4264189898967743
1732437735641701154,0.4264189898967743
1732437735641701154,0.4264189898967743
1732437735652149123,0.4264189898967743
1732437735652149123,0.4264189898967743
1732437735662549982,0.4264189898967743
1732437735662549982,0.4264189898967743
1732437735662549982,0.4264189898967743
1732437735673283593,0.4264189898967743
1732437735683750044,0.4264189898967743
1732437735683750044,0.4264189898967743
1732437735694621051,0.4264189898967743
1732437735694621051,0.4264189898967743
1732437735707008688,0.4264189898967743
1732437735707008688,0.4264189898967743
1732437735717060199,0.4264189898967743
1732437735717060199,0.4264189898967743
1732437735727332078,0.4264189898967743
1732437735727332078,0.4264189898967743
1732437735737997141,0.4264189898967743
1732437735737997141,0.4264189898967743
1732437735748144328,0.4264189898967743
1732437735748144328,0.4264189898967743
1732437735758441927,0.4264189898967743
1732437735758441927,0.4264189898967743
1732437735768627335,0.4264189898967743
1732437735768627335,0.4264189898967743
1732437735778786336,0.4264189898967743
1732437735778786336,0.4264189898967743
1732437735789063766,0.4264189898967743
1732437735789063766,0.4264189898967743
1732437735799315249,0.4264189898967743
1732437735799315249,0.4264189898967743
1732437735809566720,0.4264189898967743
1732437735809566720,0.4264189898967743
1732437735820216093,0.4264189898967743
1732437735820216093,0.4264189898967743
1732437735830307146,0.4264189898967743
1732437735830307146,0.4264189898967743
1732437735840930671,0.4264189898967743
1732437735840930671,0.4264189898967743
1732437735854749073,0.4264189898967743
1732437735854749073,0.4264189898967743
1732437735864983745,0.4264189898967743
1732437735864983745,0.4264189898967743
1732437735875157792,0.4264189898967743
1732437735875157792,0.4264189898967743
1732437735885798038,0.4264189898967743
1732437735885798038,0.4264189898967743
1732437735896410211,0.4264189898967743
1732437735896410211,0.4264189898967743
1732437735906959458,0.4264189898967743
1732437735906959458,0.4264189898967743
1732437735917231979,0.4264189898967743
1732437735917231979,0.4264189898967743
1732437735927513828,0.4264189898967743
1732437735927513828,0.4264189898967743
1732437735937531394,0.4264189898967743
1732437735937531394,0.4264189898967743
1732437735947651171,0.4264189898967743
1732437735947651171,0.4264189898967743
1732437735958056440,0.4264189898967743
1732437735958056440,0.4264189898967743
1732437735968332327,0.4264189898967743
1732437735968332327,0.4264189898967743
1732437735978879260,0.4264189898967743
1732437735978879260,0.4264189898967743
1732437735989199639,0.4264189898967743
1732437735989199639,0.4264189898967743
1732437735999814335,0.4264189898967743
1732437735999814335,0.4264189898967743
1732437736010565009,0.4264189898967743
1732437736010565009,0.4264189898967743
1732437736010565009,0.4264189898967743
1732437736010565009,0.4264189898967743
1732437736031004636,0.4264189898967743
1732437736031004636,0.4264189898967743
1732437736041902923,0.4264189898967743
1732437736041902923,0.4264189898967743
1732437736052052494,0.4264189898967743
1732437736052052494,0.4264189898967743
1732437736062738953,0.4264189898967743
1732437736062738953,0.4264189898967743
1732437736073408697,0.4264189898967743
1732437736073408697,0.4264189898967743
1732437736084038344,0.4264189898967743
1732437736084038344,0.4264189898967743
1732437736094381195,0.4264189898967743
1732437736094381195,0.4264189898967743
1732437736104672973,0.4264189898967743
1732437736104672973,0.4264189898967743
1732437736114945223,0.4264189898967743
1732437736114945223,0.4264189898967743
1732437736125435701,0.4264189898967743
1732437736125435701,0.4264189898967743
1732437736136047663,0.4264189898967743
1732437736136047663,0.4264189898967743
1732437736146615474,0.4264189898967743
1732437736146615474,0.4264189898967743
1732437736157311605,0.4264189898967743
1732437736157311605,0.4264189898967743
1732437736167510008,0.4264189898967743
1732437736167510008,0.4264189898967743
1732437736177849535,0.4264189898967743
1732437736177849535,0.4264189898967743
1732437736188406725,0.4264189898967743
1732437736188406725,0.4264189898967743
1732437736198995025,0.4264189898967743
1732437736198995025,0.4264189898967743
1732437736209602219,0.4264189898967743
1732437736209602219,0.4264189898967743
1732437736220220154,0.4264189898967743
1732437736220220154,0.4264189898967743
1732437736230847184,0.4264189898967743
1732437736230847184,0.4264189898967743
1732437736241575735,0.4264189898967743
1732437736241575735,0.4264189898967743
1732437736251916713,0.4264189898967743
1732437736251916713,0.4264189898967743
1732437736262356176,0.4264189898967743
1732437736262356176,0.4264189898967743
1732437736272593713,0.4264189898967743
1732437736272593713,0.4264189898967743
1732437736285338636,0.4264189898967743
1732437736285338636,0.4264189898967743
1732437736295699763,0.4264189898967743
1732437736295699763,0.4264189898967743
1732437736305926057,0.4264189898967743
1732437736305926057,0.4264189898967743
1732437736315975555,0.4264189898967743
1732437736315975555,0.4264189898967743
1732437736326470769,0.4264189898967743
1732437736326470769,0.4264189898967743
1732437736336707916,0.4264189898967743
1732437736336707916,0.4264189898967743
1732437736348608617,0.4264189898967743
1732437736348608617,0.4264189898967743
1732437736358946050,0.4264189898967743
1732437736358946050,0.4264189898967743
1732437736369344846,0.4264189898967743
1732437736369344846,0.4264189898967743
1732437736380156892,0.4264189898967743
1732437736380156892,0.4264189898967743
1732437736390417090,0.4264189898967743
1732437736390417090,0.4264189898967743
1732437736401040044,0.4264189898967743
1732437736401040044,0.4264189898967743
1732437736411208541,0.4264189898967743
1732437736411208541,0.4264189898967743
1732437736421877601,0.4264189898967743
1732437736421877601,0.4264189898967743
1732437736432388466,0.4264189898967743
1732437736432388466,0.4264189898967743
1732437736442963911,0.4264189898967743
1732437736442963911,0.4264189898967743
1732437736453205175,0.4264189898967743
1732437736453205175,0.4264189898967743
1732437736648263865,0.4264189898967743
1732437736648263865,0.4264189898967743
1732437736648263865,0.4264189898967743
1732437736648263865,0.4264189898967743
1732437736670485173,0.4264189898967743
1732437736670485173,0.4264189898967743
1732437736680636123,0.4264189898967743
1732437736680636123,0.4264189898967743
1732437736691457761,0.4264189898967743
1732437736691457761,0.4264189898967743
1732437736703590644,0.4264189898967743
1732437736703590644,0.4264189898967743
1732437736714526831,0.4264189898967743
1732437736714526831,0.4264189898967743
1732437736724737827,0.4264189898967743
1732437736724737827,0.4264189898967743
1732437736735166601,0.4264189898967743
1732437736735166601,0.4264189898967743
1732437736745703544,0.4264189898967743
1732437736745703544,0.4264189898967743
1732437736755836736,0.4264189898967743
1732437736755836736,0.4264189898967743
1732437736766257703,0.4264189898967743
1732437736766257703,0.4264189898967743
1732437736776469212,0.4264189898967743
1732437736776469212,0.4264189898967743
1732437736786706989,0.4264189898967743
1732437736786706989,0.4264189898967743
1732437736796935338,0.4264189898967743
1732437736796935338,0.4264189898967743
1732437736807219241,0.4264189898967743
1732437736807219241,0.4264189898967743
1732437736819488959,0.4264189898967743
1732437736819488959,0.4264189898967743
1732437736829754899,0.4264189898967743
1732437736829754899,0.4264189898967743
1732437736840344216,0.4264189898967743
1732437736840344216,0.4264189898967743
1732437736851165022,0.4264189898967743
1732437736851165022,0.4264189898967743
1732437736861391216,0.4264189898967743
1732437736861391216,0.4264189898967743
1732437736871855766,0.4264189898967743
1732437736871855766,0.4264189898967743
1732437736882467999,0.4264189898967743
1732437736882467999,0.4264189898967743
1732437736892626108,0.4264189898967743
1732437736892626108,0.4264189898967743
1732437736903260032,0.4264189898967743
1732437736903260032,0.4264189898967743
1732437736913711536,0.4264189898967743
1732437736913711536,0.4264189898967743
1732437736924120211,0.4264189898967743
1732437736924120211,0.4264189898967743
1732437736934285463,0.4264189898967743
1732437736934285463,0.4264189898967743
1732437736944856750,0.4264189898967743
1732437736944856750,0.4264189898967743
1732437736955664958,0.4264189898967743
1732437736955664958,0.4264189898967743
1732437736965848886,0.4264189898967743
1732437736965848886,0.4264189898967743
1732437736976203820,0.4264189898967743
1732437736976203820,0.4264189898967743
1732437736986386965,0.4264189898967743
1732437736986386965,0.4264189898967743
1732437736996889964,0.4264189898967743
1732437736996889964,0.4264189898967743
1732437737006993081,0.4264189898967743
1732437737006993081,0.4264189898967743
1732437737017008504,0.4264189898967743
1732437737017008504,0.4264189898967743
1732437737027298007,0.4264189898967743
1732437737027298007,0.4264189898967743
1732437737037660105,0.4264189898967743
1732437737037660105,0.4264189898967743
1732437737048475898,0.4264189898967743
1732437737048475898,0.4264189898967743
1732437737058610989,0.4264189898967743
1732437737058610989,0.4264189898967743
1732437737068758051,0.4264189898967743
1732437737068758051,0.4264189898967743
1732437737078875693,0.4264189898967743
1732437737078875693,0.4264189898967743
1732437737089191556,0.4264189898967743
1732437737089191556,0.4264189898967743
1732437737099567600,0.4264189898967743
1732437737099567600,0.4264189898967743
1732437737109857323,0.4264189898967743
1732437737109857323,0.4264189898967743
1732437737120513239,0.4264189898967743
1732437737120513239,0.4264189898967743
1732437737130912706,0.4264189898967743
1732437737130912706,0.4264189898967743
1732437737141957837,0.4264189898967743
1732437737141957837,0.4264189898967743
1732437737152514245,0.4264189898967743
1732437737152514245,0.4264189898967743
1732437737162806971,0.4264189898967743
1732437737162806971,0.4264189898967743
1732437737173456338,0.4264189898967743
1732437737173456338,0.4264189898967743
1732437737173456338,0.4264189898967743
1732437737173456338,0.4264189898967743
1732437737200124108,0.4264189898967743
1732437737200124108,0.4264189898967743
1732437737210310650,0.4264189898967743
1732437737210310650,0.4264189898967743
1732437737220637341,0.4264189898967743
1732437737220637341,0.4264189898967743
1732437737231222976,0.4264189898967743
1732437737231222976,0.4264189898967743
1732437737241553384,0.4264189898967743
1732437737241553384,0.4264189898967743
1732437737253054113,0.4264189898967743
1732437737253054113,0.4264189898967743
1732437737263379672,0.4264189898967743
1732437737263379672,0.4264189898967743
1732437737273937375,0.4264189898967743
1732437737273937375,0.4264189898967743
1732437737286342237,0.4264189898967743
1732437737286342237,0.4264189898967743
1732437737296824808,0.4264189898967743
1732437737296824808,0.4264189898967743
1732437737307248312,0.4264189898967743
1732437737307248312,0.4264189898967743
1732437737317534779,0.4264189898967743
1732437737317534779,0.4264189898967743
1732437737327685023,0.4264189898967743
1732437737327685023,0.4264189898967743
1732437737337783330,0.4264189898967743
1732437737337783330,0.4264189898967743
1732437737354625531,0.4264189898967743
1732437737354625531,0.4264189898967743
1732437737365819747,0.4264189898967743
1732437737365819747,0.4264189898967743
1732437737376266083,0.4264189898967743
1732437737376266083,0.4264189898967743
1732437737386855463,0.4264189898967743
1732437737386855463,0.4264189898967743
1732437737397278285,0.4264189898967743
1732437737397278285,0.4264189898967743
1732437737407471588,0.4264189898967743
1732437737407471588,0.4264189898967743
1732437737417681443,0.4264189898967743
1732437737417681443,0.4264189898967743
1732437737427795139,0.4264189898967743
1732437737427795139,0.4264189898967743
1732437737438111081,0.4264189898967743
1732437737438111081,0.4264189898967743
1732437737448507083,0.4264189898967743
1732437737448507083,0.4264189898967743
1732437737459178777,0.4264189898967743
1732437737459178777,0.4264189898967743
1732437737469424940,0.4264189898967743
1732437737469424940,0.4264189898967743
1732437737479840146,0.4264189898967743
1732437737479840146,0.4264189898967743
1732437737490105194,0.4264189898967743
1732437737490105194,0.4264189898967743
1732437737500448557,0.4264189898967743
1732437737500448557,0.4264189898967743
1732437737510635750,0.4264189898967743
1732437737510635750,0.4264189898967743
1732437737521036140,0.4264189898967743
1732437737521036140,0.4264189898967743
1732437737531452679,0.4264189898967743
1732437737531452679,0.4264189898967743
1732437737541722476,0.4264189898967743
1732437737541722476,0.4264189898967743
1732437737552344778,0.4264189898967743
1732437737552344778,0.4264189898967743
1732437737562419501,0.4264189898967743
1732437737562419501,0.4264189898967743
1732437737572618886,0.4264189898967743
1732437737572618886,0.4264189898967743
1732437737582922205,0.4264189898967743
1732437737582922205,0.4264189898967743
1732437737593339497,0.4264189898967743
1732437737593339497,0.4264189898967743
1732437737603599234,0.4264189898967743
1732437737603599234,0.4264189898967743
1732437737614089160,0.4264189898967743
1732437737614089160,0.4264189898967743
1732437737624208015,0.4264189898967743
1732437737624208015,0.4264189898967743
1732437737634462584,0.4264189898967743
1732437737634462584,0.4264189898967743
1732437737644877687,0.4264189898967743
1732437737644877687,0.4264189898967743
1732437737655349152,0.4264189898967743
1732437737655349152,0.4264189898967743
1732437737665764580,0.4264189898967743
1732437737665764580,0.4264189898967743
1732437737675984042,0.4264189898967743
1732437737675984042,0.4264189898967743
1732437737686956818,0.4264189898967743
1732437737686956818,0.4264189898967743
1732437737697652503,0.4264189898967743
1732437737697652503,0.4264189898967743
1732437737708228313,0.4264189898967743
1732437737708228313,0.4264189898967743
1732437737708228313,0.4264189898967743
1732437737708228313,0.4264189898967743
1732437737728877430,0.4264189898967743
1732437737728877430,0.4264189898967743
1732437737739357899,0.4264189898967743
1732437737739357899,0.4264189898967743
1732437737750160045,0.4264189898967743
1732437737750160045,0.4264189898967743
1732437737760371273,0.4264189898967743
1732437737760371273,0.4264189898967743
1732437737770669060,0.4264189898967743
1732437737770669060,0.4264189898967743
1732437737781067717,0.4264189898967743
1732437737781067717,0.4264189898967743
1732437737791473694,0.4264189898967743
1732437737791473694,0.4264189898967743
1732437737801792214,0.4264189898967743
1732437737801792214,0.4264189898967743
1732437737812692335,0.4264189898967743
1732437737812692335,0.4264189898967743
1732437737823023144,0.4264189898967743
1732437737823023144,0.4264189898967743
1732437737833912671,0.4264189898967743
1732437737833912671,0.4264189898967743
1732437737844028324,0.4264189898967743
1732437737844028324,0.4264189898967743
1732437737844028324,0.4264189898967743
1732437737844028324,0.4264189898967743
1732437737864813162,0.4264189898967743
1732437737864813162,0.4264189898967743
1732437737875115821,0.4264189898967743
1732437737875115821,0.4264189898967743
1732437737885831146,0.4264189898967743
1732437737885831146,0.4264189898967743
1732437737896717981,0.4264189898967743
1732437737896717981,0.4264189898967743
1732437737907006192,0.4264189898967743
1732437737907006192,0.4264189898967743
1732437737917111171,0.4264189898967743
1732437737917111171,0.4264189898967743
1732437737927384474,0.4264189898967743
1732437737927384474,0.4264189898967743
1732437737937764657,0.4264189898967743
1732437737937764657,0.4264189898967743
1732437737950524297,0.4264189898967743
1732437737950524297,0.4264189898967743
1732437737960842925,0.4264189898967743
1732437737960842925,0.4264189898967743
1732437737971226833,0.4264189898967743
1732437737971226833,0.4264189898967743
1732437737981725135,0.4264189898967743
1732437737981725135,0.4264189898967743
1732437737991960689,0.4264189898967743
1732437737991960689,0.4264189898967743
1732437738002188185,0.4264189898967743
1732437738002188185,0.4264189898967743
1732437738013273830,0.4264189898967743
1732437738013273830,0.4264189898967743
1732437738023777111,0.4264189898967743
1732437738023777111,0.4264189898967743
1732437738034259083,0.4264189898967743
1732437738034259083,0.4264189898967743
1732437738044512078,0.4264189898967743
1732437738044512078,0.4264189898967743
1732437738054669676,0.4264189898967743
1732437738054669676,0.4264189898967743
1732437738065220491,0.4264189898967743
1732437738065220491,0.4264189898967743
1732437738075641953,0.4264189898967743
1732437738075641953,0.4264189898967743
1732437738086001704,0.4264189898967743
1732437738086001704,0.4264189898967743
1732437738096508922,0.4264189898967743
1732437738096508922,0.4264189898967743
1732437738107030060,0.4264189898967743
1732437738107030060,0.4264189898967743
1732437738117223124,0.4264189898967743
1732437738117223124,0.4264189898967743
1732437738127867276,0.4264189898967743
1732437738127867276,0.4264189898967743
1732437738138534233,0.4264189898967743
1732437738138534233,0.4264189898967743
1732437738148950933,0.4264189898967743
1732437738148950933,0.4264189898967743
1732437738159581640,0.4264189898967743
1732437738159581640,0.4264189898967743
1732437738170091835,0.4264189898967743
1732437738170091835,0.4264189898967743
1732437738180277013,0.4264189898967743
1732437738180277013,0.4264189898967743
1732437738190535379,0.4264189898967743
1732437738190535379,0.4264189898967743
1732437738200883241,0.4264189898967743
1732437738200883241,0.4264189898967743
1732437738211012736,0.4264189898967743
1732437738211012736,0.4264189898967743
1732437738221580788,0.4264189898967743
1732437738221580788,0.4264189898967743
1732437738232005242,0.4264189898967743
1732437738232005242,0.4264189898967743
1732437738242582792,0.4264189898967743
1732437738242582792,0.4264189898967743
1732437738254341640,0.4264189898967743
1732437738254341640,0.4264189898967743
1732437738265077483,0.4264189898967743
1732437738265077483,0.4264189898967743
1732437738275680721,0.4264189898967743
1732437738275680721,0.4264189898967743
1732437738285874486,0.4264189898967743
1732437738285874486,0.4264189898967743
1732437738296062930,0.4264189898967743
1732437738296062930,0.4264189898967743
1732437738306309224,0.4264189898967743
1732437738306309224,0.4264189898967743
1732437738316714282,0.4264189898967743
1732437738316714282,0.4264189898967743
1732437738326842010,0.4264189898967743
1732437738326842010,0.4264189898967743
1732437738337178124,0.4264189898967743
1732437738337178124,0.4264189898967743
1732437738347474770,0.4264189898967743
1732437738347474770,0.4264189898967743
1732437738357685427,0.4264189898967743
1732437738357685427,0.4264189898967743
1732437738367788412,0.4264189898967743
1732437738367788412,0.4264189898967743
1732437738378443857,0.4264189898967743
1732437738378443857,0.4264189898967743
1732437738389080547,0.4264189898967743
1732437738389080547,0.4264189898967743
1732437738399282596,0.4264189898967743
1732437738399282596,0.4264189898967743
1732437738409590911,0.4264189898967743
1732437738409590911,0.4264189898967743
1732437738420509560,0.4264189898967743
1732437738420509560,0.4264189898967743
1732437738430655073,0.4264189898967743
1732437738430655073,0.4264189898967743
1732437738441263891,0.4264189898967743
1732437738441263891,0.4264189898967743
1732437738452148623,0.4264189898967743
1732437738452148623,0.4264189898967743
1732437738462495773,0.4264189898967743
1732437738462495773,0.4264189898967743
1732437738472629333,0.4264189898967743
1732437738472629333,0.4264189898967743
1732437738483221709,0.4264189898967743
1732437738483221709,0.4264189898967743
1732437738493516456,0.4264189898967743
1732437738493516456,0.4264189898967743
1732437738503859969,0.4264189898967743
1732437738503859969,0.4264189898967743
1732437738514168919,0.4264189898967743
1732437738514168919,0.4264189898967743
1732437738524326998,0.4264189898967743
1732437738524326998,0.4264189898967743
1732437738535309527,0.4264189898967743
1732437738535309527,0.4264189898967743
1732437738545899173,0.4264189898967743
1732437738545899173,0.4264189898967743
1732437738556394509,0.4264189898967743
1732437738556394509,0.4264189898967743
1732437738566483198,0.4264189898967743
1732437738566483198,0.4264189898967743
1732437738576960522,0.4264189898967743
1732437738576960522,0.4264189898967743
1732437738587011770,0.4264189898967743
1732437738587011770,0.4264189898967743
1732437738597286747,0.4264189898967743
1732437738597286747,0.4264189898967743
1732437738607605305,0.4264189898967743
1732437738607605305,0.4264189898967743
1732437738617830417,0.4264189898967743
1732437738617830417,0.4264189898967743
1732437738628333515,0.4264189898967743
1732437738628333515,0.4264189898967743
1732437738638614036,0.4264189898967743
1732437738638614036,0.4264189898967743
1732437738649493997,0.4264189898967743
1732437738649493997,0.4264189898967743
1732437738660140936,0.4264189898967743
1732437738660140936,0.4264189898967743
1732437738670694430,0.4264189898967743
1732437738670694430,0.4264189898967743
1732437738681061628,0.4264189898967743
1732437738681061628,0.4264189898967743
1732437738691223554,0.4264189898967743
1732437738691223554,0.4264189898967743
1732437738701807334,0.4264189898967743
1732437738701807334,0.4264189898967743
1732437738712367041,0.4264189898967743
1732437738712367041,0.4264189898967743
1732437738722979957,0.4264189898967743
1732437738722979957,0.4264189898967743
1732437738733088131,0.4264189898967743
1732437738733088131,0.4264189898967743
1732437738743348831,0.4264189898967743
1732437738743348831,0.4264189898967743
1732437738753735565,0.4264189898967743
1732437738753735565,0.4264189898967743
1732437738764093806,0.4264189898967743
1732437738764093806,0.4264189898967743
1732437738774123276,0.4264189898967743
1732437738774123276,0.4264189898967743
1732437738785056332,0.4264189898967743
1732437738785056332,0.4264189898967743
1732437738796761063,0.4264189898967743
1732437738796761063,0.4264189898967743
1732437738807030420,0.4264189898967743
1732437738807030420,0.4264189898967743
1732437738817911744,0.4264189898967743
1732437738817911744,0.4264189898967743
1732437738828044235,0.4264189898967743
1732437738828044235,0.4264189898967743
1732437738838600614,0.4264189898967743
1732437738838600614,0.4264189898967743
1732437738849232756,0.4264189898967743
1732437738849232756,0.4264189898967743
1732437738859794677,0.4264189898967743
1732437738859794677,0.4264189898967743
1732437738870487019,0.4264189898967743
1732437738870487019,0.4264189898967743
1732437738880913998,0.4264189898967743
1732437738880913998,0.4264189898967743
1732437738891451133,0.4264189898967743
1732437738891451133,0.4264189898967743
1732437738902978680,0.4264189898967743
1732437738902978680,0.4264189898967743
1732437738913566729,0.4264189898967743
1732437738913566729,0.4264189898967743
1732437738924389214,0.4264189898967743
1732437738924389214,0.4264189898967743
1732437738934541972,0.4264189898967743
1732437738934541972,0.4264189898967743
1732437738945082043,0.4264189898967743
1732437738945082043,0.4264189898967743
1732437738955612143,0.4264189898967743
1732437738955612143,0.4264189898967743
1732437738966333781,0.4264189898967743
1732437738966333781,0.4264189898967743
1732437738966333781,0.4264189898967743
1732437738966333781,0.4264189898967743
1732437738987349910,0.4264189898967743
1732437738987349910,0.4264189898967743
1732437738997562340,0.4264189898967743
1732437738997562340,0.4264189898967743
1732437739008966969,0.4264189898967743
1732437739008966969,0.4264189898967743
1732437739021798814,0.4264189898967743
1732437739021798814,0.4264189898967743
1732437739032778623,0.4264189898967743
1732437739032778623,0.4264189898967743
1732437739042827037,0.4264189898967743
1732437739042827037,0.4264189898967743
1732437739052904977,0.4264189898967743
1732437739052904977,0.4264189898967743
1732437739063390145,0.4264189898967743
1732437739063390145,0.4264189898967743
1732437739073698081,0.4264189898967743
1732437739073698081,0.4264189898967743
1732437739086896229,0.4264189898967743
1732437739086896229,0.4264189898967743
1732437739097070248,0.4264189898967743
1732437739097070248,0.4264189898967743
1732437739107567947,0.4264189898967743
1732437739107567947,0.4264189898967743
1732437739118556238,0.4264189898967743
1732437739118556238,0.4264189898967743
1732437739128729990,0.4264189898967743
1732437739128729990,0.4264189898967743
1732437739138992563,0.4264189898967743
1732437739138992563,0.4264189898967743
1732437739149726082,0.4264189898967743
1732437739149726082,0.4264189898967743
1732437739159943482,0.4264189898967743
1732437739159943482,0.4264189898967743
1732437739170629172,0.4264189898967743
1732437739170629172,0.4264189898967743
1732437739191314567,0.4264189898967743
1732437739191314567,0.4264189898967743
1732437739201975604,0.4264189898967743
1732437739212987791,0.4264189898967743
1732437739212987791,0.4264189898967743
1732437739212987791,0.4264189898967743
1732437739223366531,0.4264189898967743
1732437739223366531,0.4264189898967743
1732437739233804009,0.4264189898967743
1732437739233804009,0.4264189898967743
1732437739264961196,0.4264189898967743
1732437739264961196,0.4264189898967743
1732437739275238747,0.4264189898967743
1732437739275238747,0.4264189898967743
1732437739285844539,0.4264189898967743
1732437739285844539,0.4264189898967743
1732437739296380651,0.4264189898967743
1732437739296380651,0.4264189898967743
1732437739307012672,0.4264189898967743
1732437739307012672,0.4264189898967743
1732437739317432819,0.4264189898967743
1732437739317432819,0.4264189898967743
1732437739327628156,0.4264189898967743
1732437739327628156,0.4264189898967743
1732437739338482391,0.4264189898967743
1732437739338482391,0.4264189898967743
1732437739349091496,0.4264189898967743
1732437739349091496,0.4264189898967743
1732437739359427224,0.4264189898967743
1732437739359427224,0.4264189898967743
1732437739369709995,0.4264189898967743
1732437739369709995,0.4264189898967743
1732437739379911209,0.4264189898967743
1732437739379911209,0.4264189898967743
1732437739390364175,0.4264189898967743
1732437739390364175,0.4264189898967743
1732437739400797237,0.4264189898967743
1732437739400797237,0.4264189898967743
1732437739411257036,0.4264189898967743
1732437739411257036,0.4264189898967743
1732437739421611837,0.4264189898967743
1732437739421611837,0.4264189898967743
1732437739431967043,0.4264189898967743
1732437739431967043,0.4264189898967743
1732437739442168262,0.4264189898967743
1732437739442168262,0.4264189898967743
1732437739452874315,0.4264189898967743
1732437739452874315,0.4264189898967743
1732437739463396440,0.4264189898967743
1732437739463396440,0.4264189898967743
1732437739474041536,0.4264189898967743
1732437739474041536,0.4264189898967743
1732437739484123162,0.4264189898967743
1732437739484123162,0.4264189898967743
1732437739494739584,0.4264189898967743
1732437739494739584,0.4264189898967743
1732437739505205656,0.4264189898967743
1732437739505205656,0.4264189898967743
1732437739515597108,0.4264189898967743
1732437739515597108,0.4264189898967743
1732437739526423561,0.4264189898967743
1732437739526423561,0.4264189898967743
1732437739537039623,0.4264189898967743
1732437739537039623,0.4264189898967743
1732437739547428339,0.4264189898967743
1732437739547428339,0.4264189898967743
1732437739557518281,0.4264189898967743
1732437739557518281,0.4264189898967743
1732437739568259707,0.4264189898967743
1732437739568259707,0.4264189898967743
1732437739578850339,0.4264189898967743
1732437739578850339,0.4264189898967743
1732437739589265397,0.4264189898967743
1732437739589265397,0.4264189898967743
1732437739599755905,0.4264189898967743
1732437739599755905,0.4264189898967743
1732437739610352880,0.4264189898967743
1732437739610352880,0.4264189898967743
1732437739620671688,0.4264189898967743
1732437739620671688,0.4264189898967743
1732437739630813487,0.4264189898967743
1732437739630813487,0.4264189898967743
1732437739641254080,0.4264189898967743
1732437739641254080,0.4264189898967743
1732437739658469107,0.4264189898967743
1732437739658469107,0.4264189898967743
1732437739668557491,0.4264189898967743
1732437739668557491,0.4264189898967743
1732437739678733337,0.4264189898967743
1732437739678733337,0.4264189898967743
1732437739689263668,0.4264189898967743
1732437739689263668,0.4264189898967743
1732437739699661613,0.4264189898967743
1732437739699661613,0.4264189898967743
1732437739709989608,0.4264189898967743
1732437739709989608,0.4264189898967743
1732437739720071725,0.4264189898967743
1732437739720071725,0.4264189898967743
1732437739730217370,0.4264189898967743
1732437739730217370,0.4264189898967743
1732437739740822883,0.4264189898967743
1732437739740822883,0.4264189898967743
1732437739751068984,0.4264189898967743
1732437739751068984,0.4264189898967743
1732437739761726403,0.4264189898967743
1732437739761726403,0.4264189898967743
1732437739772050858,0.4264189898967743
1732437739772050858,0.4264189898967743
1732437739783324245,0.4264189898967743
1732437739783324245,0.4264189898967743
1732437739794049507,0.4264189898967743
1732437739794049507,0.4264189898967743
1732437739804523077,0.4264189898967743
1732437739804523077,0.4264189898967743
1732437739815232390,0.4264189898967743
1732437739815232390,0.4264189898967743
1732437739826071086,0.4264189898967743
1732437739826071086,0.4264189898967743
1732437739836553629,0.4264189898967743
1732437739836553629,0.4264189898967743
1732437739846915126,0.4264189898967743
1732437739846915126,0.4264189898967743
1732437739857292282,0.4264189898967743
1732437739857292282,0.4264189898967743
1732437739867570552,0.4264189898967743
1732437739867570552,0.4264189898967743
1732437739877575949,0.4264189898967743
1732437739877575949,0.4264189898967743
1732437739887913222,0.4264189898967743
1732437739887913222,0.4264189898967743
1732437739898175775,0.4264189898967743
1732437739898175775,0.4264189898967743
1732437739908402461,0.4264189898967743
1732437739908402461,0.4264189898967743
1732437739918512530,0.4264189898967743
1732437739918512530,0.4264189898967743
1732437739928749496,0.4264189898967743
1732437739928749496,0.4264189898967743
1732437739939252275,0.4264189898967743
1732437739939252275,0.4264189898967743
1732437739949696998,0.4264189898967743
1732437739949696998,0.4264189898967743
1732437739960134979,0.4264189898967743
1732437739960134979,0.4264189898967743
1732437739970529105,0.4264189898967743
1732437739970529105,0.4264189898967743
1732437739980882158,0.4264189898967743
1732437739980882158,0.4264189898967743
1732437739991354361,0.4264189898967743
1732437739991354361,0.4264189898967743
1732437740001619438,0.4264189898967743
1732437740001619438,0.4264189898967743
1732437740011979884,0.4264189898967743
1732437740011979884,0.4264189898967743
1732437740022295717,0.4264189898967743
1732437740022295717,0.4264189898967743
1732437740032724718,0.4264189898967743
1732437740032724718,0.4264189898967743
1732437740043299163,0.4264189898967743
1732437740043299163,0.4264189898967743
1732437740053375459,0.4264189898967743
1732437740053375459,0.4264189898967743
1732437740063638813,0.4264189898967743
1732437740063638813,0.4264189898967743
1732437740074651984,0.4264189898967743
1732437740074651984,0.4264189898967743
1732437740085015826,0.4264189898967743
1732437740085015826,0.4264189898967743
1732437740095493609,0.4264189898967743
1732437740095493609,0.4264189898967743
1732437740105889080,0.4264189898967743
1732437740105889080,0.4264189898967743
1732437740116275804,0.4264189898967743
1732437740116275804,0.4264189898967743
1732437740126760110,0.4264189898967743
1732437740126760110,0.4264189898967743
1732437740137994102,0.4264189898967743
1732437740137994102,0.4264189898967743
1732437740148245811,0.4264189898967743
1732437740148245811,0.4264189898967743
1732437740158384969,0.4264189898967743
1732437740158384969,0.4264189898967743
1732437740168786540,0.4264189898967743
1732437740168786540,0.4264189898967743
1732437740179117791,0.4264189898967743
1732437740179117791,0.4264189898967743
1732437740189650328,0.4264189898967743
1732437740189650328,0.4264189898967743
1732437740199919693,0.4264189898967743
1732437740199919693,0.4264189898967743
1732437740210107316,0.4264189898967743
1732437740210107316,0.4264189898967743
1732437740220303867,0.4264189898967743
1732437740220303867,0.4264189898967743
1732437740230344716,0.4264189898967743
1732437740230344716,0.4264189898967743
1732437740240941051,0.4264189898967743
1732437740240941051,0.4264189898967743
1732437740251269238,0.4264189898967743
1732437740251269238,0.4264189898967743
1732437740261462933,0.4264189898967743
1732437740261462933,0.4264189898967743
1732437740271830761,0.4264189898967743
1732437740271830761,0.4264189898967743
1732437740282456250,0.4264189898967743
1732437740282456250,0.4264189898967743
1732437740292729985,0.4264189898967743
1732437740292729985,0.4264189898967743
1732437740304005503,0.4264189898967743
1732437740304005503,0.4264189898967743
1732437740314359896,0.4264189898967743
1732437740314359896,0.4264189898967743
1732437740325070845,0.4264189898967743
1732437740325070845,0.4264189898967743
1732437740335425349,0.4264189898967743
1732437740335425349,0.4264189898967743
1732437740345787818,0.4264189898967743
1732437740345787818,0.4264189898967743
1732437740355939294,0.4264189898967743
1732437740355939294,0.4264189898967743
1732437740366597294,0.4264189898967743
1732437740366597294,0.4264189898967743
1732437740377030125,0.4264189898967743
1732437740377030125,0.4264189898967743
1732437740387470177,0.4264189898967743
1732437740387470177,0.4264189898967743
1732437740398051104,0.4264189898967743
1732437740398051104,0.4264189898967743
1732437740408408814,0.4264189898967743
1732437740408408814,0.4264189898967743
1732437740418883281,0.4264189898967743
1732437740418883281,0.4264189898967743
1732437740429200646,0.4264189898967743
1732437740429200646,0.4264189898967743
1732437740439634669,0.4264189898967743
1732437740439634669,0.4264189898967743
1732437740449966901,0.4264189898967743
1732437740449966901,0.4264189898967743
1732437740460175734,0.4264189898967743
1732437740460175734,0.4264189898967743
1732437740470587796,0.4264189898967743
1732437740470587796,0.4264189898967743
1732437740481149486,0.4264189898967743
1732437740481149486,0.4264189898967743
1732437740496474452,0.4264189898967743
1732437740496474452,0.4264189898967743
1732437740507523749,0.4264189898967743
1732437740507523749,0.4264189898967743
1732437740518000552,0.4264189898967743
1732437740518000552,0.4264189898967743
1732437740528633094,0.4264189898967743
1732437740528633094,0.4264189898967743
1732437740538935630,0.4264189898967743
1732437740538935630,0.4264189898967743
1732437740549440906,0.4264189898967743
1732437740549440906,0.4264189898967743
1732437740559983911,0.4264189898967743
1732437740559983911,0.4264189898967743
1732437740570448431,0.4264189898967743
1732437740570448431,0.4264189898967743
1732437740580576843,0.4264189898967743
1732437740580576843,0.4264189898967743
1732437740590699994,0.4264189898967743
1732437740590699994,0.4264189898967743
1732437740601313915,0.4264189898967743
1732437740601313915,0.4264189898967743
1732437740611435806,0.4264189898967743
1732437740611435806,0.4264189898967743
1732437740621960497,0.4264189898967743
1732437740621960497,0.4264189898967743
1732437740632282558,0.4264189898967743
1732437740632282558,0.4264189898967743
1732437740642534424,0.4264189898967743
1732437740642534424,0.4264189898967743
1732437740654772301,0.4264189898967743
1732437740654772301,0.4264189898967743
1732437740665140394,0.4264189898967743
1732437740665140394,0.4264189898967743
1732437740675712133,0.4264189898967743
1732437740675712133,0.4264189898967743
1732437740685927554,0.4264189898967743
1732437740685927554,0.4264189898967743
1732437740696100825,0.4264189898967743
1732437740696100825,0.4264189898967743
1732437740707039687,0.4264189898967743
1732437740707039687,0.4264189898967743
1732437740717080187,0.4264189898967743
1732437740717080187,0.4264189898967743
1732437740727327338,0.4264189898967743
1732437740727327338,0.4264189898967743
1732437740737437701,0.4264189898967743
1732437740737437701,0.4264189898967743
1732437740747945330,0.4264189898967743
1732437740747945330,0.4264189898967743
1732437740758055520,0.4264189898967743
1732437740758055520,0.4264189898967743
1732437740768648198,0.4264189898967743
1732437740768648198,0.4264189898967743
1732437740778993185,0.4264189898967743
1732437740778993185,0.4264189898967743
1732437740789227484,0.4264189898967743
1732437740789227484,0.4264189898967743
1732437740799749842,0.4264189898967743
1732437740799749842,0.4264189898967743
1732437740809799931,0.4264189898967743
1732437740809799931,0.4264189898967743
1732437740820239444,0.4264189898967743
1732437740820239444,0.4264189898967743
1732437740830303477,0.4264189898967743
1732437740830303477,0.4264189898967743
1732437740840687447,0.4264189898967743
1732437740840687447,0.4264189898967743
1732437740850876374,0.4264189898967743
1732437740850876374,0.4264189898967743
1732437740861269959,0.4264189898967743
1732437740861269959,0.4264189898967743
1732437740871735291,0.4264189898967743
1732437740871735291,0.4264189898967743
1732437740882403369,0.4264189898967743
1732437740882403369,0.4264189898967743
1732437740892775246,0.4264189898967743
1732437740892775246,0.4264189898967743
1732437740903099583,0.4264189898967743
1732437740903099583,0.4264189898967743
1732437740913302917,0.4264189898967743
1732437740913302917,0.4264189898967743
1732437740923602748,0.4264189898967743
1732437740923602748,0.4264189898967743
1732437740934066175,0.4264189898967743
1732437740934066175,0.4264189898967743
1732437740944425309,0.4264189898967743
1732437740944425309,0.4264189898967743
1732437740956327033,0.4264189898967743
1732437740956327033,0.4264189898967743
1732437740968667875,0.4264189898967743
1732437740968667875,0.4264189898967743
1732437740978845129,0.4264189898967743
1732437740978845129,0.4264189898967743
1732437740989458966,0.4264189898967743
1732437740989458966,0.4264189898967743
1732437740999921142,0.4264189898967743
1732437740999921142,0.4264189898967743
1732437741010200354,0.4264189898967743
1732437741010200354,0.4264189898967743
1732437741020320734,0.4264189898967743
1732437741020320734,0.4264189898967743
1732437741030787227,0.4264189898967743
1732437741030787227,0.4264189898967743
1732437741041297692,0.4264189898967743
1732437741041297692,0.4264189898967743
1732437741051802465,0.4264189898967743
1732437741051802465,0.4264189898967743
1732437741062239483,0.4264189898967743
1732437741062239483,0.4264189898967743
1732437741072849704,0.4264189898967743
1732437741072849704,0.4264189898967743
1732437741084888734,0.4264189898967743
1732437741084888734,0.4264189898967743
1732437741095273765,0.4264189898967743
1732437741095273765,0.4264189898967743
1732437741105603173,0.4264189898967743
1732437741105603173,0.4264189898967743
1732437741116126913,0.4264189898967743
1732437741116126913,0.4264189898967743
1732437741126450629,0.4264189898967743
1732437741126450629,0.4264189898967743
1732437741137331363,0.4264189898967743
1732437741137331363,0.4264189898967743
1732437741147343881,0.4264189898967743
1732437741147343881,0.4264189898967743
1732437741157448761,0.4264189898967743
1732437741157448761,0.4264189898967743
1732437741167889392,0.4264189898967743
1732437741167889392,0.4264189898967743
1732437741178307148,0.4264189898967743
1732437741178307148,0.4264189898967743
1732437741188754135,0.4264189898967743
1732437741188754135,0.4264189898967743
1732437741199413647,0.4264189898967743
1732437741199413647,0.4264189898967743
1732437741209840466,0.4264189898967743
1732437741209840466,0.4264189898967743
1732437741220613529,0.4264189898967743
1732437741220613529,0.4264189898967743
1732437741230692832,0.4264189898967743
1732437741230692832,0.4264189898967743
1732437741241188038,0.4264189898967743
1732437741241188038,0.4264189898967743
1732437741254659074,0.4264189898967743
1732437741254659074,0.4264189898967743
1732437741265137489,0.4264189898967743
1732437741265137489,0.4264189898967743
1732437741276133817,0.4264189898967743
1732437741276133817,0.4264189898967743
1732437741286509091,0.4264189898967743
1732437741286509091,0.4264189898967743
1732437741297154497,0.4264189898967743
1732437741297154497,0.4264189898967743
1732437741307823646,0.4264189898967743
1732437741307823646,0.4264189898967743
1732437741318256227,0.4264189898967743
1732437741318256227,0.4264189898967743
1732437741328623505,0.4264189898967743
1732437741328623505,0.4264189898967743
1732437741338864989,0.4264189898967743
1732437741338864989,0.4264189898967743
1732437741352467740,0.4264189898967743
1732437741352467740,0.4264189898967743
1732437741363208649,0.4264189898967743
1732437741363208649,0.4264189898967743
1732437741373619592,0.4264189898967743
1732437741373619592,0.4264189898967743
1732437741384655195,0.4264189898967743
1732437741384655195,0.4264189898967743
1732437741395163717,0.4264189898967743
1732437741395163717,0.4264189898967743
1732437741405809463,0.4264189898967743
1732437741405809463,0.4264189898967743
1732437741416444038,0.4264189898967743
1732437741416444038,0.4264189898967743
1732437741427121264,0.4264189898967743
1732437741427121264,0.4264189898967743
1732437741437588348,0.4264189898967743
1732437741437588348,0.4264189898967743
1732437741449959166,0.4264189898967743
1732437741449959166,0.4264189898967743
1732437741460191542,0.4264189898967743
1732437741460191542,0.4264189898967743
1732437741470353678,0.4264189898967743
1732437741470353678,0.4264189898967743
1732437741480647740,0.4264189898967743
1732437741480647740,0.4264189898967743
1732437741491683042,0.4264189898967743
1732437741491683042,0.4264189898967743
1732437741502856351,0.4264189898967743
1732437741502856351,0.4264189898967743
1732437741513139401,0.4264189898967743
1732437741513139401,0.4264189898967743
1732437741523607899,0.4264189898967743
1732437741523607899,0.4264189898967743
1732437741533896360,0.4264189898967743
1732437741533896360,0.4264189898967743
1732437741544097118,0.4264189898967743
1732437741544097118,0.4264189898967743
1732437741554546465,0.4264189898967743
1732437741554546465,0.4264189898967743
1732437741565884243,0.4264189898967743
1732437741565884243,0.4264189898967743
1732437741577852612,0.4264189898967743
1732437741577852612,0.4264189898967743
1732437741588310269,0.4264189898967743
1732437741588310269,0.4264189898967743
1732437741598442819,0.4264189898967743
1732437741598442819,0.4264189898967743
1732437741608807923,0.4264189898967743
1732437741608807923,0.4264189898967743
1732437741619008732,0.4264189898967743
1732437741619008732,0.4264189898967743
1732437741629480074,0.4264189898967743
1732437741629480074,0.4264189898967743
1732437741639641569,0.4264189898967743
1732437741639641569,0.4264189898967743
1732437741650253342,0.4264189898967743
1732437741650253342,0.4264189898967743
1732437741660555540,0.4264189898967743
1732437741660555540,0.4264189898967743
1732437741670833962,0.4264189898967743
1732437741670833962,0.4264189898967743
1732437741681112646,0.4264189898967743
1732437741681112646,0.4264189898967743
1732437741691349781,0.4264189898967743
1732437741691349781,0.4264189898967743
1732437741701816565,0.4264189898967743
1732437741701816565,0.4264189898967743
1732437741712398373,0.4264189898967743
1732437741712398373,0.4264189898967743
1732437741722640176,0.4264189898967743
1732437741722640176,0.4264189898967743
1732437741733014174,0.4264189898967743
1732437741733014174,0.4264189898967743
1732437741743295666,0.4264189898967743
1732437741753676610,0.4264189898967743
1732437741753676610,0.4264189898967743
1732437741753676610,0.4264189898967743
1732437741764102767,0.4264189898967743
1732437741764102767,0.4264189898967743
1732437741774664938,0.4264189898967743
1732437741774664938,0.4264189898967743
1732437741784968955,0.4264189898967743
1732437741784968955,0.4264189898967743
1732437741795317171,0.4264189898967743
1732437741795317171,0.4264189898967743
1732437741805529050,0.4264189898967743
1732437741805529050,0.4264189898967743
1732437741815871673,0.4264189898967743
1732437741815871673,0.4264189898967743
1732437741826294233,0.4264189898967743
1732437741826294233,0.4264189898967743
1732437741837061516,0.4264189898967743
1732437741837061516,0.4264189898967743
1732437741847405461,0.4264189898967743
1732437741847405461,0.4264189898967743
1732437741857880329,0.4264189898967743
1732437741857880329,0.4264189898967743
1732437741868180659,0.4264189898967743
1732437741868180659,0.4264189898967743
1732437741878810730,0.4264189898967743
1732437741878810730,0.4264189898967743
1732437741889377039,0.4264189898967743
1732437741889377039,0.4264189898967743
1732437741899795302,0.4264189898967743
1732437741899795302,0.4264189898967743
1732437741909951788,0.4264189898967743
1732437741909951788,0.4264189898967743
1732437741920473904,0.4264189898967743
1732437741920473904,0.4264189898967743
1732437741930907195,0.4264189898967743
1732437741930907195,0.4264189898967743
1732437741941239027,0.4264189898967743
1732437741941239027,0.4264189898967743
1732437741951968841,0.4264189898967743
1732437741951968841,0.4264189898967743
1732437741951968841,0.4264189898967743
1732437741951968841,0.4264189898967743
1732437741973013931,0.4264189898967743
1732437741973013931,0.4264189898967743
1732437741983405594,0.4264189898967743
1732437741983405594,0.4264189898967743
1732437741993916604,0.4264189898967743
1732437741993916604,0.4264189898967743
1732437742005576519,0.4264189898967743
1732437742005576519,0.4264189898967743
1732437742015691186,0.4264189898967743
1732437742015691186,0.4264189898967743
1732437742026085654,0.4264189898967743
1732437742026085654,0.4264189898967743
1732437742036387141,0.4264189898967743
1732437742036387141,0.4264189898967743
1732437742046550550,0.4264189898967743
1732437742046550550,0.4264189898967743
1732437742056943466,0.4264189898967743
1732437742056943466,0.4264189898967743
1732437742067346340,0.4264189898967743
1732437742067346340,0.4264189898967743
1732437742077503146,0.4264189898967743
1732437742077503146,0.4264189898967743
1732437742088033679,0.4264189898967743
1732437742088033679,0.4264189898967743
1732437742098243324,0.4264189898967743
1732437742098243324,0.4264189898967743
1732437742108472905,0.4264189898967743
1732437742108472905,0.4264189898967743
1732437742118892000,0.4264189898967743
1732437742118892000,0.4264189898967743
1732437742129303551,0.4264189898967743
1732437742129303551,0.4264189898967743
1732437742139597984,0.4264189898967743
1732437742139597984,0.4264189898967743
1732437742152196636,0.4264189898967743
1732437742152196636,0.4264189898967743
1732437742162676662,0.4264189898967743
1732437742162676662,0.4264189898967743
1732437742173142775,0.4264189898967743
1732437742173142775,0.4264189898967743
1732437742185112396,0.4264189898967743
1732437742185112396,0.4264189898967743
1732437742195720823,0.4264189898967743
1732437742195720823,0.4264189898967743
1732437742205991953,0.4264189898967743
1732437742205991953,0.4264189898967743
1732437742216534047,0.4264189898967743
1732437742216534047,0.4264189898967743
1732437742226873453,0.4264189898967743
1732437742226873453,0.4264189898967743
1732437742238110740,0.4264189898967743
1732437742238110740,0.4264189898967743
1732437742238110740,0.4264189898967743
1732437742238110740,0.4264189898967743
1732437742268871200,0.4264189898967743
1732437742268871200,0.4264189898967743
1732437742268871200,0.4264189898967743
1732437742268871200,0.4264189898967743
1732437742279480518,0.4264189898967743
1732437742279480518,0.4264189898967743
1732437742289760173,0.4264189898967743
1732437742289760173,0.4264189898967743
1732437742300469368,0.4264189898967743
1732437742300469368,0.4264189898967743
1732437742310930722,0.4264189898967743
1732437742310930722,0.4264189898967743
1732437742321458028,0.4264189898967743
1732437742321458028,0.4264189898967743
1732437742332097815,0.4264189898967743
1732437742332097815,0.4264189898967743
1732437742342543168,0.4264189898967743
1732437742342543168,0.4264189898967743
1732437742352805371,0.4264189898967743
1732437742352805371,0.4264189898967743
1732437742363290660,0.4264189898967743
1732437742363290660,0.4264189898967743
1732437742373644953,0.4264189898967743
1732437742373644953,0.4264189898967743
1732437742384231520,0.4264189898967743
1732437742384231520,0.4264189898967743
1732437742394861613,0.4264189898967743
1732437742394861613,0.4264189898967743
1732437742404972288,0.4264189898967743
1732437742404972288,0.4264189898967743
1732437742415071687,0.4264189898967743
1732437742415071687,0.4264189898967743
1732437742425235808,0.4264189898967743
1732437742425235808,0.4264189898967743
1732437742435531092,0.4264189898967743
1732437742435531092,0.4264189898967743
1732437742446034162,0.4264189898967743
1732437742446034162,0.4264189898967743
1732437742456763053,0.4264189898967743
1732437742456763053,0.4264189898967743
1732437742473844380,0.4264189898967743
1732437742473844380,0.4264189898967743
1732437742484008029,0.4264189898967743
1732437742484008029,0.4264189898967743
1732437742494326176,0.4264189898967743
1732437742494326176,0.4264189898967743
1732437742504650360,0.4264189898967743
1732437742504650360,0.4264189898967743
1732437742514938745,0.4264189898967743
1732437742514938745,0.4264189898967743
1732437742525310612,0.4264189898967743
1732437742525310612,0.4264189898967743
1732437742535645430,0.4264189898967743
1732437742535645430,0.4264189898967743
1732437742546010862,0.4264189898967743
1732437742546010862,0.4264189898967743
1732437742556616427,0.4264189898967743
1732437742556616427,0.4264189898967743
1732437742566923593,0.4264189898967743
1732437742566923593,0.4264189898967743
1732437742577279971,0.4264189898967743
1732437742577279971,0.4264189898967743
1732437742587554087,0.4264189898967743
1732437742587554087,0.4264189898967743
1732437742598001223,0.4264189898967743
1732437742598001223,0.4264189898967743
1732437742612018887,0.4264189898967743
1732437742612018887,0.4264189898967743
1732437742622539040,0.4264189898967743
1732437742622539040,0.4264189898967743
1732437742632813865,0.4264189898967743
1732437742632813865,0.4264189898967743
1732437742643365216,0.4264189898967743
1732437742643365216,0.4264189898967743
1732437742654390640,0.4264189898967743
1732437742654390640,0.4264189898967743
1732437742664960235,0.4264189898967743
1732437742664960235,0.4264189898967743
1732437742675522417,0.4264189898967743
1732437742675522417,0.4264189898967743
1732437742685852875,0.4264189898967743
1732437742685852875,0.4264189898967743
1732437742696659848,0.4264189898967743
1732437742696659848,0.4264189898967743
1732437742707260405,0.4264189898967743
1732437742707260405,0.4264189898967743
1732437742717728871,0.4264189898967743
1732437742717728871,0.4264189898967743
1732437742728201471,0.4264189898967743
1732437742728201471,0.4264189898967743
1732437742738593008,0.4264189898967743
1732437742738593008,0.4264189898967743
1732437742748728355,0.4264189898967743
1732437742748728355,0.4264189898967743
1732437742759196131,0.4264189898967743
1732437742759196131,0.4264189898967743
1732437742769704382,0.4264189898967743
1732437742769704382,0.4264189898967743
1732437742780200519,0.4264189898967743
1732437742780200519,0.4264189898967743
1732437742790704001,0.4264189898967743
1732437742790704001,0.4264189898967743
1732437742800984237,0.4264189898967743
1732437742800984237,0.4264189898967743
1732437742811589208,0.4264189898967743
1732437742811589208,0.4264189898967743
1732437742822128427,0.4264189898967743
1732437742822128427,0.4264189898967743
1732437742832407701,0.4264189898967743
1732437742832407701,0.4264189898967743
1732437742842424216,0.4264189898967743
1732437742842424216,0.4264189898967743
1732437742852961320,0.4264189898967743
1732437742852961320,0.4264189898967743
1732437742863260432,0.4264189898967743
1732437742863260432,0.4264189898967743
1732437742873766688,0.4264189898967743
1732437742873766688,0.4264189898967743
1732437742884255613,0.4264189898967743
1732437742884255613,0.4264189898967743
1732437742894852728,0.4264189898967743
1732437742894852728,0.4264189898967743
1732437742905210826,0.4264189898967743
1732437742905210826,0.4264189898967743
1732437742915625637,0.4264189898967743
1732437742915625637,0.4264189898967743
1732437742926116862,0.4264189898967743
1732437742926116862,0.4264189898967743
1732437742936593558,0.4264189898967743
1732437742936593558,0.4264189898967743
1732437742946907422,0.4264189898967743
1732437742946907422,0.4264189898967743
1732437742957240070,0.4264189898967743
1732437742957240070,0.4264189898967743
1732437742967620663,0.4264189898967743
1732437742967620663,0.4264189898967743
1732437742978088900,0.4264189898967743
1732437742978088900,0.4264189898967743
1732437742988430961,0.4264189898967743
1732437742988430961,0.4264189898967743
1732437742998840688,0.4264189898967743
1732437742998840688,0.4264189898967743
1732437743009357104,0.4264189898967743
1732437743009357104,0.4264189898967743
1732437743019866176,0.4264189898967743
1732437743019866176,0.4264189898967743
1732437743030389515,0.4264189898967743
1732437743030389515,0.4264189898967743
1732437743041023841,0.4264189898967743
1732437743041023841,0.4264189898967743
1732437743051607157,0.4264189898967743
1732437743051607157,0.4264189898967743
1732437743062011548,0.4264189898967743
1732437743062011548,0.4264189898967743
1732437743072733196,0.4264189898967743
1732437743072733196,0.4264189898967743
1732437743083419108,0.4264189898967743
1732437743083419108,0.4264189898967743
1732437743093924633,0.4264189898967743
1732437743093924633,0.4264189898967743
1732437743104121013,0.4264189898967743
1732437743104121013,0.4264189898967743
1732437743114239408,0.4264189898967743
1732437743114239408,0.4264189898967743
1732437743124563025,0.4264189898967743
1732437743124563025,0.4264189898967743
1732437743134985316,0.4264189898967743
1732437743134985316,0.4264189898967743
1732437743145455005,0.4264189898967743
1732437743145455005,0.4264189898967743
1732437743155819297,0.4264189898967743
1732437743155819297,0.4264189898967743
1732437743166013623,0.4264189898967743
1732437743166013623,0.4264189898967743
1732437743176282669,0.4264189898967743
1732437743176282669,0.4264189898967743
1732437743186344961,0.4264189898967743
1732437743186344961,0.4264189898967743
1732437743196660262,0.4264189898967743
1732437743196660262,0.4264189898967743
1732437743206931252,0.4264189898967743
1732437743206931252,0.4264189898967743
1732437743217323567,0.4264189898967743
1732437743217323567,0.4264189898967743
1732437743227706053,0.4264189898967743
1732437743227706053,0.4264189898967743
1732437743237940343,0.4264189898967743
1732437743237940343,0.4264189898967743
1732437743249408941,0.4264189898967743
1732437743249408941,0.4264189898967743
1732437743259786029,0.4264189898967743
1732437743259786029,0.4264189898967743
1732437743270362356,0.4264189898967743
1732437743270362356,0.4264189898967743
1732437743280681785,0.4264189898967743
1732437743280681785,0.4264189898967743
1732437743291255688,0.4264189898967743
1732437743291255688,0.4264189898967743
1732437743301524463,0.4264189898967743
1732437743301524463,0.4264189898967743
1732437743312040919,0.4264189898967743
1732437743312040919,0.4264189898967743
1732437743322334280,0.4264189898967743
1732437743322334280,0.4264189898967743
1732437743332922781,0.4264189898967743
1732437743332922781,0.4264189898967743
1732437743343581161,0.4264189898967743
1732437743343581161,0.4264189898967743
1732437743353672887,0.4264189898967743
1732437743353672887,0.4264189898967743
1732437743363987306,0.4264189898967743
1732437743363987306,0.4264189898967743
1732437743374209414,0.4264189898967743
1732437743374209414,0.4264189898967743
1732437743384402558,0.4264189898967743
1732437743384402558,0.4264189898967743
1732437743394885041,0.4264189898967743
1732437743394885041,0.4264189898967743
1732437743405353267,0.4264189898967743
1732437743405353267,0.4264189898967743
1732437743415635206,0.4264189898967743
1732437743415635206,0.4264189898967743
1732437743426130743,0.4264189898967743
1732437743426130743,0.4264189898967743
1732437743436492011,0.4264189898967743
1732437743436492011,0.4264189898967743
1732437743446880375,0.4264189898967743
1732437743446880375,0.4264189898967743
1732437743457108959,0.4264189898967743
1732437743457108959,0.4264189898967743
1732437743467432426,0.4264189898967743
1732437743467432426,0.4264189898967743
1732437743477670383,0.4264189898967743
1732437743477670383,0.4264189898967743
1732437743489949550,0.4264189898967743
1732437743489949550,0.4264189898967743
1732437743500213216,0.4264189898967743
1732437743500213216,0.4264189898967743
1732437743510546401,0.4264189898967743
1732437743510546401,0.4264189898967743
1732437743521216302,0.4264189898967743
1732437743521216302,0.4264189898967743
1732437743531319549,0.4264189898967743
1732437743531319549,0.4264189898967743
1732437743541764683,0.4264189898967743
1732437743541764683,0.4264189898967743
1732437743552226296,0.4264189898967743
1732437743552226296,0.4264189898967743
1732437743562344611,0.4264189898967743
1732437743562344611,0.4264189898967743
1732437743572670743,0.4264189898967743
1732437743572670743,0.4264189898967743
1732437743583012334,0.4264189898967743
1732437743583012334,0.4264189898967743
1732437743593525253,0.4264189898967743
1732437743593525253,0.4264189898967743
1732437743604189645,0.4264189898967743
1732437743604189645,0.4264189898967743
1732437743614525233,0.4264189898967743
1732437743614525233,0.4264189898967743
1732437743625111409,0.4264189898967743
1732437743625111409,0.4264189898967743
1732437743635229373,0.4264189898967743
1732437743635229373,0.4264189898967743
1732437743645391610,0.4264189898967743
1732437743645391610,0.4264189898967743
1732437743658976577,0.4264189898967743
1732437743658976577,0.4264189898967743
1732437743670414318,0.4264189898967743
1732437743670414318,0.4264189898967743
1732437743681031162,0.4264189898967743
1732437743681031162,0.4264189898967743
1732437743691547738,0.4264189898967743
1732437743691547738,0.4264189898967743
1732437743704552276,0.4264189898967743
1732437743704552276,0.4264189898967743
1732437743715087106,0.4264189898967743
1732437743715087106,0.4264189898967743
1732437743725710020,0.4264189898967743
1732437743725710020,0.4264189898967743
1732437743735894377,0.4264189898967743
1732437743735894377,0.4264189898967743
1732437743746601278,0.4264189898967743
1732437743746601278,0.4264189898967743
1732437743757120850,0.4264189898967743
1732437743757120850,0.4264189898967743
1732437743767846783,0.4264189898967743
1732437743767846783,0.4264189898967743
1732437743778174381,0.4264189898967743
1732437743778174381,0.4264189898967743
1732437743788451121,0.4264189898967743
1732437743788451121,0.4264189898967743
1732437743798838586,0.4264189898967743
1732437743798838586,0.4264189898967743
1732437743809386430,0.4264189898967743
1732437743809386430,0.4264189898967743
1732437743819968388,0.4264189898967743
1732437743819968388,0.4264189898967743
1732437743830654259,0.4264189898967743
1732437743830654259,0.4264189898967743
1732437743841160624,0.4264189898967743
1732437743841160624,0.4264189898967743
1732437743853375706,0.4264189898967743
1732437743853375706,0.4264189898967743
1732437743863664954,0.4264189898967743
1732437743863664954,0.4264189898967743
1732437743874041082,0.4264189898967743
1732437743874041082,0.4264189898967743
1732437743884660731,0.4264189898967743
1732437743884660731,0.4264189898967743
1732437743895114260,0.4264189898967743
1732437743895114260,0.4264189898967743
1732437743905336879,0.4264189898967743
1732437743905336879,0.4264189898967743
1732437743916020583,0.4264189898967743
1732437743916020583,0.4264189898967743
1732437743926311132,0.4264189898967743
1732437743926311132,0.4264189898967743
1732437743936828560,0.4264189898967743
1732437743936828560,0.4264189898967743
1732437743947052000,0.4264189898967743
1732437743947052000,0.4264189898967743
1732437743957358145,0.4264189898967743
1732437743957358145,0.4264189898967743
1732437743967504642,0.4264189898967743
1732437743967504642,0.4264189898967743
1732437743977507162,0.4264189898967743
1732437743977507162,0.4264189898967743
1732437743988078369,0.4264189898967743
1732437743988078369,0.4264189898967743
1732437743998415721,0.4264189898967743
1732437743998415721,0.4264189898967743
1732437744008605730,0.4264189898967743
1732437744008605730,0.4264189898967743
1732437744021356886,0.4264189898967743
1732437744021356886,0.4264189898967743
1732437744031480811,0.4264189898967743
1732437744031480811,0.4264189898967743
1732437744042370312,0.4264189898967743
1732437744042370312,0.4264189898967743
1732437744052584886,0.4264189898967743
1732437744052584886,0.4264189898967743
1732437744062861806,0.4264189898967743
1732437744062861806,0.4264189898967743
1732437744073204259,0.4264189898967743
1732437744073204259,0.4264189898967743
1732437744083655283,0.4264189898967743
1732437744083655283,0.4264189898967743
1732437744093815244,0.4264189898967743
1732437744093815244,0.4264189898967743
1732437744107181546,0.4264189898967743
1732437744107181546,0.4264189898967743
1732437744117275215,0.4264189898967743
1732437744117275215,0.4264189898967743
1732437744127890041,0.4264189898967743
1732437744127890041,0.4264189898967743
1732437744138213662,0.4264189898967743
1732437744138213662,0.4264189898967743
1732437744148896688,0.4264189898967743
1732437744148896688,0.4264189898967743
1732437744159426530,0.4264189898967743
1732437744159426530,0.4264189898967743
1732437744169859290,0.4264189898967743
1732437744169859290,0.4264189898967743
1732437744180327676,0.4264189898967743
1732437744180327676,0.4264189898967743
1732437744190403341,0.4264189898967743
1732437744190403341,0.4264189898967743
1732437744200600773,0.4264189898967743
1732437744200600773,0.4264189898967743
1732437744211088586,0.4264189898967743
1732437744211088586,0.4264189898967743
1732437744221940237,0.4264189898967743
1732437744221940237,0.4264189898967743
1732437744232543845,0.4264189898967743
1732437744232543845,0.4264189898967743
1732437744242817290,0.4264189898967743
1732437744242817290,0.4264189898967743
1732437744255416032,0.4264189898967743
1732437744255416032,0.4264189898967743
1732437744265942827,0.4264189898967743
1732437744265942827,0.4264189898967743
1732437744276518873,0.4264189898967743
1732437744276518873,0.4264189898967743
1732437744286824406,0.4264189898967743
1732437744286824406,0.4264189898967743
1732437744297004416,0.4264189898967743
1732437744297004416,0.4264189898967743
1732437744307290423,0.4264189898967743
1732437744307290423,0.4264189898967743
1732437744307290423,0.4264189898967743
1732437744317319513,0.4264189898967743
1732437744327563110,0.4264189898967743
1732437744327563110,0.4264189898967743
1732437744337739785,0.4264189898967743
1732437744337739785,0.4264189898967743
1732437744348417481,0.4264189898967743
1732437744348417481,0.4264189898967743
1732437744358663865,0.4264189898967743
1732437744358663865,0.4264189898967743
1732437744369448590,0.4264189898967743
1732437744369448590,0.4264189898967743
1732437744379786152,0.4264189898967743
1732437744379786152,0.4264189898967743
1732437744390196010,0.4264189898967743
1732437744390196010,0.4264189898967743
1732437744400539614,0.4264189898967743
1732437744400539614,0.4264189898967743
1732437744411676285,0.4264189898967743
1732437744411676285,0.4264189898967743
1732437744422108444,0.4264189898967743
1732437744422108444,0.4264189898967743
1732437744432843808,0.4264189898967743
1732437744432843808,0.4264189898967743
1732437744442949330,0.4264189898967743
1732437744442949330,0.4264189898967743
1732437744453136242,0.4264189898967743
1732437744453136242,0.4264189898967743
1732437744464055658,0.4264189898967743
1732437744464055658,0.4264189898967743
1732437744474489586,0.4264189898967743
1732437744474489586,0.4264189898967743
1732437744484772792,0.4264189898967743
1732437744484772792,0.4264189898967743
1732437744495018844,0.4264189898967743
1732437744495018844,0.4264189898967743
1732437744505176183,0.4264189898967743
1732437744505176183,0.4264189898967743
1732437744515394524,0.4264189898967743
1732437744515394524,0.4264189898967743
1732437744525592868,0.4264189898967743
1732437744525592868,0.4264189898967743
1732437744536114293,0.4264189898967743
1732437744536114293,0.4264189898967743
1732437744546458960,0.4264189898967743
1732437744546458960,0.4264189898967743
1732437744557030248,0.4264189898967743
1732437744557030248,0.4264189898967743
1732437744567878741,0.4264189898967743
1732437744567878741,0.4264189898967743
1732437744578183714,0.4264189898967743
1732437744578183714,0.4264189898967743
1732437744588434847,0.4264189898967743
1732437744588434847,0.4264189898967743
1732437744598696458,0.4264189898967743
1732437744598696458,0.4264189898967743
1732437744609062164,0.4264189898967743
1732437744609062164,0.4264189898967743
1732437744619371264,0.4264189898967743
1732437744619371264,0.4264189898967743
1732437744629719938,0.4264189898967743
1732437744629719938,0.4264189898967743
1732437744640095641,0.4264189898967743
1732437744640095641,0.4264189898967743
1732437744650309925,0.4264189898967743
1732437744650309925,0.4264189898967743
1732437744665187810,0.4264189898967743
1732437744665187810,0.4264189898967743
1732437744675563634,0.4264189898967743
1732437744675563634,0.4264189898967743
1732437744689468959,0.4264189898967743
1732437744689468959,0.4264189898967743
1732437744700077887,0.4264189898967743
1732437744700077887,0.4264189898967743
1732437744710331804,0.4264189898967743
1732437744710331804,0.4264189898967743
1732437744720726253,0.4264189898967743
1732437744720726253,0.4264189898967743
1732437744731231347,0.4264189898967743
1732437744731231347,0.4264189898967743
1732437744741486959,0.4264189898967743
1732437744741486959,0.4264189898967743
1732437744751898951,0.4264189898967743
1732437744751898951,0.4264189898967743
1732437744762280105,0.4264189898967743
1732437744762280105,0.4264189898967743
1732437744772841414,0.4264189898967743
1732437744772841414,0.4264189898967743
1732437744783496709,0.4264189898967743
1732437744783496709,0.4264189898967743
1732437744793805759,0.4264189898967743
1732437744793805759,0.4264189898967743
1732437744804158299,0.4264189898967743
1732437744804158299,0.4264189898967743
1732437744814706363,0.4264189898967743
1732437744814706363,0.4264189898967743
1732437744824934043,0.4264189898967743
1732437744824934043,0.4264189898967743
1732437744835271766,0.4264189898967743
1732437744835271766,0.4264189898967743
1732437744845425698,0.4264189898967743
1732437744845425698,0.4264189898967743
1732437744855774401,0.4264189898967743
1732437744855774401,0.4264189898967743
1732437744866417754,0.4264189898967743
1732437744866417754,0.4264189898967743
1732437744877156423,0.4264189898967743
1732437744877156423,0.4264189898967743
1732437744887519703,0.4264189898967743
1732437744887519703,0.4264189898967743
1732437744897642456,0.4264189898967743
1732437744897642456,0.4264189898967743
1732437744907902836,0.4264189898967743
1732437744907902836,0.4264189898967743
1732437744917992087,0.4264189898967743
1732437744917992087,0.4264189898967743
1732437744928219435,0.4264189898967743
1732437744928219435,0.4264189898967743
1732437744938586724,0.4264189898967743
1732437744938586724,0.4264189898967743
1732437744949115272,0.4264189898967743
1732437744949115272,0.4264189898967743
1732437744959518628,0.4264189898967743
1732437744959518628,0.4264189898967743
1732437744969820974,0.4264189898967743
1732437744969820974,0.4264189898967743
1732437744980248936,0.4264189898967743
1732437744980248936,0.4264189898967743
1732437744990653261,0.4264189898967743
1732437744990653261,0.4264189898967743
1732437745005204742,0.4264189898967743
1732437745005204742,0.4264189898967743
1732437745015989908,0.4264189898967743
1732437745015989908,0.4264189898967743
1732437745026554930,0.4264189898967743
1732437745026554930,0.4264189898967743
1732437745037008152,0.4264189898967743
1732437745037008152,0.4264189898967743
1732437745047844885,0.4264189898967743
1732437745047844885,0.4264189898967743
1732437745059729098,0.4264189898967743
1732437745059729098,0.4264189898967743
1732437745069990048,0.4264189898967743
1732437745069990048,0.4264189898967743
1732437745080495404,0.4264189898967743
1732437745080495404,0.4264189898967743
1732437745090619910,0.4264189898967743
1732437745090619910,0.4264189898967743
1732437745101173011,0.4264189898967743
1732437745101173011,0.4264189898967743
1732437745111327816,0.4264189898967743
1732437745111327816,0.4264189898967743
1732437745121503829,0.4264189898967743
1732437745121503829,0.4264189898967743
1732437745131845440,0.4264189898967743
1732437745131845440,0.4264189898967743
1732437745142625837,0.4264189898967743
1732437745142625837,0.4264189898967743
1732437745153142013,0.4264189898967743
1732437745153142013,0.4264189898967743
1732437745163512778,0.4264189898967743
1732437745163512778,0.4264189898967743
1732437745174193220,0.4264189898967743
1732437745174193220,0.4264189898967743
1732437745184530863,0.4264189898967743
1732437745184530863,0.4264189898967743
1732437745194966669,0.4264189898967743
1732437745194966669,0.4264189898967743
1732437745205404108,0.4264189898967743
1732437745205404108,0.4264189898967743
1732437745216444160,0.4264189898967743
1732437745216444160,0.4264189898967743
1732437745226745335,0.4264189898967743
1732437745226745335,0.4264189898967743
1732437745236935853,0.4264189898967743
1732437745236935853,0.4264189898967743
1732437745247525994,0.4264189898967743
1732437745247525994,0.4264189898967743
1732437745257628153,0.4264189898967743
1732437745257628153,0.4264189898967743
1732437745267740025,0.4264189898967743
1732437745267740025,0.4264189898967743
1732437745278092967,0.4264189898967743
1732437745278092967,0.4264189898967743
1732437745288742521,0.4264189898967743
1732437745288742521,0.4264189898967743
1732437745298960141,0.4264189898967743
1732437745298960141,0.4264189898967743
1732437745309211424,0.4264189898967743
1732437745309211424,0.4264189898967743
1732437745321957260,0.4264189898967743
1732437745321957260,0.4264189898967743
1732437745332207610,0.4264189898967743
1732437745332207610,0.4264189898967743
1732437745342540476,0.4264189898967743
1732437745342540476,0.4264189898967743
1732437745353557112,0.4264189898967743
1732437745353557112,0.4264189898967743
1732437745364159308,0.4264189898967743
1732437745364159308,0.4264189898967743
1732437745374472917,0.4264189898967743
1732437745374472917,0.4264189898967743
1732437745384758384,0.4264189898967743
1732437745384758384,0.4264189898967743
1732437745395288565,0.4264189898967743
1732437745395288565,0.4264189898967743
1732437745408416552,0.4264189898967743
1732437745408416552,0.4264189898967743
1732437745418910065,0.4264189898967743
1732437745418910065,0.4264189898967743
1732437745429232070,0.4264189898967743
1732437745429232070,0.4264189898967743
1732437745439501947,0.4264189898967743
1732437745439501947,0.4264189898967743
1732437745449970595,0.4264189898967743
1732437745449970595,0.4264189898967743
1732437745460895942,0.4264189898967743
1732437745460895942,0.4264189898967743
1732437745471580700,0.4264189898967743
1732437745471580700,0.4264189898967743
1732437745482168541,0.4264189898967743
1732437745482168541,0.4264189898967743
1732437745492759524,0.4264189898967743
1732437745492759524,0.4264189898967743
1732437745503115462,0.4264189898967743
1732437745503115462,0.4264189898967743
1732437745513454979,0.4264189898967743
1732437745513454979,0.4264189898967743
1732437745523744302,0.4264189898967743
1732437745523744302,0.4264189898967743
1732437745534331941,0.4264189898967743
1732437745534331941,0.4264189898967743
1732437745545003196,0.4264189898967743
1732437745545003196,0.4264189898967743
1732437745555346390,0.4264189898967743
1732437745555346390,0.4264189898967743
1732437745565583426,0.4264189898967743
1732437745565583426,0.4264189898967743
1732437745576131210,0.4264189898967743
1732437745576131210,0.4264189898967743
1732437745586907771,0.4264189898967743
1732437745586907771,0.4264189898967743
1732437745597199148,0.4264189898967743
1732437745597199148,0.4264189898967743
1732437745607267481,0.4264189898967743
1732437745607267481,0.4264189898967743
1732437745617548555,0.4264189898967743
1732437745617548555,0.4264189898967743
1732437745627700595,0.4264189898967743
1732437745627700595,0.4264189898967743
1732437745637846581,0.4264189898967743
1732437745637846581,0.4264189898967743
1732437745648284652,0.4264189898967743
1732437745648284652,0.4264189898967743
1732437745658492123,0.4264189898967743
1732437745658492123,0.4264189898967743
1732437745669406857,0.4264189898967743
1732437745669406857,0.4264189898967743
1732437745680045464,0.4264189898967743
1732437745680045464,0.4264189898967743
1732437745690559052,0.4264189898967743
1732437745690559052,0.4264189898967743
1732437745701153627,0.4264189898967743
1732437745701153627,0.4264189898967743
1732437745712065890,0.4264189898967743
1732437745712065890,0.4264189898967743
1732437745722349292,0.4264189898967743
1732437745722349292,0.4264189898967743
1732437745732444705,0.4264189898967743
1732437745732444705,0.4264189898967743
1732437745742853993,0.4264189898967743
1732437745742853993,0.4264189898967743
1732437745753234281,0.4264189898967743
1732437745753234281,0.4264189898967743
1732437745763755649,0.4264189898967743
1732437745763755649,0.4264189898967743
1732437745774295699,0.4264189898967743
1732437745774295699,0.4264189898967743
1732437745784952648,0.4264189898967743
1732437745784952648,0.4264189898967743
1732437745795583226,0.4264189898967743
1732437745795583226,0.4264189898967743
1732437745806078733,0.4264189898967743
1732437745806078733,0.4264189898967743
1732437745816274271,0.4264189898967743
1732437745816274271,0.4264189898967743
1732437745826378708,0.4264189898967743
1732437745826378708,0.4264189898967743
1732437745836632428,0.4264189898967743
1732437745836632428,0.4264189898967743
1732437745836632428,0.4264189898967743
1732437745836632428,0.4264189898967743
1732437745857387533,0.4264189898967743
1732437745857387533,0.4264189898967743
1732437745867756522,0.4264189898967743
1732437745867756522,0.4264189898967743
1732437745878055333,0.4264189898967743
1732437745878055333,0.4264189898967743
1732437745888214778,0.4264189898967743
1732437745888214778,0.4264189898967743
1732437745898455111,0.4264189898967743
1732437745898455111,0.4264189898967743
1732437745908698809,0.4264189898967743
1732437745908698809,0.4264189898967743
1732437745918912297,0.4264189898967743
1732437745918912297,0.4264189898967743
1732437745929317469,0.4264189898967743
1732437745929317469,0.4264189898967743
1732437745939960672,0.4264189898967743
1732437745939960672,0.4264189898967743
1732437745950149835,0.4264189898967743
1732437745950149835,0.4264189898967743
1732437745960723892,0.4264189898967743
1732437745960723892,0.4264189898967743
1732437745971292566,0.4264189898967743
1732437745971292566,0.4264189898967743
1732437745981768686,0.4264189898967743
1732437745981768686,0.4264189898967743
1732437745992293899,0.4264189898967743
1732437745992293899,0.4264189898967743
1732437746002445737,0.4264189898967743
1732437746002445737,0.4264189898967743
1732437746012872616,0.4264189898967743
1732437746012872616,0.4264189898967743
1732437746023376880,0.4264189898967743
1732437746023376880,0.4264189898967743
1732437746033750450,0.4264189898967743
1732437746033750450,0.4264189898967743
1732437746044179923,0.4264189898967743
1732437746044179923,0.4264189898967743
1732437746054348892,0.4264189898967743
1732437746054348892,0.4264189898967743
1732437746064482372,0.4264189898967743
1732437746064482372,0.4264189898967743
1732437746074690929,0.4264189898967743
1732437746074690929,0.4264189898967743
1732437746085127824,0.4264189898967743
1732437746085127824,0.4264189898967743
1732437746095236234,0.4264189898967743
1732437746095236234,0.4264189898967743
1732437746105456936,0.4264189898967743
1732437746105456936,0.4264189898967743
1732437746115855867,0.4264189898967743
1732437746115855867,0.4264189898967743
1732437746126420393,0.4264189898967743
1732437746126420393,0.4264189898967743
1732437746137176676,0.4264189898967743
1732437746137176676,0.4264189898967743
1732437746147311832,0.4264189898967743
1732437746147311832,0.4264189898967743
1732437746157627946,0.4264189898967743
1732437746157627946,0.4264189898967743
1732437746167898315,0.4264189898967743
1732437746167898315,0.4264189898967743
1732437746178328932,0.4264189898967743
1732437746178328932,0.4264189898967743
1732437746188547674,0.4264189898967743
1732437746188547674,0.4264189898967743
1732437746198925662,0.4264189898967743
1732437746198925662,0.4264189898967743
1732437746209562459,0.4264189898967743
1732437746209562459,0.4264189898967743
1732437746219806282,0.4264189898967743
1732437746219806282,0.4264189898967743
1732437746230927855,0.4264189898967743
1732437746230927855,0.4264189898967743
1732437746241255169,0.4264189898967743
1732437746241255169,0.4264189898967743
1732437746252500732,0.4264189898967743
1732437746252500732,0.4264189898967743
1732437746263329370,0.4264189898967743
1732437746263329370,0.4264189898967743
1732437746273949936,0.4264189898967743
1732437746273949936,0.4264189898967743
1732437746284631564,0.4264189898967743
1732437746284631564,0.4264189898967743
1732437746295918921,0.4264189898967743
1732437746295918921,0.4264189898967743
1732437746306394055,0.4264189898967743
1732437746306394055,0.4264189898967743
1732437746317299224,0.4264189898967743
1732437746317299224,0.4264189898967743
1732437746327398995,0.4264189898967743
1732437746327398995,0.4264189898967743
1732437746337506129,0.4264189898967743
1732437746337506129,0.4264189898967743
1732437746347973964,0.4264189898967743
1732437746347973964,0.4264189898967743
1732437746358556324,0.4264189898967743
1732437746358556324,0.4264189898967743
1732437746369043445,0.4264189898967743
1732437746369043445,0.4264189898967743
1732437746379355657,0.4264189898967743
1732437746379355657,0.4264189898967743
1732437746389972264,0.4264189898967743
1732437746389972264,0.4264189898967743
1732437746400316379,0.4264189898967743
1732437746400316379,0.4264189898967743
1732437746410574604,0.4264189898967743
1732437746410574604,0.4264189898967743
1732437746421014669,0.4264189898967743
1732437746421014669,0.4264189898967743
1732437746431437179,0.4264189898967743
1732437746431437179,0.4264189898967743
1732437746441774692,0.4264189898967743
1732437746441774692,0.4264189898967743
1732437746451989809,0.4264189898967743
1732437746451989809,0.4264189898967743
1732437746462401209,0.4264189898967743
1732437746462401209,0.4264189898967743
1732437746473043770,0.4264189898967743
1732437746473043770,0.4264189898967743
1732437746483385912,0.4264189898967743
1732437746483385912,0.4264189898967743
1732437746494054551,0.4264189898967743
1732437746494054551,0.4264189898967743
1732437746504419486,0.4264189898967743
1732437746504419486,0.4264189898967743
1732437746514625494,0.4264189898967743
1732437746514625494,0.4264189898967743
1732437746525168450,0.4264189898967743
1732437746525168450,0.4264189898967743
1732437746535375030,0.4264189898967743
1732437746535375030,0.4264189898967743
1732437746545618928,0.4264189898967743
1732437746545618928,0.4264189898967743
1732437746555869320,0.4264189898967743
1732437746555869320,0.4264189898967743
1732437746566015904,0.4264189898967743
1732437746566015904,0.4264189898967743
1732437746576582287,0.4264189898967743
1732437746576582287,0.4264189898967743
1732437746586784354,0.4264189898967743
1732437746586784354,0.4264189898967743
1732437746597026143,0.4264189898967743
1732437746597026143,0.4264189898967743
1732437746607169975,0.4264189898967743
1732437746607169975,0.4264189898967743
1732437746617372036,0.4264189898967743
1732437746617372036,0.4264189898967743
1732437746627550330,0.4264189898967743
1732437746627550330,0.4264189898967743
1732437746637918830,0.4264189898967743
1732437746637918830,0.4264189898967743
1732437746648216539,0.4264189898967743
1732437746648216539,0.4264189898967743
1732437746658654363,0.4264189898967743
1732437746658654363,0.4264189898967743
1732437746669038402,0.4264189898967743
1732437746669038402,0.4264189898967743
1732437746679515205,0.4264189898967743
1732437746679515205,0.4264189898967743
1732437746689827221,0.4264189898967743
1732437746689827221,0.4264189898967743
1732437746700424818,0.4264189898967743
1732437746700424818,0.4264189898967743
1732437746710955039,0.4264189898967743
1732437746710955039,0.4264189898967743
1732437746721524041,0.4264189898967743
1732437746721524041,0.4264189898967743
1732437746732099990,0.4264189898967743
1732437746732099990,0.4264189898967743
1732437746742809355,0.4264189898967743
1732437746742809355,0.4264189898967743
1732437746755324994,0.4264189898967743
1732437746755324994,0.4264189898967743
1732437746765653076,0.4264189898967743
1732437746765653076,0.4264189898967743
1732437746775977618,0.4264189898967743
1732437746775977618,0.4264189898967743
1732437746786734027,0.4264189898967743
1732437746786734027,0.4264189898967743
1732437746796851274,0.4264189898967743
1732437746796851274,0.4264189898967743
1732437746807294523,0.4264189898967743
1732437746807294523,0.4264189898967743
1732437746818163766,0.4264189898967743
1732437746818163766,0.4264189898967743
1732437746828608510,0.4264189898967743
1732437746828608510,0.4264189898967743
1732437746839040909,0.4264189898967743
1732437746839040909,0.4264189898967743
1732437746849222161,0.4264189898967743
1732437746849222161,0.4264189898967743
1732437746859841870,0.4264189898967743
1732437746859841870,0.4264189898967743
1732437746870213116,0.4264189898967743
1732437746870213116,0.4264189898967743
1732437746880348513,0.4264189898967743
1732437746880348513,0.4264189898967743
1732437746890855652,0.4264189898967743
1732437746890855652,0.4264189898967743
1732437746901061891,0.4264189898967743
1732437746901061891,0.4264189898967743
1732437746911865071,0.4264189898967743
1732437746911865071,0.4264189898967743
1732437746922312028,0.4264189898967743
1732437746922312028,0.4264189898967743
1732437746932572278,0.4264189898967743
1732437746932572278,0.4264189898967743
1732437746943078385,0.4264189898967743
1732437746943078385,0.4264189898967743
1732437746953235331,0.4264189898967743
1732437746953235331,0.4264189898967743
1732437746963392370,0.4264189898967743
1732437746963392370,0.4264189898967743
1732437746973731075,0.4264189898967743
1732437746973731075,0.4264189898967743
1732437746984365028,0.4264189898967743
1732437746984365028,0.4264189898967743
1732437746995259718,0.4264189898967743
1732437746995259718,0.4264189898967743
1732437747006244947,0.4264189898967743
1732437747006244947,0.4264189898967743
1732437747016759216,0.4264189898967743
1732437747016759216,0.4264189898967743
1732437747026852337,0.4264189898967743
1732437747026852337,0.4264189898967743
1732437747037005046,0.4264189898967743
1732437747037005046,0.4264189898967743
1732437747047107713,0.4264189898967743
1732437747047107713,0.4264189898967743
1732437747057278632,0.4264189898967743
1732437747057278632,0.4264189898967743
1732437747067538224,0.4264189898967743
1732437747067538224,0.4264189898967743
1732437747078161249,0.4264189898967743
1732437747078161249,0.4264189898967743
1732437747088694797,0.4264189898967743
1732437747088694797,0.4264189898967743
1732437747099200313,0.4264189898967743
1732437747099200313,0.4264189898967743
1732437747109654934,0.4264189898967743
1732437747109654934,0.4264189898967743
1732437747119995784,0.4264189898967743
1732437747119995784,0.4264189898967743
1732437747130355328,0.4264189898967743
1732437747130355328,0.4264189898967743
1732437747140541086,0.4264189898967743
1732437747140541086,0.4264189898967743
1732437747150665086,0.4264189898967743
1732437747150665086,0.4264189898967743
1732437747161080312,0.4264189898967743
1732437747161080312,0.4264189898967743
1732437747171306930,0.4264189898967743
1732437747171306930,0.4264189898967743
1732437747181417009,0.4264189898967743
1732437747181417009,0.4264189898967743
1732437747191867343,0.4264189898967743
1732437747191867343,0.4264189898967743
1732437747202672136,0.4264189898967743
1732437747202672136,0.4264189898967743
1732437747212931014,0.4264189898967743
1732437747212931014,0.4264189898967743
1732437747223202002,0.4264189898967743
1732437747223202002,0.4264189898967743
1732437747233629293,0.4264189898967743
1732437747233629293,0.4264189898967743
1732437747244418086,0.4264189898967743
1732437747244418086,0.4264189898967743
1732437747254834076,0.4264189898967743
1732437747254834076,0.4264189898967743
1732437747265236851,0.4264189898967743
1732437747265236851,0.4264189898967743
1732437747275685848,0.4264189898967743
1732437747275685848,0.4264189898967743
1732437747286110937,0.4264189898967743
1732437747286110937,0.4264189898967743
1732437747296621503,0.4264189898967743
1732437747296621503,0.4264189898967743
1732437747307674798,0.4264189898967743
1732437747307674798,0.4264189898967743
1732437747318821268,0.4264189898967743
1732437747318821268,0.4264189898967743
1732437747328964970,0.4264189898967743
1732437747328964970,0.4264189898967743
1732437747339411907,0.4264189898967743
1732437747339411907,0.4264189898967743
1732437747353325528,0.4264189898967743
1732437747353325528,0.4264189898967743
1732437747363679872,0.4264189898967743
1732437747363679872,0.4264189898967743
1732437747374053291,0.4264189898967743
1732437747374053291,0.4264189898967743
1732437747384361491,0.4264189898967743
1732437747384361491,0.4264189898967743
1732437747394763574,0.4264189898967743
1732437747394763574,0.4264189898967743
1732437747405154988,0.4264189898967743
1732437747405154988,0.4264189898967743
1732437747415581025,0.4264189898967743
1732437747415581025,0.4264189898967743
1732437747426042140,0.4264189898967743
1732437747426042140,0.4264189898967743
1732437747436228330,0.4264189898967743
1732437747436228330,0.4264189898967743
1732437747446288497,0.4264189898967743
1732437747446288497,0.4264189898967743
1732437747446288497,0.4264189898967743
1732437747446288497,0.4264189898967743
1732437747467058831,0.4264189898967743
1732437747467058831,0.4264189898967743
1732437747477233432,0.4264189898967743
1732437747477233432,0.4264189898967743
1732437747487810731,0.4264189898967743
1732437747487810731,0.4264189898967743
1732437747497962239,0.4264189898967743
1732437747497962239,0.4264189898967743
1732437747508660874,0.4264189898967743
1732437747508660874,0.4264189898967743
1732437747518826728,0.4264189898967743
1732437747518826728,0.4264189898967743
1732437747529365565,0.4264189898967743
1732437747529365565,0.4264189898967743
1732437747539732212,0.4264189898967743
1732437747539732212,0.4264189898967743
1732437747550944855,0.4264189898967743
1732437747550944855,0.4264189898967743
1732437747563562853,0.4264189898967743
1732437747563562853,0.4264189898967743
1732437747573891271,0.4264189898967743
1732437747573891271,0.4264189898967743
1732437747584116555,0.4264189898967743
1732437747584116555,0.4264189898967743
1732437747594654291,0.4264189898967743
1732437747594654291,0.4264189898967743
1732437747604853247,0.4264189898967743
1732437747604853247,0.4264189898967743
1732437747615359053,0.4264189898967743
1732437747615359053,0.4264189898967743
1732437747625601456,0.4264189898967743
1732437747625601456,0.4264189898967743
1732437747636245784,0.4264189898967743
1732437747636245784,0.4264189898967743
1732437747646758373,0.4264189898967743
1732437747646758373,0.4264189898967743
1732437747657178480,0.4264189898967743
1732437747657178480,0.4264189898967743
1732437747667310641,0.4264189898967743
1732437747667310641,0.4264189898967743
1732437747677878854,0.4264189898967743
1732437747677878854,0.4264189898967743
1732437747688067870,0.4264189898967743
1732437747688067870,0.4264189898967743
1732437747698415754,0.4264189898967743
1732437747698415754,0.4264189898967743
1732437747708889376,0.4264189898967743
1732437747708889376,0.4264189898967743
1732437747719428138,0.4264189898967743
1732437747719428138,0.4264189898967743
1732437747729647561,0.4264189898967743
1732437747729647561,0.4264189898967743
1732437747739839365,0.4264189898967743
1732437747739839365,0.4264189898967743
1732437747750246107,0.4264189898967743
1732437747750246107,0.4264189898967743
1732437747760468596,0.4264189898967743
1732437747760468596,0.4264189898967743
1732437747771086111,0.4264189898967743
1732437747771086111,0.4264189898967743
1732437747781325410,0.4264189898967743
1732437747781325410,0.4264189898967743
1732437747791845851,0.4264189898967743
1732437747791845851,0.4264189898967743
1732437747802078354,0.4264189898967743
1732437747802078354,0.4264189898967743
1732437747812696349,0.4264189898967743
1732437747812696349,0.4264189898967743
1732437747823028172,0.4264189898967743
1732437747823028172,0.4264189898967743
1732437747833815482,0.4264189898967743
1732437747833815482,0.4264189898967743
1732437747844242452,0.4264189898967743
1732437747844242452,0.4264189898967743
1732437747854334859,0.4264189898967743
1732437747854334859,0.4264189898967743
1732437747864493760,0.4264189898967743
1732437747864493760,0.4264189898967743
1732437747874592435,0.4264189898967743
1732437747874592435,0.4264189898967743
1732437747884952975,0.4264189898967743
1732437747884952975,0.4264189898967743
1732437747895206062,0.4264189898967743
1732437747895206062,0.4264189898967743
1732437747905371814,0.4264189898967743
1732437747905371814,0.4264189898967743
1732437747915819803,0.4264189898967743
1732437747915819803,0.4264189898967743
1732437747926191260,0.4264189898967743
1732437747926191260,0.4264189898967743
1732437747936647344,0.4264189898967743
1732437747936647344,0.4264189898967743
1732437747947163049,0.4264189898967743
1732437747947163049,0.4264189898967743
1732437747957395897,0.4264189898967743
1732437747957395897,0.4264189898967743
1732437747967694559,0.4264189898967743
1732437747967694559,0.4264189898967743
1732437747977859310,0.4264189898967743
1732437747977859310,0.4264189898967743
1732437747988407145,0.4264189898967743
1732437747988407145,0.4264189898967743
1732437747998979826,0.4264189898967743
1732437747998979826,0.4264189898967743
1732437748009043699,0.4264189898967743
1732437748009043699,0.4264189898967743
1732437748019535551,0.4264189898967743
1732437748019535551,0.4264189898967743
1732437748029818812,0.4264189898967743
1732437748029818812,0.4264189898967743
1732437748040115527,0.4264189898967743
1732437748040115527,0.4264189898967743
1732437748050158605,0.4264189898967743
1732437748050158605,0.4264189898967743
1732437748061150797,0.4264189898967743
1732437748061150797,0.4264189898967743
1732437748071508829,0.4264189898967743
1732437748071508829,0.4264189898967743
1732437748081705369,0.4264189898967743
1732437748081705369,0.4264189898967743
1732437748092277801,0.4264189898967743
1732437748092277801,0.4264189898967743
1732437748102465554,0.4264189898967743
1732437748102465554,0.4264189898967743
1732437748112662236,0.4264189898967743
1732437748112662236,0.4264189898967743
1732437748123032970,0.4264189898967743
1732437748123032970,0.4264189898967743
1732437748133690631,0.4264189898967743
1732437748133690631,0.4264189898967743
1732437748144233345,0.4264189898967743
1732437748144233345,0.4264189898967743
1732437748155104763,0.4264189898967743
1732437748155104763,0.4264189898967743
1732437748165917259,0.4264189898967743
1732437748165917259,0.4264189898967743
1732437748176254502,0.4264189898967743
1732437748176254502,0.4264189898967743
1732437748186520952,0.4264189898967743
1732437748186520952,0.4264189898967743
1732437748196935980,0.4264189898967743
1732437748196935980,0.4264189898967743
1732437748207391363,0.4264189898967743
1732437748207391363,0.4264189898967743
1732437748217680676,0.4264189898967743
1732437748217680676,0.4264189898967743
1732437748228012118,0.4264189898967743
1732437748228012118,0.4264189898967743
1732437748238523164,0.4264189898967743
1732437748238523164,0.4264189898967743
1732437748249718574,0.4264189898967743
1732437748249718574,0.4264189898967743
1732437748260066837,0.4264189898967743
1732437748260066837,0.4264189898967743
1732437748270462776,0.4264189898967743
1732437748270462776,0.4264189898967743
1732437748281133634,0.4264189898967743
1732437748281133634,0.4264189898967743
1732437748291686749,0.4264189898967743
1732437748291686749,0.4264189898967743
1732437748303212945,0.4264189898967743
1732437748303212945,0.4264189898967743
1732437748313879922,0.4264189898967743
1732437748313879922,0.4264189898967743
1732437748323982197,0.4264189898967743
1732437748323982197,0.4264189898967743
1732437748334543526,0.4264189898967743
1732437748334543526,0.4264189898967743
1732437748344985995,0.4264189898967743
1732437748344985995,0.4264189898967743
1732437748355606736,0.4264189898967743
1732437748355606736,0.4264189898967743
1732437748365918691,0.4264189898967743
1732437748365918691,0.4264189898967743
1732437748376281031,0.4264189898967743
1732437748376281031,0.4264189898967743
1732437748386719578,0.4264189898967743
1732437748386719578,0.4264189898967743
1732437748396892249,0.4264189898967743
1732437748396892249,0.4264189898967743
1732437748407088349,0.4264189898967743
1732437748407088349,0.4264189898967743
1732437748417304066,0.4264189898967743
1732437748417304066,0.4264189898967743
1732437748427554046,0.4264189898967743
1732437748427554046,0.4264189898967743
1732437748438684677,0.4264189898967743
1732437748438684677,0.4264189898967743
1732437748448794656,0.4264189898967743
1732437748448794656,0.4264189898967743
1732437748458884169,0.4264189898967743
1732437748458884169,0.4264189898967743
1732437748469319082,0.4264189898967743
1732437748469319082,0.4264189898967743
1732437748479880102,0.4264189898967743
1732437748479880102,0.4264189898967743
1732437748490848159,0.4264189898967743
1732437748490848159,0.4264189898967743
1732437748504051157,0.4264189898967743
1732437748504051157,0.4264189898967743
1732437748514680433,0.4264189898967743
1732437748514680433,0.4264189898967743
1732437748525029096,0.4264189898967743
1732437748525029096,0.4264189898967743
1732437748535208836,0.4264189898967743
1732437748535208836,0.4264189898967743
1732437748545525381,0.4264189898967743
1732437748545525381,0.4264189898967743
1732437748556176808,0.4264189898967743
1732437748556176808,0.4264189898967743
1732437748566322064,0.4264189898967743
1732437748566322064,0.4264189898967743
1732437748576670777,0.4264189898967743
1732437748576670777,0.4264189898967743
1732437748586779375,0.4264189898967743
1732437748586779375,0.4264189898967743
1732437748597835666,0.4264189898967743
1732437748597835666,0.4264189898967743
1732437748607989017,0.4264189898967743
1732437748607989017,0.4264189898967743
1732437748618170439,0.4264189898967743
1732437748618170439,0.4264189898967743
1732437748628743021,0.4264189898967743
1732437748628743021,0.4264189898967743
1732437748639256752,0.4264189898967743
1732437748639256752,0.4264189898967743
1732437748649340112,0.4264189898967743
1732437748649340112,0.4264189898967743
1732437748659992081,0.4264189898967743
1732437748659992081,0.4264189898967743
1732437748670202975,0.4264189898967743
1732437748670202975,0.4264189898967743
1732437748680540341,0.4264189898967743
1732437748680540341,0.4264189898967743
1732437748690957803,0.4264189898967743
1732437748690957803,0.4264189898967743
1732437748701286049,0.4264189898967743
1732437748701286049,0.4264189898967743
1732437748711625793,0.4264189898967743
1732437748711625793,0.4264189898967743
1732437748722380406,0.4264189898967743
1732437748722380406,0.4264189898967743
1732437748732670342,0.4264189898967743
1732437748732670342,0.4264189898967743
1732437748742982417,0.4264189898967743
1732437748742982417,0.4264189898967743
1732437748753253909,0.4264189898967743
1732437748753253909,0.4264189898967743
1732437748763683763,0.4264189898967743
1732437748763683763,0.4264189898967743
1732437748774251526,0.4264189898967743
1732437748774251526,0.4264189898967743
1732437748784818886,0.4264189898967743
1732437748784818886,0.4264189898967743
1732437748795389644,0.4264189898967743
1732437748795389644,0.4264189898967743
1732437748805759758,0.4264189898967743
1732437748805759758,0.4264189898967743
1732437748816297975,0.4264189898967743
1732437748816297975,0.4264189898967743
1732437748826530554,0.4264189898967743
1732437748826530554,0.4264189898967743
1732437748836998199,0.4264189898967743
1732437748836998199,0.4264189898967743
1732437748847320744,0.4264189898967743
1732437748847320744,0.4264189898967743
1732437748857555086,0.4264189898967743
1732437748857555086,0.4264189898967743
1732437748867766775,0.4264189898967743
1732437748867766775,0.4264189898967743
1732437748877948605,0.4264189898967743
1732437748877948605,0.4264189898967743
1732437748888181808,0.4264189898967743
1732437748888181808,0.4264189898967743
1732437748898406349,0.4264189898967743
1732437748898406349,0.4264189898967743
1732437748909012549,0.4264189898967743
1732437748909012549,0.4264189898967743
1732437748919140553,0.4264189898967743
1732437748919140553,0.4264189898967743
1732437748929415775,0.4264189898967743
1732437748929415775,0.4264189898967743
1732437748939942590,0.4264189898967743
1732437748939942590,0.4264189898967743
1732437748950699164,0.4264189898967743
1732437748950699164,0.4264189898967743
1732437748960838498,0.4264189898967743
1732437748960838498,0.4264189898967743
1732437748971379821,0.4264189898967743
1732437748971379821,0.4264189898967743
1732437748981733325,0.4264189898967743
1732437748981733325,0.4264189898967743
1732437748992218513,0.4264189898967743
1732437748992218513,0.4264189898967743
1732437749002765907,0.4264189898967743
1732437749002765907,0.4264189898967743
1732437749013243381,0.4264189898967743
1732437749013243381,0.4264189898967743
1732437749023542924,0.4264189898967743
1732437749023542924,0.4264189898967743
1732437749033861842,0.4264189898967743
1732437749033861842,0.4264189898967743
1732437749044022306,0.4264189898967743
1732437749044022306,0.4264189898967743
1732437749054424720,0.4264189898967743
1732437749054424720,0.4264189898967743
1732437749065069063,0.4264189898967743
1732437749065069063,0.4264189898967743
1732437749075429500,0.4264189898967743
1732437749075429500,0.4264189898967743
1732437749086013772,0.4264189898967743
1732437749086013772,0.4264189898967743
1732437749096632480,0.4264189898967743
1732437749096632480,0.4264189898967743
1732437749107407647,0.4264189898967743
1732437749107407647,0.4264189898967743
1732437749107407647,0.4264189898967743
1732437749107407647,0.4264189898967743
1732437749129789371,0.4264189898967743
1732437749129789371,0.4264189898967743
1732437749140253350,0.4264189898967743
1732437749140253350,0.4264189898967743
1732437749150456042,0.4264189898967743
1732437749150456042,0.4264189898967743
1732437749160832519,0.4264189898967743
1732437749160832519,0.4264189898967743
1732437749171584744,0.4264189898967743
1732437749171584744,0.4264189898967743
1732437749182143961,0.4264189898967743
1732437749182143961,0.4264189898967743
1732437749192514024,0.4264189898967743
1732437749192514024,0.4264189898967743
1732437749202760900,0.4264189898967743
1732437749202760900,0.4264189898967743
1732437749213399724,0.4264189898967743
1732437749213399724,0.4264189898967743
1732437749223548126,0.4264189898967743
1732437749223548126,0.4264189898967743
1732437749234103954,0.4264189898967743
1732437749234103954,0.4264189898967743
1732437749244182004,0.4264189898967743
1732437749244182004,0.4264189898967743
1732437749254255477,0.4264189898967743
1732437749254255477,0.4264189898967743
1732437749264748019,0.4264189898967743
1732437749264748019,0.4264189898967743
1732437749275244118,0.4264189898967743
1732437749275244118,0.4264189898967743
1732437749285634059,0.4264189898967743
1732437749285634059,0.4264189898967743
1732437749295996839,0.4264189898967743
1732437749295996839,0.4264189898967743
1732437749306184024,0.4264189898967743
1732437749306184024,0.4264189898967743
1732437749316553695,0.4264189898967743
1732437749316553695,0.4264189898967743
1732437749327146664,0.4264189898967743
1732437749327146664,0.4264189898967743
1732437749337360426,0.4264189898967743
1732437749337360426,0.4264189898967743
1732437749347781181,0.4264189898967743
1732437749347781181,0.4264189898967743
1732437749357984458,0.4264189898967743
1732437749357984458,0.4264189898967743
1732437749368643429,0.4264189898967743
1732437749368643429,0.4264189898967743
1732437749378924825,0.4264189898967743
1732437749378924825,0.4264189898967743
1732437749389417021,0.4264189898967743
1732437749389417021,0.4264189898967743
1732437749399751968,0.4264189898967743
1732437749399751968,0.4264189898967743
1732437749410468435,0.4264189898967743
1732437749410468435,0.4264189898967743
1732437749420728767,0.4264189898967743
1732437749420728767,0.4264189898967743
1732437749431045268,0.4264189898967743
1732437749431045268,0.4264189898967743
1732437749441385079,0.4264189898967743
1732437749441385079,0.4264189898967743
1732437749451794156,0.4264189898967743
1732437749451794156,0.4264189898967743
1732437749462266740,0.4264189898967743
1732437749462266740,0.4264189898967743
1732437749472577624,0.4264189898967743
1732437749472577624,0.4264189898967743
1732437749483082840,0.4264189898967743
1732437749483082840,0.4264189898967743
1732437749493466169,0.4264189898967743
1732437749493466169,0.4264189898967743
1732437749503552674,0.4264189898967743
1732437749503552674,0.4264189898967743
1732437749513813707,0.4264189898967743
1732437749513813707,0.4264189898967743
1732437749524146891,0.4264189898967743
1732437749524146891,0.4264189898967743
1732437749534767121,0.4264189898967743
1732437749534767121,0.4264189898967743
1732437749545364397,0.4264189898967743
1732437749545364397,0.4264189898967743
1732437749555731516,0.4264189898967743
1732437749555731516,0.4264189898967743
1732437749566083556,0.4264189898967743
1732437749566083556,0.4264189898967743
1732437749576538838,0.4264189898967743
1732437749576538838,0.4264189898967743
1732437749587135374,0.4264189898967743
1732437749587135374,0.4264189898967743
1732437749597154446,0.4264189898967743
1732437749597154446,0.4264189898967743
1732437749608013941,0.4264189898967743
1732437749608013941,0.4264189898967743
1732437749620869251,0.4264189898967743
1732437749620869251,0.4264189898967743
1732437749631406426,0.4264189898967743
1732437749631406426,0.4264189898967743
1732437749642172778,0.4264189898967743
1732437749642172778,0.4264189898967743
1732437749652351105,0.4264189898967743
1732437749652351105,0.4264189898967743
1732437749662599311,0.4264189898967743
1732437749662599311,0.4264189898967743
1732437749673031241,0.4264189898967743
1732437749673031241,0.4264189898967743
1732437749683412896,0.4264189898967743
1732437749683412896,0.4264189898967743
1732437749693740662,0.4264189898967743
1732437749693740662,0.4264189898967743
1732437749704303626,0.4264189898967743
1732437749704303626,0.4264189898967743
1732437749714450545,0.4264189898967743
1732437749714450545,0.4264189898967743
1732437749725059143,0.4264189898967743
1732437749725059143,0.4264189898967743
1732437749749106567,0.4264189898967743
1732437749749106567,0.4264189898967743
1732437749749106567,0.4264189898967743
1732437749749106567,0.4264189898967743
1732437749759835750,0.4264189898967743
1732437749759835750,0.4264189898967743
1732437749770563981,0.4264189898967743
1732437749770563981,0.4264189898967743
1732437749780645188,0.4264189898967743
1732437749780645188,0.4264189898967743
1732437749791068587,0.4264189898967743
1732437749791068587,0.4264189898967743
1732437749801644296,0.4264189898967743
1732437749811858451,0.4264189898967743
1732437749822138718,0.4264189898967743
1732437749822138718,0.4264189898967743
1732437749832652329,0.4264189898967743
1732437749832652329,0.4264189898967743
1732437749843015130,0.4264189898967743
1732437749843015130,0.4264189898967743
1732437749853168662,0.4264189898967743
1732437749853168662,0.4264189898967743
1732437749863285503,0.4264189898967743
1732437749863285503,0.4264189898967743
1732437749873782094,0.4264189898967743
1732437749873782094,0.4264189898967743
1732437749884392795,0.4264189898967743
1732437749884392795,0.4264189898967743
1732437749894733454,0.4264189898967743
1732437749894733454,0.4264189898967743
1732437749905247546,0.4264189898967743
1732437749915721243,0.4264189898967743
1732437749915721243,0.4264189898967743
1732437749926280379,0.4264189898967743
1732437749926280379,0.4264189898967743
1732437749926280379,0.4264189898967743
1732437749936886262,0.4264189898967743
1732437749936886262,0.4264189898967743
1732437749947228023,0.4264189898967743
1732437749947228023,0.4264189898967743
1732437749957751483,0.4264189898967743
1732437749957751483,0.4264189898967743
1732437749967920543,0.4264189898967743
1732437749967920543,0.4264189898967743
1732437749978170563,0.4264189898967743
1732437749978170563,0.4264189898967743
1732437749988421786,0.4264189898967743
1732437749988421786,0.4264189898967743
1732437749999254150,0.4264189898967743
1732437749999254150,0.4264189898967743
1732437750009662966,0.4264189898967743
1732437750009662966,0.4264189898967743
1732437750019971556,0.4264189898967743
1732437750019971556,0.4264189898967743
1732437750030479586,0.4264189898967743
1732437750030479586,0.4264189898967743
1732437750040832568,0.4264189898967743
1732437750040832568,0.4264189898967743
1732437750055550898,0.4264189898967743
1732437750055550898,0.4264189898967743
1732437750066112608,0.4264189898967743
1732437750066112608,0.4264189898967743
1732437750076460952,0.4264189898967743
1732437750076460952,0.4264189898967743
1732437750087099586,0.4264189898967743
1732437750087099586,0.4264189898967743
1732437750097301858,0.4264189898967743
1732437750097301858,0.4264189898967743
1732437750107403973,0.4264189898967743
1732437750107403973,0.4264189898967743
1732437750117986263,0.4264189898967743
1732437750117986263,0.4264189898967743
1732437750128092987,0.4264189898967743
1732437750128092987,0.4264189898967743
1732437750138288416,0.4264189898967743
1732437750138288416,0.4264189898967743
1732437750148479396,0.4264189898967743
1732437750148479396,0.4264189898967743
1732437750158976115,0.4264189898967743
1732437750158976115,0.4264189898967743
1732437750169596455,0.4264189898967743
1732437750169596455,0.4264189898967743
1732437750180276537,0.4264189898967743
1732437750180276537,0.4264189898967743
1732437750190676187,0.4264189898967743
1732437750190676187,0.4264189898967743
1732437750201133262,0.4264189898967743
1732437750201133262,0.4264189898967743
1732437750211607029,0.4264189898967743
1732437750211607029,0.4264189898967743
1732437750222186613,0.4264189898967743
1732437750222186613,0.4264189898967743
1732437750233093426,0.4264189898967743
1732437750233093426,0.4264189898967743
1732437750243267125,0.4264189898967743
1732437750243267125,0.4264189898967743
1732437750253458507,0.4264189898967743
1732437750253458507,0.4264189898967743
1732437750263953292,0.4264189898967743
1732437750263953292,0.4264189898967743
1732437750274451425,0.4264189898967743
1732437750274451425,0.4264189898967743
1732437750284986887,0.4264189898967743
1732437750284986887,0.4264189898967743
1732437750295398268,0.4264189898967743
1732437750295398268,0.4264189898967743
1732437750305776337,0.4264189898967743
1732437750305776337,0.4264189898967743
1732437750305776337,0.4264189898967743
1732437750305776337,0.4264189898967743
1732437750326184476,0.4264189898967743
1732437750326184476,0.4264189898967743
1732437750336696986,0.4264189898967743
1732437750336696986,0.4264189898967743
1732437750347101295,0.4264189898967743
1732437750347101295,0.4264189898967743
1732437750357210453,0.4264189898967743
1732437750357210453,0.4264189898967743
1732437750367307929,0.4264189898967743
1732437750367307929,0.4264189898967743
1732437750377538804,0.4264189898967743
1732437750377538804,0.4264189898967743
1732437750387694970,0.4264189898967743
1732437750387694970,0.4264189898967743
1732437750397971278,0.4264189898967743
1732437750397971278,0.4264189898967743
1732437750408188028,0.4264189898967743
1732437750408188028,0.4264189898967743
1732437750418353502,0.4264189898967743
1732437750418353502,0.4264189898967743
1732437750428762928,0.4264189898967743
1732437750428762928,0.4264189898967743
1732437750439032806,0.4264189898967743
1732437750439032806,0.4264189898967743
1732437750449476697,0.4264189898967743
1732437750449476697,0.4264189898967743
1732437750460004265,0.4264189898967743
1732437750470133430,0.4264189898967743
1732437750470133430,0.4264189898967743
1732437750470133430,0.4264189898967743
1732437750480514746,0.4264189898967743
1732437750480514746,0.4264189898967743
1732437750490970460,0.4264189898967743
1732437750490970460,0.4264189898967743
1732437750503778973,0.4264189898967743
1732437750503778973,0.4264189898967743
1732437750514298254,0.4264189898967743
1732437750514298254,0.4264189898967743
1732437750524616342,0.4264189898967743
1732437750524616342,0.4264189898967743
1732437750535196558,0.4264189898967743
1732437750535196558,0.4264189898967743
1732437750545794197,0.4264189898967743
1732437750545794197,0.4264189898967743
1732437750556282461,0.4264189898967743
1732437750556282461,0.4264189898967743
1732437750566582304,0.4264189898967743
1732437750566582304,0.4264189898967743
1732437750577571040,0.4264189898967743
1732437750577571040,0.4264189898967743
1732437750587827761,0.4264189898967743
1732437750587827761,0.4264189898967743
1732437750598325011,0.4264189898967743
1732437750598325011,0.4264189898967743
1732437750608922756,0.4264189898967743
1732437750608922756,0.4264189898967743
1732437750619352285,0.4264189898967743
1732437750619352285,0.4264189898967743
1732437750629763835,0.4264189898967743
1732437750629763835,0.4264189898967743
1732437750640010289,0.4264189898967743
1732437750640010289,0.4264189898967743
1732437750650568383,0.4264189898967743
1732437750650568383,0.4264189898967743
1732437750660776616,0.4264189898967743
1732437750660776616,0.4264189898967743
1732437750671249601,0.4264189898967743
1732437750671249601,0.4264189898967743
1732437750681758752,0.4264189898967743
1732437750681758752,0.4264189898967743
1732437750692271039,0.4264189898967743
1732437750692271039,0.4264189898967743
1732437750702856886,0.4264189898967743
1732437750702856886,0.4264189898967743
1732437750713005471,0.4264189898967743
1732437750713005471,0.4264189898967743
1732437750723390252,0.4264189898967743
1732437750723390252,0.4264189898967743
1732437750734286863,0.4264189898967743
1732437750734286863,0.4264189898967743
1732437750744750752,0.4264189898967743
1732437750744750752,0.4264189898967743
1732437750744750752,0.4264189898967743
1732437750744750752,0.4264189898967743
1732437750766931125,0.4264189898967743
1732437750766931125,0.4264189898967743
1732437750777107749,0.4264189898967743
1732437750777107749,0.4264189898967743
1732437750788639615,0.4264189898967743
1732437750788639615,0.4264189898967743
1732437750799777307,0.4264189898967743
1732437750799777307,0.4264189898967743
1732437750810750044,0.4264189898967743
1732437750810750044,0.4264189898967743
1732437750821288421,0.4264189898967743
1732437750821288421,0.4264189898967743
1732437750831419179,0.4264189898967743
1732437750831419179,0.4264189898967743
1732437750841922407,0.4264189898967743
1732437750841922407,0.4264189898967743
1732437750852354196,0.4264189898967743
1732437750852354196,0.4264189898967743
1732437750862596161,0.4264189898967743
1732437750862596161,0.4264189898967743
1732437750872710363,0.4264189898967743
1732437750872710363,0.4264189898967743
1732437750883301730,0.4264189898967743
1732437750883301730,0.4264189898967743
1732437750893765077,0.4264189898967743
1732437750893765077,0.4264189898967743
1732437750905114695,0.4264189898967743
1732437750905114695,0.4264189898967743
1732437750915485277,0.4264189898967743
1732437750915485277,0.4264189898967743
1732437750926260778,0.4264189898967743
1732437750926260778,0.4264189898967743
1732437750936765834,0.4264189898967743
1732437750936765834,0.4264189898967743
1732437750947005236,0.4264189898967743
1732437750947005236,0.4264189898967743
1732437750957261968,0.4264189898967743
1732437750957261968,0.4264189898967743
1732437750967802389,0.4264189898967743
1732437750967802389,0.4264189898967743
1732437750977965137,0.4264189898967743
1732437750977965137,0.4264189898967743
1732437750988371449,0.4264189898967743
1732437750988371449,0.4264189898967743
1732437750998686189,0.4264189898967743
1732437750998686189,0.4264189898967743
1732437751009365720,0.4264189898967743
1732437751009365720,0.4264189898967743
1732437751019777652,0.4264189898967743
1732437751019777652,0.4264189898967743
1732437751030488617,0.4264189898967743
1732437751030488617,0.4264189898967743
1732437751041067632,0.4264189898967743
1732437751041067632,0.4264189898967743
1732437751051600589,0.4264189898967743
1732437751051600589,0.4264189898967743
1732437751062081949,0.4264189898967743
1732437751062081949,0.4264189898967743
1732437751072303197,0.4264189898967743
1732437751072303197,0.4264189898967743
1732437751082521449,0.4264189898967743
1732437751082521449,0.4264189898967743
1732437751093113025,0.4264189898967743
1732437751093113025,0.4264189898967743
1732437751103175918,0.4264189898967743
1732437751103175918,0.4264189898967743
1732437751113502420,0.4264189898967743
1732437751113502420,0.4264189898967743
1732437751123598605,0.4264189898967743
1732437751123598605,0.4264189898967743
1732437751133940014,0.4264189898967743
1732437751133940014,0.4264189898967743
1732437751144045237,0.4264189898967743
1732437751144045237,0.4264189898967743
1732437751158724803,0.4264189898967743
1732437751158724803,0.4264189898967743
1732437751168904724,0.4264189898967743
1732437751168904724,0.4264189898967743
1732437751178946688,0.4264189898967743
1732437751178946688,0.4264189898967743
1732437751189202999,0.4264189898967743
1732437751189202999,0.4264189898967743
1732437751199999718,0.4264189898967743
1732437751199999718,0.4264189898967743
1732437751210415787,0.4264189898967743
1732437751210415787,0.4264189898967743
1732437751221024186,0.4264189898967743
1732437751221024186,0.4264189898967743
1732437751231466964,0.4264189898967743
1732437751231466964,0.4264189898967743
1732437751241744688,0.4264189898967743
1732437751241744688,0.4264189898967743
1732437751252189480,0.4264189898967743
1732437751252189480,0.4264189898967743
1732437751262256320,0.4264189898967743
1732437751262256320,0.4264189898967743
1732437751272657281,0.4264189898967743
1732437751272657281,0.4264189898967743
1732437751283508301,0.4264189898967743
1732437751283508301,0.4264189898967743
1732437751294131807,0.4264189898967743
1732437751294131807,0.4264189898967743
1732437751305213957,0.4264189898967743
1732437751305213957,0.4264189898967743
1732437751315794673,0.4264189898967743
1732437751315794673,0.4264189898967743
1732437751326295249,0.4264189898967743
1732437751326295249,0.4264189898967743
1732437751336933142,0.4264189898967743
1732437751336933142,0.4264189898967743
1732437751347020390,0.4264189898967743
1732437751347020390,0.4264189898967743
1732437751357126913,0.4264189898967743
1732437751357126913,0.4264189898967743
1732437751367290162,0.4264189898967743
1732437751367290162,0.4264189898967743
1732437751377637413,0.4264189898967743
1732437751377637413,0.4264189898967743
1732437751387900849,0.4264189898967743
1732437751387900849,0.4264189898967743
1732437751387900849,0.4264189898967743
1732437751398720751,0.4264189898967743
1732437751409146890,0.4264189898967743
1732437751409146890,0.4264189898967743
1732437751419496926,0.4264189898967743
1732437751419496926,0.4264189898967743
1732437751430589304,0.4264189898967743
1732437751430589304,0.4264189898967743
1732437751441227629,0.4264189898967743
1732437751441227629,0.4264189898967743
1732437751455102537,0.4264189898967743
1732437751455102537,0.4264189898967743
1732437751465305840,0.4264189898967743
1732437751465305840,0.4264189898967743
1732437751475476784,0.4264189898967743
1732437751475476784,0.4264189898967743
1732437751486294371,0.4264189898967743
1732437751486294371,0.4264189898967743
1732437751496945970,0.4264189898967743
1732437751496945970,0.4264189898967743
1732437751507250782,0.4264189898967743
1732437751507250782,0.4264189898967743
1732437751518001705,0.4264189898967743
1732437751518001705,0.4264189898967743
1732437751528301519,0.4264189898967743
1732437751528301519,0.4264189898967743
1732437751538714009,0.4264189898967743
1732437751538714009,0.4264189898967743
1732437751549237913,0.4264189898967743
1732437751549237913,0.4264189898967743
1732437751559646318,0.4264189898967743
1732437751559646318,0.4264189898967743
1732437751570249386,0.4264189898967743
1732437751570249386,0.4264189898967743
1732437751580549681,0.4264189898967743
1732437751580549681,0.4264189898967743
1732437751594150068,0.4264189898967743
1732437751594150068,0.4264189898967743
1732437751604463906,0.4264189898967743
1732437751604463906,0.4264189898967743
1732437751614573947,0.4264189898967743
1732437751614573947,0.4264189898967743
1732437751624841411,0.4264189898967743
1732437751624841411,0.4264189898967743
1732437751635779152,0.4264189898967743
1732437751635779152,0.4264189898967743
1732437751646225288,0.4264189898967743
1732437751646225288,0.4264189898967743
1732437751656854032,0.4264189898967743
1732437751656854032,0.4264189898967743
1732437751667277165,0.4264189898967743
1732437751667277165,0.4264189898967743
1732437751677717601,0.4264189898967743
1732437751677717601,0.4264189898967743
1732437751688111549,0.4264189898967743
1732437751688111549,0.4264189898967743
1732437751698442100,0.4264189898967743
1732437751698442100,0.4264189898967743
1732437751709083028,0.4264189898967743
1732437751709083028,0.4264189898967743
1732437751719609584,0.4264189898967743
1732437751719609584,0.4264189898967743
1732437751730092367,0.4264189898967743
1732437751730092367,0.4264189898967743
1732437751740957603,0.4264189898967743
1732437751740957603,0.4264189898967743
1732437751751444415,0.4264189898967743
1732437751751444415,0.4264189898967743
1732437751761635936,0.4264189898967743
1732437751761635936,0.4264189898967743
1732437751772267253,0.4264189898967743
1732437751772267253,0.4264189898967743
1732437751782949972,0.4264189898967743
1732437751782949972,0.4264189898967743
1732437751793757282,0.4264189898967743
1732437751793757282,0.4264189898967743
1732437751803971051,0.4264189898967743
1732437751803971051,0.4264189898967743
1732437751814457545,0.4264189898967743
1732437751814457545,0.4264189898967743
1732437751824711523,0.4264189898967743
1732437751824711523,0.4264189898967743
1732437751835148371,0.4264189898967743
1732437751835148371,0.4264189898967743
1732437751845409553,0.4264189898967743
1732437751845409553,0.4264189898967743
1732437751857065260,0.4264189898967743
1732437751857065260,0.4264189898967743
1732437751867148751,0.4264189898967743
1732437751867148751,0.4264189898967743
1732437751877333677,0.4264189898967743
1732437751877333677,0.4264189898967743
1732437751887869854,0.4264189898967743
1732437751887869854,0.4264189898967743
1732437751897987726,0.4264189898967743
1732437751897987726,0.4264189898967743
1732437751908569237,0.4264189898967743
1732437751908569237,0.4264189898967743
1732437751918981930,0.4264189898967743
1732437751918981930,0.4264189898967743
1732437751929101447,0.4264189898967743
1732437751929101447,0.4264189898967743
1732437751939665332,0.4264189898967743
1732437751939665332,0.4264189898967743
1732437751949891047,0.4264189898967743
1732437751949891047,0.4264189898967743
1732437751959989404,0.4264189898967743
1732437751959989404,0.4264189898967743
1732437751970200874,0.4264189898967743
1732437751970200874,0.4264189898967743
1732437751980556791,0.4264189898967743
1732437751980556791,0.4264189898967743
1732437751990843620,0.4264189898967743
1732437751990843620,0.4264189898967743
1732437752001111083,0.4264189898967743
1732437752001111083,0.4264189898967743
1732437752011527600,0.4264189898967743
1732437752011527600,0.4264189898967743
1732437752021797111,0.4264189898967743
1732437752021797111,0.4264189898967743
1732437752031978765,0.4264189898967743
1732437752031978765,0.4264189898967743
1732437752042510841,0.4264189898967743
1732437752042510841,0.4264189898967743
1732437752052859850,0.4264189898967743
1732437752052859850,0.4264189898967743
1732437752063364929,0.4264189898967743
1732437752063364929,0.4264189898967743
1732437752073677156,0.4264189898967743
1732437752073677156,0.4264189898967743
1732437752083811652,0.4264189898967743
1732437752083811652,0.4264189898967743
1732437752094381659,0.4264189898967743
1732437752094381659,0.4264189898967743
1732437752104578910,0.4264189898967743
1732437752104578910,0.4264189898967743
1732437752115127025,0.4264189898967743
1732437752115127025,0.4264189898967743
1732437752125680953,0.4264189898967743
1732437752125680953,0.4264189898967743
1732437752136040015,0.4264189898967743
1732437752136040015,0.4264189898967743
1732437752146574605,0.4264189898967743
1732437752146574605,0.4264189898967743
1732437752156859351,0.4264189898967743
1732437752156859351,0.4264189898967743
1732437752167113339,0.4264189898967743
1732437752167113339,0.4264189898967743
1732437752177290504,0.4264189898967743
1732437752177290504,0.4264189898967743
1732437752187622738,0.4264189898967743
1732437752187622738,0.4264189898967743
1732437752197792549,0.4264189898967743
1732437752197792549,0.4264189898967743
1732437752207965893,0.4264189898967743
1732437752207965893,0.4264189898967743
1732437752218473287,0.4264189898967743
1732437752218473287,0.4264189898967743
1732437752228568115,0.4264189898967743
1732437752228568115,0.4264189898967743
1732437752238656589,0.4264189898967743
1732437752238656589,0.4264189898967743
1732437752249277970,0.4264189898967743
1732437752249277970,0.4264189898967743
1732437752259732802,0.4264189898967743
1732437752259732802,0.4264189898967743
1732437752270327116,0.4264189898967743
1732437752270327116,0.4264189898967743
1732437752280658117,0.4264189898967743
1732437752280658117,0.4264189898967743
1732437752290914710,0.4264189898967743
1732437752290914710,0.4264189898967743
1732437752301352321,0.4264189898967743
1732437752301352321,0.4264189898967743
1732437752311880235,0.4264189898967743
1732437752311880235,0.4264189898967743
1732437752322364085,0.4264189898967743
1732437752322364085,0.4264189898967743
1732437752332885681,0.4264189898967743
1732437752332885681,0.4264189898967743
1732437752343359808,0.4264189898967743
1732437752343359808,0.4264189898967743
1732437752353797279,0.4264189898967743
1732437752353797279,0.4264189898967743
1732437752364156583,0.4264189898967743
1732437752364156583,0.4264189898967743
1732437752374453921,0.4264189898967743
1732437752374453921,0.4264189898967743
1732437752384845112,0.4264189898967743
1732437752384845112,0.4264189898967743
1732437752395256743,0.4264189898967743
1732437752395256743,0.4264189898967743
1732437752405581186,0.4264189898967743
1732437752405581186,0.4264189898967743
1732437752405581186,0.4264189898967743
1732437752405581186,0.4264189898967743
1732437752426682996,0.4264189898967743
1732437752426682996,0.4264189898967743
1732437752436919382,0.4264189898967743
1732437752436919382,0.4264189898967743
1732437752447354708,0.4264189898967743
1732437752447354708,0.4264189898967743
1732437752457404485,0.4264189898967743
1732437752457404485,0.4264189898967743
1732437752467686215,0.4264189898967743
1732437752467686215,0.4264189898967743
1732437752478076677,0.4264189898967743
1732437752478076677,0.4264189898967743
1732437752488862847,0.4264189898967743
1732437752488862847,0.4264189898967743
1732437752499071501,0.4264189898967743
1732437752499071501,0.4264189898967743
1732437752509360034,0.4264189898967743
1732437752509360034,0.4264189898967743
1732437752519862215,0.4264189898967743
1732437752519862215,0.4264189898967743
1732437752530245124,0.4264189898967743
1732437752530245124,0.4264189898967743
1732437752540504642,0.4264189898967743
1732437752540504642,0.4264189898967743
1732437752551136725,0.4264189898967743
1732437752551136725,0.4264189898967743
1732437752561440136,0.4264189898967743
1732437752561440136,0.4264189898967743
1732437752571918090,0.4264189898967743
1732437752571918090,0.4264189898967743
1732437752582323091,0.4264189898967743
1732437752582323091,0.4264189898967743
1732437752592825080,0.4264189898967743
1732437752592825080,0.4264189898967743
1732437752603049743,0.4264189898967743
1732437752603049743,0.4264189898967743
1732437752613618367,0.4264189898967743
1732437752613618367,0.4264189898967743
1732437752624173545,0.4264189898967743
1732437752624173545,0.4264189898967743
1732437752636600335,0.4264189898967743
1732437752636600335,0.4264189898967743
1732437752647375256,0.4264189898967743
1732437752647375256,0.4264189898967743
1732437752657939699,0.4264189898967743
1732437752657939699,0.4264189898967743
1732437752668056406,0.4264189898967743
1732437752668056406,0.4264189898967743
1732437752678243297,0.4264189898967743
1732437752688515008,0.4264189898967743
1732437752688515008,0.4264189898967743
1732437752688515008,0.4264189898967743
1732437752698877454,0.4264189898967743
1732437752698877454,0.4264189898967743
1732437752709183964,0.4264189898967743
1732437752709183964,0.4264189898967743
1732437752719321225,0.4264189898967743
1732437752719321225,0.4264189898967743
1732437752730912711,0.4264189898967743
1732437752730912711,0.4264189898967743
1732437752741227102,0.4264189898967743
1732437752741227102,0.4264189898967743
1732437752751632546,0.4264189898967743
1732437752751632546,0.4264189898967743
1732437752765069097,0.4264189898967743
1732437752765069097,0.4264189898967743
1732437752778418287,0.4264189898967743
1732437752778418287,0.4264189898967743
1732437752789521605,0.4264189898967743
1732437752789521605,0.4264189898967743
1732437752799978592,0.4264189898967743
1732437752799978592,0.4264189898967743
1732437752810303400,0.4264189898967743
1732437752810303400,0.4264189898967743
1732437752821057039,0.4264189898967743
1732437752821057039,0.4264189898967743
1732437752831668602,0.4264189898967743
1732437752831668602,0.4264189898967743
1732437752842392364,0.4264189898967743
1732437752842392364,0.4264189898967743
1732437752852569189,0.4264189898967743
1732437752852569189,0.4264189898967743
1732437752863503524,0.4264189898967743
1732437752863503524,0.4264189898967743
1732437752873811061,0.4264189898967743
1732437752873811061,0.4264189898967743
1732437752884961339,0.4264189898967743
1732437752884961339,0.4264189898967743
1732437752895603790,0.4264189898967743
1732437752895603790,0.4264189898967743
1732437752906024778,0.4264189898967743
1732437752906024778,0.4264189898967743
1732437752916180082,0.4264189898967743
1732437752916180082,0.4264189898967743
1732437752926984795,0.4264189898967743
1732437752926984795,0.4264189898967743
1732437752937863347,0.4264189898967743
1732437752937863347,0.4264189898967743
1732437752949832689,0.4264189898967743
1732437752949832689,0.4264189898967743
1732437752960400852,0.4264189898967743
1732437752960400852,0.4264189898967743
1732437752971194425,0.4264189898967743
1732437752971194425,0.4264189898967743
1732437752981497424,0.4264189898967743
1732437752981497424,0.4264189898967743
1732437752992111652,0.4264189898967743
1732437752992111652,0.4264189898967743
1732437753003773380,0.4264189898967743
1732437753003773380,0.4264189898967743
1732437753013943692,0.4264189898967743
1732437753013943692,0.4264189898967743
1732437753024227369,0.4264189898967743
1732437753024227369,0.4264189898967743
1732437753034820147,0.4264189898967743
1732437753034820147,0.4264189898967743
1732437753047284113,0.4264189898967743
1732437753047284113,0.4264189898967743
1732437753057597190,0.4264189898967743
1732437753057597190,0.4264189898967743
1732437753068119688,0.4264189898967743
1732437753068119688,0.4264189898967743
1732437753078826931,0.4264189898967743
1732437753078826931,0.4264189898967743
1732437753089219129,0.4264189898967743
1732437753089219129,0.4264189898967743
1732437753099372319,0.4264189898967743
1732437753099372319,0.4264189898967743
1732437753111020513,0.4264189898967743
1732437753111020513,0.4264189898967743
1732437753121243534,0.4264189898967743
1732437753121243534,0.4264189898967743
1732437753131567752,0.4264189898967743
1732437753131567752,0.4264189898967743
1732437753142215553,0.4264189898967743
1732437753142215553,0.4264189898967743
1732437753152266613,0.4264189898967743
1732437753152266613,0.4264189898967743
1732437753162738158,0.4264189898967743
1732437753162738158,0.4264189898967743
1732437753173346325,0.4264189898967743
1732437753173346325,0.4264189898967743
1732437753183661938,0.4264189898967743
1732437753183661938,0.4264189898967743
1732437753194131969,0.4264189898967743
1732437753194131969,0.4264189898967743
1732437753204697176,0.4264189898967743
1732437753204697176,0.4264189898967743
1732437753215964621,0.4264189898967743
1732437753215964621,0.4264189898967743
1732437753226137838,0.4264189898967743
1732437753226137838,0.4264189898967743
1732437753236898410,0.4264189898967743
1732437753236898410,0.4264189898967743
1732437753247045900,0.4264189898967743
1732437753247045900,0.4264189898967743
1732437753257558759,0.4264189898967743
1732437753257558759,0.4264189898967743
1732437753267628816,0.4264189898967743
1732437753267628816,0.4264189898967743
1732437753277797135,0.4264189898967743
1732437753277797135,0.4264189898967743
1732437753289334381,0.4264189898967743
1732437753289334381,0.4264189898967743
1732437753299616432,0.4264189898967743
1732437753299616432,0.4264189898967743
1732437753310048011,0.4264189898967743
1732437753310048011,0.4264189898967743
1732437753320196824,0.4264189898967743
1732437753320196824,0.4264189898967743
1732437753330559824,0.4264189898967743
1732437753330559824,0.4264189898967743
1732437753341076822,0.4264189898967743
1732437753341076822,0.4264189898967743
1732437753351530593,0.4264189898967743
1732437753351530593,0.4264189898967743
1732437753361654419,0.4264189898967743
1732437753361654419,0.4264189898967743
1732437753372315896,0.4264189898967743
1732437753372315896,0.4264189898967743
1732437753382390871,0.4264189898967743
1732437753382390871,0.4264189898967743
1732437753392666946,0.4264189898967743
1732437753392666946,0.4264189898967743
1732437753403306275,0.4264189898967743
1732437753403306275,0.4264189898967743
1732437753413934399,0.4264189898967743
1732437753413934399,0.4264189898967743
1732437753424219785,0.4264189898967743
1732437753424219785,0.4264189898967743
1732437753434354121,0.4264189898967743
1732437753434354121,0.4264189898967743
1732437753444862074,0.4264189898967743
1732437753444862074,0.4264189898967743
1732437753454969549,0.4264189898967743
1732437753454969549,0.4264189898967743
1732437753465303467,0.4264189898967743
1732437753465303467,0.4264189898967743
1732437753476001061,0.4264189898967743
1732437753476001061,0.4264189898967743
1732437753486929704,0.4264189898967743
1732437753486929704,0.4264189898967743
1732437753497496275,0.4264189898967743
1732437753497496275,0.4264189898967743
1732437753507722772,0.4264189898967743
1732437753507722772,0.4264189898967743
1732437753517886231,0.4264189898967743
1732437753517886231,0.4264189898967743
1732437753528278277,0.4264189898967743
1732437753528278277,0.4264189898967743
1732437753538400991,0.4264189898967743
1732437753538400991,0.4264189898967743
1732437753548776625,0.4264189898967743
1732437753548776625,0.4264189898967743
1732437753559347484,0.4264189898967743
1732437753559347484,0.4264189898967743
1732437753569620380,0.4264189898967743
1732437753569620380,0.4264189898967743
1732437753579765523,0.4264189898967743
1732437753579765523,0.4264189898967743
1732437753590395002,0.4264189898967743
1732437753590395002,0.4264189898967743
1732437753600959246,0.4264189898967743
1732437753600959246,0.4264189898967743
1732437753611052285,0.4264189898967743
1732437753611052285,0.4264189898967743
1732437753621319945,0.4264189898967743
1732437753621319945,0.4264189898967743
1732437753631614252,0.4264189898967743
1732437753631614252,0.4264189898967743
1732437753641751893,0.4264189898967743
1732437753641751893,0.4264189898967743
1732437753652031450,0.4264189898967743
1732437753652031450,0.4264189898967743
1732437753662495029,0.4264189898967743
1732437753662495029,0.4264189898967743
1732437753672978474,0.4264189898967743
1732437753672978474,0.4264189898967743
1732437753683127708,0.4264189898967743
1732437753683127708,0.4264189898967743
1732437753693406485,0.4264189898967743
1732437753693406485,0.4264189898967743
1732437753704315052,0.4264189898967743
1732437753704315052,0.4264189898967743
1732437753714476298,0.4264189898967743
1732437753714476298,0.4264189898967743
1732437753724729444,0.4264189898967743
1732437753724729444,0.4264189898967743
1732437753735261522,0.4264189898967743
1732437753735261522,0.4264189898967743
1732437753745834374,0.4264189898967743
1732437753745834374,0.4264189898967743
1732437753756253800,0.4264189898967743
1732437753756253800,0.4264189898967743
1732437753766566608,0.4264189898967743
1732437753766566608,0.4264189898967743
1732437753776995797,0.4264189898967743
1732437753776995797,0.4264189898967743
1732437753787102106,0.4264189898967743
1732437753787102106,0.4264189898967743
1732437753797348640,0.4264189898967743
1732437753797348640,0.4264189898967743
1732437753807534051,0.4264189898967743
1732437753807534051,0.4264189898967743
1732437753817679915,0.4264189898967743
1732437753817679915,0.4264189898967743
1732437753828258180,0.4264189898967743
1732437753828258180,0.4264189898967743
1732437753838697423,0.4264189898967743
1732437753838697423,0.4264189898967743
1732437753849527233,0.4264189898967743
1732437753849527233,0.4264189898967743
1732437753860410533,0.4264189898967743
1732437753860410533,0.4264189898967743
1732437753870810893,0.4264189898967743
1732437753870810893,0.4264189898967743
1732437753881130886,0.4264189898967743
1732437753881130886,0.4264189898967743
1732437753891708377,0.4264189898967743
1732437753891708377,0.4264189898967743
1732437753902202482,0.4264189898967743
1732437753902202482,0.4264189898967743
1732437753912796724,0.4264189898967743
1732437753912796724,0.4264189898967743
1732437753923314643,0.4264189898967743
1732437753923314643,0.4264189898967743
1732437753933504261,0.4264189898967743
1732437753933504261,0.4264189898967743
1732437753943552256,0.4264189898967743
1732437753943552256,0.4264189898967743
1732437753959220273,0.4264189898967743
1732437753959220273,0.4264189898967743
1732437753969773357,0.4264189898967743
1732437753969773357,0.4264189898967743
1732437753980170222,0.4264189898967743
1732437753980170222,0.4264189898967743
1732437753990401298,0.4264189898967743
1732437753990401298,0.4264189898967743
1732437754000792832,0.4264189898967743
1732437754000792832,0.4264189898967743
1732437754011074261,0.4264189898967743
1732437754011074261,0.4264189898967743
1732437754021365890,0.4264189898967743
1732437754021365890,0.4264189898967743
1732437754031858502,0.4264189898967743
1732437754031858502,0.4264189898967743
1732437754042502807,0.4264189898967743
1732437754042502807,0.4264189898967743
1732437754052716110,0.4264189898967743
1732437754052716110,0.4264189898967743
1732437754063132039,0.4264189898967743
1732437754063132039,0.4264189898967743
1732437754073660398,0.4264189898967743
1732437754073660398,0.4264189898967743
1732437754084765050,0.4264189898967743
1732437754084765050,0.4264189898967743
1732437754095338684,0.4264189898967743
1732437754095338684,0.4264189898967743
1732437754105913248,0.4264189898967743
1732437754105913248,0.4264189898967743
1732437754116332184,0.4264189898967743
1732437754116332184,0.4264189898967743
1732437754127073509,0.4264189898967743
1732437754127073509,0.4264189898967743
1732437754137768217,0.4264189898967743
1732437754137768217,0.4264189898967743
1732437754148409433,0.4264189898967743
1732437754148409433,0.4264189898967743
1732437754158698199,0.4264189898967743
1732437754158698199,0.4264189898967743
1732437754170515597,0.4264189898967743
1732437754170515597,0.4264189898967743
1732437754180654451,0.4264189898967743
1732437754180654451,0.4264189898967743
1732437754191342297,0.4264189898967743
1732437754191342297,0.4264189898967743
1732437754201779866,0.4264189898967743
1732437754201779866,0.4264189898967743
1732437754214331292,0.4264189898967743
1732437754214331292,0.4264189898967743
1732437754224472850,0.4264189898967743
1732437754224472850,0.4264189898967743
1732437754235155707,0.4264189898967743
1732437754235155707,0.4264189898967743
1732437754245799020,0.4264189898967743
1732437754245799020,0.4264189898967743
1732437754256346014,0.4264189898967743
1732437754256346014,0.4264189898967743
1732437754266995857,0.4264189898967743
1732437754266995857,0.4264189898967743
1732437754277244946,0.4264189898967743
1732437754277244946,0.4264189898967743
1732437754287796108,0.4264189898967743
1732437754287796108,0.4264189898967743
1732437754297939461,0.4264189898967743
1732437754297939461,0.4264189898967743
1732437754308295741,0.4264189898967743
1732437754308295741,0.4264189898967743
1732437754308295741,0.4264189898967743
1732437754308295741,0.4264189898967743
1732437754329258234,0.4264189898967743
1732437754329258234,0.4264189898967743
1732437754339798988,0.4264189898967743
1732437754339798988,0.4264189898967743
1732437754350233331,0.4264189898967743
1732437754350233331,0.4264189898967743
1732437754360864292,0.4264189898967743
1732437754360864292,0.4264189898967743
1732437754374391734,0.4264189898967743
1732437754374391734,0.4264189898967743
1732437754384585058,0.4264189898967743
1732437754384585058,0.4264189898967743
1732437754395070385,0.4264189898967743
1732437754395070385,0.4264189898967743
1732437754405452803,0.4264189898967743
1732437754405452803,0.4264189898967743
1732437754415783513,0.4264189898967743
1732437754415783513,0.4264189898967743
1732437754426466460,0.4264189898967743
1732437754426466460,0.4264189898967743
1732437754437088483,0.4264189898967743
1732437754437088483,0.4264189898967743
1732437754447669880,0.4264189898967743
1732437754447669880,0.4264189898967743
1732437754457867022,0.4264189898967743
1732437754457867022,0.4264189898967743
1732437754468082258,0.4264189898967743
1732437754468082258,0.4264189898967743
1732437754478486276,0.4264189898967743
1732437754478486276,0.4264189898967743
1732437754488670806,0.4264189898967743
1732437754488670806,0.4264189898967743
1732437754499098177,0.4264189898967743
1732437754499098177,0.4264189898967743
1732437754510033172,0.4264189898967743
1732437754510033172,0.4264189898967743
1732437754520684508,0.4264189898967743
1732437754520684508,0.4264189898967743
1732437754530938530,0.4264189898967743
1732437754530938530,0.4264189898967743
1732437754541197819,0.4264189898967743
1732437754541197819,0.4264189898967743
1732437754551715127,0.4264189898967743
1732437754551715127,0.4264189898967743
1732437754562386562,0.4264189898967743
1732437754562386562,0.4264189898967743
1732437754572663703,0.4264189898967743
1732437754572663703,0.4264189898967743
1732437754583003491,0.4264189898967743
1732437754583003491,0.4264189898967743
1732437754593221563,0.4264189898967743
1732437754593221563,0.4264189898967743
1732437754603555960,0.4264189898967743
1732437754603555960,0.4264189898967743
1732437754613938057,0.4264189898967743
1732437754613938057,0.4264189898967743
1732437754624199189,0.4264189898967743
1732437754624199189,0.4264189898967743
1732437754634623485,0.4264189898967743
1732437754634623485,0.4264189898967743
1732437754645219199,0.4264189898967743
1732437754645219199,0.4264189898967743
1732437754655559879,0.4264189898967743
1732437754655559879,0.4264189898967743
1732437754666309708,0.4264189898967743
1732437754666309708,0.4264189898967743
1732437754676507947,0.4264189898967743
1732437754676507947,0.4264189898967743
1732437754686640739,0.4264189898967743
1732437754686640739,0.4264189898967743
1732437754697020942,0.4264189898967743
1732437754697020942,0.4264189898967743
1732437754707552137,0.4264189898967743
1732437754707552137,0.4264189898967743
1732437754718323380,0.4264189898967743
1732437754718323380,0.4264189898967743
1732437754729334797,0.4264189898967743
1732437754729334797,0.4264189898967743
1732437754739570422,0.4264189898967743
1732437754739570422,0.4264189898967743
1732437754750364746,0.4264189898967743
1732437754750364746,0.4264189898967743
1732437754760553102,0.4264189898967743
1732437754760553102,0.4264189898967743
1732437754771092883,0.4264189898967743
1732437754771092883,0.4264189898967743
1732437754781649344,0.4264189898967743
1732437754781649344,0.4264189898967743
1732437754792356345,0.4264189898967743
1732437754792356345,0.4264189898967743
1732437754802879442,0.4264189898967743
1732437754802879442,0.4264189898967743
1732437754813223960,0.4264189898967743
1732437754813223960,0.4264189898967743
1732437754823673201,0.4264189898967743
1732437754823673201,0.4264189898967743
1732437754837107560,0.4264189898967743
1732437754837107560,0.4264189898967743
1732437754847652019,0.4264189898967743
1732437754847652019,0.4264189898967743
1732437754857917089,0.4264189898967743
1732437754857917089,0.4264189898967743
1732437754870298435,0.4264189898967743
1732437754870298435,0.4264189898967743
1732437754880556353,0.4264189898967743
1732437754880556353,0.4264189898967743
1732437754891162497,0.4264189898967743
1732437754891162497,0.4264189898967743
1732437754901396408,0.4264189898967743
1732437754901396408,0.4264189898967743
1732437754912819173,0.4264189898967743
1732437754912819173,0.4264189898967743
1732437754923268566,0.4264189898967743
1732437754923268566,0.4264189898967743
1732437754933505532,0.4264189898967743
1732437754933505532,0.4264189898967743
1732437754943755353,0.4264189898967743
1732437754943755353,0.4264189898967743
1732437754954134522,0.4264189898967743
1732437754954134522,0.4264189898967743
1732437754964453333,0.4264189898967743
1732437754964453333,0.4264189898967743
1732437754974565748,0.4264189898967743
1732437754974565748,0.4264189898967743
1732437754988017120,0.4264189898967743
1732437754988017120,0.4264189898967743
1732437754998165412,0.4264189898967743
1732437754998165412,0.4264189898967743
1732437755008841194,0.4264189898967743
1732437755008841194,0.4264189898967743
1732437755022820719,0.4264189898967743
1732437755022820719,0.4264189898967743
1732437755033528283,0.4264189898967743
1732437755033528283,0.4264189898967743
1732437755044070775,0.4264189898967743
1732437755044070775,0.4264189898967743
1732437755065212504,0.4264189898967743
1732437755065212504,0.4264189898967743
1732437755065212504,0.4264189898967743
1732437755075777076,0.4264189898967743
1732437755075777076,0.4264189898967743
1732437755075777076,0.4264189898967743
1732437755086225166,0.4264189898967743
1732437755086225166,0.4264189898967743
1732437755096314071,0.4264189898967743
1732437755096314071,0.4264189898967743
1732437755106719242,0.4264189898967743
1732437755106719242,0.4264189898967743
1732437755117097010,0.4264189898967743
1732437755117097010,0.4264189898967743
1732437755127528068,0.4264189898967743
1732437755127528068,0.4264189898967743
1732437755138345926,0.4264189898967743
1732437755138345926,0.4264189898967743
1732437755148500108,0.4264189898967743
1732437755148500108,0.4264189898967743
1732437755158727207,0.4264189898967743
1732437755158727207,0.4264189898967743
1732437755169648595,0.4264189898967743
1732437755169648595,0.4264189898967743
1732437755179936147,0.4264189898967743
1732437755179936147,0.4264189898967743
1732437755190375841,0.4264189898967743
1732437755190375841,0.4264189898967743
1732437755201446672,0.4264189898967743
1732437755201446672,0.4264189898967743
1732437755211969951,0.4264189898967743
1732437755211969951,0.4264189898967743
1732437755222833264,0.4264189898967743
1732437755222833264,0.4264189898967743
1732437755233961590,0.4264189898967743
1732437755233961590,0.4264189898967743
1732437755244391425,0.4264189898967743
1732437755244391425,0.4264189898967743
1732437755254529567,0.4264189898967743
1732437755254529567,0.4264189898967743
1732437755264721269,0.4264189898967743
1732437755264721269,0.4264189898967743
1732437755274928399,0.4264189898967743
1732437755274928399,0.4264189898967743
1732437755285026157,0.4264189898967743
1732437755285026157,0.4264189898967743
1732437755295486288,0.4264189898967743
1732437755295486288,0.4264189898967743
1732437755307149921,0.4264189898967743
1732437755307149921,0.4264189898967743
1732437755317811548,0.4264189898967743
1732437755317811548,0.4264189898967743
1732437755328053163,0.4264189898967743
1732437755328053163,0.4264189898967743
1732437755338385767,0.4264189898967743
1732437755338385767,0.4264189898967743
1732437755356301258,0.4264189898967743
1732437755356301258,0.4264189898967743
1732437755369689982,0.4264189898967743
1732437755369689982,0.4264189898967743
1732437755380204203,0.4264189898967743
1732437755380204203,0.4264189898967743
1732437755390461279,0.4264189898967743
1732437755390461279,0.4264189898967743
1732437755400849256,0.4264189898967743
1732437755400849256,0.4264189898967743
1732437755411049212,0.4264189898967743
1732437755411049212,0.4264189898967743
1732437755421205019,0.4264189898967743
1732437755421205019,0.4264189898967743
1732437755431874669,0.4264189898967743
1732437755431874669,0.4264189898967743
1732437755442387640,0.4264189898967743
1732437755442387640,0.4264189898967743
1732437755452598517,0.4264189898967743
1732437755452598517,0.4264189898967743
1732437755462866610,0.4264189898967743
1732437755462866610,0.4264189898967743
1732437755473484626,0.4264189898967743
1732437755473484626,0.4264189898967743
1732437755483886111,0.4264189898967743
1732437755483886111,0.4264189898967743
1732437755494152844,0.4264189898967743
1732437755494152844,0.4264189898967743
1732437755504705900,0.4264189898967743
1732437755504705900,0.4264189898967743
1732437755514983170,0.4264189898967743
1732437755514983170,0.4264189898967743
1732437755525622416,0.4264189898967743
1732437755525622416,0.4264189898967743
1732437755535715593,0.4264189898967743
1732437755535715593,0.4264189898967743
1732437755546199700,0.4264189898967743
1732437755546199700,0.4264189898967743
1732437755556644694,0.4264189898967743
1732437755556644694,0.4264189898967743
1732437755567108854,0.4264189898967743
1732437755567108854,0.4264189898967743
1732437755577430978,0.4264189898967743
1732437755577430978,0.4264189898967743
1732437755587793488,0.4264189898967743
1732437755587793488,0.4264189898967743
1732437755598458875,0.4264189898967743
1732437755598458875,0.4264189898967743
1732437755608817146,0.4264189898967743
1732437755608817146,0.4264189898967743
1732437755619457985,0.4264189898967743
1732437755619457985,0.4264189898967743
1732437755629871467,0.4264189898967743
1732437755629871467,0.4264189898967743
1732437755640180898,0.4264189898967743
1732437755640180898,0.4264189898967743
1732437755650346101,0.4264189898967743
1732437755650346101,0.4264189898967743
1732437755660703621,0.4264189898967743
1732437755660703621,0.4264189898967743
1732437755670821364,0.4264189898967743
1732437755670821364,0.4264189898967743
1732437755681443880,0.4264189898967743
1732437755681443880,0.4264189898967743
1732437755691570401,0.4264189898967743
1732437755691570401,0.4264189898967743
1732437755702207238,0.4264189898967743
1732437755702207238,0.4264189898967743
1732437755712829588,0.4264189898967743
1732437755712829588,0.4264189898967743
1732437755723231731,0.4264189898967743
1732437755723231731,0.4264189898967743
1732437755733594613,0.4264189898967743
1732437755733594613,0.4264189898967743
1732437755744215225,0.4264189898967743
1732437755744215225,0.4264189898967743
1732437755757652529,0.4264189898967743
1732437755757652529,0.4264189898967743
1732437755767796024,0.4264189898967743
1732437755767796024,0.4264189898967743
1732437755777994978,0.4264189898967743
1732437755777994978,0.4264189898967743
1732437755788496006,0.4264189898967743
1732437755788496006,0.4264189898967743
1732437755798921644,0.4264189898967743
1732437755798921644,0.4264189898967743
1732437755809410518,0.4264189898967743
1732437755809410518,0.4264189898967743
1732437755819606689,0.4264189898967743
1732437755819606689,0.4264189898967743
1732437755829692037,0.4264189898967743
1732437755829692037,0.4264189898967743
1732437755840171699,0.4264189898967743
1732437755840171699,0.4264189898967743
1732437755850806329,0.4264189898967743
1732437755850806329,0.4264189898967743
1732437755861281648,0.4264189898967743
1732437755861281648,0.4264189898967743
1732437755871728305,0.4264189898967743
1732437755871728305,0.4264189898967743
1732437755882233862,0.4264189898967743
1732437755882233862,0.4264189898967743
1732437755892671653,0.4264189898967743
1732437755892671653,0.4264189898967743
1732437755902871872,0.4264189898967743
1732437755902871872,0.4264189898967743
1732437755913174009,0.4264189898967743
1732437755913174009,0.4264189898967743
1732437755924400115,0.4264189898967743
1732437755924400115,0.4264189898967743
1732437755934856713,0.4264189898967743
1732437755934856713,0.4264189898967743
1732437755945131780,0.4264189898967743
1732437755945131780,0.4264189898967743
1732437755955255646,0.4264189898967743
1732437755955255646,0.4264189898967743
1732437755965741764,0.4264189898967743
1732437755965741764,0.4264189898967743
1732437755976158145,0.4264189898967743
1732437755976158145,0.4264189898967743
1732437755989065451,0.4264189898967743
1732437755989065451,0.4264189898967743
1732437755999318898,0.4264189898967743
1732437755999318898,0.4264189898967743
1732437756010048362,0.4264189898967743
1732437756010048362,0.4264189898967743
1732437756020282564,0.4264189898967743
1732437756020282564,0.4264189898967743
1732437756030725324,0.4264189898967743
1732437756030725324,0.4264189898967743
1732437756040962941,0.4264189898967743
1732437756040962941,0.4264189898967743
1732437756051192698,0.4264189898967743
1732437756051192698,0.4264189898967743
1732437756061758772,0.4264189898967743
1732437756061758772,0.4264189898967743
1732437756072188228,0.4264189898967743
1732437756072188228,0.4264189898967743
1732437756082663125,0.4264189898967743
1732437756082663125,0.4264189898967743
1732437756093232212,0.4264189898967743
1732437756093232212,0.4264189898967743
1732437756103858423,0.4264189898967743
1732437756103858423,0.4264189898967743
1732437756114114392,0.4264189898967743
1732437756114114392,0.4264189898967743
1732437756124242447,0.4264189898967743
1732437756124242447,0.4264189898967743
1732437756134415955,0.4264189898967743
1732437756134415955,0.4264189898967743
1732437756144694288,0.4264189898967743
1732437756144694288,0.4264189898967743
1732437756155207008,0.4264189898967743
1732437756155207008,0.4264189898967743
1732437756165619831,0.4264189898967743
1732437756165619831,0.4264189898967743
1732437756176239860,0.4264189898967743
1732437756176239860,0.4264189898967743
1732437756186715299,0.4264189898967743
1732437756186715299,0.4264189898967743
1732437756196910718,0.4264189898967743
1732437756196910718,0.4264189898967743
1732437756207210602,0.4264189898967743
1732437756207210602,0.4264189898967743
1732437756217566670,0.4264189898967743
1732437756217566670,0.4264189898967743
1732437756228102943,0.4264189898967743
1732437756228102943,0.4264189898967743
1732437756238421038,0.4264189898967743
1732437756238421038,0.4264189898967743
1732437756248690445,0.4264189898967743
1732437756248690445,0.4264189898967743
1732437756259224663,0.4264189898967743
1732437756259224663,0.4264189898967743
1732437756269723259,0.4264189898967743
1732437756269723259,0.4264189898967743
1732437756280082574,0.4264189898967743
1732437756280082574,0.4264189898967743
1732437756290226835,0.4264189898967743
1732437756290226835,0.4264189898967743
1732437756300972092,0.4264189898967743
1732437756300972092,0.4264189898967743
1732437756311236901,0.4264189898967743
1732437756311236901,0.4264189898967743
1732437756321704128,0.4264189898967743
1732437756321704128,0.4264189898967743
1732437756332233575,0.4264189898967743
1732437756332233575,0.4264189898967743
1732437756342777516,0.4264189898967743
1732437756342777516,0.4264189898967743
1732437756352870156,0.4264189898967743
1732437756352870156,0.4264189898967743
1732437756363385010,0.4264189898967743
1732437756363385010,0.4264189898967743
1732437756373693872,0.4264189898967743
1732437756373693872,0.4264189898967743
1732437756384009765,0.4264189898967743
1732437756384009765,0.4264189898967743
1732437756394570886,0.4264189898967743
1732437756394570886,0.4264189898967743
1732437756405985634,0.4264189898967743
1732437756405985634,0.4264189898967743
1732437756416474160,0.4264189898967743
1732437756416474160,0.4264189898967743
1732437756426578110,0.4264189898967743
1732437756426578110,0.4264189898967743
1732437756437038722,0.4264189898967743
1732437756437038722,0.4264189898967743
1732437756447069883,0.4264189898967743
1732437756447069883,0.4264189898967743
1732437756470452523,0.4264189898967743
1732437756470452523,0.4264189898967743
1732437756481053434,0.4264189898967743
1732437756481053434,0.4264189898967743
1732437756492003338,0.4264189898967743
1732437756492003338,0.4264189898967743
1732437756502631964,0.4264189898967743
1732437756502631964,0.4264189898967743
1732437756513098385,0.4264189898967743
1732437756513098385,0.4264189898967743
1732437756523301388,0.4264189898967743
1732437756523301388,0.4264189898967743
1732437756535287447,0.4264189898967743
1732437756535287447,0.4264189898967743
1732437756545810700,0.4264189898967743
1732437756545810700,0.4264189898967743
1732437756555963457,0.4264189898967743
1732437756555963457,0.4264189898967743
1732437756566325055,0.4264189898967743
1732437756566325055,0.4264189898967743
1732437756576589597,0.4264189898967743
1732437756576589597,0.4264189898967743
1732437756586993817,0.4264189898967743
1732437756586993817,0.4264189898967743
1732437756597155323,0.4264189898967743
1732437756597155323,0.4264189898967743
1732437756607771065,0.4264189898967743
1732437756607771065,0.4264189898967743
1732437756618220547,0.4264189898967743
1732437756618220547,0.4264189898967743
1732437756628337311,0.4264189898967743
1732437756628337311,0.4264189898967743
1732437756638846089,0.4264189898967743
1732437756638846089,0.4264189898967743
1732437756649103646,0.4264189898967743
1732437756649103646,0.4264189898967743
1732437756659401116,0.4264189898967743
1732437756659401116,0.4264189898967743
1732437756669670404,0.4264189898967743
1732437756669670404,0.4264189898967743
1732437756680164831,0.4264189898967743
1732437756680164831,0.4264189898967743
1732437756691085920,0.4264189898967743
1732437756691085920,0.4264189898967743
1732437756701235135,0.4264189898967743
1732437756701235135,0.4264189898967743
1732437756711456283,0.4264189898967743
1732437756711456283,0.4264189898967743
1732437756721931060,0.4264189898967743
1732437756721931060,0.4264189898967743
1732437756732490658,0.4264189898967743
1732437756732490658,0.4264189898967743
1732437756742689165,0.4264189898967743
1732437756742689165,0.4264189898967743
1732437756752777826,0.4264189898967743
1732437756752777826,0.4264189898967743
1732437756763051852,0.4264189898967743
1732437756763051852,0.4264189898967743
1732437756773436043,0.4264189898967743
1732437756773436043,0.4264189898967743
1732437756785001533,0.4264189898967743
1732437756785001533,0.4264189898967743
1732437756795236857,0.4264189898967743
1732437756795236857,0.4264189898967743
1732437756805844595,0.4264189898967743
1732437756805844595,0.4264189898967743
1732437756818750681,0.4264189898967743
1732437756818750681,0.4264189898967743
1732437756829079298,0.4264189898967743
1732437756829079298,0.4264189898967743
1732437756839561340,0.4264189898967743
1732437756839561340,0.4264189898967743
1732437756839561340,0.4264189898967743
1732437756850340619,0.4264189898967743
1732437756860565243,0.4264189898967743
1732437756860565243,0.4264189898967743
1732437756870837846,0.4264189898967743
1732437756870837846,0.4264189898967743
1732437756881161225,0.4264189898967743
1732437756881161225,0.4264189898967743
1732437756891698640,0.4264189898967743
1732437756891698640,0.4264189898967743
1732437756901860686,0.4264189898967743
1732437756901860686,0.4264189898967743
1732437756912151113,0.4264189898967743
1732437756912151113,0.4264189898967743
1732437756922522931,0.4264189898967743
1732437756922522931,0.4264189898967743
1732437756932665612,0.4264189898967743
1732437756932665612,0.4264189898967743
1732437756942970154,0.4264189898967743
1732437756942970154,0.4264189898967743
1732437756953496220,0.4264189898967743
1732437756953496220,0.4264189898967743
1732437756963928960,0.4264189898967743
1732437756963928960,0.4264189898967743
1732437756974107387,0.4264189898967743
1732437756974107387,0.4264189898967743
1732437756984495682,0.4264189898967743
1732437756984495682,0.4264189898967743
1732437756995044081,0.4264189898967743
1732437756995044081,0.4264189898967743
1732437757005331571,0.4264189898967743
1732437757005331571,0.4264189898967743
1732437757015597060,0.4264189898967743
1732437757015597060,0.4264189898967743
1732437757026931099,0.4264189898967743
1732437757026931099,0.4264189898967743
1732437757037658990,0.4264189898967743
1732437757037658990,0.4264189898967743
1732437757047662108,0.4264189898967743
1732437757047662108,0.4264189898967743
1732437757057989385,0.4264189898967743
1732437757057989385,0.4264189898967743
1732437757068261595,0.4264189898967743
1732437757068261595,0.4264189898967743
1732437757078518148,0.4264189898967743
1732437757078518148,0.4264189898967743
1732437757089048687,0.4264189898967743
1732437757089048687,0.4264189898967743
1732437757099315332,0.4264189898967743
1732437757099315332,0.4264189898967743
1732437757109685956,0.4264189898967743
1732437757109685956,0.4264189898967743
1732437757119902928,0.4264189898967743
1732437757119902928,0.4264189898967743
1732437757130546932,0.4264189898967743
1732437757130546932,0.4264189898967743
1732437757140820198,0.4264189898967743
1732437757140820198,0.4264189898967743
1732437757151327224,0.4264189898967743
1732437757151327224,0.4264189898967743
1732437757162014715,0.4264189898967743
1732437757162014715,0.4264189898967743
1732437757172572357,0.4264189898967743
1732437757172572357,0.4264189898967743
1732437757182720529,0.4264189898967743
1732437757182720529,0.4264189898967743
1732437757193169511,0.4264189898967743
1732437757193169511,0.4264189898967743
1732437757203390118,0.4264189898967743
1732437757203390118,0.4264189898967743
1732437757213618216,0.4264189898967743
1732437757213618216,0.4264189898967743
1732437757224267853,0.4264189898967743
1732437757224267853,0.4264189898967743
1732437757234772879,0.4264189898967743
1732437757234772879,0.4264189898967743
1732437757245321135,0.4264189898967743
1732437757245321135,0.4264189898967743
1732437757256016464,0.4264189898967743
1732437757256016464,0.4264189898967743
1732437757266237651,0.4264189898967743
1732437757266237651,0.4264189898967743
1732437757276752014,0.4264189898967743
1732437757276752014,0.4264189898967743
1732437757287864601,0.4264189898967743
1732437757287864601,0.4264189898967743
1732437757298020296,0.4264189898967743
1732437757298020296,0.4264189898967743
1732437757308721137,0.4264189898967743
1732437757308721137,0.4264189898967743
1732437757319271799,0.4264189898967743
1732437757319271799,0.4264189898967743
1732437757329550731,0.4264189898967743
1732437757329550731,0.4264189898967743
1732437757339870584,0.4264189898967743
1732437757339870584,0.4264189898967743
1732437757350199122,0.4264189898967743
1732437757350199122,0.4264189898967743
1732437757360449834,0.4264189898967743
1732437757360449834,0.4264189898967743
1732437757370582348,0.4264189898967743
1732437757370582348,0.4264189898967743
1732437757381151340,0.4264189898967743
1732437757381151340,0.4264189898967743
1732437757391712082,0.4264189898967743
1732437757391712082,0.4264189898967743
1732437757405063734,0.4264189898967743
1732437757405063734,0.4264189898967743
1732437757415511146,0.4264189898967743
1732437757415511146,0.4264189898967743
1732437757426131806,0.4264189898967743
1732437757426131806,0.4264189898967743
1732437757436443834,0.4264189898967743
1732437757436443834,0.4264189898967743
1732437757447062893,0.4264189898967743
1732437757447062893,0.4264189898967743
1732437757458935275,0.4264189898967743
1732437757458935275,0.4264189898967743
1732437757469339412,0.4264189898967743
1732437757469339412,0.4264189898967743
1732437757479423995,0.4264189898967743
1732437757479423995,0.4264189898967743
1732437757491477413,0.4264189898967743
1732437757491477413,0.4264189898967743
1732437757501853689,0.4264189898967743
1732437757501853689,0.4264189898967743
1732437757512084825,0.4264189898967743
1732437757512084825,0.4264189898967743
1732437757522368487,0.4264189898967743
1732437757522368487,0.4264189898967743
1732437757532996552,0.4264189898967743
1732437757532996552,0.4264189898967743
1732437757544033777,0.4264189898967743
1732437757544033777,0.4264189898967743
1732437757554633822,0.4264189898967743
1732437757554633822,0.4264189898967743
1732437757564925384,0.4264189898967743
1732437757564925384,0.4264189898967743
1732437757575025712,0.4264189898967743
1732437757575025712,0.4264189898967743
1732437757585275721,0.4264189898967743
1732437757585275721,0.4264189898967743
1732437757596033110,0.4264189898967743
1732437757596033110,0.4264189898967743
1732437757607266087,0.4264189898967743
1732437757607266087,0.4264189898967743
1732437757620479078,0.4264189898967743
1732437757620479078,0.4264189898967743
1732437757630840327,0.4264189898967743
1732437757630840327,0.4264189898967743
1732437757640998616,0.4264189898967743
1732437757640998616,0.4264189898967743
1732437757651427151,0.4264189898967743
1732437757651427151,0.4264189898967743
1732437757661571374,0.4264189898967743
1732437757661571374,0.4264189898967743
1732437757674078515,0.4264189898967743
1732437757674078515,0.4264189898967743
1732437757684454722,0.4264189898967743
1732437757684454722,0.4264189898967743
1732437757694517303,0.4264189898967743
1732437757694517303,0.4264189898967743
1732437757704963468,0.4264189898967743
1732437757704963468,0.4264189898967743
1732437757715127062,0.4264189898967743
1732437757715127062,0.4264189898967743
1732437757726859133,0.4264189898967743
1732437757726859133,0.4264189898967743
1732437757736894963,0.4264189898967743
1732437757736894963,0.4264189898967743
1732437757747201083,0.4264189898967743
1732437757747201083,0.4264189898967743
1732437757757626240,0.4264189898967743
1732437757757626240,0.4264189898967743
1732437757773052071,0.4264189898967743
1732437757773052071,0.4264189898967743
1732437757783663630,0.4264189898967743
1732437757783663630,0.4264189898967743
1732437757794282478,0.4264189898967743
1732437757794282478,0.4264189898967743
1732437757804792504,0.4264189898967743
1732437757804792504,0.4264189898967743
1732437757815184288,0.4264189898967743
1732437757825388084,0.4264189898967743
1732437757825388084,0.4264189898967743
1732437757825388084,0.4264189898967743
1732437757835812218,0.4264189898967743
1732437757835812218,0.4264189898967743
1732437757856456469,0.4264189898967743
1732437757856456469,0.4264189898967743
1732437757856456469,0.4264189898967743
1732437757856456469,0.4264189898967743
1732437757867974583,0.4264189898967743
1732437757867974583,0.4264189898967743
1732437757878430739,0.4264189898967743
1732437757878430739,0.4264189898967743
1732437757888905458,0.4264189898967743
1732437757888905458,0.4264189898967743
1732437757899470476,0.4264189898967743
1732437757899470476,0.4264189898967743
1732437757909733480,0.4264189898967743
1732437757909733480,0.4264189898967743
1732437757920149159,0.4264189898967743
1732437757920149159,0.4264189898967743
1732437757931165486,0.4264189898967743
1732437757931165486,0.4264189898967743
1732437757941704644,0.4264189898967743
1732437757941704644,0.4264189898967743
1732437757952242151,0.4264189898967743
1732437757952242151,0.4264189898967743
1732437757962558254,0.4264189898967743
1732437757962558254,0.4264189898967743
1732437757973044617,0.4264189898967743
1732437757973044617,0.4264189898967743
1732437757983892781,0.4264189898967743
1732437757983892781,0.4264189898967743
1732437757994599674,0.4264189898967743
1732437757994599674,0.4264189898967743
1732437758005156243,0.4264189898967743
1732437758005156243,0.4264189898967743
1732437758016112098,0.4264189898967743
1732437758016112098,0.4264189898967743
1732437758026183737,0.4264189898967743
1732437758026183737,0.4264189898967743
1732437758037436555,0.4264189898967743
1732437758037436555,0.4264189898967743
1732437758048112767,0.4264189898967743
1732437758048112767,0.4264189898967743
1732437758058340708,0.4264189898967743
1732437758058340708,0.4264189898967743
1732437758068790962,0.4264189898967743
1732437758068790962,0.4264189898967743
1732437758079507138,0.4264189898967743
1732437758079507138,0.4264189898967743
1732437758090188151,0.4264189898967743
1732437758090188151,0.4264189898967743
1732437758100698917,0.4264189898967743
1732437758100698917,0.4264189898967743
1732437758111309834,0.4264189898967743
1732437758111309834,0.4264189898967743
1732437758122016967,0.4264189898967743
1732437758122016967,0.4264189898967743
1732437758132378154,0.4264189898967743
1732437758132378154,0.4264189898967743
1732437758142791326,0.4264189898967743
1732437758142791326,0.4264189898967743
1732437758152922961,0.4264189898967743
1732437758152922961,0.4264189898967743
1732437758163101585,0.4264189898967743
1732437758163101585,0.4264189898967743
1732437758173637149,0.4264189898967743
1732437758173637149,0.4264189898967743
1732437758183800843,0.4264189898967743
1732437758183800843,0.4264189898967743
1732437758193891448,0.4264189898967743
1732437758193891448,0.4264189898967743
1732437758204384300,0.4264189898967743
1732437758204384300,0.4264189898967743
1732437758214914221,0.4264189898967743
1732437758214914221,0.4264189898967743
1732437758225226078,0.4264189898967743
1732437758225226078,0.4264189898967743
1732437758235703354,0.4264189898967743
1732437758235703354,0.4264189898967743
1732437758246289329,0.4264189898967743
1732437758246289329,0.4264189898967743
1732437758256461855,0.4264189898967743
1732437758256461855,0.4264189898967743
1732437758266773160,0.4264189898967743
1732437758266773160,0.4264189898967743
1732437758277192205,0.4264189898967743
1732437758277192205,0.4264189898967743
1732437758287453060,0.4264189898967743
1732437758287453060,0.4264189898967743
1732437758297625255,0.4264189898967743
1732437758297625255,0.4264189898967743
1732437758307981254,0.4264189898967743
1732437758307981254,0.4264189898967743
1732437758318119588,0.4264189898967743
1732437758318119588,0.4264189898967743
1732437758328488732,0.4264189898967743
1732437758328488732,0.4264189898967743
1732437758339094294,0.4264189898967743
1732437758339094294,0.4264189898967743
1732437758349871487,0.4264189898967743
1732437758349871487,0.4264189898967743
1732437758360069012,0.4264189898967743
1732437758360069012,0.4264189898967743
1732437758370657242,0.4264189898967743
1732437758370657242,0.4264189898967743
1732437758381240822,0.4264189898967743
1732437758381240822,0.4264189898967743
1732437758391430032,0.4264189898967743
1732437758391430032,0.4264189898967743
1732437758401539294,0.4264189898967743
1732437758401539294,0.4264189898967743
1732437758411750353,0.4264189898967743
1732437758411750353,0.4264189898967743
1732437758422268664,0.4264189898967743
1732437758422268664,0.4264189898967743
1732437758432835234,0.4264189898967743
1732437758432835234,0.4264189898967743
1732437758443651305,0.4264189898967743
1732437758443651305,0.4264189898967743
1732437758464829063,0.4264189898967743
1732437758464829063,0.4264189898967743
1732437758475519423,0.4264189898967743
1732437758475519423,0.4264189898967743
1732437758485982752,0.4264189898967743
1732437758485982752,0.4264189898967743
1732437758496250160,0.4264189898967743
1732437758496250160,0.4264189898967743
1732437758506338324,0.4264189898967743
1732437758506338324,0.4264189898967743
1732437758516881530,0.4264189898967743
1732437758516881530,0.4264189898967743
1732437758527325502,0.4264189898967743
1732437758527325502,0.4264189898967743
1732437758537698833,0.4264189898967743
1732437758537698833,0.4264189898967743
1732437758547870029,0.4264189898967743
1732437758547870029,0.4264189898967743
1732437758558440636,0.4264189898967743
1732437758558440636,0.4264189898967743
1732437758568887495,0.4264189898967743
1732437758568887495,0.4264189898967743
1732437758579571382,0.4264189898967743
1732437758579571382,0.4264189898967743
1732437758589659191,0.4264189898967743
1732437758589659191,0.4264189898967743
1732437758599987539,0.4264189898967743
1732437758599987539,0.4264189898967743
1732437758610555733,0.4264189898967743
1732437758610555733,0.4264189898967743
1732437758620897816,0.4264189898967743
1732437758620897816,0.4264189898967743
1732437758631525760,0.4264189898967743
1732437758631525760,0.4264189898967743
1732437758641829871,0.4264189898967743
1732437758641829871,0.4264189898967743
1732437758652162012,0.4264189898967743
1732437758652162012,0.4264189898967743
1732437758662618283,0.4264189898967743
1732437758662618283,0.4264189898967743
1732437758673601647,0.4264189898967743
1732437758673601647,0.4264189898967743
1732437758683878850,0.4264189898967743
1732437758683878850,0.4264189898967743
1732437758694355011,0.4264189898967743
1732437758694355011,0.4264189898967743
1732437758704464932,0.4264189898967743
1732437758704464932,0.4264189898967743
1732437758714884037,0.4264189898967743
1732437758714884037,0.4264189898967743
1732437758725339069,0.4264189898967743
1732437758725339069,0.4264189898967743
1732437758736023259,0.4264189898967743
1732437758736023259,0.4264189898967743
1732437758747407390,0.4264189898967743
1732437758747407390,0.4264189898967743
1732437758757596759,0.4264189898967743
1732437758757596759,0.4264189898967743
1732437758767758948,0.4264189898967743
1732437758767758948,0.4264189898967743
1732437758777893845,0.4264189898967743
1732437758777893845,0.4264189898967743
1732437758789723214,0.4264189898967743
1732437758789723214,0.4264189898967743
1732437758800613696,0.4264189898967743
1732437758800613696,0.4264189898967743
1732437758810946493,0.4264189898967743
1732437758810946493,0.4264189898967743
1732437758821303263,0.4264189898967743
1732437758821303263,0.4264189898967743
1732437758831575006,0.4264189898967743
1732437758831575006,0.4264189898967743
1732437758841692016,0.4264189898967743
1732437758841692016,0.4264189898967743
1732437758851997343,0.4264189898967743
1732437758851997343,0.4264189898967743
1732437758864244192,0.4264189898967743
1732437758864244192,0.4264189898967743
1732437758874575756,0.4264189898967743
1732437758874575756,0.4264189898967743
1732437758886821962,0.4264189898967743
1732437758886821962,0.4264189898967743
1732437758896851501,0.4264189898967743
1732437758896851501,0.4264189898967743
1732437758906881743,0.4264189898967743
1732437758906881743,0.4264189898967743
1732437758917482738,0.4264189898967743
1732437758917482738,0.4264189898967743
1732437758927576790,0.4264189898967743
1732437758927576790,0.4264189898967743
1732437758937580603,0.4264189898967743
1732437758937580603,0.4264189898967743
1732437758947678441,0.4264189898967743
1732437758947678441,0.4264189898967743
1732437758957791939,0.4264189898967743
1732437758957791939,0.4264189898967743
1732437758967931245,0.4264189898967743
1732437758967931245,0.4264189898967743
1732437758978493687,0.4264189898967743
1732437758978493687,0.4264189898967743
1732437758988817698,0.4264189898967743
1732437758988817698,0.4264189898967743
1732437758999039956,0.4264189898967743
1732437758999039956,0.4264189898967743
1732437759009616706,0.4264189898967743
1732437759009616706,0.4264189898967743
1732437759019973546,0.4264189898967743
1732437759019973546,0.4264189898967743
1732437759030338437,0.4264189898967743
1732437759030338437,0.4264189898967743
1732437759040857854,0.4264189898967743
1732437759040857854,0.4264189898967743
1732437759051610752,0.4264189898967743
1732437759051610752,0.4264189898967743
1732437759061915035,0.4264189898967743
1732437759061915035,0.4264189898967743
1732437759072369046,0.4264189898967743
1732437759072369046,0.4264189898967743
1732437759082556109,0.4264189898967743
1732437759082556109,0.4264189898967743
1732437759092998468,0.4264189898967743
1732437759092998468,0.4264189898967743
1732437759103160434,0.4264189898967743
1732437759103160434,0.4264189898967743
1732437759113855123,0.4264189898967743
1732437759113855123,0.4264189898967743
1732437759127046492,0.4264189898967743
1732437759127046492,0.4264189898967743
1732437759137184944,0.4264189898967743
1732437759137184944,0.4264189898967743
1732437759147325343,0.4264189898967743
1732437759147325343,0.4264189898967743
1732437759157446274,0.4264189898967743
1732437759157446274,0.4264189898967743
1732437759167663253,0.4264189898967743
1732437759167663253,0.4264189898967743
1732437759177847431,0.4264189898967743
1732437759177847431,0.4264189898967743
1732437759189189717,0.4264189898967743
1732437759189189717,0.4264189898967743
1732437759199497777,0.4264189898967743
1732437759199497777,0.4264189898967743
1732437759210140298,0.4264189898967743
1732437759210140298,0.4264189898967743
1732437759220449120,0.4264189898967743
1732437759220449120,0.4264189898967743
1732437759230945389,0.4264189898967743
1732437759230945389,0.4264189898967743
1732437759241464572,0.4264189898967743
1732437759241464572,0.4264189898967743
1732437759255784248,0.4264189898967743
1732437759265895389,0.4264189898967743
1732437759265895389,0.4264189898967743
1732437759265895389,0.4264189898967743
1732437759276231582,0.4264189898967743
1732437759276231582,0.4264189898967743
1732437759286358313,0.4264189898967743
1732437759286358313,0.4264189898967743
1732437759296763100,0.4264189898967743
1732437759296763100,0.4264189898967743
1732437759306845267,0.4264189898967743
1732437759306845267,0.4264189898967743
1732437759319928634,0.4264189898967743
1732437759319928634,0.4264189898967743
1732437759330101973,0.4264189898967743
1732437759330101973,0.4264189898967743
1732437759340262896,0.4264189898967743
1732437759340262896,0.4264189898967743
1732437759350526435,0.4264189898967743
1732437759350526435,0.4264189898967743
1732437759361018375,0.4264189898967743
1732437759361018375,0.4264189898967743
1732437759371772897,0.4264189898967743
1732437759371772897,0.4264189898967743
1732437759382097376,0.4264189898967743
1732437759382097376,0.4264189898967743
1732437759392745870,0.4264189898967743
1732437759392745870,0.4264189898967743
1732437759403512622,0.4264189898967743
1732437759403512622,0.4264189898967743
1732437759413698184,0.4264189898967743
1732437759413698184,0.4264189898967743
1732437759424366202,0.4264189898967743
1732437759424366202,0.4264189898967743
1732437759434495640,0.4264189898967743
1732437759434495640,0.4264189898967743
1732437759444651317,0.4264189898967743
1732437759444651317,0.4264189898967743
1732437759455010880,0.4264189898967743
1732437759455010880,0.4264189898967743
1732437759465298402,0.4264189898967743
1732437759465298402,0.4264189898967743
1732437759475407612,0.4264189898967743
1732437759475407612,0.4264189898967743
1732437759485793201,0.4264189898967743
1732437759485793201,0.4264189898967743
1732437759496318450,0.4264189898967743
1732437759496318450,0.4264189898967743
1732437759506715795,0.4264189898967743
1732437759506715795,0.4264189898967743
1732437759517575717,0.4264189898967743
1732437759517575717,0.4264189898967743
1732437759527923755,0.4264189898967743
1732437759527923755,0.4264189898967743
1732437759538417156,0.4264189898967743
1732437759538417156,0.4264189898967743
1732437759548709366,0.4264189898967743
1732437759548709366,0.4264189898967743
1732437759559260541,0.4264189898967743
1732437759559260541,0.4264189898967743
1732437759569818478,0.4264189898967743
1732437759569818478,0.4264189898967743
1732437759580480705,0.4264189898967743
1732437759580480705,0.4264189898967743
1732437759590606605,0.4264189898967743
1732437759590606605,0.4264189898967743
1732437759602018700,0.4264189898967743
1732437759602018700,0.4264189898967743
1732437759612593225,0.4264189898967743
1732437759612593225,0.4264189898967743
1732437759623239430,0.4264189898967743
1732437759623239430,0.4264189898967743
1732437759633587997,0.4264189898967743
1732437759633587997,0.4264189898967743
1732437759643722705,0.4264189898967743
1732437759643722705,0.4264189898967743
1732437759653967013,0.4264189898967743
1732437759653967013,0.4264189898967743
1732437759664290345,0.4264189898967743
1732437759664290345,0.4264189898967743
1732437759674994067,0.4264189898967743
1732437759674994067,0.4264189898967743
1732437759685518110,0.4264189898967743
1732437759685518110,0.4264189898967743
1732437759696108797,0.4264189898967743
1732437759696108797,0.4264189898967743
1732437759706315287,0.4264189898967743
1732437759706315287,0.4264189898967743
1732437759719267127,0.4264189898967743
1732437759719267127,0.4264189898967743
1732437759729602688,0.4264189898967743
1732437759729602688,0.4264189898967743
1732437759740329266,0.4264189898967743
1732437759740329266,0.4264189898967743
1732437759750664865,0.4264189898967743
1732437759750664865,0.4264189898967743
1732437759761116864,0.4264189898967743
1732437759761116864,0.4264189898967743
1732437759771323593,0.4264189898967743
1732437759771323593,0.4264189898967743
1732437759781669846,0.4264189898967743
1732437759781669846,0.4264189898967743
1732437759792187142,0.4264189898967743
1732437759792187142,0.4264189898967743
1732437759802487479,0.4264189898967743
1732437759802487479,0.4264189898967743
1732437759812846248,0.4264189898967743
1732437759812846248,0.4264189898967743
1732437759823032055,0.4264189898967743
1732437759823032055,0.4264189898967743
1732437759833324566,0.4264189898967743
1732437759833324566,0.4264189898967743
1732437759843630171,0.4264189898967743
1732437759843630171,0.4264189898967743
1732437759853954859,0.4264189898967743
1732437759853954859,0.4264189898967743
1732437759864515751,0.4264189898967743
1732437759864515751,0.4264189898967743
1732437759874732580,0.4264189898967743
1732437759874732580,0.4264189898967743
1732437759885356728,0.4264189898967743
1732437759885356728,0.4264189898967743
1732437759896149439,0.4264189898967743
1732437759896149439,0.4264189898967743
1732437759906403269,0.4264189898967743
1732437759906403269,0.4264189898967743
1732437759917443239,0.4264189898967743
1732437759917443239,0.4264189898967743
1732437759927987459,0.4264189898967743
1732437759927987459,0.4264189898967743
1732437759938850056,0.4264189898967743
1732437759938850056,0.4264189898967743
1732437759949280105,0.4264189898967743
1732437759949280105,0.4264189898967743
1732437759959764370,0.4264189898967743
1732437759959764370,0.4264189898967743
1732437759970463561,0.4264189898967743
1732437759970463561,0.4264189898967743
1732437759980569233,0.4264189898967743
1732437759980569233,0.4264189898967743
1732437759990725187,0.4264189898967743
1732437759990725187,0.4264189898967743
1732437760001153542,0.4264189898967743
1732437760001153542,0.4264189898967743
1732437760001153542,0.4264189898967743
1732437760001153542,0.4264189898967743
1732437760021970838,0.4264189898967743
1732437760021970838,0.4264189898967743
1732437760032748832,0.4264189898967743
1732437760032748832,0.4264189898967743
1732437760043286705,0.4264189898967743
1732437760043286705,0.4264189898967743
1732437760053671727,0.4264189898967743
1732437760053671727,0.4264189898967743
1732437760064271219,0.4264189898967743
1732437760064271219,0.4264189898967743
1732437760075292319,0.4264189898967743
1732437760075292319,0.4264189898967743
1732437760085763422,0.4264189898967743
1732437760085763422,0.4264189898967743
1732437760096440359,0.4264189898967743
1732437760096440359,0.4264189898967743
1732437760107391435,0.4264189898967743
1732437760107391435,0.4264189898967743
1732437760117630251,0.4264189898967743
1732437760117630251,0.4264189898967743
1732437760127953894,0.4264189898967743
1732437760127953894,0.4264189898967743
1732437760138562890,0.4264189898967743
1732437760138562890,0.4264189898967743
1732437760152396455,0.4264189898967743
1732437760152396455,0.4264189898967743
1732437760162925086,0.4264189898967743
1732437760162925086,0.4264189898967743
1732437760173389926,0.4264189898967743
1732437760173389926,0.4264189898967743
1732437760183910432,0.4264189898967743
1732437760183910432,0.4264189898967743
1732437760194245100,0.4264189898967743
1732437760194245100,0.4264189898967743
1732437760205002062,0.4264189898967743
1732437760205002062,0.4264189898967743
1732437760215459038,0.4264189898967743
1732437760215459038,0.4264189898967743
1732437760225900992,0.4264189898967743
1732437760225900992,0.4264189898967743
1732437760236460674,0.4264189898967743
1732437760236460674,0.4264189898967743
1732437760249175398,0.4264189898967743
1732437760249175398,0.4264189898967743
1732437760259760864,0.4264189898967743
1732437760259760864,0.4264189898967743
1732437760270638113,0.4264189898967743
1732437760270638113,0.4264189898967743
1732437760281472813,0.4264189898967743
1732437760281472813,0.4264189898967743
1732437760291623770,0.4264189898967743
1732437760291623770,0.4264189898967743
1732437760306676734,0.4264189898967743
1732437760306676734,0.4264189898967743
1732437760317461547,0.4264189898967743
1732437760317461547,0.4264189898967743
1732437760327597418,0.4264189898967743
1732437760327597418,0.4264189898967743
1732437760339934822,0.4264189898967743
1732437760339934822,0.4264189898967743
1732437760350489843,0.4264189898967743
1732437760350489843,0.4264189898967743
1732437760361396659,0.4264189898967743
1732437760361396659,0.4264189898967743
1732437760372793001,0.4264189898967743
1732437760372793001,0.4264189898967743
1732437760382921029,0.4264189898967743
1732437760382921029,0.4264189898967743
1732437760393318141,0.4264189898967743
1732437760393318141,0.4264189898967743
1732437760406362834,0.4264189898967743
1732437760406362834,0.4264189898967743
1732437760416629561,0.4264189898967743
1732437760416629561,0.4264189898967743
1732437760426899728,0.4264189898967743
1732437760426899728,0.4264189898967743
1732437760437180527,0.4264189898967743
1732437760437180527,0.4264189898967743
1732437760447597826,0.4264189898967743
1732437760447597826,0.4264189898967743
1732437760458294312,0.4264189898967743
1732437760458294312,0.4264189898967743
1732437760468797254,0.4264189898967743
1732437760468797254,0.4264189898967743
1732437760479635962,0.4264189898967743
1732437760479635962,0.4264189898967743
1732437760489889840,0.4264189898967743
1732437760489889840,0.4264189898967743
1732437760500003167,0.4264189898967743
1732437760500003167,0.4264189898967743
1732437760510610935,0.4264189898967743
1732437760510610935,0.4264189898967743
1732437760520918694,0.4264189898967743
1732437760520918694,0.4264189898967743
1732437760531541278,0.4264189898967743
1732437760531541278,0.4264189898967743
1732437760541769480,0.4264189898967743
1732437760541769480,0.4264189898967743
1732437760552259177,0.4264189898967743
1732437760552259177,0.4264189898967743
1732437760562508136,0.4264189898967743
1732437760562508136,0.4264189898967743
1732437760572892016,0.4264189898967743
1732437760572892016,0.4264189898967743
1732437760583400771,0.4264189898967743
1732437760583400771,0.4264189898967743
1732437760593609814,0.4264189898967743
1732437760593609814,0.4264189898967743
1732437760603885605,0.4264189898967743
1732437760603885605,0.4264189898967743
1732437760614264522,0.4264189898967743
1732437760614264522,0.4264189898967743
1732437760624789586,0.4264189898967743
1732437760624789586,0.4264189898967743
1732437760635308511,0.4264189898967743
1732437760635308511,0.4264189898967743
1732437760645731295,0.4264189898967743
1732437760645731295,0.4264189898967743
1732437760656388683,0.4264189898967743
1732437760656388683,0.4264189898967743
1732437760666497102,0.4264189898967743
1732437760666497102,0.4264189898967743
1732437760677061759,0.4264189898967743
1732437760677061759,0.4264189898967743
1732437760687442553,0.4264189898967743
1732437760687442553,0.4264189898967743
1732437760697823198,0.4264189898967743
1732437760697823198,0.4264189898967743
1732437760708267780,0.4264189898967743
1732437760708267780,0.4264189898967743
1732437760718483619,0.4264189898967743
1732437760718483619,0.4264189898967743
1732437760728780237,0.4264189898967743
1732437760728780237,0.4264189898967743
1732437760739284471,0.4264189898967743
1732437760739284471,0.4264189898967743
1732437760749951588,0.4264189898967743
1732437760749951588,0.4264189898967743
1732437760760483364,0.4264189898967743
1732437760760483364,0.4264189898967743
1732437760770873456,0.4264189898967743
1732437760770873456,0.4264189898967743
1732437760781045270,0.4264189898967743
1732437760781045270,0.4264189898967743
1732437760791425175,0.4264189898967743
1732437760791425175,0.4264189898967743
1732437760801906096,0.4264189898967743
1732437760801906096,0.4264189898967743
1732437760812322286,0.4264189898967743
1732437760812322286,0.4264189898967743
1732437760822469327,0.4264189898967743
1732437760822469327,0.4264189898967743
1732437760832812081,0.4264189898967743
1732437760832812081,0.4264189898967743
1732437760843051834,0.4264189898967743
1732437760843051834,0.4264189898967743
1732437760853119286,0.4264189898967743
1732437760853119286,0.4264189898967743
1732437760863674965,0.4264189898967743
1732437760863674965,0.4264189898967743
1732437760874517606,0.4264189898967743
1732437760874517606,0.4264189898967743
1732437760884847090,0.4264189898967743
1732437760884847090,0.4264189898967743
1732437760895179454,0.4264189898967743
1732437760895179454,0.4264189898967743
1732437760906144416,0.4264189898967743
1732437760906144416,0.4264189898967743
1732437760917076648,0.4264189898967743
1732437760917076648,0.4264189898967743
1732437760927486828,0.4264189898967743
1732437760927486828,0.4264189898967743
1732437760938334492,0.4264189898967743
1732437760938334492,0.4264189898967743
1732437760948795887,0.4264189898967743
1732437760948795887,0.4264189898967743
1732437760948795887,0.4264189898967743
1732437760948795887,0.4264189898967743
1732437760970018913,0.4264189898967743
1732437760970018913,0.4264189898967743
1732437760980659493,0.4264189898967743
1732437760980659493,0.4264189898967743
1732437760980659493,0.4264189898967743
1732437760980659493,0.4264189898967743
1732437761002130482,0.4264189898967743
1732437761002130482,0.4264189898967743
1732437761012528169,0.4264189898967743
1732437761012528169,0.4264189898967743
1732437761023272823,0.4264189898967743
1732437761023272823,0.4264189898967743
1732437761033487317,0.4264189898967743
1732437761033487317,0.4264189898967743
1732437761043579826,0.4264189898967743
1732437761043579826,0.4264189898967743
1732437761054042632,0.4264189898967743
1732437761054042632,0.4264189898967743
1732437761065203139,0.4264189898967743
1732437761065203139,0.4264189898967743
1732437761075433684,0.4264189898967743
1732437761075433684,0.4264189898967743
1732437761085933942,0.4264189898967743
1732437761085933942,0.4264189898967743
1732437761096184584,0.4264189898967743
1732437761096184584,0.4264189898967743
1732437761106947350,0.4264189898967743
1732437761106947350,0.4264189898967743
1732437761116995255,0.4264189898967743
1732437761116995255,0.4264189898967743
1732437761127128569,0.4264189898967743
1732437761127128569,0.4264189898967743
1732437761138022820,0.4264189898967743
1732437761138022820,0.4264189898967743
1732437761148457002,0.4264189898967743
1732437761148457002,0.4264189898967743
1732437761159027633,0.4264189898967743
1732437761159027633,0.4264189898967743
1732437761169638176,0.4264189898967743
1732437761169638176,0.4264189898967743
1732437761169638176,0.4264189898967743
1732437761169638176,0.4264189898967743
1732437761190878636,0.4264189898967743
1732437761190878636,0.4264189898967743
1732437761201174563,0.4264189898967743
1732437761201174563,0.4264189898967743
1732437761211527025,0.4264189898967743
1732437761211527025,0.4264189898967743
1732437761221881261,0.4264189898967743
1732437761221881261,0.4264189898967743
1732437761221881261,0.4264189898967743
1732437761221881261,0.4264189898967743
1732437761242409386,0.4264189898967743
1732437761242409386,0.4264189898967743
1732437761253102463,0.4264189898967743
1732437761253102463,0.4264189898967743
1732437761263424599,0.4264189898967743
1732437761263424599,0.4264189898967743
1732437761273860044,0.4264189898967743
1732437761273860044,0.4264189898967743
1732437761284216824,0.4264189898967743
1732437761284216824,0.4264189898967743
1732437761295219777,0.4264189898967743
1732437761295219777,0.4264189898967743
1732437761306394357,0.4264189898967743
1732437761306394357,0.4264189898967743
1732437761317202081,0.4264189898967743
1732437761317202081,0.4264189898967743
1732437761327307813,0.4264189898967743
1732437761327307813,0.4264189898967743
1732437761337383931,0.4264189898967743
1732437761337383931,0.4264189898967743
1732437761347771408,0.4264189898967743
1732437761347771408,0.4264189898967743
1732437761357887470,0.4264189898967743
1732437761357887470,0.4264189898967743
1732437761368472993,0.4264189898967743
1732437761368472993,0.4264189898967743
1732437761378905419,0.4264189898967743
1732437761378905419,0.4264189898967743
1732437761389180485,0.4264189898967743
1732437761389180485,0.4264189898967743
1732437761399279547,0.4264189898967743
1732437761399279547,0.4264189898967743
1732437761409407817,0.4264189898967743
1732437761409407817,0.4264189898967743
1732437761419833009,0.4264189898967743
1732437761419833009,0.4264189898967743
1732437761430512250,0.4264189898967743
1732437761430512250,0.4264189898967743
1732437761440920474,0.4264189898967743
1732437761440920474,0.4264189898967743
1732437761451259292,0.4264189898967743
1732437761451259292,0.4264189898967743
1732437761461780899,0.4264189898967743
1732437761461780899,0.4264189898967743
1732437761471974915,0.4264189898967743
1732437761471974915,0.4264189898967743
1732437761482139014,0.4264189898967743
1732437761482139014,0.4264189898967743
1732437761492642260,0.4264189898967743
1732437761492642260,0.4264189898967743
1732437761502952444,0.4264189898967743
1732437761502952444,0.4264189898967743
1732437761513203036,0.4264189898967743
1732437761513203036,0.4264189898967743
1732437761523497219,0.4264189898967743
1732437761523497219,0.4264189898967743
1732437761533871112,0.4264189898967743
1732437761533871112,0.4264189898967743
1732437761544264570,0.4264189898967743
1732437761544264570,0.4264189898967743
1732437761554740552,0.4264189898967743
1732437761554740552,0.4264189898967743
1732437761565043061,0.4264189898967743
1732437761565043061,0.4264189898967743
1732437761575577523,0.4264189898967743
1732437761575577523,0.4264189898967743
1732437761585882075,0.4264189898967743
1732437761585882075,0.4264189898967743
1732437761596257978,0.4264189898967743
1732437761596257978,0.4264189898967743
1732437761606350806,0.4264189898967743
1732437761606350806,0.4264189898967743
1732437761617063803,0.4264189898967743
1732437761617063803,0.4264189898967743
1732437761627174175,0.4264189898967743
1732437761627174175,0.4264189898967743
1732437761637653873,0.4264189898967743
1732437761637653873,0.4264189898967743
1732437761637653873,0.4264189898967743
1732437761648303038,0.4264189898967743
1732437761669972998,0.4264189898967743
1732437761669972998,0.4264189898967743
1732437761669972998,0.4264189898967743
1732437761669972998,0.4264189898967743
1732437761680261151,0.4264189898967743
1732437761680261151,0.4264189898967743
1732437761690951923,0.4264189898967743
1732437761690951923,0.4264189898967743
1732437761703320338,0.4264189898967743
1732437761703320338,0.4264189898967743
1732437761713594044,0.4264189898967743
1732437761713594044,0.4264189898967743
1732437761724122754,0.4264189898967743
1732437761724122754,0.4264189898967743
1732437761734370781,0.4264189898967743
1732437761734370781,0.4264189898967743
1732437761746280002,0.4264189898967743
1732437761746280002,0.4264189898967743
1732437761756754201,0.4264189898967743
1732437761756754201,0.4264189898967743
1732437761769580316,0.4264189898967743
1732437761769580316,0.4264189898967743
1732437761779670902,0.4264189898967743
1732437761779670902,0.4264189898967743
1732437761789914160,0.4264189898967743
1732437761789914160,0.4264189898967743
1732437761803142953,0.4264189898967743
1732437761803142953,0.4264189898967743
1732437761814689902,0.4264189898967743
1732437761814689902,0.4264189898967743
1732437761825009174,0.4264189898967743
1732437761825009174,0.4264189898967743
1732437761835203521,0.4264189898967743
1732437761835203521,0.4264189898967743
1732437761845541135,0.4264189898967743
1732437761845541135,0.4264189898967743
1732437761857953282,0.4264189898967743
1732437761857953282,0.4264189898967743
1732437761868181282,0.4264189898967743
1732437761868181282,0.4264189898967743
1732437761878368377,0.4264189898967743
1732437761878368377,0.4264189898967743
1732437761888700481,0.4264189898967743
1732437761888700481,0.4264189898967743
1732437761898803990,0.4264189898967743
1732437761898803990,0.4264189898967743
1732437761909376342,0.4264189898967743
1732437761909376342,0.4264189898967743
1732437761920944055,0.4264189898967743
1732437761920944055,0.4264189898967743
1732437761932102849,0.4264189898967743
1732437761932102849,0.4264189898967743
1732437761942381403,0.4264189898967743
1732437761942381403,0.4264189898967743
1732437761952626325,0.4264189898967743
1732437761952626325,0.4264189898967743
1732437761963188808,0.4264189898967743
1732437761963188808,0.4264189898967743
1732437761973372515,0.4264189898967743
1732437761973372515,0.4264189898967743
1732437761983714219,0.4264189898967743
1732437761983714219,0.4264189898967743
1732437761993842212,0.4264189898967743
1732437761993842212,0.4264189898967743
1732437762004181189,0.4264189898967743
1732437762004181189,0.4264189898967743
1732437762014691515,0.4264189898967743
1732437762014691515,0.4264189898967743
1732437762025119869,0.4264189898967743
1732437762025119869,0.4264189898967743
1732437762035773262,0.4264189898967743
1732437762035773262,0.4264189898967743
1732437762046115494,0.4264189898967743
1732437762046115494,0.4264189898967743
1732437762056874834,0.4264189898967743
1732437762056874834,0.4264189898967743
1732437762067375292,0.4264189898967743
1732437762067375292,0.4264189898967743
1732437762077642395,0.4264189898967743
1732437762077642395,0.4264189898967743
1732437762087655966,0.4264189898967743
1732437762087655966,0.4264189898967743
1732437762097949238,0.4264189898967743
1732437762097949238,0.4264189898967743
1732437762109627375,0.4264189898967743
1732437762109627375,0.4264189898967743
1732437762119827848,0.4264189898967743
1732437762119827848,0.4264189898967743
1732437762130978144,0.4264189898967743
1732437762130978144,0.4264189898967743
1732437762141625416,0.4264189898967743
1732437762141625416,0.4264189898967743
1732437762151977618,0.4264189898967743
1732437762151977618,0.4264189898967743
1732437762162518442,0.4264189898967743
1732437762162518442,0.4264189898967743
1732437762172621759,0.4264189898967743
1732437762172621759,0.4264189898967743
1732437762183018615,0.4264189898967743
1732437762183018615,0.4264189898967743
1732437762193347770,0.4264189898967743
1732437762193347770,0.4264189898967743
1732437762203758795,0.4264189898967743
1732437762203758795,0.4264189898967743
1732437762213895946,0.4264189898967743
1732437762213895946,0.4264189898967743
1732437762224346471,0.4264189898967743
1732437762224346471,0.4264189898967743
1732437762234898815,0.4264189898967743
1732437762234898815,0.4264189898967743
1732437762245210821,0.4264189898967743
1732437762245210821,0.4264189898967743
1732437762257532780,0.4264189898967743
1732437762257532780,0.4264189898967743
1732437762267931138,0.4264189898967743
1732437762267931138,0.4264189898967743
1732437762278445842,0.4264189898967743
1732437762278445842,0.4264189898967743
1732437762288974182,0.4264189898967743
1732437762288974182,0.4264189898967743
1732437762299465102,0.4264189898967743
1732437762299465102,0.4264189898967743
1732437762299465102,0.4264189898967743
1732437762299465102,0.4264189898967743
1732437762320237569,0.4264189898967743
1732437762320237569,0.4264189898967743
1732437762330684801,0.4264189898967743
1732437762330684801,0.4264189898967743
1732437762341341690,0.4264189898967743
1732437762341341690,0.4264189898967743
1732437762351531467,0.4264189898967743
1732437762351531467,0.4264189898967743
1732437762361919778,0.4264189898967743
1732437762361919778,0.4264189898967743
1732437762372611523,0.4264189898967743
1732437762372611523,0.4264189898967743
1732437762382750387,0.4264189898967743
1732437762382750387,0.4264189898967743
1732437762393093342,0.4264189898967743
1732437762393093342,0.4264189898967743
1732437762403246493,0.4264189898967743
1732437762403246493,0.4264189898967743
1732437762413637256,0.4264189898967743
1732437762413637256,0.4264189898967743
1732437762424049467,0.4264189898967743
1732437762424049467,0.4264189898967743
1732437762434523378,0.4264189898967743
1732437762434523378,0.4264189898967743
1732437762444737042,0.4264189898967743
1732437762444737042,0.4264189898967743
1732437762455409941,0.4264189898967743
1732437762455409941,0.4264189898967743
1732437762466304813,0.4264189898967743
1732437762466304813,0.4264189898967743
1732437762476615684,0.4264189898967743
1732437762476615684,0.4264189898967743
1732437762487134759,0.4264189898967743
1732437762487134759,0.4264189898967743
1732437762497225074,0.4264189898967743
1732437762497225074,0.4264189898967743
1732437762507529196,0.4264189898967743
1732437762507529196,0.4264189898967743
1732437762517690312,0.4264189898967743
1732437762517690312,0.4264189898967743
1732437762527826974,0.4264189898967743
1732437762527826974,0.4264189898967743
1732437762538047460,0.4264189898967743
1732437762538047460,0.4264189898967743
1732437762548394773,0.4264189898967743
1732437762548394773,0.4264189898967743
1732437762558981201,0.4264189898967743
1732437762558981201,0.4264189898967743
1732437762569504001,0.4264189898967743
1732437762569504001,0.4264189898967743
1732437762579778226,0.4264189898967743
1732437762579778226,0.4264189898967743
1732437762590289515,0.4264189898967743
1732437762590289515,0.4264189898967743
1732437762602206129,0.4264189898967743
1732437762602206129,0.4264189898967743
1732437762612847879,0.4264189898967743
1732437762612847879,0.4264189898967743
1732437762623380727,0.4264189898967743
1732437762623380727,0.4264189898967743
1732437762634386255,0.4264189898967743
1732437762634386255,0.4264189898967743
1732437762644712308,0.4264189898967743
1732437762644712308,0.4264189898967743
1732437762656611136,0.4264189898967743
1732437762656611136,0.4264189898967743
1732437762667808404,0.4264189898967743
1732437762667808404,0.4264189898967743
1732437762678114991,0.4264189898967743
1732437762678114991,0.4264189898967743
1732437762688444250,0.4264189898967743
1732437762688444250,0.4264189898967743
1732437762698545925,0.4264189898967743
1732437762698545925,0.4264189898967743
1732437762708976313,0.4264189898967743
1732437762708976313,0.4264189898967743
1732437762719405938,0.4264189898967743
1732437762719405938,0.4264189898967743
1732437762729757709,0.4264189898967743
1732437762729757709,0.4264189898967743
1732437762740053576,0.4264189898967743
1732437762740053576,0.4264189898967743
1732437762750685258,0.4264189898967743
1732437762750685258,0.4264189898967743
1732437762761200579,0.4264189898967743
1732437762761200579,0.4264189898967743
1732437762771955284,0.4264189898967743
1732437762771955284,0.4264189898967743
1732437762782233197,0.4264189898967743
1732437762782233197,0.4264189898967743
1732437762792692689,0.4264189898967743
1732437762792692689,0.4264189898967743
1732437762802992904,0.4264189898967743
1732437762802992904,0.4264189898967743
1732437762813210204,0.4264189898967743
1732437762813210204,0.4264189898967743
1732437762823505491,0.4264189898967743
1732437762823505491,0.4264189898967743
1732437762833827607,0.4264189898967743
1732437762833827607,0.4264189898967743
1732437762844389225,0.4264189898967743
1732437762844389225,0.4264189898967743
1732437762854932816,0.4264189898967743
1732437762854932816,0.4264189898967743
1732437762865695832,0.4264189898967743
1732437762865695832,0.4264189898967743
1732437762876949844,0.4264189898967743
1732437762876949844,0.4264189898967743
1732437762887107312,0.4264189898967743
1732437762887107312,0.4264189898967743
1732437762897781142,0.4264189898967743
1732437762897781142,0.4264189898967743
1732437762908929543,0.4264189898967743
1732437762908929543,0.4264189898967743
1732437762919313027,0.4264189898967743
1732437762919313027,0.4264189898967743
1732437762929432786,0.4264189898967743
1732437762929432786,0.4264189898967743
1732437762939957769,0.4264189898967743
1732437762939957769,0.4264189898967743
1732437762950074860,0.4264189898967743
1732437762950074860,0.4264189898967743
1732437762960327460,0.4264189898967743
1732437762960327460,0.4264189898967743
1732437762972483730,0.4264189898967743
1732437762972483730,0.4264189898967743
1732437762984465796,0.4264189898967743
1732437762984465796,0.4264189898967743
1732437762994678628,0.4264189898967743
1732437762994678628,0.4264189898967743
1732437763004792587,0.4264189898967743
1732437763004792587,0.4264189898967743
1732437763015931844,0.4264189898967743
1732437763015931844,0.4264189898967743
1732437763026874364,0.4264189898967743
1732437763026874364,0.4264189898967743
1732437763037427490,0.4264189898967743
1732437763037427490,0.4264189898967743
1732437763048160029,0.4264189898967743
1732437763048160029,0.4264189898967743
1732437763058722613,0.4264189898967743
1732437763058722613,0.4264189898967743
1732437763069016135,0.4264189898967743
1732437763069016135,0.4264189898967743
1732437763079583667,0.4264189898967743
1732437763079583667,0.4264189898967743
1732437763090311625,0.4264189898967743
1732437763090311625,0.4264189898967743
1732437763100581016,0.4264189898967743
1732437763100581016,0.4264189898967743
1732437763110727887,0.4264189898967743
1732437763110727887,0.4264189898967743
1732437763121211383,0.4264189898967743
1732437763121211383,0.4264189898967743
1732437763131627780,0.4264189898967743
1732437763131627780,0.4264189898967743
1732437763142304971,0.4264189898967743
1732437763142304971,0.4264189898967743
1732437763152851290,0.4264189898967743
1732437763152851290,0.4264189898967743
1732437763163049058,0.4264189898967743
1732437763163049058,0.4264189898967743
1732437763173575023,0.4264189898967743
1732437763173575023,0.4264189898967743
1732437763183954897,0.4264189898967743
1732437763183954897,0.4264189898967743
1732437763194839007,0.4264189898967743
1732437763194839007,0.4264189898967743
1732437763205218647,0.4264189898967743
1732437763205218647,0.4264189898967743
1732437763215580872,0.4264189898967743
1732437763215580872,0.4264189898967743
1732437763226180184,0.4264189898967743
1732437763226180184,0.4264189898967743
1732437763236545300,0.4264189898967743
1732437763236545300,0.4264189898967743
1732437763247227476,0.4264189898967743
1732437763247227476,0.4264189898967743
1732437763257479932,0.4264189898967743
1732437763257479932,0.4264189898967743
1732437763267621391,0.4264189898967743
1732437763267621391,0.4264189898967743
1732437763277927764,0.4264189898967743
1732437763277927764,0.4264189898967743
1732437763288064014,0.4264189898967743
1732437763288064014,0.4264189898967743
1732437763298947384,0.4264189898967743
1732437763298947384,0.4264189898967743
1732437763309434608,0.4264189898967743
1732437763309434608,0.4264189898967743
1732437763319730335,0.4264189898967743
1732437763319730335,0.4264189898967743
1732437763330003139,0.4264189898967743
1732437763330003139,0.4264189898967743
1732437763340443856,0.4264189898967743
1732437763340443856,0.4264189898967743
1732437763352300107,0.4264189898967743
1732437763352300107,0.4264189898967743
1732437763362605271,0.4264189898967743
1732437763362605271,0.4264189898967743
1732437763373085906,0.4264189898967743
1732437763373085906,0.4264189898967743
1732437763383429187,0.4264189898967743
1732437763383429187,0.4264189898967743
1732437763393849960,0.4264189898967743
1732437763393849960,0.4264189898967743
1732437763404298451,0.4264189898967743
1732437763404298451,0.4264189898967743
1732437763414423108,0.4264189898967743
1732437763414423108,0.4264189898967743
1732437763425085328,0.4264189898967743
1732437763425085328,0.4264189898967743
1732437763435447199,0.4264189898967743
1732437763435447199,0.4264189898967743
1732437763446043291,0.4264189898967743
1732437763446043291,0.4264189898967743
1732437763457016653,0.4264189898967743
1732437763457016653,0.4264189898967743
1732437763467443283,0.4264189898967743
1732437763467443283,0.4264189898967743
1732437763477885622,0.4264189898967743
1732437763477885622,0.4264189898967743
1732437763488215002,0.4264189898967743
1732437763488215002,0.4264189898967743
1732437763498268708,0.4264189898967743
1732437763498268708,0.4264189898967743
1732437763508644313,0.4264189898967743
1732437763508644313,0.4264189898967743
1732437763519309397,0.4264189898967743
1732437763519309397,0.4264189898967743
1732437763529660085,0.4264189898967743
1732437763529660085,0.4264189898967743
1732437763539838835,0.4264189898967743
1732437763539838835,0.4264189898967743
1732437763550927819,0.4264189898967743
1732437763550927819,0.4264189898967743
1732437763561164957,0.4264189898967743
1732437763561164957,0.4264189898967743
1732437763572967729,0.4264189898967743
1732437763572967729,0.4264189898967743
1732437763583454861,0.4264189898967743
1732437763583454861,0.4264189898967743
1732437763593840582,0.4264189898967743
1732437763593840582,0.4264189898967743
1732437763604520618,0.4264189898967743
1732437763604520618,0.4264189898967743
1732437763614644194,0.4264189898967743
1732437763614644194,0.4264189898967743
1732437763625023316,0.4264189898967743
1732437763625023316,0.4264189898967743
1732437763635177219,0.4264189898967743
1732437763635177219,0.4264189898967743
1732437763645614248,0.4264189898967743
1732437763645614248,0.4264189898967743
1732437763656022024,0.4264189898967743
1732437763656022024,0.4264189898967743
1732437763666477929,0.4264189898967743
1732437763666477929,0.4264189898967743
1732437763677031103,0.4264189898967743
1732437763677031103,0.4264189898967743
1732437763687248906,0.4264189898967743
1732437763687248906,0.4264189898967743
1732437763706907924,0.4264189898967743
1732437763706907924,0.4264189898967743
1732437763717433668,0.4264189898967743
1732437763717433668,0.4264189898967743
1732437763728617538,0.4264189898967743
1732437763728617538,0.4264189898967743
1732437763738837794,0.4264189898967743
1732437763738837794,0.4264189898967743
1732437763749840868,0.4264189898967743
1732437763749840868,0.4264189898967743
1732437763760526381,0.4264189898967743
1732437763760526381,0.4264189898967743
1732437763770667981,0.4264189898967743
1732437763770667981,0.4264189898967743
1732437763780786035,0.4264189898967743
1732437763780786035,0.4264189898967743
1732437763794207992,0.4264189898967743
1732437763794207992,0.4264189898967743
1732437763804890649,0.4264189898967743
1732437763804890649,0.4264189898967743
1732437763815180015,0.4264189898967743
1732437763815180015,0.4264189898967743
1732437763825680012,0.4264189898967743
1732437763825680012,0.4264189898967743
1732437763836142448,0.4264189898967743
1732437763836142448,0.4264189898967743
1732437763846202092,0.4264189898967743
1732437763846202092,0.4264189898967743
1732437763856762074,0.4264189898967743
1732437763856762074,0.4264189898967743
1732437763866926155,0.4264189898967743
1732437763866926155,0.4264189898967743
1732437763877299537,0.4264189898967743
1732437763877299537,0.4264189898967743
1732437763887842583,0.4264189898967743
1732437763887842583,0.4264189898967743
1732437763898194394,0.4264189898967743
1732437763898194394,0.4264189898967743
1732437763908620384,0.4264189898967743
1732437763908620384,0.4264189898967743
1732437763918812509,0.4264189898967743
1732437763918812509,0.4264189898967743
1732437763929091966,0.4264189898967743
1732437763929091966,0.4264189898967743
1732437763939411836,0.4264189898967743
1732437763939411836,0.4264189898967743
1732437763949846381,0.4264189898967743
1732437763949846381,0.4264189898967743
1732437763960294351,0.4264189898967743
1732437763960294351,0.4264189898967743
1732437763970405003,0.4264189898967743
1732437763970405003,0.4264189898967743
1732437763980954533,0.4264189898967743
1732437763980954533,0.4264189898967743
1732437763991739850,0.4264189898967743
1732437763991739850,0.4264189898967743
1732437764002255406,0.4264189898967743
1732437764002255406,0.4264189898967743
1732437764012724536,0.4264189898967743
1732437764012724536,0.4264189898967743
1732437764023079875,0.4264189898967743
1732437764023079875,0.4264189898967743
1732437764033248475,0.4264189898967743
1732437764033248475,0.4264189898967743
1732437764043409361,0.4264189898967743
1732437764043409361,0.4264189898967743
1732437764054068173,0.4264189898967743
1732437764054068173,0.4264189898967743
1732437764069390168,0.4264189898967743
1732437764069390168,0.4264189898967743
1732437764079664824,0.4264189898967743
1732437764079664824,0.4264189898967743
1732437764090246112,0.4264189898967743
1732437764090246112,0.4264189898967743
1732437764100630053,0.4264189898967743
1732437764100630053,0.4264189898967743
1732437764111029359,0.4264189898967743
1732437764111029359,0.4264189898967743
1732437764121597296,0.4264189898967743
1732437764121597296,0.4264189898967743
1732437764132689315,0.4264189898967743
1732437764132689315,0.4264189898967743
1732437764142728314,0.4264189898967743
1732437764142728314,0.4264189898967743
1732437764152971633,0.4264189898967743
1732437764152971633,0.4264189898967743
1732437764163482881,0.4264189898967743
1732437764163482881,0.4264189898967743
1732437764173762398,0.4264189898967743
1732437764173762398,0.4264189898967743
1732437764184106645,0.4264189898967743
1732437764184106645,0.4264189898967743
1732437764194427538,0.4264189898967743
1732437764194427538,0.4264189898967743
1732437764206234358,0.4264189898967743
1732437764206234358,0.4264189898967743
1732437764216478900,0.4264189898967743
1732437764216478900,0.4264189898967743
1732437764226799711,0.4264189898967743
1732437764226799711,0.4264189898967743
1732437764236971961,0.4264189898967743
1732437764236971961,0.4264189898967743
1732437764247321978,0.4264189898967743
1732437764247321978,0.4264189898967743
1732437764257898007,0.4264189898967743
1732437764257898007,0.4264189898967743
1732437764268460520,0.4264189898967743
1732437764268460520,0.4264189898967743
1732437764268460520,0.4264189898967743
1732437764268460520,0.4264189898967743
1732437764289185162,0.4264189898967743
1732437764289185162,0.4264189898967743
1732437764299527305,0.4264189898967743
1732437764299527305,0.4264189898967743
1732437764309894125,0.4264189898967743
1732437764309894125,0.4264189898967743
1732437764320118037,0.4264189898967743
1732437764320118037,0.4264189898967743
1732437764330469728,0.4264189898967743
1732437764330469728,0.4264189898967743
1732437764341032892,0.4264189898967743
1732437764341032892,0.4264189898967743
1732437764354728649,0.4264189898967743
1732437764354728649,0.4264189898967743
1732437764364913829,0.4264189898967743
1732437764364913829,0.4264189898967743
1732437764377163394,0.4264189898967743
1732437764377163394,0.4264189898967743
1732437764387560779,0.4264189898967743
1732437764387560779,0.4264189898967743
1732437764397832090,0.4264189898967743
1732437764397832090,0.4264189898967743
1732437764408118070,0.4264189898967743
1732437764408118070,0.4264189898967743
1732437764418333387,0.4264189898967743
1732437764418333387,0.4264189898967743
1732437764428463545,0.4264189898967743
1732437764428463545,0.4264189898967743
1732437764438653324,0.4264189898967743
1732437764438653324,0.4264189898967743
1732437764452300131,0.4264189898967743
1732437764452300131,0.4264189898967743
1732437764462456397,0.4264189898967743
1732437764462456397,0.4264189898967743
1732437764472845027,0.4264189898967743
1732437764472845027,0.4264189898967743
1732437764483193842,0.4264189898967743
1732437764483193842,0.4264189898967743
1732437764493619888,0.4264189898967743
1732437764493619888,0.4264189898967743
1732437764504064443,0.4264189898967743
1732437764504064443,0.4264189898967743
1732437764516892126,0.4264189898967743
1732437764516892126,0.4264189898967743
1732437764527035436,0.4264189898967743
1732437764527035436,0.4264189898967743
1732437764537070731,0.4264189898967743
1732437764537070731,0.4264189898967743
1732437764547620781,0.4264189898967743
1732437764547620781,0.4264189898967743
1732437764557782007,0.4264189898967743
1732437764557782007,0.4264189898967743
1732437764568144038,0.4264189898967743
1732437764568144038,0.4264189898967743
1732437764578521608,0.4264189898967743
1732437764578521608,0.4264189898967743
1732437764589039007,0.4264189898967743
1732437764589039007,0.4264189898967743
1732437764599620455,0.4264189898967743
1732437764599620455,0.4264189898967743
1732437764609786226,0.4264189898967743
1732437764609786226,0.4264189898967743
1732437764620124815,0.4264189898967743
1732437764620124815,0.4264189898967743
1732437764630711103,0.4264189898967743
1732437764630711103,0.4264189898967743
1732437764641023908,0.4264189898967743
1732437764641023908,0.4264189898967743
1732437764651243317,0.4264189898967743
1732437764651243317,0.4264189898967743
1732437764661524417,0.4264189898967743
1732437764661524417,0.4264189898967743
1732437764671907926,0.4264189898967743
1732437764671907926,0.4264189898967743
1732437764682376855,0.4264189898967743
1732437764682376855,0.4264189898967743
1732437764692766647,0.4264189898967743
1732437764692766647,0.4264189898967743
1732437764703141251,0.4264189898967743
1732437764703141251,0.4264189898967743
1732437764713325700,0.4264189898967743
1732437764713325700,0.4264189898967743
1732437764723554122,0.4264189898967743
1732437764723554122,0.4264189898967743
1732437764723554122,0.4264189898967743
1732437764723554122,0.4264189898967743
1732437764744717641,0.4264189898967743
1732437764769070477,0.4264189898967743
1732437764769070477,0.4264189898967743
1732437764769070477,0.4264189898967743
1732437764769070477,0.4264189898967743
1732437764782627505,0.4264189898967743
1732437764782627505,0.4264189898967743
1732437764792894218,0.4264189898967743
1732437764792894218,0.4264189898967743
1732437764803965759,0.4264189898967743
1732437764803965759,0.4264189898967743
1732437764814138176,0.4264189898967743
1732437764814138176,0.4264189898967743
1732437764825025404,0.4264189898967743
1732437764825025404,0.4264189898967743
1732437764835632780,0.4264189898967743
1732437764835632780,0.4264189898967743
1732437764846040565,0.4264189898967743
1732437764846040565,0.4264189898967743
1732437764857266594,0.4264189898967743
1732437764857266594,0.4264189898967743
1732437764868132091,0.4264189898967743
1732437764868132091,0.4264189898967743
1732437764878362286,0.4264189898967743
1732437764878362286,0.4264189898967743
1732437764889171619,0.4264189898967743
1732437764889171619,0.4264189898967743
1732437764899692692,0.4264189898967743
1732437764899692692,0.4264189898967743
1732437764910088839,0.4264189898967743
1732437764910088839,0.4264189898967743
1732437764923239080,0.4264189898967743
1732437764923239080,0.4264189898967743
1732437764933614205,0.4264189898967743
1732437764933614205,0.4264189898967743
1732437764947381574,0.4264189898967743
1732437764947381574,0.4264189898967743
1732437764957735238,0.4264189898967743
1732437764957735238,0.4264189898967743
1732437764957735238,0.4264189898967743
1732437764957735238,0.4264189898967743
1732437764977812091,0.4264189898967743
1732437764977812091,0.4264189898967743
1732437764988046076,0.4264189898967743
1732437764988046076,0.4264189898967743
1732437764998290297,0.4264189898967743
1732437764998290297,0.4264189898967743
1732437765012339552,0.4264189898967743
1732437765012339552,0.4264189898967743
1732437765022956637,0.4264189898967743
1732437765022956637,0.4264189898967743
1732437765033331511,0.4264189898967743
1732437765033331511,0.4264189898967743
1732437765043912067,0.4264189898967743
1732437765043912067,0.4264189898967743
1732437765054623928,0.4264189898967743
1732437765054623928,0.4264189898967743
1732437765064866296,0.4264189898967743
1732437765064866296,0.4264189898967743
1732437765075393886,0.4264189898967743
1732437765075393886,0.4264189898967743
1732437765085744725,0.4264189898967743
1732437765085744725,0.4264189898967743
1732437765096891146,0.4264189898967743
1732437765096891146,0.4264189898967743
1732437765107201098,0.4264189898967743
1732437765107201098,0.4264189898967743
1732437765117908331,0.4264189898967743
1732437765117908331,0.4264189898967743
1732437765128585387,0.4264189898967743
1732437765128585387,0.4264189898967743
1732437765138920950,0.4264189898967743
1732437765138920950,0.4264189898967743
1732437765149163033,0.4264189898967743
1732437765149163033,0.4264189898967743
1732437765161425655,0.4264189898967743
1732437765161425655,0.4264189898967743
1732437765173925090,0.4264189898967743
1732437765173925090,0.4264189898967743
1732437765184033662,0.4264189898967743
1732437765184033662,0.4264189898967743
1732437765194454251,0.4264189898967743
1732437765194454251,0.4264189898967743
1732437765204689435,0.4264189898967743
1732437765204689435,0.4264189898967743
1732437765215060880,0.4264189898967743
1732437765215060880,0.4264189898967743
1732437765225313750,0.4264189898967743
1732437765225313750,0.4264189898967743
1732437765235824047,0.4264189898967743
1732437765235824047,0.4264189898967743
1732437765245880858,0.4264189898967743
1732437765245880858,0.4264189898967743
1732437765256048135,0.4264189898967743
1732437765256048135,0.4264189898967743
1732437765266450540,0.4264189898967743
1732437765266450540,0.4264189898967743
1732437765276600544,0.4264189898967743
1732437765276600544,0.4264189898967743
1732437765286863343,0.4264189898967743
1732437765286863343,0.4264189898967743
1732437765297013078,0.4264189898967743
1732437765297013078,0.4264189898967743
1732437765307320436,0.4264189898967743
1732437765307320436,0.4264189898967743
1732437765317970468,0.4264189898967743
1732437765317970468,0.4264189898967743
1732437765328251492,0.4264189898967743
1732437765328251492,0.4264189898967743
1732437765338724876,0.4264189898967743
1732437765338724876,0.4264189898967743
1732437765349024944,0.4264189898967743
1732437765349024944,0.4264189898967743
1732437765362161680,0.4264189898967743
1732437765362161680,0.4264189898967743
1732437765372222148,0.4264189898967743
1732437765372222148,0.4264189898967743
1732437765382675569,0.4264189898967743
1732437765382675569,0.4264189898967743
1732437765392900995,0.4264189898967743
1732437765392900995,0.4264189898967743
1732437765403341101,0.4264189898967743
1732437765403341101,0.4264189898967743
1732437765413795273,0.4264189898967743
1732437765413795273,0.4264189898967743
1732437765424241286,0.4264189898967743
1732437765424241286,0.4264189898967743
1732437765434735736,0.4264189898967743
1732437765434735736,0.4264189898967743
1732437765444871194,0.4264189898967743
1732437765444871194,0.4264189898967743
1732437765455364900,0.4264189898967743
1732437765455364900,0.4264189898967743
1732437765466115785,0.4264189898967743
1732437765466115785,0.4264189898967743
1732437765476461425,0.4264189898967743
1732437765476461425,0.4264189898967743
1732437765487259312,0.4264189898967743
1732437765487259312,0.4264189898967743
1732437765497454215,0.4264189898967743
1732437765497454215,0.4264189898967743
1732437765507658543,0.4264189898967743
1732437765507658543,0.4264189898967743
1732437765517937448,0.4264189898967743
1732437765517937448,0.4264189898967743
1732437765528070452,0.4264189898967743
1732437765528070452,0.4264189898967743
1732437765538408627,0.4264189898967743
1732437765538408627,0.4264189898967743
1732437765548509531,0.4264189898967743
1732437765548509531,0.4264189898967743
1732437765558827350,0.4264189898967743
1732437765558827350,0.4264189898967743
1732437765569219656,0.4264189898967743
1732437765569219656,0.4264189898967743
1732437765579373018,0.4264189898967743
1732437765579373018,0.4264189898967743
1732437765589666320,0.4264189898967743
1732437765589666320,0.4264189898967743
1732437765599887307,0.4264189898967743
1732437765599887307,0.4264189898967743
1732437765610407832,0.4264189898967743
1732437765610407832,0.4264189898967743
1732437765620751750,0.4264189898967743
1732437765620751750,0.4264189898967743
1732437765630982937,0.4264189898967743
1732437765630982937,0.4264189898967743
1732437765641391543,0.4264189898967743
1732437765641391543,0.4264189898967743
1732437765651692410,0.4264189898967743
1732437765651692410,0.4264189898967743
1732437765662326156,0.4264189898967743
1732437765662326156,0.4264189898967743
1732437765672783814,0.4264189898967743
1732437765672783814,0.4264189898967743
1732437765683425205,0.4264189898967743
1732437765683425205,0.4264189898967743
1732437765693991084,0.4264189898967743
1732437765693991084,0.4264189898967743
1732437765704378001,0.4264189898967743
1732437765704378001,0.4264189898967743
1732437765714521594,0.4264189898967743
1732437765714521594,0.4264189898967743
1732437765724701225,0.4264189898967743
1732437765724701225,0.4264189898967743
1732437765735033761,0.4264189898967743
1732437765735033761,0.4264189898967743
1732437765745196570,0.4264189898967743
1732437765745196570,0.4264189898967743
1732437765755758352,0.4264189898967743
1732437765755758352,0.4264189898967743
1732437765766187587,0.4264189898967743
1732437765766187587,0.4264189898967743
1732437765776629146,0.4264189898967743
1732437765776629146,0.4264189898967743
1732437765786872306,0.4264189898967743
1732437765786872306,0.4264189898967743
1732437765796872833,0.4264189898967743
1732437765796872833,0.4264189898967743
1732437765806964910,0.4264189898967743
1732437765806964910,0.4264189898967743
1732437765817061486,0.4264189898967743
1732437765817061486,0.4264189898967743
1732437765827260513,0.4264189898967743
1732437765827260513,0.4264189898967743
1732437765837643610,0.4264189898967743
1732437765837643610,0.4264189898967743
1732437765847792777,0.4264189898967743
1732437765847792777,0.4264189898967743
1732437765858083584,0.4264189898967743
1732437765858083584,0.4264189898967743
1732437765869352803,0.4264189898967743
1732437765869352803,0.4264189898967743
1732437765879624805,0.4264189898967743
1732437765879624805,0.4264189898967743
1732437765889761806,0.4264189898967743
1732437765889761806,0.4264189898967743
1732437765899946828,0.4264189898967743
1732437765899946828,0.4264189898967743
1732437765910396723,0.4264189898967743
1732437765910396723,0.4264189898967743
1732437765920685215,0.4264189898967743
1732437765920685215,0.4264189898967743
1732437765931094603,0.4264189898967743
1732437765931094603,0.4264189898967743
1732437765941771650,0.4264189898967743
1732437765941771650,0.4264189898967743
1732437765952017875,0.4264189898967743
1732437765952017875,0.4264189898967743
1732437765962694792,0.4264189898967743
1732437765962694792,0.4264189898967743
1732437765973081047,0.4264189898967743
1732437765973081047,0.4264189898967743
1732437765983414534,0.4264189898967743
1732437765983414534,0.4264189898967743
1732437765993784659,0.4264189898967743
1732437765993784659,0.4264189898967743
1732437766004347069,0.4264189898967743
1732437766004347069,0.4264189898967743
1732437766014659802,0.4264189898967743
1732437766014659802,0.4264189898967743
1732437766025139079,0.4264189898967743
1732437766025139079,0.4264189898967743
1732437766035814543,0.4264189898967743
1732437766035814543,0.4264189898967743
1732437766046242607,0.4264189898967743
1732437766046242607,0.4264189898967743
1732437766056749126,0.4264189898967743
1732437766056749126,0.4264189898967743
1732437766068282668,0.4264189898967743
1732437766068282668,0.4264189898967743
1732437766079101168,0.4264189898967743
1732437766079101168,0.4264189898967743
1732437766089839759,0.4264189898967743
1732437766089839759,0.4264189898967743
1732437766100117993,0.4264189898967743
1732437766100117993,0.4264189898967743
1732437766110608031,0.4264189898967743
1732437766110608031,0.4264189898967743
1732437766123496601,0.4264189898967743
1732437766123496601,0.4264189898967743
1732437766134072294,0.4264189898967743
1732437766134072294,0.4264189898967743
1732437766144661768,0.4264189898967743
1732437766144661768,0.4264189898967743
1732437766155130706,0.4264189898967743
1732437766155130706,0.4264189898967743
1732437766165248893,0.4264189898967743
1732437766165248893,0.4264189898967743
1732437766175894201,0.4264189898967743
1732437766175894201,0.4264189898967743
1732437766187623186,0.4264189898967743
1732437766187623186,0.4264189898967743
1732437766198177003,0.4264189898967743
1732437766198177003,0.4264189898967743
1732437766208574960,0.4264189898967743
1732437766208574960,0.4264189898967743
1732437766219132645,0.4264189898967743
1732437766219132645,0.4264189898967743
1732437766219132645,0.4264189898967743
1732437766219132645,0.4264189898967743
1732437766240212839,0.4264189898967743
1732437766240212839,0.4264189898967743
1732437766250337036,0.4264189898967743
1732437766250337036,0.4264189898967743
1732437766260793081,0.4264189898967743
1732437766260793081,0.4264189898967743
1732437766270989954,0.4264189898967743
1732437766270989954,0.4264189898967743
1732437766281755196,0.4264189898967743
1732437766281755196,0.4264189898967743
1732437766292209348,0.4264189898967743
1732437766292209348,0.4264189898967743
1732437766302475656,0.4264189898967743
1732437766302475656,0.4264189898967743
1732437766312950208,0.4264189898967743
1732437766312950208,0.4264189898967743
1732437766323375174,0.4264189898967743
1732437766323375174,0.4264189898967743
1732437766333829178,0.4264189898967743
1732437766333829178,0.4264189898967743
1732437766344236072,0.4264189898967743
1732437766344236072,0.4264189898967743
1732437766354358736,0.4264189898967743
1732437766354358736,0.4264189898967743
1732437766354358736,0.4264189898967743
1732437766354358736,0.4264189898967743
1732437766375293540,0.4264189898967743
1732437766375293540,0.4264189898967743
1732437766385574459,0.4264189898967743
1732437766385574459,0.4264189898967743
1732437766396174011,0.4264189898967743
1732437766396174011,0.4264189898967743
1732437766409325615,0.4264189898967743
1732437766409325615,0.4264189898967743
1732437766419942860,0.4264189898967743
1732437766419942860,0.4264189898967743
1732437766430403343,0.4264189898967743
1732437766430403343,0.4264189898967743
1732437766440902460,0.4264189898967743
1732437766440902460,0.4264189898967743
1732437766458039141,0.4264189898967743
1732437766458039141,0.4264189898967743
1732437766468673229,0.4264189898967743
1732437766468673229,0.4264189898967743
1732437766490695577,0.4264189898967743
1732437766490695577,0.4264189898967743
1732437766490695577,0.4264189898967743
1732437766504183516,0.4264189898967743
1732437766504183516,0.4264189898967743
1732437766515699034,0.4264189898967743
1732437766515699034,0.4264189898967743
1732437766526112921,0.4264189898967743
1732437766526112921,0.4264189898967743
1732437766536582321,0.4264189898967743
1732437766536582321,0.4264189898967743
1732437766550498278,0.4264189898967743
1732437766550498278,0.4264189898967743
1732437766560792672,0.4264189898967743
1732437766560792672,0.4264189898967743
1732437766571449280,0.4264189898967743
1732437766571449280,0.4264189898967743
1732437766581586000,0.4264189898967743
1732437766581586000,0.4264189898967743
1732437766592146591,0.4264189898967743
1732437766592146591,0.4264189898967743
1732437766604362664,0.4264189898967743
1732437766604362664,0.4264189898967743
1732437766614896383,0.4264189898967743
1732437766614896383,0.4264189898967743
1732437766625610649,0.4264189898967743
1732437766625610649,0.4264189898967743
1732437766636114955,0.4264189898967743
1732437766636114955,0.4264189898967743
1732437766646481874,0.4264189898967743
1732437766646481874,0.4264189898967743
1732437766657092638,0.4264189898967743
1732437766657092638,0.4264189898967743
1732437766667614145,0.4264189898967743
1732437766667614145,0.4264189898967743
1732437766678060512,0.4264189898967743
1732437766678060512,0.4264189898967743
1732437766688161937,0.4264189898967743
1732437766688161937,0.4264189898967743
1732437766698520101,0.4264189898967743
1732437766698520101,0.4264189898967743
1732437766708862014,0.4264189898967743
1732437766708862014,0.4264189898967743
1732437766719516428,0.4264189898967743
1732437766719516428,0.4264189898967743
1732437766729802934,0.4264189898967743
1732437766729802934,0.4264189898967743
1732437766740287783,0.4264189898967743
1732437766740287783,0.4264189898967743
1732437766750618730,0.4264189898967743
1732437766750618730,0.4264189898967743
1732437766760904498,0.4264189898967743
1732437766760904498,0.4264189898967743
1732437766771165490,0.4264189898967743
1732437766771165490,0.4264189898967743
1732437766781810898,0.4264189898967743
1732437766781810898,0.4264189898967743
1732437766792179801,0.4264189898967743
1732437766792179801,0.4264189898967743
1732437766802342161,0.4264189898967743
1732437766812527070,0.4264189898967743
1732437766812527070,0.4264189898967743
1732437766822821942,0.4264189898967743
1732437766822821942,0.4264189898967743
1732437766833379556,0.4264189898967743
1732437766833379556,0.4264189898967743
1732437766843770606,0.4264189898967743
1732437766843770606,0.4264189898967743
1732437766854059288,0.4264189898967743
1732437766854059288,0.4264189898967743
1732437766864467193,0.4264189898967743
1732437766864467193,0.4264189898967743
1732437766875661333,0.4264189898967743
1732437766875661333,0.4264189898967743
1732437766886388280,0.4264189898967743
1732437766886388280,0.4264189898967743
1732437766896784517,0.4264189898967743
1732437766896784517,0.4264189898967743
1732437766906789352,0.4264189898967743
1732437766906789352,0.4264189898967743
1732437766917312188,0.4264189898967743
1732437766917312188,0.4264189898967743
1732437766927339050,0.4264189898967743
1732437766927339050,0.4264189898967743
1732437766937653350,0.4264189898967743
1732437766937653350,0.4264189898967743
1732437766948284030,0.4264189898967743
1732437766948284030,0.4264189898967743
1732437766958654706,0.4264189898967743
1732437766958654706,0.4264189898967743
1732437766969081237,0.4264189898967743
1732437766969081237,0.4264189898967743
1732437766979625987,0.4264189898967743
1732437766979625987,0.4264189898967743
1732437766990146353,0.4264189898967743
1732437766990146353,0.4264189898967743
1732437767000546614,0.4264189898967743
1732437767000546614,0.4264189898967743
1732437767010886873,0.4264189898967743
1732437767010886873,0.4264189898967743
1732437767023284774,0.4264189898967743
1732437767023284774,0.4264189898967743
1732437767034340597,0.4264189898967743
1732437767034340597,0.4264189898967743
1732437767044677280,0.4264189898967743
1732437767044677280,0.4264189898967743
1732437767055083442,0.4264189898967743
1732437767055083442,0.4264189898967743
1732437767065332161,0.4264189898967743
1732437767065332161,0.4264189898967743
1732437767075655360,0.4264189898967743
1732437767075655360,0.4264189898967743
1732437767085941879,0.4264189898967743
1732437767085941879,0.4264189898967743
1732437767096300142,0.4264189898967743
1732437767096300142,0.4264189898967743
1732437767106873687,0.4264189898967743
1732437767106873687,0.4264189898967743
1732437767117298344,0.4264189898967743
1732437767117298344,0.4264189898967743
1732437767127483075,0.4264189898967743
1732437767127483075,0.4264189898967743
1732437767138518639,0.4264189898967743
1732437767138518639,0.4264189898967743
1732437767148739034,0.4264189898967743
1732437767148739034,0.4264189898967743
1732437767159432423,0.4264189898967743
1732437767159432423,0.4264189898967743
1732437767169820672,0.4264189898967743
1732437767169820672,0.4264189898967743
1732437767179956501,0.4264189898967743
1732437767179956501,0.4264189898967743
1732437767190516836,0.4264189898967743
1732437767190516836,0.4264189898967743
1732437767206537104,0.4264189898967743
1732437767206537104,0.4264189898967743
1732437767217140484,0.4264189898967743
1732437767217140484,0.4264189898967743
1732437767227233975,0.4264189898967743
1732437767227233975,0.4264189898967743
1732437767238023872,0.4264189898967743
1732437767238023872,0.4264189898967743
1732437767257907679,0.4264189898967743
1732437767257907679,0.4264189898967743
1732437767267945285,0.4264189898967743
1732437767267945285,0.4264189898967743
1732437767278072137,0.4264189898967743
1732437767278072137,0.4264189898967743
1732437767288260945,0.4264189898967743
1732437767288260945,0.4264189898967743
1732437767298610119,0.4264189898967743
1732437767298610119,0.4264189898967743
1732437767309189417,0.4264189898967743
1732437767309189417,0.4264189898967743
1732437767319698100,0.4264189898967743
1732437767319698100,0.4264189898967743
1732437767330132064,0.4264189898967743
1732437767330132064,0.4264189898967743
1732437767340449933,0.4264189898967743
1732437767340449933,0.4264189898967743
1732437767350869821,0.4264189898967743
1732437767350869821,0.4264189898967743
1732437767361079798,0.4264189898967743
1732437767361079798,0.4264189898967743
1732437767371867281,0.4264189898967743
1732437767371867281,0.4264189898967743
1732437767382973457,0.4264189898967743
1732437767382973457,0.4264189898967743
1732437767393268282,0.4264189898967743
1732437767393268282,0.4264189898967743
1732437767403818072,0.4264189898967743
1732437767403818072,0.4264189898967743
1732437767414443694,0.4264189898967743
1732437767414443694,0.4264189898967743
1732437767424696561,0.4264189898967743
1732437767424696561,0.4264189898967743
1732437767435413822,0.4264189898967743
1732437767435413822,0.4264189898967743
1732437767446066784,0.4264189898967743
1732437767446066784,0.4264189898967743
1732437767456561471,0.4264189898967743
1732437767456561471,0.4264189898967743
1732437767467289193,0.4264189898967743
1732437767467289193,0.4264189898967743
1732437767477677361,0.4264189898967743
1732437767477677361,0.4264189898967743
1732437767487963199,0.4264189898967743
1732437767487963199,0.4264189898967743
1732437767498235721,0.4264189898967743
1732437767498235721,0.4264189898967743
1732437767508697059,0.4264189898967743
1732437767508697059,0.4264189898967743
1732437767518996152,0.4264189898967743
1732437767518996152,0.4264189898967743
1732437767529329135,0.4264189898967743
1732437767529329135,0.4264189898967743
1732437767539792218,0.4264189898967743
1732437767539792218,0.4264189898967743
1732437767550333411,0.4264189898967743
1732437767550333411,0.4264189898967743
1732437767560412254,0.4264189898967743
1732437767560412254,0.4264189898967743
1732437767570853833,0.4264189898967743
1732437767570853833,0.4264189898967743
1732437767581132338,0.4264189898967743
1732437767581132338,0.4264189898967743
1732437767591840553,0.4264189898967743
1732437767591840553,0.4264189898967743
1732437767602334288,0.4264189898967743
1732437767602334288,0.4264189898967743
1732437767612796324,0.4264189898967743
1732437767612796324,0.4264189898967743
1732437767623241290,0.4264189898967743
1732437767623241290,0.4264189898967743
1732437767633810696,0.4264189898967743
1732437767633810696,0.4264189898967743
1732437767643866937,0.4264189898967743
1732437767643866937,0.4264189898967743
1732437767654469877,0.4264189898967743
1732437767654469877,0.4264189898967743
1732437767664682879,0.4264189898967743
1732437767664682879,0.4264189898967743
1732437767675284475,0.4264189898967743
1732437767675284475,0.4264189898967743
1732437767685811453,0.4264189898967743
1732437767685811453,0.4264189898967743
1732437767696268631,0.4264189898967743
1732437767696268631,0.4264189898967743
1732437767706500478,0.4264189898967743
1732437767706500478,0.4264189898967743
1732437767716714123,0.4264189898967743
1732437767716714123,0.4264189898967743
1732437767729123064,0.4264189898967743
1732437767729123064,0.4264189898967743
1732437767739222185,0.4264189898967743
1732437767739222185,0.4264189898967743
1732437767749847456,0.4264189898967743
1732437767749847456,0.4264189898967743
1732437767760094080,0.4264189898967743
1732437767760094080,0.4264189898967743
1732437767770484864,0.4264189898967743
1732437767770484864,0.4264189898967743
1732437767780736470,0.4264189898967743
1732437767780736470,0.4264189898967743
1732437767791042105,0.4264189898967743
1732437767791042105,0.4264189898967743
1732437767801403404,0.4264189898967743
1732437767801403404,0.4264189898967743
1732437767811750356,0.4264189898967743
1732437767811750356,0.4264189898967743
1732437767822132114,0.4264189898967743
1732437767822132114,0.4264189898967743
1732437767832514933,0.4264189898967743
1732437767832514933,0.4264189898967743
1732437767843349322,0.4264189898967743
1732437767843349322,0.4264189898967743
1732437767853593574,0.4264189898967743
1732437767853593574,0.4264189898967743
1732437767863906372,0.4264189898967743
1732437767863906372,0.4264189898967743
1732437767874571617,0.4264189898967743
1732437767874571617,0.4264189898967743
1732437767884745468,0.4264189898967743
1732437767884745468,0.4264189898967743
1732437767895360870,0.4264189898967743
1732437767895360870,0.4264189898967743
1732437767905853870,0.4264189898967743
1732437767905853870,0.4264189898967743
1732437767916332968,0.4264189898967743
1732437767916332968,0.4264189898967743
1732437767927177450,0.4264189898967743
1732437767927177450,0.4264189898967743
1732437767937726891,0.4264189898967743
1732437767937726891,0.4264189898967743
1732437767952972593,0.4264189898967743
1732437767952972593,0.4264189898967743
1732437767963335775,0.4264189898967743
1732437767963335775,0.4264189898967743
1732437767973715858,0.4264189898967743
1732437767973715858,0.4264189898967743
1732437767984165733,0.4264189898967743
1732437767984165733,0.4264189898967743
1732437767994311691,0.4264189898967743
1732437767994311691,0.4264189898967743
1732437768004862342,0.4264189898967743
1732437768004862342,0.4264189898967743
1732437768015012267,0.4264189898967743
1732437768015012267,0.4264189898967743
1732437768025977380,0.4264189898967743
1732437768025977380,0.4264189898967743
1732437768036513105,0.4264189898967743
1732437768036513105,0.4264189898967743
1732437768046592849,0.4264189898967743
1732437768046592849,0.4264189898967743
1732437768057001466,0.4264189898967743
1732437768057001466,0.4264189898967743
1732437768067323089,0.4264189898967743
1732437768067323089,0.4264189898967743
1732437768077415541,0.4264189898967743
1732437768077415541,0.4264189898967743
1732437768087718130,0.4264189898967743
1732437768087718130,0.4264189898967743
1732437768097848198,0.4264189898967743
1732437768097848198,0.4264189898967743
1732437768108098939,0.4264189898967743
1732437768108098939,0.4264189898967743
1732437768118467144,0.4264189898967743
1732437768118467144,0.4264189898967743
1732437768128967062,0.4264189898967743
1732437768128967062,0.4264189898967743
1732437768139417878,0.4264189898967743
1732437768139417878,0.4264189898967743
1732437768150073634,0.4264189898967743
1732437768150073634,0.4264189898967743
1732437768160473835,0.4264189898967743
1732437768160473835,0.4264189898967743
1732437768170822793,0.4264189898967743
1732437768170822793,0.4264189898967743
1732437768181164556,0.4264189898967743
1732437768181164556,0.4264189898967743
1732437768191674227,0.4264189898967743
1732437768191674227,0.4264189898967743
1732437768204521494,0.4264189898967743
1732437768204521494,0.4264189898967743
1732437768214687634,0.4264189898967743
1732437768214687634,0.4264189898967743
1732437768225134682,0.4264189898967743
1732437768225134682,0.4264189898967743
1732437768235709849,0.4264189898967743
1732437768235709849,0.4264189898967743
1732437768246378962,0.4264189898967743
1732437768246378962,0.4264189898967743
1732437768256814636,0.4264189898967743
1732437768256814636,0.4264189898967743
1732437768267295257,0.4264189898967743
1732437768267295257,0.4264189898967743
1732437768277566532,0.4264189898967743
1732437768277566532,0.4264189898967743
1732437768287749089,0.4264189898967743
1732437768287749089,0.4264189898967743
1732437768298112150,0.4264189898967743
1732437768298112150,0.4264189898967743
1732437768308396206,0.4264189898967743
1732437768308396206,0.4264189898967743
1732437768318665744,0.4264189898967743
1732437768318665744,0.4264189898967743
1732437768329595742,0.4264189898967743
1732437768329595742,0.4264189898967743
1732437768339751668,0.4264189898967743
1732437768339751668,0.4264189898967743
1732437768350658554,0.4264189898967743
1732437768350658554,0.4264189898967743
1732437768361086677,0.4264189898967743
1732437768361086677,0.4264189898967743
1732437768371509530,0.4264189898967743
1732437768371509530,0.4264189898967743
1732437768382159458,0.4264189898967743
1732437768382159458,0.4264189898967743
1732437768392292091,0.4264189898967743
1732437768392292091,0.4264189898967743
1732437768402415884,0.4264189898967743
1732437768402415884,0.4264189898967743
1732437768412538141,0.4264189898967743
1732437768412538141,0.4264189898967743
1732437768423191672,0.4264189898967743
1732437768423191672,0.4264189898967743
1732437768434166246,0.4264189898967743
1732437768434166246,0.4264189898967743
1732437768444266826,0.4264189898967743
1732437768444266826,0.4264189898967743
1732437768454675143,0.4264189898967743
1732437768454675143,0.4264189898967743
1732437768465082711,0.4264189898967743
1732437768465082711,0.4264189898967743
1732437768475443138,0.4264189898967743
1732437768475443138,0.4264189898967743
1732437768486009550,0.4264189898967743
1732437768486009550,0.4264189898967743
1732437768496146932,0.4264189898967743
1732437768496146932,0.4264189898967743
1732437768506427731,0.4264189898967743
1732437768506427731,0.4264189898967743
1732437768520469402,0.4264189898967743
1732437768520469402,0.4264189898967743
1732437768530921601,0.4264189898967743
1732437768530921601,0.4264189898967743
1732437768541156350,0.4264189898967743
1732437768541156350,0.4264189898967743
1732437768551724037,0.4264189898967743
1732437768551724037,0.4264189898967743
1732437768561999017,0.4264189898967743
1732437768561999017,0.4264189898967743
1732437768572158920,0.4264189898967743
1732437768572158920,0.4264189898967743
1732437768582624012,0.4264189898967743
1732437768582624012,0.4264189898967743
1732437768593589876,0.4264189898967743
1732437768593589876,0.4264189898967743
1732437768604049128,0.4264189898967743
1732437768604049128,0.4264189898967743
1732437768614385410,0.4264189898967743
1732437768614385410,0.4264189898967743
1732437768624844391,0.4264189898967743
1732437768624844391,0.4264189898967743
1732437768635565050,0.4264189898967743
1732437768635565050,0.4264189898967743
1732437768646039720,0.4264189898967743
1732437768646039720,0.4264189898967743
1732437768656243576,0.4264189898967743
1732437768656243576,0.4264189898967743
1732437768666401377,0.4264189898967743
1732437768666401377,0.4264189898967743
1732437768677326345,0.4264189898967743
1732437768677326345,0.4264189898967743
1732437768687624335,0.4264189898967743
1732437768687624335,0.4264189898967743
1732437768697879655,0.4264189898967743
1732437768697879655,0.4264189898967743
1732437768708354980,0.4264189898967743
1732437768708354980,0.4264189898967743
1732437768719258954,0.4264189898967743
1732437768719258954,0.4264189898967743
1732437768733170272,0.4264189898967743
1732437768733170272,0.4264189898967743
1732437768743265821,0.4264189898967743
1732437768743265821,0.4264189898967743
1732437768753438629,0.4264189898967743
1732437768753438629,0.4264189898967743
1732437768763590639,0.4264189898967743
1732437768763590639,0.4264189898967743
1732437768773913828,0.4264189898967743
1732437768773913828,0.4264189898967743
1732437768788634451,0.4264189898967743
1732437768788634451,0.4264189898967743
1732437768799204700,0.4264189898967743
1732437768799204700,0.4264189898967743
1732437768809987533,0.4264189898967743
1732437768809987533,0.4264189898967743
1732437768820537954,0.4264189898967743
1732437768820537954,0.4264189898967743
1732437768830589828,0.4264189898967743
1732437768830589828,0.4264189898967743
1732437768841252477,0.4264189898967743
1732437768841252477,0.4264189898967743
1732437768853455975,0.4264189898967743
1732437768853455975,0.4264189898967743
1732437768864159562,0.4264189898967743
1732437768864159562,0.4264189898967743
1732437768874459758,0.4264189898967743
1732437768874459758,0.4264189898967743
1732437768885103503,0.4264189898967743
1732437768885103503,0.4264189898967743
1732437768895723975,0.4264189898967743
1732437768895723975,0.4264189898967743
1732437768905979547,0.4264189898967743
1732437768905979547,0.4264189898967743
1732437768917696139,0.4264189898967743
1732437768917696139,0.4264189898967743
1732437768928568169,0.4264189898967743
1732437768928568169,0.4264189898967743
1732437768938998577,0.4264189898967743
1732437768938998577,0.4264189898967743
1732437768949581869,0.4264189898967743
1732437768949581869,0.4264189898967743
1732437768960260849,0.4264189898967743
1732437768960260849,0.4264189898967743
1732437768970727976,0.4264189898967743
1732437768970727976,0.4264189898967743
1732437768981352034,0.4264189898967743
1732437768981352034,0.4264189898967743
1732437768991639926,0.4264189898967743
1732437768991639926,0.4264189898967743
1732437769002614947,0.4264189898967743
1732437769002614947,0.4264189898967743
1732437769012862786,0.4264189898967743
1732437769012862786,0.4264189898967743
1732437769023575879,0.4264189898967743
1732437769023575879,0.4264189898967743
1732437769033797558,0.4264189898967743
1732437769033797558,0.4264189898967743
1732437769043940871,0.4264189898967743
1732437769043940871,0.4264189898967743
1732437769054389043,0.4264189898967743
1732437769054389043,0.4264189898967743
1732437769064804358,0.4264189898967743
1732437769064804358,0.4264189898967743
1732437769075076726,0.4264189898967743
1732437769075076726,0.4264189898967743
1732437769085207636,0.4264189898967743
1732437769085207636,0.4264189898967743
1732437769095799304,0.4264189898967743
1732437769095799304,0.4264189898967743
1732437769106513628,0.4264189898967743
1732437769106513628,0.4264189898967743
1732437769116862166,0.4264189898967743
1732437769116862166,0.4264189898967743
1732437769127574979,0.4264189898967743
1732437769127574979,0.4264189898967743
1732437769137706241,0.4264189898967743
1732437769137706241,0.4264189898967743
1732437769147799380,0.4264189898967743
1732437769147799380,0.4264189898967743
1732437769158221352,0.4264189898967743
1732437769158221352,0.4264189898967743
1732437769169461108,0.4264189898967743
1732437769169461108,0.4264189898967743
1732437769180007621,0.4264189898967743
1732437769180007621,0.4264189898967743
1732437769190279483,0.4264189898967743
1732437769190279483,0.4264189898967743
1732437769200756409,0.4264189898967743
1732437769200756409,0.4264189898967743
1732437769211463071,0.4264189898967743
1732437769211463071,0.4264189898967743
1732437769221594401,0.4264189898967743
1732437769221594401,0.4264189898967743
1732437769231838713,0.4264189898967743
1732437769231838713,0.4264189898967743
1732437769242408931,0.4264189898967743
1732437769242408931,0.4264189898967743
1732437769252565239,0.4264189898967743
1732437769252565239,0.4264189898967743
1732437769263331162,0.4264189898967743
1732437769263331162,0.4264189898967743
1732437769273938919,0.4264189898967743
1732437769273938919,0.4264189898967743
1732437769285323159,0.4264189898967743
1732437769285323159,0.4264189898967743
1732437769295742922,0.4264189898967743
1732437769295742922,0.4264189898967743
1732437769306032226,0.4264189898967743
1732437769306032226,0.4264189898967743
1732437769316221836,0.4264189898967743
1732437769316221836,0.4264189898967743
1732437769326841687,0.4264189898967743
1732437769326841687,0.4264189898967743
1732437769336998355,0.4264189898967743
1732437769336998355,0.4264189898967743
1732437769347158059,0.4264189898967743
1732437769347158059,0.4264189898967743
1732437769357423039,0.4264189898967743
1732437769357423039,0.4264189898967743
1732437769367527940,0.4264189898967743
1732437769367527940,0.4264189898967743
1732437769377884101,0.4264189898967743
1732437769377884101,0.4264189898967743
1732437769388409395,0.4264189898967743
1732437769388409395,0.4264189898967743
1732437769398542148,0.4264189898967743
1732437769398542148,0.4264189898967743
1732437769409086048,0.4264189898967743
1732437769409086048,0.4264189898967743
1732437769419325029,0.4264189898967743
1732437769419325029,0.4264189898967743
1732437769429663926,0.4264189898967743
1732437769429663926,0.4264189898967743
1732437769440004537,0.4264189898967743
1732437769440004537,0.4264189898967743
1732437769450410179,0.4264189898967743
1732437769450410179,0.4264189898967743
1732437769460981128,0.4264189898967743
1732437769460981128,0.4264189898967743
1732437769471535047,0.4264189898967743
1732437769471535047,0.4264189898967743
1732437769481942711,0.4264189898967743
1732437769481942711,0.4264189898967743
1732437769492167356,0.4264189898967743
1732437769492167356,0.4264189898967743
1732437769502601668,0.4264189898967743
1732437769502601668,0.4264189898967743
1732437769513135231,0.4264189898967743
1732437769513135231,0.4264189898967743
1732437769524034191,0.4264189898967743
1732437769524034191,0.4264189898967743
1732437769534690239,0.4264189898967743
1732437769534690239,0.4264189898967743
1732437769544950610,0.4264189898967743
1732437769544950610,0.4264189898967743
1732437769555580440,0.4264189898967743
1732437769555580440,0.4264189898967743
1732437769565956697,0.4264189898967743
1732437769565956697,0.4264189898967743
1732437769576159026,0.4264189898967743
1732437769576159026,0.4264189898967743
1732437769586596663,0.4264189898967743
1732437769586596663,0.4264189898967743
1732437769598411446,0.4264189898967743
1732437769598411446,0.4264189898967743
1732437769608771904,0.4264189898967743
1732437769608771904,0.4264189898967743
1732437769619115661,0.4264189898967743
1732437769619115661,0.4264189898967743
1732437769629724471,0.4264189898967743
1732437769629724471,0.4264189898967743
1732437769639842142,0.4264189898967743
1732437769639842142,0.4264189898967743
1732437769650186791,0.4264189898967743
1732437769650186791,0.4264189898967743
1732437769660864482,0.4264189898967743
1732437769660864482,0.4264189898967743
1732437769671497303,0.4264189898967743
1732437769671497303,0.4264189898967743
1732437769681720891,0.4264189898967743
1732437769681720891,0.4264189898967743
1732437769692145884,0.4264189898967743
1732437769692145884,0.4264189898967743
1732437769702337621,0.4264189898967743
1732437769702337621,0.4264189898967743
1732437769713129502,0.4264189898967743
1732437769713129502,0.4264189898967743
1732437769723301298,0.4264189898967743
1732437769733743798,0.4264189898967743
1732437769733743798,0.4264189898967743
1732437769733743798,0.4264189898967743
1732437769746952289,0.4264189898967743
1732437769746952289,0.4264189898967743
1732437769757186768,0.4264189898967743
1732437769757186768,0.4264189898967743
1732437769767360450,0.4264189898967743
1732437769767360450,0.4264189898967743
1732437769777725618,0.4264189898967743
1732437769777725618,0.4264189898967743
1732437769788219784,0.4264189898967743
1732437769788219784,0.4264189898967743
1732437769798481247,0.4264189898967743
1732437769798481247,0.4264189898967743
1732437769808732342,0.4264189898967743
1732437769808732342,0.4264189898967743
1732437769820964734,0.4264189898967743
1732437769820964734,0.4264189898967743
1732437769831605683,0.4264189898967743
1732437769831605683,0.4264189898967743
1732437769841974878,0.4264189898967743
1732437769841974878,0.4264189898967743
1732437769852571421,0.4264189898967743
1732437769852571421,0.4264189898967743
1732437769862716100,0.4264189898967743
1732437769862716100,0.4264189898967743
1732437769873012225,0.4264189898967743
1732437769873012225,0.4264189898967743
1732437769883640334,0.4264189898967743
1732437769883640334,0.4264189898967743
1732437769893960136,0.4264189898967743
1732437769893960136,0.4264189898967743
1732437769904159013,0.4264189898967743
1732437769904159013,0.4264189898967743
1732437769914330198,0.4264189898967743
1732437769914330198,0.4264189898967743
1732437769924855963,0.4264189898967743
1732437769924855963,0.4264189898967743
1732437769935234916,0.4264189898967743
1732437769935234916,0.4264189898967743
1732437769945537956,0.4264189898967743
1732437769945537956,0.4264189898967743
1732437769955960791,0.4264189898967743
1732437769955960791,0.4264189898967743
1732437769955960791,0.4264189898967743
1732437769955960791,0.4264189898967743
1732437769978329753,0.4264189898967743
1732437769978329753,0.4264189898967743
1732437769978329753,0.4264189898967743
1732437769978329753,0.4264189898967743
1732437769999670753,0.4264189898967743
1732437769999670753,0.4264189898967743
1732437770012157449,0.4264189898967743
1732437770012157449,0.4264189898967743
1732437770023102755,0.4264189898967743
1732437770023102755,0.4264189898967743
1732437770033390168,0.4264189898967743
1732437770033390168,0.4264189898967743
1732437770057925543,0.4264189898967743
1732437770057925543,0.4264189898967743
1732437770057925543,0.4264189898967743
1732437770068149957,0.4264189898967743
1732437770068149957,0.4264189898967743
1732437770068149957,0.4264189898967743
1732437770078654234,0.4264189898967743
1732437770078654234,0.4264189898967743
1732437770088925715,0.4264189898967743
1732437770088925715,0.4264189898967743
1732437770100091513,0.4264189898967743
1732437770100091513,0.4264189898967743
1732437770110331642,0.4264189898967743
1732437770110331642,0.4264189898967743
1732437770126357702,0.4264189898967743
1732437770126357702,0.4264189898967743
1732437770136644692,0.4264189898967743
1732437770136644692,0.4264189898967743
1732437770147226943,0.4264189898967743
1732437770147226943,0.4264189898967743
1732437770157352172,0.4264189898967743
1732437770157352172,0.4264189898967743
1732437770168100272,0.4264189898967743
1732437770168100272,0.4264189898967743
1732437770178198140,0.4264189898967743
1732437770178198140,0.4264189898967743
1732437770188311799,0.4264189898967743
1732437770188311799,0.4264189898967743
1732437770198613103,0.4264189898967743
1732437770198613103,0.4264189898967743
1732437770213033051,0.4264189898967743
1732437770213033051,0.4264189898967743
1732437770223922724,0.4264189898967743
1732437770223922724,0.4264189898967743
1732437770234266872,0.4264189898967743
1732437770234266872,0.4264189898967743
1732437770244611420,0.4264189898967743
1732437770244611420,0.4264189898967743
1732437770255030127,0.4264189898967743
1732437770255030127,0.4264189898967743
1732437770265678540,0.4264189898967743
1732437770265678540,0.4264189898967743
1732437770276206279,0.4264189898967743
1732437770276206279,0.4264189898967743
1732437770286744198,0.4264189898967743
1732437770286744198,0.4264189898967743
1732437770297143848,0.4264189898967743
1732437770297143848,0.4264189898967743
1732437770307757136,0.4264189898967743
1732437770307757136,0.4264189898967743
1732437770318067090,0.4264189898967743
1732437770318067090,0.4264189898967743
1732437770332748929,0.4264189898967743
1732437770332748929,0.4264189898967743
1732437770343174410,0.4264189898967743
1732437770343174410,0.4264189898967743
1732437770353724182,0.4264189898967743
1732437770353724182,0.4264189898967743
1732437770364063486,0.4264189898967743
1732437770364063486,0.4264189898967743
1732437770374448069,0.4264189898967743
1732437770374448069,0.4264189898967743
1732437770384668289,0.4264189898967743
1732437770384668289,0.4264189898967743
1732437770398614251,0.4264189898967743
1732437770398614251,0.4264189898967743
1732437770408793242,0.4264189898967743
1732437770408793242,0.4264189898967743
1732437770419129073,0.4264189898967743
1732437770419129073,0.4264189898967743
1732437770429545104,0.4264189898967743
1732437770429545104,0.4264189898967743
1732437770439967738,0.4264189898967743
1732437770439967738,0.4264189898967743
1732437770450281284,0.4264189898967743
1732437770450281284,0.4264189898967743
1732437770470597901,0.4264189898967743
1732437770470597901,0.4264189898967743
1732437770470597901,0.4264189898967743
1732437770470597901,0.4264189898967743
1732437770480951836,0.4264189898967743
1732437770480951836,0.4264189898967743
1732437770491431857,0.4264189898967743
1732437770491431857,0.4264189898967743
1732437770502781025,0.4264189898967743
1732437770502781025,0.4264189898967743
1732437770513170487,0.4264189898967743
1732437770513170487,0.4264189898967743
1732437770523310003,0.4264189898967743
1732437770523310003,0.4264189898967743
1732437770533420301,0.4264189898967743
1732437770533420301,0.4264189898967743
1732437770543801792,0.4264189898967743
1732437770543801792,0.4264189898967743
1732437770554279517,0.4264189898967743
1732437770554279517,0.4264189898967743
1732437770564502970,0.4264189898967743
1732437770564502970,0.4264189898967743
1732437770574676390,0.4264189898967743
1732437770574676390,0.4264189898967743
1732437770585450477,0.4264189898967743
1732437770585450477,0.4264189898967743
1732437770596166047,0.4264189898967743
1732437770596166047,0.4264189898967743
1732437770608197334,0.4264189898967743
1732437770608197334,0.4264189898967743
1732437770618715555,0.4264189898967743
1732437770618715555,0.4264189898967743
1732437770628828543,0.4264189898967743
1732437770628828543,0.4264189898967743
1732437770640546026,0.4264189898967743
1732437770640546026,0.4264189898967743
1732437770651098630,0.4264189898967743
1732437770651098630,0.4264189898967743
1732437770661408897,0.4264189898967743
1732437770661408897,0.4264189898967743
1732437770671647366,0.4264189898967743
1732437770671647366,0.4264189898967743
1732437770682032481,0.4264189898967743
1732437770682032481,0.4264189898967743
1732437770693151562,0.4264189898967743
1732437770693151562,0.4264189898967743
1732437770703290746,0.4264189898967743
1732437770703290746,0.4264189898967743
1732437770713373108,0.4264189898967743
1732437770713373108,0.4264189898967743
1732437770723804837,0.4264189898967743
1732437770723804837,0.4264189898967743
1732437770734021959,0.4264189898967743
1732437770734021959,0.4264189898967743
1732437770744471762,0.4264189898967743
1732437770744471762,0.4264189898967743
1732437770754616688,0.4264189898967743
1732437770754616688,0.4264189898967743
1732437770764783666,0.4264189898967743
1732437770764783666,0.4264189898967743
1732437770775283820,0.4264189898967743
1732437770775283820,0.4264189898967743
1732437770786254669,0.4264189898967743
1732437770786254669,0.4264189898967743
1732437770796653598,0.4264189898967743
1732437770796653598,0.4264189898967743
1732437770807819173,0.4264189898967743
1732437770807819173,0.4264189898967743
1732437770818151109,0.4264189898967743
1732437770818151109,0.4264189898967743
1732437770828644123,0.4264189898967743
1732437770828644123,0.4264189898967743
1732437770839464698,0.4264189898967743
1732437770839464698,0.4264189898967743
1732437770854218755,0.4264189898967743
1732437770854218755,0.4264189898967743
1732437770866547667,0.4264189898967743
1732437770866547667,0.4264189898967743
1732437770877319981,0.4264189898967743
1732437770877319981,0.4264189898967743
1732437770887967844,0.4264189898967743
1732437770887967844,0.4264189898967743
1732437770898604837,0.4264189898967743
1732437770898604837,0.4264189898967743
1732437770908775762,0.4264189898967743
1732437770908775762,0.4264189898967743
1732437770919115761,0.4264189898967743
1732437770919115761,0.4264189898967743
1732437770929535449,0.4264189898967743
1732437770929535449,0.4264189898967743
1732437770940098043,0.4264189898967743
1732437770940098043,0.4264189898967743
1732437770950288103,0.4264189898967743
1732437770950288103,0.4264189898967743
1732437770960651056,0.4264189898967743
1732437770960651056,0.4264189898967743
1732437770971512256,0.4264189898967743
1732437770971512256,0.4264189898967743
1732437770982373292,0.4264189898967743
1732437770982373292,0.4264189898967743
1732437770992648905,0.4264189898967743
1732437770992648905,0.4264189898967743
1732437771002836368,0.4264189898967743
1732437771002836368,0.4264189898967743
1732437771013229780,0.4264189898967743
1732437771013229780,0.4264189898967743
1732437771023635833,0.4264189898967743
1732437771023635833,0.4264189898967743
1732437771034092219,0.4264189898967743
1732437771034092219,0.4264189898967743
1732437771044197521,0.4264189898967743
1732437771044197521,0.4264189898967743
1732437771054697910,0.4264189898967743
1732437771054697910,0.4264189898967743
1732437771065193926,0.4264189898967743
1732437771065193926,0.4264189898967743
1732437771075920731,0.4264189898967743
1732437771075920731,0.4264189898967743
1732437771086101840,0.4264189898967743
1732437771086101840,0.4264189898967743
1732437771097057769,0.4264189898967743
1732437771097057769,0.4264189898967743
1732437771107327109,0.4264189898967743
1732437771107327109,0.4264189898967743
1732437771117555650,0.4264189898967743
1732437771117555650,0.4264189898967743
1732437771127864602,0.4264189898967743
1732437771127864602,0.4264189898967743
1732437771138281134,0.4264189898967743
1732437771138281134,0.4264189898967743
1732437771150818435,0.4264189898967743
1732437771150818435,0.4264189898967743
1732437771161310989,0.4264189898967743
1732437771161310989,0.4264189898967743
1732437771171730495,0.4264189898967743
1732437771171730495,0.4264189898967743
1732437771182834689,0.4264189898967743
1732437771182834689,0.4264189898967743
1732437771193182192,0.4264189898967743
1732437771193182192,0.4264189898967743
1732437771203397240,0.4264189898967743
1732437771203397240,0.4264189898967743
1732437771213748229,0.4264189898967743
1732437771213748229,0.4264189898967743
1732437771224182485,0.4264189898967743
1732437771224182485,0.4264189898967743
1732437771234499643,0.4264189898967743
1732437771234499643,0.4264189898967743
1732437771244817751,0.4264189898967743
1732437771244817751,0.4264189898967743
1732437771255215769,0.4264189898967743
1732437771255215769,0.4264189898967743
1732437771255215769,0.4264189898967743
1732437771255215769,0.4264189898967743
1732437771276296344,0.4264189898967743
1732437771276296344,0.4264189898967743
1732437771287880676,0.4264189898967743
1732437771287880676,0.4264189898967743
1732437771297976265,0.4264189898967743
1732437771297976265,0.4264189898967743
1732437771308421491,0.4264189898967743
1732437771308421491,0.4264189898967743
1732437771318878938,0.4264189898967743
1732437771318878938,0.4264189898967743
1732437771329502546,0.4264189898967743
1732437771329502546,0.4264189898967743
1732437771339916814,0.4264189898967743
1732437771339916814,0.4264189898967743
1732437771350833689,0.4264189898967743
1732437771350833689,0.4264189898967743
1732437771361247505,0.4264189898967743
1732437771361247505,0.4264189898967743
1732437771371515030,0.4264189898967743
1732437771371515030,0.4264189898967743
1732437771382044522,0.4264189898967743
1732437771382044522,0.4264189898967743
1732437771392602247,0.4264189898967743
1732437771392602247,0.4264189898967743
1732437771402632771,0.4264189898967743
1732437771402632771,0.4264189898967743
1732437771413227585,0.4264189898967743
1732437771413227585,0.4264189898967743
1732437771423488738,0.4264189898967743
1732437771423488738,0.4264189898967743
1732437771433592077,0.4264189898967743
1732437771433592077,0.4264189898967743
1732437771443746341,0.4264189898967743
1732437771443746341,0.4264189898967743
1732437771454220371,0.4264189898967743
1732437771454220371,0.4264189898967743
1732437771465083484,0.4264189898967743
1732437771465083484,0.4264189898967743
1732437771475857501,0.4264189898967743
1732437771475857501,0.4264189898967743
1732437771486160612,0.4264189898967743
1732437771486160612,0.4264189898967743
1732437771497054985,0.4264189898967743
1732437771497054985,0.4264189898967743
1732437771507098011,0.4264189898967743
1732437771507098011,0.4264189898967743
1732437771517252456,0.4264189898967743
1732437771517252456,0.4264189898967743
1732437771527354712,0.4264189898967743
1732437771527354712,0.4264189898967743
1732437771537695062,0.4264189898967743
1732437771537695062,0.4264189898967743
1732437771547844568,0.4264189898967743
1732437771547844568,0.4264189898967743
1732437771558291663,0.4264189898967743
1732437771558291663,0.4264189898967743
1732437771568853230,0.4264189898967743
1732437771568853230,0.4264189898967743
1732437771579513294,0.4264189898967743
1732437771579513294,0.4264189898967743
1732437771589710279,0.4264189898967743
1732437771589710279,0.4264189898967743
1732437771600046821,0.4264189898967743
1732437771600046821,0.4264189898967743
1732437771610182291,0.4264189898967743
1732437771610182291,0.4264189898967743
1732437771620492886,0.4264189898967743
1732437771620492886,0.4264189898967743
1732437771620492886,0.4264189898967743
1732437771620492886,0.4264189898967743
1732437771641091343,0.4264189898967743
1732437771641091343,0.4264189898967743
1732437771651905425,0.4264189898967743
1732437771651905425,0.4264189898967743
1732437771662786824,0.4264189898967743
1732437771662786824,0.4264189898967743
1732437771673096075,0.4264189898967743
1732437771673096075,0.4264189898967743
1732437771683839035,0.4264189898967743
1732437771683839035,0.4264189898967743
1732437771694097113,0.4264189898967743
1732437771694097113,0.4264189898967743
1732437771704692003,0.4264189898967743
1732437771704692003,0.4264189898967743
1732437771714934946,0.4264189898967743
1732437771714934946,0.4264189898967743
1732437771725343362,0.4264189898967743
1732437771725343362,0.4264189898967743
1732437771735666792,0.4264189898967743
1732437771735666792,0.4264189898967743
1732437771746178721,0.4264189898967743
1732437771746178721,0.4264189898967743
1732437771757608471,0.4264189898967743
1732437771757608471,0.4264189898967743
1732437771768132993,0.4264189898967743
1732437771768132993,0.4264189898967743
1732437771778240990,0.4264189898967743
1732437771778240990,0.4264189898967743
1732437771790548383,0.4264189898967743
1732437771790548383,0.4264189898967743
1732437771800902719,0.4264189898967743
1732437771800902719,0.4264189898967743
1732437771811289597,0.4264189898967743
1732437771811289597,0.4264189898967743
1732437771822876488,0.4264189898967743
1732437771822876488,0.4264189898967743
1732437771833584498,0.4264189898967743
1732437771833584498,0.4264189898967743
1732437771846307108,0.4264189898967743
1732437771846307108,0.4264189898967743
1732437771857147104,0.4264189898967743
1732437771857147104,0.4264189898967743
1732437771867616630,0.4264189898967743
1732437771867616630,0.4264189898967743
1732437771877939687,0.4264189898967743
1732437771877939687,0.4264189898967743
1732437771888737179,0.4264189898967743
1732437771888737179,0.4264189898967743
1732437771898802157,0.4264189898967743
1732437771898802157,0.4264189898967743
1732437771909259364,0.4264189898967743
1732437771909259364,0.4264189898967743
1732437771919652564,0.4264189898967743
1732437771919652564,0.4264189898967743
1732437771930490730,0.4264189898967743
1732437771930490730,0.4264189898967743
1732437771940626110,0.4264189898967743
1732437771940626110,0.4264189898967743
1732437771950718758,0.4264189898967743
1732437771950718758,0.4264189898967743
1732437771960938012,0.4264189898967743
1732437771960938012,0.4264189898967743
1732437771971363933,0.4264189898967743
1732437771971363933,0.4264189898967743
1732437771981612342,0.4264189898967743
1732437771981612342,0.4264189898967743
1732437771992230229,0.4264189898967743
1732437771992230229,0.4264189898967743
1732437772003222883,0.4264189898967743
1732437772003222883,0.4264189898967743
1732437772014264891,0.4264189898967743
1732437772014264891,0.4264189898967743
1732437772024964339,0.4264189898967743
1732437772024964339,0.4264189898967743
1732437772035230652,0.4264189898967743
1732437772035230652,0.4264189898967743
1732437772045338108,0.4264189898967743
1732437772045338108,0.4264189898967743
1732437772055798311,0.4264189898967743
1732437772055798311,0.4264189898967743
1732437772065925025,0.4264189898967743
1732437772065925025,0.4264189898967743
1732437772076601871,0.4264189898967743
1732437772076601871,0.4264189898967743
1732437772087276834,0.4264189898967743
1732437772087276834,0.4264189898967743
1732437772097508402,0.4264189898967743
1732437772097508402,0.4264189898967743
1732437772107508891,0.4264189898967743
1732437772107508891,0.4264189898967743
1732437772117913069,0.4264189898967743
1732437772117913069,0.4264189898967743
1732437772128193779,0.4264189898967743
1732437772128193779,0.4264189898967743
1732437772138756513,0.4264189898967743
1732437772138756513,0.4264189898967743
1732437772148912750,0.4264189898967743
1732437772148912750,0.4264189898967743
1732437772159034484,0.4264189898967743
1732437772159034484,0.4264189898967743
1732437772169159263,0.4264189898967743
1732437772169159263,0.4264189898967743
1732437772179674459,0.4264189898967743
1732437772179674459,0.4264189898967743
1732437772189862492,0.4264189898967743
1732437772189862492,0.4264189898967743
1732437772200456429,0.4264189898967743
1732437772200456429,0.4264189898967743
1732437772210944043,0.4264189898967743
1732437772210944043,0.4264189898967743
1732437772221735123,0.4264189898967743
1732437772221735123,0.4264189898967743
1732437772231899936,0.4264189898967743
1732437772231899936,0.4264189898967743
1732437772242266826,0.4264189898967743
1732437772242266826,0.4264189898967743
1732437772253084444,0.4264189898967743
1732437772253084444,0.4264189898967743
1732437772263419593,0.4264189898967743
1732437772263419593,0.4264189898967743
1732437772273883205,0.4264189898967743
1732437772273883205,0.4264189898967743
1732437772284777534,0.4264189898967743
1732437772284777534,0.4264189898967743
1732437772295148725,0.4264189898967743
1732437772295148725,0.4264189898967743
1732437772305451726,0.4264189898967743
1732437772305451726,0.4264189898967743
1732437772315875021,0.4264189898967743
1732437772315875021,0.4264189898967743
1732437772326068348,0.4264189898967743
1732437772326068348,0.4264189898967743
1732437772336603941,0.4264189898967743
1732437772336603941,0.4264189898967743
1732437772347102147,0.4264189898967743
1732437772347102147,0.4264189898967743
1732437772357189766,0.4264189898967743
1732437772357189766,0.4264189898967743
1732437772367376681,0.4264189898967743
1732437772367376681,0.4264189898967743
1732437772377479239,0.4264189898967743
1732437772377479239,0.4264189898967743
1732437772387609137,0.4264189898967743
1732437772387609137,0.4264189898967743
1732437772397899825,0.4264189898967743
1732437772397899825,0.4264189898967743
1732437772408545955,0.4264189898967743
1732437772408545955,0.4264189898967743
1732437772423339663,0.4264189898967743
1732437772423339663,0.4264189898967743
1732437772433939298,0.4264189898967743
1732437772433939298,0.4264189898967743
1732437772444179163,0.4264189898967743
1732437772444179163,0.4264189898967743
1732437772454471363,0.4264189898967743
1732437772454471363,0.4264189898967743
1732437772465038797,0.4264189898967743
1732437772465038797,0.4264189898967743
1732437772475228586,0.4264189898967743
1732437772475228586,0.4264189898967743
1732437772488079778,0.4264189898967743
1732437772488079778,0.4264189898967743
1732437772498377192,0.4264189898967743
1732437772498377192,0.4264189898967743
1732437772508637463,0.4264189898967743
1732437772508637463,0.4264189898967743
1732437772521595146,0.4264189898967743
1732437772521595146,0.4264189898967743
1732437772532176635,0.4264189898967743
1732437772532176635,0.4264189898967743
1732437772542396793,0.4264189898967743
1732437772542396793,0.4264189898967743
1732437772554503411,0.4264189898967743
1732437772554503411,0.4264189898967743
1732437772565289268,0.4264189898967743
1732437772565289268,0.4264189898967743
1732437772575429498,0.4264189898967743
1732437772575429498,0.4264189898967743
1732437772585733657,0.4264189898967743
1732437772585733657,0.4264189898967743
1732437772596405049,0.4264189898967743
1732437772596405049,0.4264189898967743
1732437772608319018,0.4264189898967743
1732437772608319018,0.4264189898967743
1732437772618864060,0.4264189898967743
1732437772618864060,0.4264189898967743
1732437772629278637,0.4264189898967743
1732437772629278637,0.4264189898967743
1732437772639740445,0.4264189898967743
1732437772639740445,0.4264189898967743
1732437772650383358,0.4264189898967743
1732437772650383358,0.4264189898967743
1732437772660736901,0.4264189898967743
1732437772660736901,0.4264189898967743
1732437772670864077,0.4264189898967743
1732437772670864077,0.4264189898967743
1732437772681317428,0.4264189898967743
1732437772681317428,0.4264189898967743
1732437772691822214,0.4264189898967743
1732437772691822214,0.4264189898967743
1732437772702156624,0.4264189898967743
1732437772702156624,0.4264189898967743
1732437772712400014,0.4264189898967743
1732437772712400014,0.4264189898967743
1732437772725359139,0.4264189898967743
1732437772725359139,0.4264189898967743
1732437772735866411,0.4264189898967743
1732437772735866411,0.4264189898967743
1732437772747225203,0.4264189898967743
1732437772747225203,0.4264189898967743
1732437772757749040,0.4264189898967743
1732437772757749040,0.4264189898967743
1732437772768192331,0.4264189898967743
1732437772768192331,0.4264189898967743
1732437772778574169,0.4264189898967743
1732437772778574169,0.4264189898967743
1732437772788834370,0.4264189898967743
1732437772788834370,0.4264189898967743
1732437772799293803,0.4264189898967743
1732437772799293803,0.4264189898967743
1732437772809545346,0.4264189898967743
1732437772809545346,0.4264189898967743
1732437772819879376,0.4264189898967743
1732437772819879376,0.4264189898967743
1732437772830258438,0.4264189898967743
1732437772830258438,0.4264189898967743
1732437772840689608,0.4264189898967743
1732437772840689608,0.4264189898967743
1732437772851184115,0.4264189898967743
1732437772851184115,0.4264189898967743
1732437772861775654,0.4264189898967743
1732437772861775654,0.4264189898967743
1732437772872020305,0.4264189898967743
1732437772872020305,0.4264189898967743
1732437772882458789,0.4264189898967743
1732437772882458789,0.4264189898967743
1732437772892975898,0.4264189898967743
1732437772892975898,0.4264189898967743
1732437772903404052,0.4264189898967743
1732437772903404052,0.4264189898967743
1732437772913605995,0.4264189898967743
1732437772913605995,0.4264189898967743
1732437772924980100,0.4264189898967743
1732437772924980100,0.4264189898967743
1732437772935115990,0.4264189898967743
1732437772935115990,0.4264189898967743
1732437772945365071,0.4264189898967743
1732437772945365071,0.4264189898967743
1732437772956007824,0.4264189898967743
1732437772956007824,0.4264189898967743
1732437772966849697,0.4264189898967743
1732437772966849697,0.4264189898967743
1732437772977183747,0.4264189898967743
1732437772977183747,0.4264189898967743
1732437772987440752,0.4264189898967743
1732437772987440752,0.4264189898967743
1732437772997486344,0.4264189898967743
1732437772997486344,0.4264189898967743
1732437773007689729,0.4264189898967743
1732437773007689729,0.4264189898967743
1732437773017902098,0.4264189898967743
1732437773017902098,0.4264189898967743
1732437773028299147,0.4264189898967743
1732437773028299147,0.4264189898967743
1732437773038726761,0.4264189898967743
1732437773038726761,0.4264189898967743
1732437773048959079,0.4264189898967743
1732437773048959079,0.4264189898967743
1732437773059253555,0.4264189898967743
1732437773059253555,0.4264189898967743
1732437773069549262,0.4264189898967743
1732437773069549262,0.4264189898967743
1732437773079967447,0.4264189898967743
1732437773079967447,0.4264189898967743
1732437773090535140,0.4264189898967743
1732437773090535140,0.4264189898967743
1732437773100957966,0.4264189898967743
1732437773100957966,0.4264189898967743
1732437773111312602,0.4264189898967743
1732437773111312602,0.4264189898967743
1732437773121739234,0.4264189898967743
1732437773121739234,0.4264189898967743
1732437773131969008,0.4264189898967743
1732437773131969008,0.4264189898967743
1732437773142517767,0.4264189898967743
1732437773142517767,0.4264189898967743
1732437773152643096,0.4264189898967743
1732437773152643096,0.4264189898967743
1732437773163163780,0.4264189898967743
1732437773163163780,0.4264189898967743
1732437773173347000,0.4264189898967743
1732437773173347000,0.4264189898967743
1732437773183921778,0.4264189898967743
1732437773183921778,0.4264189898967743
1732437773194443365,0.4264189898967743
1732437773194443365,0.4264189898967743
1732437773204660918,0.4264189898967743
1732437773204660918,0.4264189898967743
1732437773214954570,0.4264189898967743
1732437773214954570,0.4264189898967743
1732437773225877506,0.4264189898967743
1732437773225877506,0.4264189898967743
1732437773236456070,0.4264189898967743
1732437773236456070,0.4264189898967743
1732437773246942783,0.4264189898967743
1732437773246942783,0.4264189898967743
1732437773257246044,0.4264189898967743
1732437773257246044,0.4264189898967743
1732437773267326358,0.4264189898967743
1732437773267326358,0.4264189898967743
1732437773277784460,0.4264189898967743
1732437773277784460,0.4264189898967743
1732437773288436612,0.4264189898967743
1732437773288436612,0.4264189898967743
1732437773298695546,0.4264189898967743
1732437773298695546,0.4264189898967743
1732437773309112524,0.4264189898967743
1732437773309112524,0.4264189898967743
1732437773319841508,0.4264189898967743
1732437773319841508,0.4264189898967743
1732437773330324063,0.4264189898967743
1732437773330324063,0.4264189898967743
1732437773340621203,0.4264189898967743
1732437773340621203,0.4264189898967743
1732437773350746594,0.4264189898967743
1732437773350746594,0.4264189898967743
1732437773361064149,0.4264189898967743
1732437773361064149,0.4264189898967743
1732437773371685566,0.4264189898967743
1732437773371685566,0.4264189898967743
1732437773381911600,0.4264189898967743
1732437773381911600,0.4264189898967743
1732437773392072549,0.4264189898967743
1732437773392072549,0.4264189898967743
1732437773402409224,0.4264189898967743
1732437773402409224,0.4264189898967743
1732437773413064149,0.4264189898967743
1732437773413064149,0.4264189898967743
1732437773423622897,0.4264189898967743
1732437773423622897,0.4264189898967743
1732437773434439473,0.4264189898967743
1732437773434439473,0.4264189898967743
1732437773444666383,0.4264189898967743
1732437773444666383,0.4264189898967743
1732437773455777057,0.4264189898967743
1732437773455777057,0.4264189898967743
1732437773466129922,0.4264189898967743
1732437773466129922,0.4264189898967743
1732437773476695440,0.4264189898967743
1732437773476695440,0.4264189898967743
1732437773487458089,0.4264189898967743
1732437773487458089,0.4264189898967743
1732437773497757361,0.4264189898967743
1732437773497757361,0.4264189898967743
1732437773508188913,0.4264189898967743
1732437773508188913,0.4264189898967743
1732437773518844228,0.4264189898967743
1732437773518844228,0.4264189898967743
1732437773529472225,0.4264189898967743
1732437773529472225,0.4264189898967743
1732437773539867477,0.4264189898967743
1732437773539867477,0.4264189898967743
1732437773550232724,0.4264189898967743
1732437773550232724,0.4264189898967743
1732437773560564929,0.4264189898967743
1732437773560564929,0.4264189898967743
1732437773570967136,0.4264189898967743
1732437773570967136,0.4264189898967743
1732437773581575664,0.4264189898967743
1732437773581575664,0.4264189898967743
1732437773592066616,0.4264189898967743
1732437773592066616,0.4264189898967743
1732437773602469172,0.4264189898967743
1732437773602469172,0.4264189898967743
1732437773612726669,0.4264189898967743
1732437773612726669,0.4264189898967743
1732437773622966370,0.4264189898967743
1732437773622966370,0.4264189898967743
1732437773633221012,0.4264189898967743
1732437773633221012,0.4264189898967743
1732437773643754409,0.4264189898967743
1732437773643754409,0.4264189898967743
1732437773653983856,0.4264189898967743
1732437773653983856,0.4264189898967743
1732437773664234339,0.4264189898967743
1732437773664234339,0.4264189898967743
1732437773674322040,0.4264189898967743
1732437773674322040,0.4264189898967743
1732437773685315395,0.4264189898967743
1732437773685315395,0.4264189898967743
1732437773695489847,0.4264189898967743
1732437773695489847,0.4264189898967743
1732437773705809710,0.4264189898967743
1732437773705809710,0.4264189898967743
1732437773716149238,0.4264189898967743
1732437773716149238,0.4264189898967743
1732437773726405873,0.4264189898967743
1732437773726405873,0.4264189898967743
1732437773736991770,0.4264189898967743
1732437773736991770,0.4264189898967743
1732437773747515994,0.4264189898967743
1732437773747515994,0.4264189898967743
1732437773757676519,0.4264189898967743
1732437773757676519,0.4264189898967743
1732437773767777364,0.4264189898967743
1732437773767777364,0.4264189898967743
1732437773778013229,0.4264189898967743
1732437773778013229,0.4264189898967743
1732437773788563752,0.4264189898967743
1732437773788563752,0.4264189898967743
1732437773798835855,0.4264189898967743
1732437773798835855,0.4264189898967743
1732437773809427303,0.4264189898967743
1732437773809427303,0.4264189898967743
1732437773819661111,0.4264189898967743
1732437773819661111,0.4264189898967743
1732437773830348048,0.4264189898967743
1732437773830348048,0.4264189898967743
1732437773840644750,0.4264189898967743
1732437773840644750,0.4264189898967743
1732437773851560252,0.4264189898967743
1732437773851560252,0.4264189898967743
1732437773861997301,0.4264189898967743
1732437773861997301,0.4264189898967743
1732437773872641599,0.4264189898967743
1732437773872641599,0.4264189898967743
1732437773883013818,0.4264189898967743
1732437773883013818,0.4264189898967743
1732437773893519687,0.4264189898967743
1732437773893519687,0.4264189898967743
1732437773904224421,0.4264189898967743
1732437773904224421,0.4264189898967743
1732437773914615120,0.4264189898967743
1732437773914615120,0.4264189898967743
1732437773924907291,0.4264189898967743
1732437773924907291,0.4264189898967743
1732437773935110566,0.4264189898967743
1732437773935110566,0.4264189898967743
1732437773945776042,0.4264189898967743
1732437773945776042,0.4264189898967743
1732437773960932896,0.4264189898967743
1732437773960932896,0.4264189898967743
1732437773971332801,0.4264189898967743
1732437773971332801,0.4264189898967743
1732437773981720429,0.4264189898967743
1732437773981720429,0.4264189898967743
1732437773992259619,0.4264189898967743
1732437773992259619,0.4264189898967743
1732437774002544588,0.4264189898967743
1732437774002544588,0.4264189898967743
1732437774013494171,0.4264189898967743
1732437774013494171,0.4264189898967743
1732437774024057237,0.4264189898967743
1732437774024057237,0.4264189898967743
1732437774034605033,0.4264189898967743
1732437774034605033,0.4264189898967743
1732437774044930944,0.4264189898967743
1732437774044930944,0.4264189898967743
1732437774056161264,0.4264189898967743
1732437774056161264,0.4264189898967743
1732437774066465357,0.4264189898967743
1732437774066465357,0.4264189898967743
1732437774077123445,0.4264189898967743
1732437774077123445,0.4264189898967743
1732437774087243510,0.4264189898967743
1732437774087243510,0.4264189898967743
1732437774097475378,0.4264189898967743
1732437774097475378,0.4264189898967743
1732437774107652124,0.4264189898967743
1732437774107652124,0.4264189898967743
1732437774117826877,0.4264189898967743
1732437774117826877,0.4264189898967743
1732437774128190140,0.4264189898967743
1732437774128190140,0.4264189898967743
1732437774138356557,0.4264189898967743
1732437774138356557,0.4264189898967743
1732437774148607570,0.4264189898967743
1732437774148607570,0.4264189898967743
1732437774159157061,0.4264189898967743
1732437774159157061,0.4264189898967743
1732437774169361648,0.4264189898967743
1732437774169361648,0.4264189898967743
1732437774179634433,0.4264189898967743
1732437774179634433,0.4264189898967743
1732437774189905365,0.4264189898967743
1732437774189905365,0.4264189898967743
1732437774200169363,0.4264189898967743
1732437774200169363,0.4264189898967743
1732437774210311205,0.4264189898967743
1732437774210311205,0.4264189898967743
1732437774220827278,0.4264189898967743
1732437774220827278,0.4264189898967743
1732437774231622820,0.4264189898967743
1732437774231622820,0.4264189898967743
1732437774242014045,0.4264189898967743
1732437774242014045,0.4264189898967743
1732437774252648974,0.4264189898967743
1732437774252648974,0.4264189898967743
1732437774262970759,0.4264189898967743
1732437774262970759,0.4264189898967743
1732437774273223377,0.4264189898967743
1732437774273223377,0.4264189898967743
1732437774283618520,0.4264189898967743
1732437774283618520,0.4264189898967743
1732437774293842604,0.4264189898967743
1732437774293842604,0.4264189898967743
1732437774304123796,0.4264189898967743
1732437774304123796,0.4264189898967743
1732437774314416005,0.4264189898967743
1732437774314416005,0.4264189898967743
1732437774324719438,0.4264189898967743
1732437774324719438,0.4264189898967743
1732437774335307379,0.4264189898967743
1732437774335307379,0.4264189898967743
1732437774345731175,0.4264189898967743
1732437774345731175,0.4264189898967743
1732437774356123012,0.4264189898967743
1732437774356123012,0.4264189898967743
1732437774366681054,0.4264189898967743
1732437774366681054,0.4264189898967743
1732437774376918016,0.4264189898967743
1732437774376918016,0.4264189898967743
1732437774387670052,0.4264189898967743
1732437774387670052,0.4264189898967743
1732437774397763444,0.4264189898967743
1732437774397763444,0.4264189898967743
1732437774408331287,0.4264189898967743
1732437774408331287,0.4264189898967743
1732437774418899031,0.4264189898967743
1732437774418899031,0.4264189898967743
1732437774428984647,0.4264189898967743
1732437774428984647,0.4264189898967743
1732437774439281077,0.4264189898967743
1732437774439281077,0.4264189898967743
1732437774449855923,0.4264189898967743
1732437774449855923,0.4264189898967743
1732437774460382631,0.4264189898967743
1732437774460382631,0.4264189898967743
1732437774470543144,0.4264189898967743
1732437774470543144,0.4264189898967743
1732437774480858161,0.4264189898967743
1732437774480858161,0.4264189898967743
1732437774491441333,0.4264189898967743
1732437774491441333,0.4264189898967743
1732437774501984861,0.4264189898967743
1732437774501984861,0.4264189898967743
1732437774512787353,0.4264189898967743
1732437774512787353,0.4264189898967743
1732437774523135367,0.4264189898967743
1732437774523135367,0.4264189898967743
1732437774533251671,0.4264189898967743
1732437774533251671,0.4264189898967743
1732437774543476948,0.4264189898967743
1732437774543476948,0.4264189898967743
1732437774553707974,0.4264189898967743
1732437774553707974,0.4264189898967743
1732437774564193997,0.4264189898967743
1732437774564193997,0.4264189898967743
1732437774574449839,0.4264189898967743
1732437774574449839,0.4264189898967743
1732437774585222855,0.4264189898967743
1732437774585222855,0.4264189898967743
1732437774595664490,0.4264189898967743
1732437774595664490,0.4264189898967743
1732437774605880864,0.4264189898967743
1732437774605880864,0.4264189898967743
1732437774616303669,0.4264189898967743
1732437774616303669,0.4264189898967743
1732437774627411538,0.4264189898967743
1732437774627411538,0.4264189898967743
1732437774637493463,0.4264189898967743
1732437774637493463,0.4264189898967743
1732437774648541375,0.4264189898967743
1732437774648541375,0.4264189898967743
1732437774659083471,0.4264189898967743
1732437774659083471,0.4264189898967743
1732437774669677694,0.4264189898967743
1732437774669677694,0.4264189898967743
1732437774680011033,0.4264189898967743
1732437774680011033,0.4264189898967743
1732437774690377000,0.4264189898967743
1732437774690377000,0.4264189898967743
1732437774701955387,0.4264189898967743
1732437774701955387,0.4264189898967743
1732437774712604010,0.4264189898967743
1732437774712604010,0.4264189898967743
1732437774723181302,0.4264189898967743
1732437774723181302,0.4264189898967743
1732437774733569698,0.4264189898967743
1732437774733569698,0.4264189898967743
1732437774743700362,0.4264189898967743
1732437774743700362,0.4264189898967743
1732437774754017059,0.4264189898967743
1732437774754017059,0.4264189898967743
1732437774764561128,0.4264189898967743
1732437774764561128,0.4264189898967743
1732437774774949479,0.4264189898967743
1732437774774949479,0.4264189898967743
1732437774785531188,0.4264189898967743
1732437774785531188,0.4264189898967743
1732437774796068934,0.4264189898967743
1732437774796068934,0.4264189898967743
1732437774806287089,0.4264189898967743
1732437774806287089,0.4264189898967743
1732437774816815180,0.4264189898967743
1732437774816815180,0.4264189898967743
1732437774827954098,0.4264189898967743
1732437774827954098,0.4264189898967743
1732437774839425955,0.4264189898967743
1732437774839425955,0.4264189898967743
1732437774849654458,0.4264189898967743
1732437774849654458,0.4264189898967743
1732437774860358133,0.4264189898967743
1732437774860358133,0.4264189898967743
1732437774870717760,0.4264189898967743
1732437774870717760,0.4264189898967743
1732437774880843581,0.4264189898967743
1732437774880843581,0.4264189898967743
1732437774891196065,0.4264189898967743
1732437774891196065,0.4264189898967743
1732437774901708555,0.4264189898967743
1732437774901708555,0.4264189898967743
1732437774912305701,0.4264189898967743
1732437774912305701,0.4264189898967743
1732437774922523767,0.4264189898967743
1732437774922523767,0.4264189898967743
1732437774932825957,0.4264189898967743
1732437774932825957,0.4264189898967743
1732437774943101517,0.4264189898967743
1732437774943101517,0.4264189898967743
1732437774953531694,0.4264189898967743
1732437774953531694,0.4264189898967743
1732437774964049326,0.4264189898967743
1732437774964049326,0.4264189898967743
1732437774974344481,0.4264189898967743
1732437774974344481,0.4264189898967743
1732437774984960876,0.4264189898967743
1732437774984960876,0.4264189898967743
1732437774995230865,0.4264189898967743
1732437774995230865,0.4264189898967743
1732437775005693614,0.4264189898967743
1732437775005693614,0.4264189898967743
1732437775016191869,0.4264189898967743
1732437775016191869,0.4264189898967743
1732437775027021540,0.4264189898967743
1732437775027021540,0.4264189898967743
1732437775037315532,0.4264189898967743
1732437775037315532,0.4264189898967743
1732437775047486299,0.4264189898967743
1732437775047486299,0.4264189898967743
1732437775057753515,0.4264189898967743
1732437775057753515,0.4264189898967743
1732437775068130853,0.4264189898967743
1732437775068130853,0.4264189898967743
1732437775078503203,0.4264189898967743
1732437775078503203,0.4264189898967743
1732437775088896743,0.4264189898967743
1732437775088896743,0.4264189898967743
1732437775099747674,0.4264189898967743
1732437775099747674,0.4264189898967743
1732437775110266318,0.4264189898967743
1732437775110266318,0.4264189898967743
1732437775120866421,0.4264189898967743
1732437775120866421,0.4264189898967743
1732437775131095625,0.4264189898967743
1732437775131095625,0.4264189898967743
1732437775141608727,0.4264189898967743
1732437775141608727,0.4264189898967743
1732437775152118099,0.4264189898967743
1732437775152118099,0.4264189898967743
1732437775162773631,0.4264189898967743
1732437775162773631,0.4264189898967743
1732437775172997283,0.4264189898967743
1732437775172997283,0.4264189898967743
1732437775183350598,0.4264189898967743
1732437775183350598,0.4264189898967743
1732437775193721976,0.4264189898967743
1732437775193721976,0.4264189898967743
1732437775204365752,0.4264189898967743
1732437775204365752,0.4264189898967743
1732437775214795449,0.4264189898967743
1732437775214795449,0.4264189898967743
1732437775225454322,0.4264189898967743
1732437775225454322,0.4264189898967743
1732437775235649093,0.4264189898967743
1732437775235649093,0.4264189898967743
1732437775246585311,0.4264189898967743
1732437775246585311,0.4264189898967743
1732437775257249807,0.4264189898967743
1732437775257249807,0.4264189898967743
1732437775267393541,0.4264189898967743
1732437775267393541,0.4264189898967743
1732437775277862962,0.4264189898967743
1732437775277862962,0.4264189898967743
1732437775288038306,0.4264189898967743
1732437775288038306,0.4264189898967743
1732437775298401074,0.4264189898967743
1732437775298401074,0.4264189898967743
1732437775308596409,0.4264189898967743
1732437775308596409,0.4264189898967743
1732437775320255064,0.4264189898967743
1732437775320255064,0.4264189898967743
1732437775331046233,0.4264189898967743
1732437775331046233,0.4264189898967743
1732437775341574715,0.4264189898967743
1732437775341574715,0.4264189898967743
1732437775352174247,0.4264189898967743
1732437775352174247,0.4264189898967743
1732437775362705874,0.4264189898967743
1732437775362705874,0.4264189898967743
1732437775373025335,0.4264189898967743
1732437775373025335,0.4264189898967743
1732437775383508562,0.4264189898967743
1732437775383508562,0.4264189898967743
1732437775393986139,0.4264189898967743
1732437775393986139,0.4264189898967743
1732437775404212226,0.4264189898967743
1732437775404212226,0.4264189898967743
1732437775414596108,0.4264189898967743
1732437775414596108,0.4264189898967743
1732437775425166988,0.4264189898967743
1732437775425166988,0.4264189898967743
1732437775435851339,0.4264189898967743
1732437775435851339,0.4264189898967743
1732437775446124946,0.4264189898967743
1732437775446124946,0.4264189898967743
1732437775456430490,0.4264189898967743
1732437775456430490,0.4264189898967743
1732437775467002543,0.4264189898967743
1732437775467002543,0.4264189898967743
1732437775477386725,0.4264189898967743
1732437775477386725,0.4264189898967743
1732437775487661865,0.4264189898967743
1732437775487661865,0.4264189898967743
1732437775498042067,0.4264189898967743
1732437775498042067,0.4264189898967743
1732437775508274890,0.4264189898967743
1732437775508274890,0.4264189898967743
1732437775518342003,0.4264189898967743
1732437775518342003,0.4264189898967743
1732437775528512607,0.4264189898967743
1732437775528512607,0.4264189898967743
1732437775539044400,0.4264189898967743
1732437775539044400,0.4264189898967743
1732437775539044400,0.4264189898967743
1732437775539044400,0.4264189898967743
1732437775562294468,0.4264189898967743
1732437775562294468,0.4264189898967743
1732437775572648174,0.4264189898967743
1732437775572648174,0.4264189898967743
1732437775582777351,0.4264189898967743
1732437775582777351,0.4264189898967743
1732437775593044906,0.4264189898967743
1732437775593044906,0.4264189898967743
1732437775603544444,0.4264189898967743
1732437775603544444,0.4264189898967743
1732437775614268759,0.4264189898967743
1732437775614268759,0.4264189898967743
1732437775624689980,0.4264189898967743
1732437775624689980,0.4264189898967743
1732437775634807846,0.4264189898967743
1732437775634807846,0.4264189898967743
1732437775645615397,0.4264189898967743
1732437775645615397,0.4264189898967743
1732437775655880057,0.4264189898967743
1732437775655880057,0.4264189898967743
1732437775666338026,0.4264189898967743
1732437775666338026,0.4264189898967743
1732437775676484747,0.4264189898967743
1732437775676484747,0.4264189898967743
1732437775687285804,0.4264189898967743
1732437775687285804,0.4264189898967743
1732437775697598895,0.4264189898967743
1732437775697598895,0.4264189898967743
1732437775708379185,0.4264189898967743
1732437775708379185,0.4264189898967743
1732437775708379185,0.4264189898967743
1732437775708379185,0.4264189898967743
1732437775728887281,0.4264189898967743
1732437775728887281,0.4264189898967743
1732437775739103944,0.4264189898967743
1732437775739103944,0.4264189898967743
1732437775749419549,0.4264189898967743
1732437775749419549,0.4264189898967743
1732437775759896765,0.4264189898967743
1732437775759896765,0.4264189898967743
1732437775770077268,0.4264189898967743
1732437775770077268,0.4264189898967743
1732437775780315058,0.4264189898967743
1732437775780315058,0.4264189898967743
1732437775790563182,0.4264189898967743
1732437775790563182,0.4264189898967743
1732437775800797300,0.4264189898967743
1732437775800797300,0.4264189898967743
1732437775811440955,0.4264189898967743
1732437775811440955,0.4264189898967743
1732437775821777535,0.4264189898967743
1732437775821777535,0.4264189898967743
1732437775832306792,0.4264189898967743
1732437775832306792,0.4264189898967743
1732437775842459598,0.4264189898967743
1732437775842459598,0.4264189898967743
1732437775852994755,0.4264189898967743
1732437775852994755,0.4264189898967743
1732437775863508430,0.4264189898967743
1732437775863508430,0.4264189898967743
1732437775874147996,0.4264189898967743
1732437775874147996,0.4264189898967743
1732437775884765383,0.4264189898967743
1732437775884765383,0.4264189898967743
1732437775895116520,0.4264189898967743
1732437775895116520,0.4264189898967743
1732437775905752485,0.4264189898967743
1732437775905752485,0.4264189898967743
1732437775915899747,0.4264189898967743
1732437775915899747,0.4264189898967743
1732437775926106428,0.4264189898967743
1732437775926106428,0.4264189898967743
1732437775936488597,0.4264189898967743
1732437775936488597,0.4264189898967743
1732437775957013297,0.4264189898967743
1732437775957013297,0.4264189898967743
1732437775967153015,0.4264189898967743
1732437775967153015,0.4264189898967743
1732437775967153015,0.4264189898967743
1732437775967153015,0.4264189898967743
1732437775977549759,0.4264189898967743
1732437775977549759,0.4264189898967743
1732437775988163260,0.4264189898967743
1732437775988163260,0.4264189898967743
1732437775998542051,0.4264189898967743
1732437775998542051,0.4264189898967743
1732437776008958042,0.4264189898967743
1732437776008958042,0.4264189898967743
1732437776019455316,0.4264189898967743
1732437776019455316,0.4264189898967743
1732437776029897466,0.4264189898967743
1732437776029897466,0.4264189898967743
1732437776040047833,0.4264189898967743
1732437776040047833,0.4264189898967743
1732437776050230599,0.4264189898967743
1732437776050230599,0.4264189898967743
1732437776060502263,0.4264189898967743
1732437776060502263,0.4264189898967743
1732437776071026887,0.4264189898967743
1732437776071026887,0.4264189898967743
1732437776081761230,0.4264189898967743
1732437776081761230,0.4264189898967743
1732437776092371113,0.4264189898967743
1732437776092371113,0.4264189898967743
1732437776102590390,0.4264189898967743
1732437776102590390,0.4264189898967743
1732437776113322729,0.4264189898967743
1732437776113322729,0.4264189898967743
1732437776123846402,0.4264189898967743
1732437776123846402,0.4264189898967743
1732437776134286894,0.4264189898967743
1732437776134286894,0.4264189898967743
1732437776144617862,0.4264189898967743
1732437776144617862,0.4264189898967743
1732437776155149880,0.4264189898967743
1732437776155149880,0.4264189898967743
1732437776165634528,0.4264189898967743
1732437776165634528,0.4264189898967743
1732437776175794089,0.4264189898967743
1732437776175794089,0.4264189898967743
1732437776186809822,0.4264189898967743
1732437776186809822,0.4264189898967743
1732437776198412851,0.4264189898967743
1732437776198412851,0.4264189898967743
1732437776209334225,0.4264189898967743
1732437776209334225,0.4264189898967743
1732437776219721824,0.4264189898967743
1732437776219721824,0.4264189898967743
1732437776229984570,0.4264189898967743
1732437776229984570,0.4264189898967743
1732437776240709066,0.4264189898967743
1732437776240709066,0.4264189898967743
1732437776250914584,0.4264189898967743
1732437776250914584,0.4264189898967743
1732437776261490514,0.4264189898967743
1732437776261490514,0.4264189898967743
1732437776271983430,0.4264189898967743
1732437776271983430,0.4264189898967743
1732437776282496572,0.4264189898967743
1732437776282496572,0.4264189898967743
1732437776293051038,0.4264189898967743
1732437776293051038,0.4264189898967743
1732437776303126810,0.4264189898967743
1732437776303126810,0.4264189898967743
1732437776313678062,0.4264189898967743
1732437776313678062,0.4264189898967743
1732437776326805673,0.4264189898967743
1732437776326805673,0.4264189898967743
1732437776337422608,0.4264189898967743
1732437776337422608,0.4264189898967743
1732437776347958523,0.4264189898967743
1732437776347958523,0.4264189898967743
1732437776358922316,0.4264189898967743
1732437776358922316,0.4264189898967743
1732437776369157469,0.4264189898967743
1732437776369157469,0.4264189898967743
1732437776380227269,0.4264189898967743
1732437776380227269,0.4264189898967743
1732437776390615760,0.4264189898967743
1732437776390615760,0.4264189898967743
1732437776401328933,0.4264189898967743
1732437776401328933,0.4264189898967743
1732437776411816949,0.4264189898967743
1732437776411816949,0.4264189898967743
1732437776423312771,0.4264189898967743
1732437776423312771,0.4264189898967743
1732437776433618017,0.4264189898967743
1732437776433618017,0.4264189898967743
1732437776443912302,0.4264189898967743
1732437776443912302,0.4264189898967743
1732437776454289079,0.4264189898967743
1732437776454289079,0.4264189898967743
1732437776464794008,0.4264189898967743
1732437776464794008,0.4264189898967743
1732437776475079917,0.4264189898967743
1732437776475079917,0.4264189898967743
1732437776485656072,0.4264189898967743
1732437776485656072,0.4264189898967743
1732437776496200698,0.4264189898967743
1732437776496200698,0.4264189898967743
1732437776508054783,0.4264189898967743
1732437776508054783,0.4264189898967743
1732437776518055931,0.4264189898967743
1732437776518055931,0.4264189898967743
1732437776528289718,0.4264189898967743
1732437776528289718,0.4264189898967743
1732437776538638684,0.4264189898967743
1732437776538638684,0.4264189898967743
1732437776548934799,0.4264189898967743
1732437776548934799,0.4264189898967743
1732437776559412219,0.4264189898967743
1732437776559412219,0.4264189898967743
1732437776570086049,0.4264189898967743
1732437776570086049,0.4264189898967743
1732437776580829327,0.4264189898967743
1732437776580829327,0.4264189898967743
1732437776591254751,0.4264189898967743
1732437776591254751,0.4264189898967743
1732437776602149052,0.4264189898967743
1732437776602149052,0.4264189898967743
1732437776612632429,0.4264189898967743
1732437776612632429,0.4264189898967743
1732437776622982104,0.4264189898967743
1732437776622982104,0.4264189898967743
1732437776633296910,0.4264189898967743
1732437776633296910,0.4264189898967743
1732437776643531695,0.4264189898967743
1732437776643531695,0.4264189898967743
1732437776653929141,0.4264189898967743
1732437776653929141,0.4264189898967743
1732437776666757565,0.4264189898967743
1732437776666757565,0.4264189898967743
1732437776677007728,0.4264189898967743
1732437776677007728,0.4264189898967743
1732437776687089086,0.4264189898967743
1732437776687089086,0.4264189898967743
1732437776697108249,0.4264189898967743
1732437776697108249,0.4264189898967743
1732437776707524121,0.4264189898967743
1732437776707524121,0.4264189898967743
1732437776717552430,0.4264189898967743
1732437776717552430,0.4264189898967743
1732437776727741659,0.4264189898967743
1732437776727741659,0.4264189898967743
1732437776738153213,0.4264189898967743
1732437776738153213,0.4264189898967743
1732437776748745158,0.4264189898967743
1732437776748745158,0.4264189898967743
1732437776759388026,0.4264189898967743
1732437776759388026,0.4264189898967743
1732437776769854641,0.4264189898967743
1732437776769854641,0.4264189898967743
1732437776780237241,0.4264189898967743
1732437776780237241,0.4264189898967743
1732437776790317598,0.4264189898967743
1732437776790317598,0.4264189898967743
1732437776800964575,0.4264189898967743
1732437776800964575,0.4264189898967743
1732437776811093295,0.4264189898967743
1732437776811093295,0.4264189898967743
1732437776821565669,0.4264189898967743
1732437776821565669,0.4264189898967743
1732437776832192085,0.4264189898967743
1732437776832192085,0.4264189898967743
1732437776842738790,0.4264189898967743
1732437776842738790,0.4264189898967743
1732437776853029689,0.4264189898967743
1732437776853029689,0.4264189898967743
1732437776863603664,0.4264189898967743
1732437776863603664,0.4264189898967743
1732437776873979542,0.4264189898967743
1732437776873979542,0.4264189898967743
1732437776884099262,0.4264189898967743
1732437776884099262,0.4264189898967743
1732437776894707306,0.4264189898967743
1732437776894707306,0.4264189898967743
1732437776905886092,0.4264189898967743
1732437776905886092,0.4264189898967743
1732437776916594073,0.4264189898967743
1732437776916594073,0.4264189898967743
1732437776927218703,0.4264189898967743
1732437776927218703,0.4264189898967743
1732437776937357593,0.4264189898967743
1732437776937357593,0.4264189898967743
1732437776947607074,0.4264189898967743
1732437776947607074,0.4264189898967743
1732437776957861144,0.4264189898967743
1732437776957861144,0.4264189898967743
1732437776968397621,0.4264189898967743
1732437776968397621,0.4264189898967743
1732437776979030315,0.4264189898967743
1732437776979030315,0.4264189898967743
1732437776989468117,0.4264189898967743
1732437776989468117,0.4264189898967743
1732437776999946145,0.4264189898967743
1732437776999946145,0.4264189898967743
1732437777010210983,0.4264189898967743
1732437777010210983,0.4264189898967743
1732437777021043842,0.4264189898967743
1732437777021043842,0.4264189898967743
1732437777031544450,0.4264189898967743
1732437777031544450,0.4264189898967743
1732437777042561501,0.4264189898967743
1732437777042561501,0.4264189898967743
1732437777059465522,0.4264189898967743
1732437777059465522,0.4264189898967743
1732437777070084611,0.4264189898967743
1732437777070084611,0.4264189898967743
1732437777080521171,0.4264189898967743
1732437777080521171,0.4264189898967743
1732437777090797611,0.4264189898967743
1732437777090797611,0.4264189898967743
1732437777101076088,0.4264189898967743
1732437777101076088,0.4264189898967743
1732437777112286669,0.4264189898967743
1732437777112286669,0.4264189898967743
1732437777122534456,0.4264189898967743
1732437777122534456,0.4264189898967743
1732437777133179465,0.4264189898967743
1732437777133179465,0.4264189898967743
1732437777143672511,0.4264189898967743
1732437777143672511,0.4264189898967743
1732437777153961186,0.4264189898967743
1732437777153961186,0.4264189898967743
1732437777164433140,0.4264189898967743
1732437777164433140,0.4264189898967743
1732437777174687422,0.4264189898967743
1732437777174687422,0.4264189898967743
1732437777188275960,0.4264189898967743
1732437777188275960,0.4264189898967743
1732437777198660793,0.4264189898967743
1732437777198660793,0.4264189898967743
1732437777209186329,0.4264189898967743
1732437777209186329,0.4264189898967743
1732437777219379135,0.4264189898967743
1732437777219379135,0.4264189898967743
1732437777229798322,0.4264189898967743
1732437777229798322,0.4264189898967743
1732437777240260821,0.4264189898967743
1732437777240260821,0.4264189898967743
1732437777250654291,0.4264189898967743
1732437777250654291,0.4264189898967743
1732437777261271115,0.4264189898967743
1732437777261271115,0.4264189898967743
1732437777271675215,0.4264189898967743
1732437777271675215,0.4264189898967743
1732437777282290880,0.4264189898967743
1732437777282290880,0.4264189898967743
1732437777292881825,0.4264189898967743
1732437777292881825,0.4264189898967743
1732437777302884508,0.4264189898967743
1732437777302884508,0.4264189898967743
1732437777313564662,0.4264189898967743
1732437777313564662,0.4264189898967743
1732437777324152482,0.4264189898967743
1732437777324152482,0.4264189898967743
1732437777334641848,0.4264189898967743
1732437777334641848,0.4264189898967743
1732437777344905500,0.4264189898967743
1732437777344905500,0.4264189898967743
1732437777355200034,0.4264189898967743
1732437777355200034,0.4264189898967743
1732437777365716242,0.4264189898967743
1732437777365716242,0.4264189898967743
1732437777375989078,0.4264189898967743
1732437777375989078,0.4264189898967743
1732437777386345237,0.4264189898967743
1732437777386345237,0.4264189898967743
1732437777386345237,0.4264189898967743
1732437777386345237,0.4264189898967743
1732437777406935852,0.4264189898967743
1732437777406935852,0.4264189898967743
1732437777417068215,0.4264189898967743
1732437777417068215,0.4264189898967743
1732437777427077039,0.4264189898967743
1732437777427077039,0.4264189898967743
1732437777437175777,0.4264189898967743
1732437777437175777,0.4264189898967743
1732437777447776085,0.4264189898967743
1732437777447776085,0.4264189898967743
1732437777458184613,0.4264189898967743
1732437777458184613,0.4264189898967743
1732437777468329470,0.4264189898967743
1732437777468329470,0.4264189898967743
1732437777478475299,0.4264189898967743
1732437777478475299,0.4264189898967743
1732437777488944114,0.4264189898967743
1732437777488944114,0.4264189898967743
1732437777499329643,0.4264189898967743
1732437777499329643,0.4264189898967743
1732437777509758269,0.4264189898967743
1732437777509758269,0.4264189898967743
1732437777519947086,0.4264189898967743
1732437777519947086,0.4264189898967743
1732437777530275351,0.4264189898967743
1732437777530275351,0.4264189898967743
1732437777540564227,0.4264189898967743
1732437777540564227,0.4264189898967743
1732437777551025826,0.4264189898967743
1732437777551025826,0.4264189898967743
1732437777561232799,0.4264189898967743
1732437777561232799,0.4264189898967743
1732437777571425595,0.4264189898967743
1732437777571425595,0.4264189898967743
1732437777582221443,0.4264189898967743
1732437777582221443,0.4264189898967743
1732437777592489630,0.4264189898967743
1732437777592489630,0.4264189898967743
1732437777602627134,0.4264189898967743
1732437777602627134,0.4264189898967743
1732437777613078821,0.4264189898967743
1732437777613078821,0.4264189898967743
1732437777623162611,0.4264189898967743
1732437777623162611,0.4264189898967743
1732437777633710629,0.4264189898967743
1732437777633710629,0.4264189898967743
1732437777644166037,0.4264189898967743
1732437777644166037,0.4264189898967743
1732437777644166037,0.4264189898967743
1732437777644166037,0.4264189898967743
1732437777666832807,0.4264189898967743
1732437777666832807,0.4264189898967743
1732437777677086497,0.4264189898967743
1732437777677086497,0.4264189898967743
1732437777687095479,0.4264189898967743
1732437777687095479,0.4264189898967743
1732437777697342246,0.4264189898967743
1732437777697342246,0.4264189898967743
1732437777709780273,0.4264189898967743
1732437777709780273,0.4264189898967743
1732437777720052295,0.4264189898967743
1732437777720052295,0.4264189898967743
1732437777730534972,0.4264189898967743
1732437777730534972,0.4264189898967743
1732437777741098198,0.4264189898967743
1732437777741098198,0.4264189898967743
1732437777751236071,0.4264189898967743
1732437777751236071,0.4264189898967743
1732437777761730125,0.4264189898967743
1732437777761730125,0.4264189898967743
1732437777771941790,0.4264189898967743
1732437777771941790,0.4264189898967743
1732437777782093058,0.4264189898967743
1732437777782093058,0.4264189898967743
1732437777792344023,0.4264189898967743
1732437777792344023,0.4264189898967743
1732437777809734909,0.4264189898967743
1732437777809734909,0.4264189898967743
1732437777820382211,0.4264189898967743
1732437777820382211,0.4264189898967743
1732437777830680234,0.4264189898967743
1732437777830680234,0.4264189898967743
1732437777841096195,0.4264189898967743
1732437777841096195,0.4264189898967743
1732437777851344380,0.4264189898967743
1732437777851344380,0.4264189898967743
1732437777861955759,0.4264189898967743
1732437777861955759,0.4264189898967743
1732437777872273910,0.4264189898967743
1732437777872273910,0.4264189898967743
1732437777882441678,0.4264189898967743
1732437777882441678,0.4264189898967743
1732437777894035233,0.4264189898967743
1732437777894035233,0.4264189898967743
1732437777904760020,0.4264189898967743
1732437777904760020,0.4264189898967743
1732437777915384248,0.4264189898967743
1732437777915384248,0.4264189898967743
1732437777925720001,0.4264189898967743
1732437777925720001,0.4264189898967743
1732437777936180326,0.4264189898967743
1732437777936180326,0.4264189898967743
1732437777946428152,0.4264189898967743
1732437777946428152,0.4264189898967743
1732437777957187394,0.4264189898967743
1732437777957187394,0.4264189898967743
1732437777967473545,0.4264189898967743
1732437777967473545,0.4264189898967743
1732437777977595386,0.4264189898967743
1732437777977595386,0.4264189898967743
1732437777988450036,0.4264189898967743
1732437777988450036,0.4264189898967743
1732437777998808811,0.4264189898967743
1732437777998808811,0.4264189898967743
1732437778009106071,0.4264189898967743
1732437778009106071,0.4264189898967743
1732437778019455670,0.4264189898967743
1732437778019455670,0.4264189898967743
1732437778030159157,0.4264189898967743
1732437778030159157,0.4264189898967743
1732437778040309904,0.4264189898967743
1732437778040309904,0.4264189898967743
1732437778053323963,0.4264189898967743
1732437778053323963,0.4264189898967743
1732437778063761425,0.4264189898967743
1732437778063761425,0.4264189898967743
1732437778073979116,0.4264189898967743
1732437778073979116,0.4264189898967743
1732437778084226154,0.4264189898967743
1732437778084226154,0.4264189898967743
1732437778094708218,0.4264189898967743
1732437778094708218,0.4264189898967743
1732437778115632503,0.4264189898967743
1732437778115632503,0.4264189898967743
1732437778137666796,0.4264189898967743
1732437778137666796,0.4264189898967743
1732437778149850768,0.4264189898967743
1732437778149850768,0.4264189898967743
1732437778160591895,0.4264189898967743
1732437778160591895,0.4264189898967743
1732437778170803758,0.4264189898967743
1732437778170803758,0.4264189898967743
1732437778191541154,0.4264189898967743
1732437778191541154,0.4264189898967743
1732437778191541154,0.4264189898967743
1732437778191541154,0.4264189898967743
1732437778202154845,0.4264189898967743
1732437778202154845,0.4264189898967743
1732437778212588119,0.4264189898967743
1732437778212588119,0.4264189898967743
1732437778233309626,0.4264189898967743
1732437778233309626,0.4264189898967743
1732437778233309626,0.4264189898967743
1732437778233309626,0.4264189898967743
1732437778244115734,0.4264189898967743
1732437778244115734,0.4264189898967743
1732437778266854316,0.4264189898967743
1732437778266854316,0.4264189898967743
1732437778279720661,0.4264189898967743
1732437778279720661,0.4264189898967743
1732437778279720661,0.4264189898967743
1732437778279720661,0.4264189898967743
1732437778301876529,0.4264189898967743
1732437778301876529,0.4264189898967743
1732437778301876529,0.4264189898967743
1732437778301876529,0.4264189898967743
1732437778312939936,0.4264189898967743
1732437778312939936,0.4264189898967743
1732437778323501599,0.4264189898967743
1732437778323501599,0.4264189898967743
1732437778338899535,0.4264189898967743
1732437778338899535,0.4264189898967743
1732437778350902822,0.4264189898967743
1732437778350902822,0.4264189898967743
1732437778361201616,0.4264189898967743
1732437778361201616,0.4264189898967743
1732437778372594536,0.4264189898967743
1732437778372594536,0.4264189898967743
1732437778383024374,0.4264189898967743
1732437778383024374,0.4264189898967743
1732437778394040683,0.4264189898967743
1732437778394040683,0.4264189898967743
1732437778404374272,0.4264189898967743
1732437778404374272,0.4264189898967743
1732437778415287107,0.4264189898967743
1732437778415287107,0.4264189898967743
1732437778426860695,0.4264189898967743
1732437778426860695,0.4264189898967743
1732437778440665947,0.4264189898967743
1732437778440665947,0.4264189898967743
1732437778451237657,0.4264189898967743
1732437778451237657,0.4264189898967743
1732437778461693500,0.4264189898967743
1732437778461693500,0.4264189898967743
1732437778472130385,0.4264189898967743
1732437778472130385,0.4264189898967743
1732437778483386161,0.4264189898967743
1732437778483386161,0.4264189898967743
1732437778494413139,0.4264189898967743
1732437778494413139,0.4264189898967743
1732437778507232786,0.4264189898967743
1732437778507232786,0.4264189898967743
1732437778518467793,0.4264189898967743
1732437778518467793,0.4264189898967743
1732437778528878733,0.4264189898967743
1732437778528878733,0.4264189898967743
1732437778539296259,0.4264189898967743
1732437778539296259,0.4264189898967743
1732437778549933493,0.4264189898967743
1732437778549933493,0.4264189898967743
1732437778560241232,0.4264189898967743
1732437778560241232,0.4264189898967743
1732437778571313055,0.4264189898967743
1732437778571313055,0.4264189898967743
1732437778582408659,0.4264189898967743
1732437778582408659,0.4264189898967743
1732437778592790511,0.4264189898967743
1732437778592790511,0.4264189898967743
1732437778602843906,0.4264189898967743
1732437778602843906,0.4264189898967743
1732437778613092436,0.4264189898967743
1732437778613092436,0.4264189898967743
1732437778623555807,0.4264189898967743
1732437778623555807,0.4264189898967743
1732437778633935942,0.4264189898967743
1732437778633935942,0.4264189898967743
1732437778644309765,0.4264189898967743
1732437778644309765,0.4264189898967743
1732437778654866179,0.4264189898967743
1732437778654866179,0.4264189898967743
1732437778665465753,0.4264189898967743
1732437778665465753,0.4264189898967743
1732437778676149171,0.4264189898967743
1732437778676149171,0.4264189898967743
1732437778686446462,0.4264189898967743
1732437778686446462,0.4264189898967743
1732437778697114042,0.4264189898967743
1732437778697114042,0.4264189898967743
1732437778707370356,0.4264189898967743
1732437778707370356,0.4264189898967743
1732437778717737463,0.4264189898967743
1732437778717737463,0.4264189898967743
1732437778727884013,0.4264189898967743
1732437778727884013,0.4264189898967743
1732437778738158676,0.4264189898967743
1732437778738158676,0.4264189898967743
1732437778748917265,0.4264189898967743
1732437778748917265,0.4264189898967743
1732437778759082489,0.4264189898967743
1732437778759082489,0.4264189898967743
1732437778769755260,0.4264189898967743
1732437778769755260,0.4264189898967743
1732437778780329015,0.4264189898967743
1732437778780329015,0.4264189898967743
1732437778790893041,0.4264189898967743
1732437778790893041,0.4264189898967743
1732437778801363735,0.4264189898967743
1732437778801363735,0.4264189898967743
1732437778811914288,0.4264189898967743
1732437778811914288,0.4264189898967743
1732437778822395006,0.4264189898967743
1732437778822395006,0.4264189898967743
1732437778832732986,0.4264189898967743
1732437778832732986,0.4264189898967743
1732437778842862956,0.4264189898967743
1732437778842862956,0.4264189898967743
1732437778853644369,0.4264189898967743
1732437778853644369,0.4264189898967743
1732437778864250042,0.4264189898967743
1732437778864250042,0.4264189898967743
1732437778874353343,0.4264189898967743
1732437778874353343,0.4264189898967743
1732437778890327393,0.4264189898967743
1732437778890327393,0.4264189898967743
1732437778900444796,0.4264189898967743
1732437778900444796,0.4264189898967743
1732437778910583943,0.4264189898967743
1732437778910583943,0.4264189898967743
1732437778921207061,0.4264189898967743
1732437778921207061,0.4264189898967743
1732437778931542844,0.4264189898967743
1732437778931542844,0.4264189898967743
1732437778942198461,0.4264189898967743
1732437778942198461,0.4264189898967743
1732437778952941091,0.4264189898967743
1732437778952941091,0.4264189898967743
1732437778963346059,0.4264189898967743
1732437778963346059,0.4264189898967743
1732437778973781780,0.4264189898967743
1732437778973781780,0.4264189898967743
1732437778983989013,0.4264189898967743
1732437778983989013,0.4264189898967743
1732437778994258573,0.4264189898967743
1732437778994258573,0.4264189898967743
1732437779004355331,0.4264189898967743
1732437779004355331,0.4264189898967743
1732437779014518039,0.4264189898967743
1732437779014518039,0.4264189898967743
1732437779024685088,0.4264189898967743
1732437779024685088,0.4264189898967743
1732437779035013387,0.4264189898967743
1732437779035013387,0.4264189898967743
1732437779045675307,0.4264189898967743
1732437779045675307,0.4264189898967743
1732437779066883420,0.4264189898967743
1732437779066883420,0.4264189898967743
1732437779077428703,0.4264189898967743
1732437779077428703,0.4264189898967743
1732437779088243946,0.4264189898967743
1732437779088243946,0.4264189898967743
1732437779098359169,0.4264189898967743
1732437779098359169,0.4264189898967743
1732437779108720629,0.4264189898967743
1732437779108720629,0.4264189898967743
1732437779119268426,0.4264189898967743
1732437779119268426,0.4264189898967743
1732437779129957275,0.4264189898967743
1732437779129957275,0.4264189898967743
1732437779140288279,0.4264189898967743
1732437779140288279,0.4264189898967743
1732437779150894947,0.4264189898967743
1732437779150894947,0.4264189898967743
1732437779161035826,0.4264189898967743
1732437779161035826,0.4264189898967743
1732437779171164052,0.4264189898967743
1732437779171164052,0.4264189898967743
1732437779181857910,0.4264189898967743
1732437779181857910,0.4264189898967743
1732437779192418081,0.4264189898967743
1732437779192418081,0.4264189898967743
1732437779204029649,0.4264189898967743
1732437779204029649,0.4264189898967743
1732437779214753835,0.4264189898967743
1732437779214753835,0.4264189898967743
1732437779225420202,0.4264189898967743
1732437779225420202,0.4264189898967743
1732437779235909671,0.4264189898967743
1732437779235909671,0.4264189898967743
1732437779246854898,0.4264189898967743
1732437779246854898,0.4264189898967743
1732437779257852183,0.4264189898967743
1732437779257852183,0.4264189898967743
1732437779268600432,0.4264189898967743
1732437779268600432,0.4264189898967743
1732437779279083159,0.4264189898967743
1732437779279083159,0.4264189898967743
1732437779289133109,0.4264189898967743
1732437779289133109,0.4264189898967743
1732437779299491985,0.4264189898967743
1732437779299491985,0.4264189898967743
1732437779309894100,0.4264189898967743
1732437779309894100,0.4264189898967743
1732437779319999604,0.4264189898967743
1732437779319999604,0.4264189898967743
1732437779330847140,0.4264189898967743
1732437779330847140,0.4264189898967743
1732437779341379138,0.4264189898967743
1732437779341379138,0.4264189898967743
1732437779351802271,0.4264189898967743
1732437779351802271,0.4264189898967743
1732437779362517931,0.4264189898967743
1732437779362517931,0.4264189898967743
1732437779372825692,0.4264189898967743
1732437779372825692,0.4264189898967743
1732437779383075271,0.4264189898967743
1732437779383075271,0.4264189898967743
1732437779393787418,0.4264189898967743
1732437779393787418,0.4264189898967743
1732437779404073617,0.4264189898967743
1732437779404073617,0.4264189898967743
1732437779414272595,0.4264189898967743
1732437779414272595,0.4264189898967743
1732437779424443711,0.4264189898967743
1732437779424443711,0.4264189898967743
1732437779434871375,0.4264189898967743
1732437779434871375,0.4264189898967743
1732437779445002465,0.4264189898967743
1732437779445002465,0.4264189898967743
1732437779455363284,0.4264189898967743
1732437779455363284,0.4264189898967743
1732437779465552945,0.4264189898967743
1732437779465552945,0.4264189898967743
1732437779476145075,0.4264189898967743
1732437779476145075,0.4264189898967743
1732437779486437045,0.4264189898967743
1732437779486437045,0.4264189898967743
1732437779496738463,0.4264189898967743
1732437779496738463,0.4264189898967743
1732437779507205280,0.4264189898967743
1732437779507205280,0.4264189898967743
1732437779517206681,0.4264189898967743
1732437779517206681,0.4264189898967743
1732437779527522897,0.4264189898967743
1732437779527522897,0.4264189898967743
1732437779537943717,0.4264189898967743
1732437779537943717,0.4264189898967743
1732437779552498064,0.4264189898967743
1732437779552498064,0.4264189898967743
1732437779562985748,0.4264189898967743
1732437779562985748,0.4264189898967743
1732437779573942897,0.4264189898967743
1732437779573942897,0.4264189898967743
1732437779584127779,0.4264189898967743
1732437779584127779,0.4264189898967743
1732437779594906316,0.4264189898967743
1732437779594906316,0.4264189898967743
1732437779605064087,0.4264189898967743
1732437779605064087,0.4264189898967743
1732437779615400431,0.4264189898967743
1732437779615400431,0.4264189898967743
1732437779625552330,0.4264189898967743
1732437779625552330,0.4264189898967743
1732437779635850654,0.4264189898967743
1732437779635850654,0.4264189898967743
1732437779646400284,0.4264189898967743
1732437779646400284,0.4264189898967743
1732437779657115754,0.4264189898967743
1732437779657115754,0.4264189898967743
1732437779667188325,0.4264189898967743
1732437779667188325,0.4264189898967743
1732437779677424171,0.4264189898967743
1732437779677424171,0.4264189898967743
1732437779687992578,0.4264189898967743
1732437779687992578,0.4264189898967743
1732437779698629989,0.4264189898967743
1732437779698629989,0.4264189898967743
1732437779709093538,0.4264189898967743
1732437779709093538,0.4264189898967743
1732437779719239290,0.4264189898967743
1732437779719239290,0.4264189898967743
1732437779729551509,0.4264189898967743
1732437779729551509,0.4264189898967743
1732437779740370121,0.4264189898967743
1732437779740370121,0.4264189898967743
1732437779752170198,0.4264189898967743
1732437779752170198,0.4264189898967743
1732437779762718928,0.4264189898967743
1732437779762718928,0.4264189898967743
1732437779772858345,0.4264189898967743
1732437779772858345,0.4264189898967743
1732437779783465573,0.4264189898967743
1732437779783465573,0.4264189898967743
1732437779793684787,0.4264189898967743
1732437779793684787,0.4264189898967743
1732437779803945897,0.4264189898967743
1732437779803945897,0.4264189898967743
1732437779814129801,0.4264189898967743
1732437779814129801,0.4264189898967743
1732437779824703697,0.4264189898967743
1732437779824703697,0.4264189898967743
1732437779834847583,0.4264189898967743
1732437779834847583,0.4264189898967743
1732437779845358239,0.4264189898967743
1732437779845358239,0.4264189898967743
1732437779855653066,0.4264189898967743
1732437779855653066,0.4264189898967743
1732437779866166209,0.4264189898967743
1732437779866166209,0.4264189898967743
1732437779876792883,0.4264189898967743
1732437779876792883,0.4264189898967743
1732437779887272112,0.4264189898967743
1732437779887272112,0.4264189898967743
1732437779897428090,0.4264189898967743
1732437779897428090,0.4264189898967743
1732437779907889506,0.4264189898967743
1732437779907889506,0.4264189898967743
1732437779918396057,0.4264189898967743
1732437779918396057,0.4264189898967743
1732437779928905592,0.4264189898967743
1732437779928905592,0.4264189898967743
1732437779939449642,0.4264189898967743
1732437779939449642,0.4264189898967743
1732437779949856918,0.4264189898967743
1732437779949856918,0.4264189898967743
1732437779960506465,0.4264189898967743
1732437779960506465,0.4264189898967743
1732437779970836706,0.4264189898967743
1732437779970836706,0.4264189898967743
1732437779981059358,0.4264189898967743
1732437779981059358,0.4264189898967743
1732437779991581588,0.4264189898967743
1732437779991581588,0.4264189898967743
1732437780001835158,0.4264189898967743
1732437780001835158,0.4264189898967743
1732437780012782338,0.4264189898967743
1732437780012782338,0.4264189898967743
1732437780023805340,0.4264189898967743
1732437780023805340,0.4264189898967743
1732437780034096038,0.4264189898967743
1732437780034096038,0.4264189898967743
1732437780044327397,0.4264189898967743
1732437780044327397,0.4264189898967743
1732437780055135378,0.4264189898967743
1732437780055135378,0.4264189898967743
1732437780065579211,0.4264189898967743
1732437780065579211,0.4264189898967743
1732437780078797530,0.4264189898967743
1732437780078797530,0.4264189898967743
1732437780088866116,0.4264189898967743
1732437780088866116,0.4264189898967743
1732437780099195787,0.4264189898967743
1732437780099195787,0.4264189898967743
1732437780109328627,0.4264189898967743
1732437780109328627,0.4264189898967743
1732437780119489574,0.4264189898967743
1732437780119489574,0.4264189898967743
1732437780130724455,0.4264189898967743
1732437780130724455,0.4264189898967743
1732437780141043636,0.4264189898967743
1732437780141043636,0.4264189898967743
1732437780151683756,0.4264189898967743
1732437780151683756,0.4264189898967743
1732437780161880228,0.4264189898967743
1732437780161880228,0.4264189898967743
1732437780172076140,0.4264189898967743
1732437780172076140,0.4264189898967743
1732437780182294534,0.4264189898967743
1732437780182294534,0.4264189898967743
1732437780192559084,0.4264189898967743
1732437780192559084,0.4264189898967743
1732437780203117332,0.4264189898967743
1732437780203117332,0.4264189898967743
1732437780213635212,0.4264189898967743
1732437780213635212,0.4264189898967743
1732437780224272998,0.4264189898967743
1732437780224272998,0.4264189898967743
1732437780234589861,0.4264189898967743
1732437780234589861,0.4264189898967743
1732437780245036374,0.4264189898967743
1732437780245036374,0.4264189898967743
1732437780255346028,0.4264189898967743
1732437780255346028,0.4264189898967743
1732437780265886120,0.4264189898967743
1732437780275995682,0.4264189898967743
1732437780275995682,0.4264189898967743
1732437780275995682,0.4264189898967743
1732437780297231047,0.4264189898967743
1732437780297231047,0.4264189898967743
1732437780297231047,0.4264189898967743
1732437780297231047,0.4264189898967743
1732437780307331231,0.4264189898967743
1732437780307331231,0.4264189898967743
1732437780318342406,0.4264189898967743
1732437780318342406,0.4264189898967743
1732437780328645722,0.4264189898967743
1732437780328645722,0.4264189898967743
1732437780338768759,0.4264189898967743
1732437780338768759,0.4264189898967743
1732437780350720490,0.4264189898967743
1732437780350720490,0.4264189898967743
1732437780362375088,0.4264189898967743
1732437780362375088,0.4264189898967743
1732437780372931992,0.4264189898967743
1732437780372931992,0.4264189898967743
1732437780383953821,0.4264189898967743
1732437780383953821,0.4264189898967743
1732437780394297839,0.4264189898967743
1732437780394297839,0.4264189898967743
1732437780405190359,0.4264189898967743
1732437780405190359,0.4264189898967743
1732437780415630826,0.4264189898967743
1732437780415630826,0.4264189898967743
1732437780426281584,0.4264189898967743
1732437780426281584,0.4264189898967743
1732437780437017392,0.4264189898967743
1732437780437017392,0.4264189898967743
1732437780447084244,0.4264189898967743
1732437780447084244,0.4264189898967743
1732437780458019102,0.4264189898967743
1732437780458019102,0.4264189898967743
1732437780468104208,0.4264189898967743
1732437780468104208,0.4264189898967743
1732437780478456772,0.4264189898967743
1732437780478456772,0.4264189898967743
1732437780489075456,0.4264189898967743
1732437780489075456,0.4264189898967743
1732437780503042443,0.4264189898967743
1732437780503042443,0.4264189898967743
1732437780513653579,0.4264189898967743
1732437780513653579,0.4264189898967743
1732437780523821419,0.4264189898967743
1732437780523821419,0.4264189898967743
1732437780534397828,0.4264189898967743
1732437780534397828,0.4264189898967743
1732437780544936749,0.4264189898967743
1732437780544936749,0.4264189898967743
1732437780555237737,0.4264189898967743
1732437780555237737,0.4264189898967743
1732437780565597084,0.4264189898967743
1732437780565597084,0.4264189898967743
1732437780576247262,0.4264189898967743
1732437780576247262,0.4264189898967743
1732437780586395645,0.4264189898967743
1732437780586395645,0.4264189898967743
1732437780596516788,0.4264189898967743
1732437780596516788,0.4264189898967743
1732437780607137842,0.4264189898967743
1732437780607137842,0.4264189898967743
1732437780617433971,0.4264189898967743
1732437780617433971,0.4264189898967743
1732437780627819416,0.4264189898967743
1732437780627819416,0.4264189898967743
1732437780638192669,0.4264189898967743
1732437780638192669,0.4264189898967743
1732437780649668673,0.4264189898967743
1732437780649668673,0.4264189898967743
1732437780659998925,0.4264189898967743
1732437780659998925,0.4264189898967743
1732437780670888155,0.4264189898967743
1732437780670888155,0.4264189898967743
1732437780681379030,0.4264189898967743
1732437780681379030,0.4264189898967743
1732437780691499070,0.4264189898967743
1732437780691499070,0.4264189898967743
1732437780701776804,0.4264189898967743
1732437780701776804,0.4264189898967743
1732437780712162099,0.4264189898967743
1732437780712162099,0.4264189898967743
1732437780722849546,0.4264189898967743
1732437780722849546,0.4264189898967743
1732437780733286869,0.4264189898967743
1732437780733286869,0.4264189898967743
1732437780743678745,0.4264189898967743
1732437780743678745,0.4264189898967743
1732437780754125122,0.4264189898967743
1732437780754125122,0.4264189898967743
1732437780764478799,0.4264189898967743
1732437780764478799,0.4264189898967743
1732437780775388089,0.4264189898967743
1732437780775388089,0.4264189898967743
1732437780786344388,0.4264189898967743
1732437780786344388,0.4264189898967743
1732437780796649092,0.4264189898967743
1732437780796649092,0.4264189898967743
1732437780807359661,0.4264189898967743
1732437780807359661,0.4264189898967743
1732437780817507985,0.4264189898967743
1732437780817507985,0.4264189898967743
1732437780828239114,0.4264189898967743
1732437780828239114,0.4264189898967743
1732437780838728984,0.4264189898967743
1732437780838728984,0.4264189898967743
1732437780849219575,0.4264189898967743
1732437780849219575,0.4264189898967743
1732437780859389868,0.4264189898967743
1732437780859389868,0.4264189898967743
1732437780869850403,0.4264189898967743
1732437780869850403,0.4264189898967743
1732437780880392410,0.4264189898967743
1732437780880392410,0.4264189898967743
1732437780890920130,0.4264189898967743
1732437780890920130,0.4264189898967743
1732437780901433473,0.4264189898967743
1732437780901433473,0.4264189898967743
1732437780911648220,0.4264189898967743
1732437780911648220,0.4264189898967743
1732437780921868437,0.4264189898967743
1732437780921868437,0.4264189898967743
1732437780932326675,0.4264189898967743
1732437780932326675,0.4264189898967743
1732437780942864256,0.4264189898967743
1732437780942864256,0.4264189898967743
1732437780952933764,0.4264189898967743
1732437780952933764,0.4264189898967743
1732437780963392594,0.4264189898967743
1732437780963392594,0.4264189898967743
1732437780974284883,0.4264189898967743
1732437780974284883,0.4264189898967743
1732437780984409863,0.4264189898967743
1732437780984409863,0.4264189898967743
1732437780994908610,0.4264189898967743
1732437780994908610,0.4264189898967743
1732437781005040684,0.4264189898967743
1732437781005040684,0.4264189898967743
1732437781015409886,0.4264189898967743
1732437781015409886,0.4264189898967743
1732437781025774422,0.4264189898967743
1732437781025774422,0.4264189898967743
1732437781036218597,0.4264189898967743
1732437781036218597,0.4264189898967743
1732437781046424719,0.4264189898967743
1732437781046424719,0.4264189898967743
1732437781067095953,0.4264189898967743
1732437781067095953,0.4264189898967743
1732437781077275324,0.4264189898967743
1732437781077275324,0.4264189898967743
1732437781089059423,0.4264189898967743
1732437781089059423,0.4264189898967743
1732437781099401217,0.4264189898967743
1732437781099401217,0.4264189898967743
1732437781109812901,0.4264189898967743
1732437781109812901,0.4264189898967743
1732437781119912534,0.4264189898967743
1732437781119912534,0.4264189898967743
1732437781130442507,0.4264189898967743
1732437781130442507,0.4264189898967743
1732437781140630214,0.4264189898967743
1732437781140630214,0.4264189898967743
1732437781151448295,0.4264189898967743
1732437781151448295,0.4264189898967743
1732437781161922686,0.4264189898967743
1732437781161922686,0.4264189898967743
1732437781172505930,0.4264189898967743
1732437781172505930,0.4264189898967743
1732437781183011659,0.4264189898967743
1732437781183011659,0.4264189898967743
1732437781193397802,0.4264189898967743
1732437781193397802,0.4264189898967743
1732437781203746931,0.4264189898967743
1732437781203746931,0.4264189898967743
1732437781214138928,0.4264189898967743
1732437781214138928,0.4264189898967743
1732437781224581420,0.4264189898967743
1732437781224581420,0.4264189898967743
1732437781234891585,0.4264189898967743
1732437781234891585,0.4264189898967743
1732437781245056250,0.4264189898967743
1732437781245056250,0.4264189898967743
1732437781255580323,0.4264189898967743
1732437781255580323,0.4264189898967743
1732437781265787265,0.4264189898967743
1732437781265787265,0.4264189898967743
1732437781275954122,0.4264189898967743
1732437781275954122,0.4264189898967743
1732437781286155986,0.4264189898967743
1732437781286155986,0.4264189898967743
1732437781296778282,0.4264189898967743
1732437781296778282,0.4264189898967743
1732437781307148530,0.4264189898967743
1732437781307148530,0.4264189898967743
1732437781317714558,0.4264189898967743
1732437781317714558,0.4264189898967743
1732437781328218457,0.4264189898967743
1732437781328218457,0.4264189898967743
1732437781338299951,0.4264189898967743
1732437781338299951,0.4264189898967743
1732437781348841250,0.4264189898967743
1732437781348841250,0.4264189898967743
1732437781359432629,0.4264189898967743
1732437781359432629,0.4264189898967743
1732437781370150473,0.4264189898967743
1732437781370150473,0.4264189898967743
1732437781380412538,0.4264189898967743
1732437781380412538,0.4264189898967743
1732437781391061575,0.4264189898967743
1732437781391061575,0.4264189898967743
1732437781401279123,0.4264189898967743
1732437781401279123,0.4264189898967743
1732437781411857390,0.4264189898967743
1732437781411857390,0.4264189898967743
1732437781422432178,0.4264189898967743
1732437781422432178,0.4264189898967743
1732437781432530358,0.4264189898967743
1732437781432530358,0.4264189898967743
1732437781442564160,0.4264189898967743
1732437781442564160,0.4264189898967743
1732437781452616003,0.4264189898967743
1732437781452616003,0.4264189898967743
1732437781463163527,0.4264189898967743
1732437781463163527,0.4264189898967743
1732437781473330337,0.4264189898967743
1732437781473330337,0.4264189898967743
1732437781485046670,0.4264189898967743
1732437781485046670,0.4264189898967743
1732437781495257550,0.4264189898967743
1732437781495257550,0.4264189898967743
1732437781505568757,0.4264189898967743
1732437781505568757,0.4264189898967743
1732437781515832286,0.4264189898967743
1732437781515832286,0.4264189898967743
1732437781526140316,0.4264189898967743
1732437781526140316,0.4264189898967743
1732437781536474442,0.4264189898967743
1732437781536474442,0.4264189898967743
1732437781546534574,0.4264189898967743
1732437781546534574,0.4264189898967743
1732437781557022620,0.4264189898967743
1732437781557022620,0.4264189898967743
1732437781568000499,0.4264189898967743
1732437781568000499,0.4264189898967743
1732437781578239438,0.4264189898967743
1732437781578239438,0.4264189898967743
1732437781588716066,0.4264189898967743
1732437781588716066,0.4264189898967743
1732437781598799690,0.4264189898967743
1732437781609081620,0.4264189898967743
1732437781609081620,0.4264189898967743
1732437781609081620,0.4264189898967743
1732437781619867598,0.4264189898967743
1732437781619867598,0.4264189898967743
1732437781630132212,0.4264189898967743
1732437781630132212,0.4264189898967743
1732437781640651957,0.4264189898967743
1732437781640651957,0.4264189898967743
1732437781651010312,0.4264189898967743
1732437781651010312,0.4264189898967743
1732437781661473238,0.4264189898967743
1732437781661473238,0.4264189898967743
1732437781671896275,0.4264189898967743
1732437781671896275,0.4264189898967743
1732437781682191733,0.4264189898967743
1732437781682191733,0.4264189898967743
1732437781692963387,0.4264189898967743
1732437781692963387,0.4264189898967743
1732437781703037103,0.4264189898967743
1732437781703037103,0.4264189898967743
1732437781713661713,0.4264189898967743
1732437781713661713,0.4264189898967743
1732437781724054392,0.4264189898967743
1732437781724054392,0.4264189898967743
1732437781734609092,0.4264189898967743
1732437781734609092,0.4264189898967743
1732437781744697249,0.4264189898967743
1732437781744697249,0.4264189898967743
1732437781757896205,0.4264189898967743
1732437781757896205,0.4264189898967743
1732437781768420680,0.4264189898967743
1732437781768420680,0.4264189898967743
1732437781779242498,0.4264189898967743
1732437781779242498,0.4264189898967743
1732437781789669260,0.4264189898967743
1732437781789669260,0.4264189898967743
1732437781800038465,0.4264189898967743
1732437781800038465,0.4264189898967743
1732437781810580990,0.4264189898967743
1732437781810580990,0.4264189898967743
1732437781821181196,0.4264189898967743
1732437781821181196,0.4264189898967743
1732437781831535283,0.4264189898967743
1732437781831535283,0.4264189898967743
1732437781842110799,0.4264189898967743
1732437781842110799,0.4264189898967743
1732437781852716788,0.4264189898967743
1732437781852716788,0.4264189898967743
1732437781863216576,0.4264189898967743
1732437781863216576,0.4264189898967743
1732437781863216576,0.4264189898967743
1732437781863216576,0.4264189898967743
1732437781884045372,0.4264189898967743
1732437781884045372,0.4264189898967743
1732437781894549319,0.4264189898967743
1732437781894549319,0.4264189898967743
1732437781904865445,0.4264189898967743
1732437781904865445,0.4264189898967743
1732437781915339906,0.4264189898967743
1732437781915339906,0.4264189898967743
1732437781925670740,0.4264189898967743
1732437781925670740,0.4264189898967743
1732437781944368178,0.4264189898967743
1732437781944368178,0.4264189898967743
1732437781954706977,0.4264189898967743
1732437781954706977,0.4264189898967743
1732437781966367706,0.4264189898967743
1732437781966367706,0.4264189898967743
1732437781976916335,0.4264189898967743
1732437781976916335,0.4264189898967743
1732437781987237902,0.4264189898967743
1732437781987237902,0.4264189898967743
1732437781998280400,0.4264189898967743
1732437781998280400,0.4264189898967743
1732437782008833056,0.4264189898967743
1732437782008833056,0.4264189898967743
1732437782019324368,0.4264189898967743
1732437782019324368,0.4264189898967743
1732437782029551518,0.4264189898967743
1732437782029551518,0.4264189898967743
1732437782039924621,0.4264189898967743
1732437782039924621,0.4264189898967743
1732437782050433215,0.4264189898967743
1732437782050433215,0.4264189898967743
1732437782061553605,0.4264189898967743
1732437782075000564,0.4264189898967743
1732437782075000564,0.4264189898967743
1732437782075000564,0.4264189898967743
1732437782085345201,0.4264189898967743
1732437782085345201,0.4264189898967743
1732437782095585133,0.4264189898967743
1732437782095585133,0.4264189898967743
1732437782106897377,0.4264189898967743
1732437782106897377,0.4264189898967743
1732437782117291138,0.4264189898967743
1732437782117291138,0.4264189898967743
1732437782127470740,0.4264189898967743
1732437782127470740,0.4264189898967743
1732437782138206407,0.4264189898967743
1732437782138206407,0.4264189898967743
1732437782148402279,0.4264189898967743
1732437782148402279,0.4264189898967743
1732437782158638547,0.4264189898967743
1732437782158638547,0.4264189898967743
1732437782170422485,0.4264189898967743
1732437782170422485,0.4264189898967743
1732437782180818159,0.4264189898967743
1732437782180818159,0.4264189898967743
1732437782191642682,0.4264189898967743
1732437782191642682,0.4264189898967743
1732437782207956535,0.4264189898967743
1732437782207956535,0.4264189898967743
1732437782218576867,0.4264189898967743
1732437782218576867,0.4264189898967743
1732437782229250315,0.4264189898967743
1732437782229250315,0.4264189898967743
1732437782239711885,0.4264189898967743
1732437782239711885,0.4264189898967743
1732437782250084567,0.4264189898967743
1732437782250084567,0.4264189898967743
1732437782260337814,0.4264189898967743
1732437782260337814,0.4264189898967743
1732437782270560537,0.4264189898967743
1732437782270560537,0.4264189898967743
1732437782280956953,0.4264189898967743
1732437782280956953,0.4264189898967743
1732437782291123350,0.4264189898967743
1732437782291123350,0.4264189898967743
1732437782301661780,0.4264189898967743
1732437782301661780,0.4264189898967743
1732437782311792241,0.4264189898967743
1732437782311792241,0.4264189898967743
1732437782322048075,0.4264189898967743
1732437782322048075,0.4264189898967743
1732437782332415196,0.4264189898967743
1732437782332415196,0.4264189898967743
1732437782342467471,0.4264189898967743
1732437782342467471,0.4264189898967743
1732437782352633646,0.4264189898967743
1732437782352633646,0.4264189898967743
1732437782363288483,0.4264189898967743
1732437782363288483,0.4264189898967743
1732437782373501037,0.4264189898967743
1732437782373501037,0.4264189898967743
1732437782383841368,0.4264189898967743
1732437782383841368,0.4264189898967743
1732437782394227685,0.4264189898967743
1732437782394227685,0.4264189898967743
1732437782404623991,0.4264189898967743
1732437782404623991,0.4264189898967743
1732437782415290639,0.4264189898967743
1732437782415290639,0.4264189898967743
1732437782425840150,0.4264189898967743
1732437782425840150,0.4264189898967743
1732437782436430106,0.4264189898967743
1732437782436430106,0.4264189898967743
1732437782447077107,0.4264189898967743
1732437782447077107,0.4264189898967743
1732437782457358228,0.4264189898967743
1732437782457358228,0.4264189898967743
1732437782467491424,0.4264189898967743
1732437782467491424,0.4264189898967743
1732437782477693948,0.4264189898967743
1732437782477693948,0.4264189898967743
1732437782488276351,0.4264189898967743
1732437782488276351,0.4264189898967743
1732437782498501918,0.4264189898967743
1732437782498501918,0.4264189898967743
1732437782508869080,0.4264189898967743
1732437782508869080,0.4264189898967743
1732437782519479995,0.4264189898967743
1732437782519479995,0.4264189898967743
1732437782530134311,0.4264189898967743
1732437782530134311,0.4264189898967743
1732437782540532979,0.4264189898967743
1732437782540532979,0.4264189898967743
1732437782552677629,0.4264189898967743
1732437782552677629,0.4264189898967743
1732437782565174475,0.4264189898967743
1732437782565174475,0.4264189898967743
1732437782576609234,0.4264189898967743
1732437782576609234,0.4264189898967743
1732437782589852771,0.4264189898967743
1732437782589852771,0.4264189898967743
1732437782600028836,0.4264189898967743
1732437782600028836,0.4264189898967743
1732437782610681185,0.4264189898967743
1732437782610681185,0.4264189898967743
1732437782624244950,0.4264189898967743
1732437782624244950,0.4264189898967743
1732437782634350584,0.4264189898967743
1732437782634350584,0.4264189898967743
1732437782645398002,0.4264189898967743
1732437782645398002,0.4264189898967743
1732437782655883853,0.4264189898967743
1732437782655883853,0.4264189898967743
1732437782666240415,0.4264189898967743
1732437782666240415,0.4264189898967743
1732437782676854617,0.4264189898967743
1732437782676854617,0.4264189898967743
1732437782687143201,0.4264189898967743
1732437782687143201,0.4264189898967743
1732437782697580093,0.4264189898967743
1732437782697580093,0.4264189898967743
1732437782707611198,0.4264189898967743
1732437782707611198,0.4264189898967743
1732437782718135928,0.4264189898967743
1732437782718135928,0.4264189898967743
1732437782728608640,0.4264189898967743
1732437782728608640,0.4264189898967743
1732437782739290516,0.4264189898967743
1732437782739290516,0.4264189898967743
1732437782750082148,0.4264189898967743
1732437782750082148,0.4264189898967743
1732437782760563291,0.4264189898967743
1732437782760563291,0.4264189898967743
1732437782770726580,0.4264189898967743
1732437782770726580,0.4264189898967743
1732437782780902939,0.4264189898967743
1732437782780902939,0.4264189898967743
1732437782792269230,0.4264189898967743
1732437782792269230,0.4264189898967743
1732437782802751305,0.4264189898967743
1732437782802751305,0.4264189898967743
1732437782813123394,0.4264189898967743
1732437782813123394,0.4264189898967743
1732437782823668587,0.4264189898967743
1732437782823668587,0.4264189898967743
1732437782833885158,0.4264189898967743
1732437782833885158,0.4264189898967743
1732437782844307101,0.4264189898967743
1732437782844307101,0.4264189898967743
1732437782856811822,0.4264189898967743
1732437782856811822,0.4264189898967743
1732437782868347820,0.4264189898967743
1732437782868347820,0.4264189898967743
1732437782878405084,0.4264189898967743
1732437782878405084,0.4264189898967743
1732437782888811489,0.4264189898967743
1732437782888811489,0.4264189898967743
1732437782898989728,0.4264189898967743
1732437782898989728,0.4264189898967743
1732437782909252633,0.4264189898967743
1732437782909252633,0.4264189898967743
1732437782919666371,0.4264189898967743
1732437782919666371,0.4264189898967743
1732437782929856042,0.4264189898967743
1732437782929856042,0.4264189898967743
1732437782940251205,0.4264189898967743
1732437782940251205,0.4264189898967743
1732437782950817168,0.4264189898967743
1732437782950817168,0.4264189898967743
1732437782961345609,0.4264189898967743
1732437782961345609,0.4264189898967743
1732437782971611958,0.4264189898967743
1732437782971611958,0.4264189898967743
1732437782982093826,0.4264189898967743
1732437782982093826,0.4264189898967743
1732437782992470485,0.4264189898967743
1732437782992470485,0.4264189898967743
1732437783002634267,0.4264189898967743
1732437783002634267,0.4264189898967743
1732437783013113196,0.4264189898967743
1732437783013113196,0.4264189898967743
1732437783023435083,0.4264189898967743
1732437783023435083,0.4264189898967743
1732437783033971099,0.4264189898967743
1732437783033971099,0.4264189898967743
1732437783044216774,0.4264189898967743
1732437783044216774,0.4264189898967743
1732437783054517853,0.4264189898967743
1732437783054517853,0.4264189898967743
1732437783064990951,0.4264189898967743
1732437783064990951,0.4264189898967743
1732437783075647220,0.4264189898967743
1732437783075647220,0.4264189898967743
1732437783087129556,0.4264189898967743
1732437783087129556,0.4264189898967743
1732437783097543394,0.4264189898967743
1732437783097543394,0.4264189898967743
1732437783108277889,0.4264189898967743
1732437783108277889,0.4264189898967743
1732437783118712406,0.4264189898967743
1732437783118712406,0.4264189898967743
1732437783129222453,0.4264189898967743
1732437783129222453,0.4264189898967743
1732437783139654135,0.4264189898967743
1732437783139654135,0.4264189898967743
1732437783150107807,0.4264189898967743
1732437783150107807,0.4264189898967743
1732437783160548755,0.4264189898967743
1732437783160548755,0.4264189898967743
1732437783171061247,0.4264189898967743
1732437783171061247,0.4264189898967743
1732437783181250254,0.4264189898967743
1732437783181250254,0.4264189898967743
1732437783202183380,0.4264189898967743
1732437783202183380,0.4264189898967743
1732437783202183380,0.4264189898967743
1732437783202183380,0.4264189898967743
1732437783212771031,0.4264189898967743
1732437783212771031,0.4264189898967743
1732437783223900492,0.4264189898967743
1732437783223900492,0.4264189898967743
1732437783235663640,0.4264189898967743
1732437783235663640,0.4264189898967743
1732437783246248517,0.4264189898967743
1732437783246248517,0.4264189898967743
1732437783256813657,0.4264189898967743
1732437783256813657,0.4264189898967743
1732437783269838513,0.4264189898967743
1732437783269838513,0.4264189898967743
1732437783280044414,0.4264189898967743
1732437783280044414,0.4264189898967743
1732437783290550979,0.4264189898967743
1732437783290550979,0.4264189898967743
1732437783300925961,0.4264189898967743
1732437783300925961,0.4264189898967743
1732437783311349040,0.4264189898967743
1732437783311349040,0.4264189898967743
1732437783321837173,0.4264189898967743
1732437783321837173,0.4264189898967743
1732437783332028941,0.4264189898967743
1732437783332028941,0.4264189898967743
1732437783342292039,0.4264189898967743
1732437783342292039,0.4264189898967743
1732437783352684387,0.4264189898967743
1732437783352684387,0.4264189898967743
1732437783363401820,0.4264189898967743
1732437783363401820,0.4264189898967743
1732437783373858777,0.4264189898967743
1732437783373858777,0.4264189898967743
1732437783384373673,0.4264189898967743
1732437783384373673,0.4264189898967743
1732437783394458185,0.4264189898967743
1732437783394458185,0.4264189898967743
1732437783406843116,0.4264189898967743
1732437783406843116,0.4264189898967743
1732437783417086226,0.4264189898967743
1732437783417086226,0.4264189898967743
1732437783427497707,0.4264189898967743
1732437783427497707,0.4264189898967743
1732437783437812684,0.4264189898967743
1732437783437812684,0.4264189898967743
1732437783448139952,0.4264189898967743
1732437783448139952,0.4264189898967743
1732437783458816008,0.4264189898967743
1732437783458816008,0.4264189898967743
1732437783469280627,0.4264189898967743
1732437783469280627,0.4264189898967743
1732437783479682857,0.4264189898967743
1732437783479682857,0.4264189898967743
1732437783490186713,0.4264189898967743
1732437783490186713,0.4264189898967743
1732437783500402913,0.4264189898967743
1732437783500402913,0.4264189898967743
1732437783510853390,0.4264189898967743
1732437783510853390,0.4264189898967743
1732437783520974681,0.4264189898967743
1732437783520974681,0.4264189898967743
1732437783531114990,0.4264189898967743
1732437783531114990,0.4264189898967743
1732437783541508030,0.4264189898967743
1732437783541508030,0.4264189898967743
1732437783552127070,0.4264189898967743
1732437783552127070,0.4264189898967743
1732437783562651884,0.4264189898967743
1732437783562651884,0.4264189898967743
1732437783572872032,0.4264189898967743
1732437783572872032,0.4264189898967743
1732437783583306759,0.4264189898967743
1732437783583306759,0.4264189898967743
1732437783593655847,0.4264189898967743
1732437783593655847,0.4264189898967743
1732437783604343722,0.4264189898967743
1732437783604343722,0.4264189898967743
1732437783615316534,0.4264189898967743
1732437783615316534,0.4264189898967743
1732437783626305583,0.4264189898967743
1732437783626305583,0.4264189898967743
1732437783636548773,0.4264189898967743
1732437783636548773,0.4264189898967743
1732437783647027379,0.4264189898967743
1732437783647027379,0.4264189898967743
1732437783657154423,0.4264189898967743
1732437783657154423,0.4264189898967743
1732437783667202251,0.4264189898967743
1732437783667202251,0.4264189898967743
1732437783677355615,0.4264189898967743
1732437783677355615,0.4264189898967743
1732437783688493300,0.4264189898967743
1732437783688493300,0.4264189898967743
1732437783699023195,0.4264189898967743
1732437783699023195,0.4264189898967743
1732437783709343509,0.4264189898967743
1732437783709343509,0.4264189898967743
1732437783720097100,0.4264189898967743
1732437783720097100,0.4264189898967743
1732437783730480761,0.4264189898967743
1732437783730480761,0.4264189898967743
1732437783741508723,0.4264189898967743
1732437783741508723,0.4264189898967743
1732437783751898156,0.4264189898967743
1732437783751898156,0.4264189898967743
1732437783762668618,0.4264189898967743
1732437783762668618,0.4264189898967743
1732437783772888431,0.4264189898967743
1732437783772888431,0.4264189898967743
1732437783783258843,0.4264189898967743
1732437783783258843,0.4264189898967743
1732437783793347966,0.4264189898967743
1732437783793347966,0.4264189898967743
1732437783803694447,0.4264189898967743
1732437783803694447,0.4264189898967743
1732437783813888987,0.4264189898967743
1732437783813888987,0.4264189898967743
1732437783824271076,0.4264189898967743
1732437783824271076,0.4264189898967743
1732437783834465886,0.4264189898967743
1732437783834465886,0.4264189898967743
1732437783846243179,0.4264189898967743
1732437783846243179,0.4264189898967743
1732437783856807020,0.4264189898967743
1732437783856807020,0.4264189898967743
1732437783867200079,0.4264189898967743
1732437783867200079,0.4264189898967743
1732437783877384872,0.4264189898967743
1732437783877384872,0.4264189898967743
1732437783887923632,0.4264189898967743
1732437783887923632,0.4264189898967743
1732437783887923632,0.4264189898967743
1732437783887923632,0.4264189898967743
1732437783908580180,0.4264189898967743
1732437783908580180,0.4264189898967743
1732437783918817129,0.4264189898967743
1732437783918817129,0.4264189898967743
1732437783929306317,0.4264189898967743
1732437783929306317,0.4264189898967743
1732437783939712662,0.4264189898967743
1732437783939712662,0.4264189898967743
1732437783960824666,0.4264189898967743
1732437783960824666,0.4264189898967743
1732437783971192277,0.4264189898967743
1732437783971192277,0.4264189898967743
1732437783981355609,0.4264189898967743
1732437783981355609,0.4264189898967743
1732437783991692214,0.4264189898967743
1732437783991692214,0.4264189898967743
1732437784002399127,0.4264189898967743
1732437784002399127,0.4264189898967743
1732437784012851598,0.4264189898967743
1732437784012851598,0.4264189898967743
1732437784023016312,0.4264189898967743
1732437784023016312,0.4264189898967743
1732437784033715872,0.4264189898967743
1732437784033715872,0.4264189898967743
1732437784043912546,0.4264189898967743
1732437784043912546,0.4264189898967743
1732437784054357923,0.4264189898967743
1732437784054357923,0.4264189898967743
1732437784065020584,0.4264189898967743
1732437784065020584,0.4264189898967743
1732437784075561048,0.4264189898967743
1732437784075561048,0.4264189898967743
1732437784085845816,0.4264189898967743
1732437784085845816,0.4264189898967743
1732437784096331017,0.4264189898967743
1732437784096331017,0.4264189898967743
1732437784106965044,0.4264189898967743
1732437784106965044,0.4264189898967743
1732437784117165194,0.4264189898967743
1732437784117165194,0.4264189898967743
1732437784127307967,0.4264189898967743
1732437784127307967,0.4264189898967743
1732437784138371295,0.4264189898967743
1732437784138371295,0.4264189898967743
1732437784148713520,0.4264189898967743
1732437784148713520,0.4264189898967743
1732437784159321085,0.4264189898967743
1732437784159321085,0.4264189898967743
1732437784169703518,0.4264189898967743
1732437784169703518,0.4264189898967743
1732437784179926922,0.4264189898967743
1732437784179926922,0.4264189898967743
1732437784190228331,0.4264189898967743
1732437784190228331,0.4264189898967743
1732437784200674309,0.4264189898967743
1732437784200674309,0.4264189898967743
1732437784211141236,0.4264189898967743
1732437784211141236,0.4264189898967743
1732437784221729779,0.4264189898967743
1732437784221729779,0.4264189898967743
1732437784232132607,0.4264189898967743
1732437784232132607,0.4264189898967743
1732437784242514907,0.4264189898967743
1732437784242514907,0.4264189898967743
1732437784252667498,0.4264189898967743
1732437784265972639,0.4264189898967743
1732437784265972639,0.4264189898967743
1732437784265972639,0.4264189898967743
1732437784276209489,0.4264189898967743
1732437784276209489,0.4264189898967743
1732437784286580487,0.4264189898967743
1732437784286580487,0.4264189898967743
1732437784296933411,0.4264189898967743
1732437784296933411,0.4264189898967743
1732437784307047902,0.4264189898967743
1732437784307047902,0.4264189898967743
1732437784317168865,0.4264189898967743
1732437784317168865,0.4264189898967743
1732437784327458321,0.4264189898967743
1732437784327458321,0.4264189898967743
1732437784337598661,0.4264189898967743
1732437784337598661,0.4264189898967743
1732437784348148151,0.4264189898967743
1732437784348148151,0.4264189898967743
1732437784358641077,0.4264189898967743
1732437784358641077,0.4264189898967743
1732437784368820929,0.4264189898967743
1732437784368820929,0.4264189898967743
1732437784379354620,0.4264189898967743
1732437784379354620,0.4264189898967743
1732437784389827529,0.4264189898967743
1732437784389827529,0.4264189898967743
1732437784400641282,0.4264189898967743
1732437784400641282,0.4264189898967743
1732437784411276983,0.4264189898967743
1732437784411276983,0.4264189898967743
1732437784424508967,0.4264189898967743
1732437784424508967,0.4264189898967743
1732437784435138101,0.4264189898967743
1732437784435138101,0.4264189898967743
1732437784445531185,0.4264189898967743
1732437784445531185,0.4264189898967743
1732437784456187564,0.4264189898967743
1732437784456187564,0.4264189898967743
1732437784466776799,0.4264189898967743
1732437784466776799,0.4264189898967743
1732437784477092574,0.4264189898967743
1732437784477092574,0.4264189898967743
1732437784487315688,0.4264189898967743
1732437784487315688,0.4264189898967743
1732437784497519916,0.4264189898967743
1732437784497519916,0.4264189898967743
1732437784507994758,0.4264189898967743
1732437784507994758,0.4264189898967743
1732437784518150986,0.4264189898967743
1732437784518150986,0.4264189898967743
1732437784528321932,0.4264189898967743
1732437784528321932,0.4264189898967743
1732437784538635904,0.4264189898967743
1732437784538635904,0.4264189898967743
1732437784549046858,0.4264189898967743
1732437784549046858,0.4264189898967743
1732437784559211451,0.4264189898967743
1732437784559211451,0.4264189898967743
1732437784569852883,0.4264189898967743
1732437784569852883,0.4264189898967743
1732437784579930595,0.4264189898967743
1732437784579930595,0.4264189898967743
1732437784590263162,0.4264189898967743
1732437784590263162,0.4264189898967743
1732437784600702895,0.4264189898967743
1732437784600702895,0.4264189898967743
1732437784611176658,0.4264189898967743
1732437784611176658,0.4264189898967743
1732437784621740085,0.4264189898967743
1732437784621740085,0.4264189898967743
1732437784632052695,0.4264189898967743
1732437784632052695,0.4264189898967743
1732437784642216297,0.4264189898967743
1732437784642216297,0.4264189898967743
1732437784652687849,0.4264189898967743
1732437784652687849,0.4264189898967743
1732437784663061316,0.4264189898967743
1732437784663061316,0.4264189898967743
1732437784673373862,0.4264189898967743
1732437784673373862,0.4264189898967743
1732437784683522720,0.4264189898967743
1732437784683522720,0.4264189898967743
1732437784694083973,0.4264189898967743
1732437784694083973,0.4264189898967743
1732437784704247646,0.4264189898967743
1732437784704247646,0.4264189898967743
1732437784714499378,0.4264189898967743
1732437784714499378,0.4264189898967743
1732437784724782366,0.4264189898967743
1732437784724782366,0.4264189898967743
1732437784734966156,0.4264189898967743
1732437784734966156,0.4264189898967743
1732437784745083643,0.4264189898967743
1732437784745083643,0.4264189898967743
1732437784758503756,0.4264189898967743
1732437784758503756,0.4264189898967743
1732437784769217974,0.4264189898967743
1732437784769217974,0.4264189898967743
1732437784779716759,0.4264189898967743
1732437784779716759,0.4264189898967743
1732437784790138503,0.4264189898967743
1732437784790138503,0.4264189898967743
1732437784800653269,0.4264189898967743
1732437784800653269,0.4264189898967743
1732437784810830997,0.4264189898967743
1732437784810830997,0.4264189898967743
1732437784821172080,0.4264189898967743
1732437784821172080,0.4264189898967743
1732437784831440414,0.4264189898967743
1732437784831440414,0.4264189898967743
1732437784842412144,0.4264189898967743
1732437784842412144,0.4264189898967743
1732437784852770119,0.4264189898967743
1732437784852770119,0.4264189898967743
1732437784863387806,0.4264189898967743
1732437784863387806,0.4264189898967743
1732437784873494082,0.4264189898967743
1732437784873494082,0.4264189898967743
1732437784884030288,0.4264189898967743
1732437784884030288,0.4264189898967743
1732437784894590625,0.4264189898967743
1732437784894590625,0.4264189898967743
1732437784905493467,0.4264189898967743
1732437784905493467,0.4264189898967743
1732437784915784226,0.4264189898967743
1732437784915784226,0.4264189898967743
1732437784926285006,0.4264189898967743
1732437784926285006,0.4264189898967743
1732437784937421680,0.4264189898967743
1732437784937421680,0.4264189898967743
1732437784947694345,0.4264189898967743
1732437784947694345,0.4264189898967743
1732437784957798587,0.4264189898967743
1732437784957798587,0.4264189898967743
1732437784968286553,0.4264189898967743
1732437784968286553,0.4264189898967743
1732437784978691195,0.4264189898967743
1732437784978691195,0.4264189898967743
1732437784988946377,0.4264189898967743
1732437784988946377,0.4264189898967743
1732437784999191642,0.4264189898967743
1732437784999191642,0.4264189898967743
1732437785009986619,0.4264189898967743
1732437785009986619,0.4264189898967743
1732437785020188994,0.4264189898967743
1732437785020188994,0.4264189898967743
1732437785030740154,0.4264189898967743
1732437785030740154,0.4264189898967743
1732437785041008214,0.4264189898967743
1732437785041008214,0.4264189898967743
1732437785051207924,0.4264189898967743
1732437785051207924,0.4264189898967743
1732437785061763246,0.4264189898967743
1732437785061763246,0.4264189898967743
1732437785071930304,0.4264189898967743
1732437785071930304,0.4264189898967743
1732437785082523837,0.4264189898967743
1732437785082523837,0.4264189898967743
1732437785093006564,0.4264189898967743
1732437785093006564,0.4264189898967743
1732437785103336395,0.4264189898967743
1732437785103336395,0.4264189898967743
1732437785113667591,0.4264189898967743
1732437785113667591,0.4264189898967743
1732437785124398861,0.4264189898967743
1732437785124398861,0.4264189898967743
1732437785134483837,0.4264189898967743
1732437785134483837,0.4264189898967743
1732437785144845679,0.4264189898967743
1732437785144845679,0.4264189898967743
1732437785154998741,0.4264189898967743
1732437785154998741,0.4264189898967743
1732437785165678234,0.4264189898967743
1732437785165678234,0.4264189898967743
1732437785176353796,0.4264189898967743
1732437785176353796,0.4264189898967743
1732437785186454184,0.4264189898967743
1732437785186454184,0.4264189898967743
1732437785196796449,0.4264189898967743
1732437785196796449,0.4264189898967743
1732437785206920714,0.4264189898967743
1732437785206920714,0.4264189898967743
1732437785217168777,0.4264189898967743
1732437785217168777,0.4264189898967743
1732437785227589258,0.4264189898967743
1732437785227589258,0.4264189898967743
1732437785237702566,0.4264189898967743
1732437785237702566,0.4264189898967743
1732437785248496870,0.4264189898967743
1732437785248496870,0.4264189898967743
1732437785258922653,0.4264189898967743
1732437785258922653,0.4264189898967743
1732437785269236946,0.4264189898967743
1732437785269236946,0.4264189898967743
1732437785284478289,0.4264189898967743
1732437785284478289,0.4264189898967743
1732437785294764212,0.4264189898967743
1732437785294764212,0.4264189898967743
1732437785305216683,0.4264189898967743
1732437785305216683,0.4264189898967743
1732437785315540693,0.4264189898967743
1732437785315540693,0.4264189898967743
1732437785325715476,0.4264189898967743
1732437785325715476,0.4264189898967743
1732437785336505451,0.4264189898967743
1732437785336505451,0.4264189898967743
1732437785347024800,0.4264189898967743
1732437785347024800,0.4264189898967743
1732437785358467443,0.4264189898967743
1732437785358467443,0.4264189898967743
1732437785371692772,0.4264189898967743
1732437785371692772,0.4264189898967743
1732437785381988233,0.4264189898967743
1732437785381988233,0.4264189898967743
1732437785392380328,0.4264189898967743
1732437785392380328,0.4264189898967743
1732437785403019739,0.4264189898967743
1732437785403019739,0.4264189898967743
1732437785413532251,0.4264189898967743
1732437785413532251,0.4264189898967743
1732437785423884254,0.4264189898967743
1732437785423884254,0.4264189898967743
1732437785434548959,0.4264189898967743
1732437785434548959,0.4264189898967743
1732437785445037176,0.4264189898967743
1732437785445037176,0.4264189898967743
1732437785455269246,0.4264189898967743
1732437785455269246,0.4264189898967743
1732437785465885250,0.4264189898967743
1732437785465885250,0.4264189898967743
1732437785476678234,0.4264189898967743
1732437785476678234,0.4264189898967743
1732437785487397462,0.4264189898967743
1732437785487397462,0.4264189898967743
1732437785498202428,0.4264189898967743
1732437785498202428,0.4264189898967743
1732437785508825295,0.4264189898967743
1732437785508825295,0.4264189898967743
1732437785519287924,0.4264189898967743
1732437785519287924,0.4264189898967743
1732437785529805862,0.4264189898967743
1732437785529805862,0.4264189898967743
1732437785539960291,0.4264189898967743
1732437785539960291,0.4264189898967743
1732437785550083829,0.4264189898967743
1732437785550083829,0.4264189898967743
1732437785560679836,0.4264189898967743
1732437785560679836,0.4264189898967743
1732437785571595929,0.4264189898967743
1732437785571595929,0.4264189898967743
1732437785581906085,0.4264189898967743
1732437785581906085,0.4264189898967743
1732437785592250734,0.4264189898967743
1732437785592250734,0.4264189898967743
1732437785602365836,0.4264189898967743
1732437785602365836,0.4264189898967743
1732437785612982709,0.4264189898967743
1732437785612982709,0.4264189898967743
1732437785623502137,0.4264189898967743
1732437785623502137,0.4264189898967743
1732437785633810749,0.4264189898967743
1732437785633810749,0.4264189898967743
1732437785644363883,0.4264189898967743
1732437785644363883,0.4264189898967743
1732437785654894282,0.4264189898967743
1732437785654894282,0.4264189898967743
1732437785665491441,0.4264189898967743
1732437785665491441,0.4264189898967743
1732437785675842252,0.4264189898967743
1732437785675842252,0.4264189898967743
1732437785687382267,0.4264189898967743
1732437785687382267,0.4264189898967743
1732437785697994815,0.4264189898967743
1732437785697994815,0.4264189898967743
1732437785708223248,0.4264189898967743
1732437785708223248,0.4264189898967743
1732437785718664357,0.4264189898967743
1732437785718664357,0.4264189898967743
1732437785729037170,0.4264189898967743
1732437785729037170,0.4264189898967743
1732437785739201993,0.4264189898967743
1732437785739201993,0.4264189898967743
1732437785750571341,0.4264189898967743
1732437785750571341,0.4264189898967743
1732437785760984799,0.4264189898967743
1732437785760984799,0.4264189898967743
1732437785772017780,0.4264189898967743
1732437785772017780,0.4264189898967743
1732437785788238565,0.4264189898967743
1732437785788238565,0.4264189898967743
1732437785798295603,0.4264189898967743
1732437785798295603,0.4264189898967743
1732437785808957232,0.4264189898967743
1732437785808957232,0.4264189898967743
1732437785819180616,0.4264189898967743
1732437785819180616,0.4264189898967743
1732437785830070019,0.4264189898967743
1732437785830070019,0.4264189898967743
1732437785840584936,0.4264189898967743
1732437785840584936,0.4264189898967743
1732437785851200168,0.4264189898967743
1732437785851200168,0.4264189898967743
1732437785861800454,0.4264189898967743
1732437785861800454,0.4264189898967743
1732437785872219208,0.4264189898967743
1732437785872219208,0.4264189898967743
1732437785882485284,0.4264189898967743
1732437785882485284,0.4264189898967743
1732437785892817287,0.4264189898967743
1732437785892817287,0.4264189898967743
1732437785902847534,0.4264189898967743
1732437785902847534,0.4264189898967743
1732437785913134437,0.4264189898967743
1732437785913134437,0.4264189898967743
1732437785923345677,0.4264189898967743
1732437785923345677,0.4264189898967743
1732437785934174698,0.4264189898967743
1732437785934174698,0.4264189898967743
1732437785944901649,0.4264189898967743
1732437785944901649,0.4264189898967743
1732437785955579660,0.4264189898967743
1732437785955579660,0.4264189898967743
1732437785965872071,0.4264189898967743
1732437785965872071,0.4264189898967743
1732437785976261194,0.4264189898967743
1732437785976261194,0.4264189898967743
1732437785987286637,0.4264189898967743
1732437785987286637,0.4264189898967743
1732437785997844627,0.4264189898967743
1732437785997844627,0.4264189898967743
1732437786008146383,0.4264189898967743
1732437786008146383,0.4264189898967743
1732437786018718359,0.4264189898967743
1732437786018718359,0.4264189898967743
1732437786029204352,0.4264189898967743
1732437786029204352,0.4264189898967743
1732437786039710582,0.4264189898967743
1732437786039710582,0.4264189898967743
1732437786052958487,0.4264189898967743
1732437786052958487,0.4264189898967743
1732437786063435753,0.4264189898967743
1732437786063435753,0.4264189898967743
1732437786073887371,0.4264189898967743
1732437786073887371,0.4264189898967743
1732437786086146114,0.4264189898967743
1732437786086146114,0.4264189898967743
1732437786096498188,0.4264189898967743
1732437786096498188,0.4264189898967743
1732437786106616936,0.4264189898967743
1732437786106616936,0.4264189898967743
1732437786116944374,0.4264189898967743
1732437786116944374,0.4264189898967743
1732437786127301829,0.4264189898967743
1732437786127301829,0.4264189898967743
1732437786137764338,0.4264189898967743
1732437786137764338,0.4264189898967743
1732437786147942647,0.4264189898967743
1732437786147942647,0.4264189898967743
1732437786158168836,0.4264189898967743
1732437786158168836,0.4264189898967743
1732437786168334983,0.4264189898967743
1732437786168334983,0.4264189898967743
1732437786178898239,0.4264189898967743
1732437786178898239,0.4264189898967743
1732437786189033489,0.4264189898967743
1732437786189033489,0.4264189898967743
1732437786201678360,0.4264189898967743
1732437786201678360,0.4264189898967743
1732437786211928154,0.4264189898967743
1732437786211928154,0.4264189898967743
1732437786222160344,0.4264189898967743
1732437786222160344,0.4264189898967743
1732437786232615950,0.4264189898967743
1732437786232615950,0.4264189898967743
1732437786243120296,0.4264189898967743
1732437786243120296,0.4264189898967743
1732437786253382662,0.4264189898967743
1732437786253382662,0.4264189898967743
1732437786263541155,0.4264189898967743
1732437786263541155,0.4264189898967743
1732437786274115783,0.4264189898967743
1732437786274115783,0.4264189898967743
1732437786284381241,0.4264189898967743
1732437786284381241,0.4264189898967743
1732437786294923482,0.4264189898967743
1732437786294923482,0.4264189898967743
1732437786305423821,0.4264189898967743
1732437786305423821,0.4264189898967743
1732437786315997417,0.4264189898967743
1732437786315997417,0.4264189898967743
1732437786326542719,0.4264189898967743
1732437786326542719,0.4264189898967743
1732437786336933776,0.4264189898967743
1732437786336933776,0.4264189898967743
1732437786347802923,0.4264189898967743
1732437786347802923,0.4264189898967743
1732437786358077572,0.4264189898967743
1732437786358077572,0.4264189898967743
1732437786368484347,0.4264189898967743
1732437786368484347,0.4264189898967743
1732437786378898716,0.4264189898967743
1732437786378898716,0.4264189898967743
1732437786389414064,0.4264189898967743
1732437786389414064,0.4264189898967743
1732437786399753413,0.4264189898967743
1732437786399753413,0.4264189898967743
1732437786410069245,0.4264189898967743
1732437786410069245,0.4264189898967743
1732437786420431270,0.4264189898967743
1732437786420431270,0.4264189898967743
1732437786431034050,0.4264189898967743
1732437786431034050,0.4264189898967743
1732437786441584312,0.4264189898967743
1732437786441584312,0.4264189898967743
1732437786452092606,0.4264189898967743
1732437786452092606,0.4264189898967743
1732437786462390305,0.4264189898967743
1732437786462390305,0.4264189898967743
1732437786472866232,0.4264189898967743
1732437786472866232,0.4264189898967743
1732437786483527702,0.4264189898967743
1732437786483527702,0.4264189898967743
1732437786494032219,0.4264189898967743
1732437786494032219,0.4264189898967743
1732437786504660222,0.4264189898967743
1732437786504660222,0.4264189898967743
1732437786515062793,0.4264189898967743
1732437786515062793,0.4264189898967743
1732437786525255098,0.4264189898967743
1732437786525255098,0.4264189898967743
1732437786535603735,0.4264189898967743
1732437786535603735,0.4264189898967743
1732437786546268146,0.4264189898967743
1732437786546268146,0.4264189898967743
1732437786556808763,0.4264189898967743
1732437786556808763,0.4264189898967743
1732437786566930931,0.4264189898967743
1732437786566930931,0.4264189898967743
1732437786576976754,0.4264189898967743
1732437786576976754,0.4264189898967743
1732437786587127132,0.4264189898967743
1732437786587127132,0.4264189898967743
1732437786597173626,0.4264189898967743
1732437786597173626,0.4264189898967743
1732437786607401408,0.4264189898967743
1732437786607401408,0.4264189898967743
1732437786617721051,0.4264189898967743
1732437786617721051,0.4264189898967743
1732437786628172996,0.4264189898967743
1732437786628172996,0.4264189898967743
1732437786638464451,0.4264189898967743
1732437786638464451,0.4264189898967743
1732437786649032472,0.4264189898967743
1732437786649032472,0.4264189898967743
1732437786659290473,0.4264189898967743
1732437786659290473,0.4264189898967743
1732437786669431113,0.4264189898967743
1732437786669431113,0.4264189898967743
1732437786679939377,0.4264189898967743
1732437786679939377,0.4264189898967743
1732437786690357173,0.4264189898967743
1732437786690357173,0.4264189898967743
1732437786703060390,0.4264189898967743
1732437786703060390,0.4264189898967743
1732437786723565275,0.4264189898967743
1732437786723565275,0.4264189898967743
1732437786723565275,0.4264189898967743
1732437786734003452,0.4264189898967743
1732437786734003452,0.4264189898967743
1732437786744622108,0.4264189898967743
1732437786744622108,0.4264189898967743
1732437786755235287,0.4264189898967743
1732437786755235287,0.4264189898967743
1732437786765604865,0.4264189898967743
1732437786765604865,0.4264189898967743
1732437786775864867,0.4264189898967743
1732437786775864867,0.4264189898967743
1732437786786358237,0.4264189898967743
1732437786786358237,0.4264189898967743
1732437786796880407,0.4264189898967743
1732437786796880407,0.4264189898967743
1732437786806942330,0.4264189898967743
1732437786806942330,0.4264189898967743
1732437786828248798,0.4264189898967743
1732437786828248798,0.4264189898967743
1732437786838664269,0.4264189898967743
1732437786838664269,0.4264189898967743
1732437786849155601,0.4264189898967743
1732437786849155601,0.4264189898967743
1732437786859550384,0.4264189898967743
1732437786859550384,0.4264189898967743
1732437786870361342,0.4264189898967743
1732437786870361342,0.4264189898967743
1732437786880718363,0.4264189898967743
1732437786880718363,0.4264189898967743
1732437786891696673,0.4264189898967743
1732437786891696673,0.4264189898967743
1732437786902562583,0.4264189898967743
1732437786902562583,0.4264189898967743
1732437786913195339,0.4264189898967743
1732437786913195339,0.4264189898967743
1732437786923345847,0.4264189898967743
1732437786923345847,0.4264189898967743
1732437786933809889,0.4264189898967743
1732437786933809889,0.4264189898967743
1732437786943960517,0.4264189898967743
1732437786943960517,0.4264189898967743
1732437786955080279,0.4264189898967743
1732437786955080279,0.4264189898967743
1732437786966041897,0.4264189898967743
1732437786966041897,0.4264189898967743
1732437786976421141,0.4264189898967743
1732437786976421141,0.4264189898967743
1732437786987020095,0.4264189898967743
1732437786987020095,0.4264189898967743
1732437786997406452,0.4264189898967743
1732437786997406452,0.4264189898967743
1732437787008012708,0.4264189898967743
1732437787008012708,0.4264189898967743
1732437787018705897,0.4264189898967743
1732437787018705897,0.4264189898967743
1732437787028859100,0.4264189898967743
1732437787028859100,0.4264189898967743
1732437787039267438,0.4264189898967743
1732437787039267438,0.4264189898967743
1732437787049883412,0.4264189898967743
1732437787049883412,0.4264189898967743
1732437787060068233,0.4264189898967743
1732437787060068233,0.4264189898967743
1732437787070654383,0.4264189898967743
1732437787070654383,0.4264189898967743
1732437787081284614,0.4264189898967743
1732437787081284614,0.4264189898967743
1732437787091560966,0.4264189898967743
1732437787091560966,0.4264189898967743
1732437787102051667,0.4264189898967743
1732437787112246277,0.4264189898967743
1732437787112246277,0.4264189898967743
1732437787112246277,0.4264189898967743
1732437787122708826,0.4264189898967743
1732437787122708826,0.4264189898967743
1732437787133148452,0.4264189898967743
1732437787133148452,0.4264189898967743
1732437787144067423,0.4264189898967743
1732437787144067423,0.4264189898967743
1732437787154440505,0.4264189898967743
1732437787154440505,0.4264189898967743
1732437787164682003,0.4264189898967743
1732437787164682003,0.4264189898967743
1732437787175082125,0.4264189898967743
1732437787175082125,0.4264189898967743
1732437787185689764,0.4264189898967743
1732437787185689764,0.4264189898967743
1732437787196335935,0.4264189898967743
1732437787196335935,0.4264189898967743
1732437787206405483,0.4264189898967743
1732437787206405483,0.4264189898967743
1732437787216966290,0.4264189898967743
1732437787216966290,0.4264189898967743
1732437787227069744,0.4264189898967743
1732437787227069744,0.4264189898967743
1732437787237153959,0.4264189898967743
1732437787237153959,0.4264189898967743
1732437787248091612,0.4264189898967743
1732437787248091612,0.4264189898967743
1732437787258327090,0.4264189898967743
1732437787258327090,0.4264189898967743
1732437787268564310,0.4264189898967743
1732437787268564310,0.4264189898967743
1732437787278694620,0.4264189898967743
1732437787278694620,0.4264189898967743
1732437787289121428,0.4264189898967743
1732437787289121428,0.4264189898967743
1732437787299289653,0.4264189898967743
1732437787299289653,0.4264189898967743
1732437787309367245,0.4264189898967743
1732437787309367245,0.4264189898967743
1732437787319463452,0.4264189898967743
1732437787319463452,0.4264189898967743
1732437787330094795,0.4264189898967743
1732437787330094795,0.4264189898967743
1732437787340598747,0.4264189898967743
1732437787340598747,0.4264189898967743
1732437787354515331,0.4264189898967743
1732437787354515331,0.4264189898967743
1732437787365687731,0.4264189898967743
1732437787365687731,0.4264189898967743
1732437787376258002,0.4264189898967743
1732437787376258002,0.4264189898967743
1732437787387002636,0.4264189898967743
1732437787387002636,0.4264189898967743
1732437787397064008,0.4264189898967743
1732437787397064008,0.4264189898967743
1732437787407282242,0.4264189898967743
1732437787407282242,0.4264189898967743
1732437787417504233,0.4264189898967743
1732437787417504233,0.4264189898967743
1732437787427895349,0.4264189898967743
1732437787427895349,0.4264189898967743
1732437787438638891,0.4264189898967743
1732437787438638891,0.4264189898967743
1732437787449044674,0.4264189898967743
1732437787449044674,0.4264189898967743
1732437787459365640,0.4264189898967743
1732437787459365640,0.4264189898967743
1732437787469672038,0.4264189898967743
1732437787469672038,0.4264189898967743
1732437787480138834,0.4264189898967743
1732437787480138834,0.4264189898967743
1732437787490411191,0.4264189898967743
1732437787490411191,0.4264189898967743
1732437787503178778,0.4264189898967743
1732437787503178778,0.4264189898967743
1732437787513474981,0.4264189898967743
1732437787513474981,0.4264189898967743
1732437787523930216,0.4264189898967743
1732437787523930216,0.4264189898967743
1732437787534337682,0.4264189898967743
1732437787534337682,0.4264189898967743
1732437787544942687,0.4264189898967743
1732437787544942687,0.4264189898967743
1732437787555299144,0.4264189898967743
1732437787555299144,0.4264189898967743
1732437787565596840,0.4264189898967743
1732437787565596840,0.4264189898967743
1732437787576159374,0.4264189898967743
1732437787576159374,0.4264189898967743
1732437787586247636,0.4264189898967743
1732437787586247636,0.4264189898967743
1732437787596595458,0.4264189898967743
1732437787596595458,0.4264189898967743
1732437787607119828,0.4264189898967743
1732437787607119828,0.4264189898967743
1732437787617884569,0.4264189898967743
1732437787617884569,0.4264189898967743
1732437787628523687,0.4264189898967743
1732437787628523687,0.4264189898967743
1732437787638978441,0.4264189898967743
1732437787638978441,0.4264189898967743
1732437787649159596,0.4264189898967743
1732437787649159596,0.4264189898967743
1732437787660055452,0.4264189898967743
1732437787660055452,0.4264189898967743
1732437787670479185,0.4264189898967743
1732437787670479185,0.4264189898967743
1732437787680733630,0.4264189898967743
1732437787680733630,0.4264189898967743
1732437787691214753,0.4264189898967743
1732437787691214753,0.4264189898967743
1732437787702194846,0.4264189898967743
1732437787702194846,0.4264189898967743
1732437787712663573,0.4264189898967743
1732437787712663573,0.4264189898967743
1732437787726314182,0.4264189898967743
1732437787726314182,0.4264189898967743
1732437787736435185,0.4264189898967743
1732437787736435185,0.4264189898967743
1732437787736435185,0.4264189898967743
1732437787736435185,0.4264189898967743
1732437787758383427,0.4264189898967743
1732437787758383427,0.4264189898967743
1732437787769681953,0.4264189898967743
1732437787769681953,0.4264189898967743
1732437787781451465,0.4264189898967743
1732437787781451465,0.4264189898967743
1732437787791699494,0.4264189898967743
1732437787791699494,0.4264189898967743
1732437787802466731,0.4264189898967743
1732437787802466731,0.4264189898967743
1732437787812608392,0.4264189898967743
1732437787812608392,0.4264189898967743
1732437787822959791,0.4264189898967743
1732437787822959791,0.4264189898967743
1732437787833529973,0.4264189898967743
1732437787833529973,0.4264189898967743
1732437787843710649,0.4264189898967743
1732437787843710649,0.4264189898967743
1732437787854299674,0.4264189898967743
1732437787854299674,0.4264189898967743
1732437787864791968,0.4264189898967743
1732437787864791968,0.4264189898967743
1732437787875010913,0.4264189898967743
1732437787875010913,0.4264189898967743
1732437787885448255,0.4264189898967743
1732437787885448255,0.4264189898967743
1732437787895694301,0.4264189898967743
1732437787895694301,0.4264189898967743
1732437787905774097,0.4264189898967743
1732437787905774097,0.4264189898967743
1732437787916262885,0.4264189898967743
1732437787916262885,0.4264189898967743
1732437787926715325,0.4264189898967743
1732437787926715325,0.4264189898967743
1732437787937054394,0.4264189898967743
1732437787937054394,0.4264189898967743
1732437787947464596,0.4264189898967743
1732437787947464596,0.4264189898967743
1732437787957725380,0.4264189898967743
1732437787957725380,0.4264189898967743
1732437787968237141,0.4264189898967743
1732437787968237141,0.4264189898967743
1732437787978286691,0.4264189898967743
1732437787978286691,0.4264189898967743
1732437787988492672,0.4264189898967743
1732437787988492672,0.4264189898967743
1732437787998887194,0.4264189898967743
1732437787998887194,0.4264189898967743
1732437788009309858,0.4264189898967743
1732437788009309858,0.4264189898967743
1732437788019594636,0.4264189898967743
1732437788019594636,0.4264189898967743
1732437788030219468,0.4264189898967743
1732437788030219468,0.4264189898967743
1732437788040642223,0.4264189898967743
1732437788040642223,0.4264189898967743
1732437788058327899,0.4264189898967743
1732437788058327899,0.4264189898967743
1732437788068764981,0.4264189898967743
1732437788068764981,0.4264189898967743
1732437788079179442,0.4264189898967743
1732437788079179442,0.4264189898967743
1732437788089464090,0.4264189898967743
1732437788089464090,0.4264189898967743
1732437788099786537,0.4264189898967743
1732437788099786537,0.4264189898967743
1732437788110035629,0.4264189898967743
1732437788110035629,0.4264189898967743
1732437788120249685,0.4264189898967743
1732437788120249685,0.4264189898967743
1732437788130616215,0.4264189898967743
1732437788130616215,0.4264189898967743
1732437788141140238,0.4264189898967743
1732437788141140238,0.4264189898967743
1732437788152395554,0.4264189898967743
1732437788152395554,0.4264189898967743
1732437788162937512,0.4264189898967743
1732437788162937512,0.4264189898967743
1732437788173577648,0.4264189898967743
1732437788173577648,0.4264189898967743
1732437788183872208,0.4264189898967743
1732437788183872208,0.4264189898967743
1732437788194092732,0.4264189898967743
1732437788194092732,0.4264189898967743
1732437788204324264,0.4264189898967743
1732437788204324264,0.4264189898967743
1732437788214519766,0.4264189898967743
1732437788214519766,0.4264189898967743
1732437788224835782,0.4264189898967743
1732437788224835782,0.4264189898967743
1732437788238215310,0.4264189898967743
1732437788238215310,0.4264189898967743
1732437788248431991,0.4264189898967743
1732437788248431991,0.4264189898967743
1732437788258558429,0.4264189898967743
1732437788258558429,0.4264189898967743
1732437788269056974,0.4264189898967743
1732437788269056974,0.4264189898967743
1732437788279563541,0.4264189898967743
1732437788279563541,0.4264189898967743
1732437788290222760,0.4264189898967743
1732437788290222760,0.4264189898967743
1732437788300395720,0.4264189898967743
1732437788300395720,0.4264189898967743
1732437788310562153,0.4264189898967743
1732437788310562153,0.4264189898967743
1732437788320704562,0.4264189898967743
1732437788320704562,0.4264189898967743
1732437788331238032,0.4264189898967743
1732437788331238032,0.4264189898967743
1732437788341617516,0.4264189898967743
1732437788341617516,0.4264189898967743
1732437788357649334,0.4264189898967743
1732437788357649334,0.4264189898967743
1732437788368027656,0.4264189898967743
1732437788368027656,0.4264189898967743
1732437788378575965,0.4264189898967743
1732437788378575965,0.4264189898967743
1732437788389110107,0.4264189898967743
1732437788389110107,0.4264189898967743
1732437788399568791,0.4264189898967743
1732437788399568791,0.4264189898967743
1732437788410387783,0.4264189898967743
1732437788410387783,0.4264189898967743
1732437788421693268,0.4264189898967743
1732437788421693268,0.4264189898967743
1732437788432139897,0.4264189898967743
1732437788432139897,0.4264189898967743
1732437788442499678,0.4264189898967743
1732437788442499678,0.4264189898967743
1732437788452559317,0.4264189898967743
1732437788452559317,0.4264189898967743
1732437788463229863,0.4264189898967743
1732437788463229863,0.4264189898967743
1732437788473547151,0.4264189898967743
1732437788473547151,0.4264189898967743
1732437788484130677,0.4264189898967743
1732437788484130677,0.4264189898967743
1732437788494351055,0.4264189898967743
1732437788494351055,0.4264189898967743
1732437788505078347,0.4264189898967743
1732437788505078347,0.4264189898967743
1732437788515534774,0.4264189898967743
1732437788515534774,0.4264189898967743
1732437788526028167,0.4264189898967743
1732437788526028167,0.4264189898967743
1732437788536514594,0.4264189898967743
1732437788536514594,0.4264189898967743
1732437788546801997,0.4264189898967743
1732437788546801997,0.4264189898967743
1732437788557290866,0.4264189898967743
1732437788557290866,0.4264189898967743
1732437788567473584,0.4264189898967743
1732437788567473584,0.4264189898967743
1732437788577626026,0.4264189898967743
1732437788577626026,0.4264189898967743
1732437788588594066,0.4264189898967743
1732437788588594066,0.4264189898967743
1732437788588594066,0.4264189898967743
1732437788588594066,0.4264189898967743
1732437788609727071,0.4264189898967743
1732437788609727071,0.4264189898967743
1732437788609727071,0.4264189898967743
1732437788620027057,0.4264189898967743
1732437788630382146,0.4264189898967743
1732437788630382146,0.4264189898967743
1732437788640530001,0.4264189898967743
1732437788640530001,0.4264189898967743
1732437788651548635,0.4264189898967743
1732437788651548635,0.4264189898967743
1732437788662115338,0.4264189898967743
1732437788662115338,0.4264189898967743
1732437788672567437,0.4264189898967743
1732437788672567437,0.4264189898967743
1732437788683113772,0.4264189898967743
1732437788683113772,0.4264189898967743
1732437788693547557,0.4264189898967743
1732437788693547557,0.4264189898967743
1732437788703862151,0.4264189898967743
1732437788703862151,0.4264189898967743
1732437788714034269,0.4264189898967743
1732437788714034269,0.4264189898967743
1732437788724572061,0.4264189898967743
1732437788724572061,0.4264189898967743
1732437788734916509,0.4264189898967743
1732437788734916509,0.4264189898967743
1732437788745719612,0.4264189898967743
1732437788745719612,0.4264189898967743
1732437788756159599,0.4264189898967743
1732437788756159599,0.4264189898967743
1732437788766457141,0.4264189898967743
1732437788766457141,0.4264189898967743
1732437788778158796,0.4264189898967743
1732437788778158796,0.4264189898967743
1732437788788299031,0.4264189898967743
1732437788788299031,0.4264189898967743
1732437788798868134,0.4264189898967743
1732437788798868134,0.4264189898967743
1732437788808943071,0.4264189898967743
1732437788808943071,0.4264189898967743
1732437788819690521,0.4264189898967743
1732437788819690521,0.4264189898967743
1732437788830173938,0.4264189898967743
1732437788830173938,0.4264189898967743
1732437788840723099,0.4264189898967743
1732437788840723099,0.4264189898967743
1732437788851292667,0.4264189898967743
1732437788851292667,0.4264189898967743
1732437788861409191,0.4264189898967743
1732437788861409191,0.4264189898967743
1732437788873042289,0.4264189898967743
1732437788873042289,0.4264189898967743
1732437788885281547,0.4264189898967743
1732437788885281547,0.4264189898967743
1732437788895755447,0.4264189898967743
1732437788895755447,0.4264189898967743
1732437788906014757,0.4264189898967743
1732437788906014757,0.4264189898967743
1732437788916589906,0.4264189898967743
1732437788916589906,0.4264189898967743
1732437788926973268,0.4264189898967743
1732437788926973268,0.4264189898967743
1732437788937262934,0.4264189898967743
1732437788937262934,0.4264189898967743
1732437788947434088,0.4264189898967743
1732437788947434088,0.4264189898967743
1732437788957514520,0.4264189898967743
1732437788957514520,0.4264189898967743
1732437788968014448,0.4264189898967743
1732437788968014448,0.4264189898967743
1732437788978393943,0.4264189898967743
1732437788978393943,0.4264189898967743
1732437788988805457,0.4264189898967743
1732437788988805457,0.4264189898967743
1732437788999154915,0.4264189898967743
1732437788999154915,0.4264189898967743
1732437789009654934,0.4264189898967743
1732437789009654934,0.4264189898967743
1732437789019790684,0.4264189898967743
1732437789019790684,0.4264189898967743
1732437789030161392,0.4264189898967743
1732437789030161392,0.4264189898967743
1732437789040418219,0.4264189898967743
1732437789040418219,0.4264189898967743
1732437789050990112,0.4264189898967743
1732437789050990112,0.4264189898967743
1732437789061261986,0.4264189898967743
1732437789061261986,0.4264189898967743
1732437789071609140,0.4264189898967743
1732437789071609140,0.4264189898967743
1732437789082314638,0.4264189898967743
1732437789082314638,0.4264189898967743
1732437789092680256,0.4264189898967743
1732437789092680256,0.4264189898967743
1732437789102747102,0.4264189898967743
1732437789102747102,0.4264189898967743
1732437789112955840,0.4264189898967743
1732437789112955840,0.4264189898967743
1732437789123545736,0.4264189898967743
1732437789123545736,0.4264189898967743
1732437789134008295,0.4264189898967743
1732437789134008295,0.4264189898967743
1732437789144219826,0.4264189898967743
1732437789144219826,0.4264189898967743
1732437789154575443,0.4264189898967743
1732437789154575443,0.4264189898967743
1732437789164917237,0.4264189898967743
1732437789164917237,0.4264189898967743
1732437789175209744,0.4264189898967743
1732437789175209744,0.4264189898967743
1732437789185690948,0.4264189898967743
1732437789185690948,0.4264189898967743
1732437789196029282,0.4264189898967743
1732437789196029282,0.4264189898967743
1732437789206546155,0.4264189898967743
1732437789206546155,0.4264189898967743
1732437789217130952,0.4264189898967743
1732437789217130952,0.4264189898967743
1732437789227312277,0.4264189898967743
1732437789227312277,0.4264189898967743
1732437789237777042,0.4264189898967743
1732437789237777042,0.4264189898967743
1732437789248292068,0.4264189898967743
1732437789248292068,0.4264189898967743
1732437789258441070,0.4264189898967743
1732437789258441070,0.4264189898967743
1732437789269032282,0.4264189898967743
1732437789269032282,0.4264189898967743
1732437789279164586,0.4264189898967743
1732437789279164586,0.4264189898967743
1732437789289660868,0.4264189898967743
1732437789289660868,0.4264189898967743
1732437789300274940,0.4264189898967743
1732437789300274940,0.4264189898967743
1732437789310649545,0.4264189898967743
1732437789310649545,0.4264189898967743
1732437789320892024,0.4264189898967743
1732437789320892024,0.4264189898967743
1732437789331330098,0.4264189898967743
1732437789331330098,0.4264189898967743
1732437789341582933,0.4264189898967743
1732437789341582933,0.4264189898967743
1732437789355901912,0.4264189898967743
1732437789355901912,0.4264189898967743
1732437789366444545,0.4264189898967743
1732437789366444545,0.4264189898967743
1732437789377138775,0.4264189898967743
1732437789377138775,0.4264189898967743
1732437789387386253,0.4264189898967743
1732437789387386253,0.4264189898967743
1732437789397845757,0.4264189898967743
1732437789397845757,0.4264189898967743
1732437789408457303,0.4264189898967743
1732437789408457303,0.4264189898967743
1732437789418959457,0.4264189898967743
1732437789418959457,0.4264189898967743
1732437789429322972,0.4264189898967743
1732437789429322972,0.4264189898967743
1732437789440623471,0.4264189898967743
1732437789440623471,0.4264189898967743
1732437789450720479,0.4264189898967743
1732437789450720479,0.4264189898967743
1732437789461223874,0.4264189898967743
1732437789461223874,0.4264189898967743
1732437789471440816,0.4264189898967743
1732437789471440816,0.4264189898967743
1732437789481488234,0.4264189898967743
1732437789481488234,0.4264189898967743
1732437789492010383,0.4264189898967743
1732437789492010383,0.4264189898967743
1732437789502477821,0.4264189898967743
1732437789502477821,0.4264189898967743
1732437789514312235,0.4264189898967743
1732437789514312235,0.4264189898967743
1732437789525286265,0.4264189898967743
1732437789525286265,0.4264189898967743
1732437789535823203,0.4264189898967743
1732437789535823203,0.4264189898967743
1732437789546335847,0.4264189898967743
1732437789546335847,0.4264189898967743
1732437789556714860,0.4264189898967743
1732437789556714860,0.4264189898967743
1732437789567824504,0.4264189898967743
1732437789567824504,0.4264189898967743
1732437789578144597,0.4264189898967743
1732437789578144597,0.4264189898967743
1732437789588899280,0.4264189898967743
1732437789588899280,0.4264189898967743
1732437789599315313,0.4264189898967743
1732437789599315313,0.4264189898967743
1732437789609640257,0.4264189898967743
1732437789609640257,0.4264189898967743
1732437789620188786,0.4264189898967743
1732437789620188786,0.4264189898967743
1732437789630581464,0.4264189898967743
1732437789630581464,0.4264189898967743
1732437789641114125,0.4264189898967743
1732437789641114125,0.4264189898967743
1732437789652696208,0.4264189898967743
1732437789652696208,0.4264189898967743
1732437789663149591,0.4264189898967743
1732437789663149591,0.4264189898967743
1732437789673406227,0.4264189898967743
1732437789673406227,0.4264189898967743
1732437789684266656,0.4264189898967743
1732437789684266656,0.4264189898967743
1732437789694723020,0.4264189898967743
1732437789694723020,0.4264189898967743
1732437789705166506,0.4264189898967743
1732437789705166506,0.4264189898967743
1732437789716619489,0.4264189898967743
1732437789716619489,0.4264189898967743
1732437789726835291,0.4264189898967743
1732437789726835291,0.4264189898967743
1732437789737155935,0.4264189898967743
1732437789737155935,0.4264189898967743
1732437789747220704,0.4264189898967743
1732437789759663219,0.4264189898967743
1732437789759663219,0.4264189898967743
1732437789759663219,0.4264189898967743
1732437789769972383,0.4264189898967743
1732437789769972383,0.4264189898967743
1732437789780530990,0.4264189898967743
1732437789780530990,0.4264189898967743
1732437789800811319,0.4264189898967743
1732437789800811319,0.4264189898967743
1732437789813559313,0.4264189898967743
1732437789813559313,0.4264189898967743
1732437789823906107,0.4264189898967743
1732437789823906107,0.4264189898967743
1732437789834256437,0.4264189898967743
1732437789834256437,0.4264189898967743
1732437789845869616,0.4264189898967743
1732437789845869616,0.4264189898967743
1732437789856319685,0.4264189898967743
1732437789856319685,0.4264189898967743
1732437789866513293,0.4264189898967743
1732437789866513293,0.4264189898967743
1732437789877053426,0.4264189898967743
1732437789877053426,0.4264189898967743
1732437789890213056,0.4264189898967743
1732437789890213056,0.4264189898967743
1732437789900778517,0.4264189898967743
1732437789900778517,0.4264189898967743
1732437789910940087,0.4264189898967743
1732437789910940087,0.4264189898967743
1732437789921188417,0.4264189898967743
1732437789921188417,0.4264189898967743
1732437789931601394,0.4264189898967743
1732437789931601394,0.4264189898967743
1732437789942188665,0.4264189898967743
1732437789942188665,0.4264189898967743
1732437789952522003,0.4264189898967743
1732437789952522003,0.4264189898967743
1732437789962630242,0.4264189898967743
1732437789962630242,0.4264189898967743
1732437789972804817,0.4264189898967743
1732437789972804817,0.4264189898967743
1732437789983211422,0.4264189898967743
1732437789983211422,0.4264189898967743
1732437789993334719,0.4264189898967743
1732437789993334719,0.4264189898967743
1732437790003561159,0.4264189898967743
1732437790003561159,0.4264189898967743
1732437790003561159,0.4264189898967743
1732437790003561159,0.4264189898967743
1732437790024615316,0.4264189898967743
1732437790024615316,0.4264189898967743
1732437790035049444,0.4264189898967743
1732437790035049444,0.4264189898967743
1732437790049475242,0.4264189898967743
1732437790049475242,0.4264189898967743
1732437790059668930,0.4264189898967743
1732437790059668930,0.4264189898967743
1732437790073217615,0.4264189898967743
1732437790073217615,0.4264189898967743
1732437790084094675,0.4264189898967743
1732437790084094675,0.4264189898967743
1732437790094166930,0.4264189898967743
1732437790094166930,0.4264189898967743
1732437790115256493,0.4264189898967743
1732437790115256493,0.4264189898967743
1732437790115256493,0.4264189898967743
1732437790115256493,0.4264189898967743
1732437790125516786,0.4264189898967743
1732437790125516786,0.4264189898967743
1732437790135971500,0.4264189898967743
1732437790135971500,0.4264189898967743
1732437790146443148,0.4264189898967743
1732437790146443148,0.4264189898967743
1732437790156905352,0.4264189898967743
1732437790156905352,0.4264189898967743
1732437790167052838,0.4264189898967743
1732437790167052838,0.4264189898967743
1732437790177297541,0.4264189898967743
1732437790177297541,0.4264189898967743
1732437790187489667,0.4264189898967743
1732437790187489667,0.4264189898967743
1732437790198092996,0.4264189898967743
1732437790198092996,0.4264189898967743
1732437790208351428,0.4264189898967743
1732437790208351428,0.4264189898967743
1732437790218884198,0.4264189898967743
1732437790218884198,0.4264189898967743
1732437790229328553,0.4264189898967743
1732437790229328553,0.4264189898967743
1732437790239902731,0.4264189898967743
1732437790239902731,0.4264189898967743
1732437790239902731,0.4264189898967743
1732437790239902731,0.4264189898967743
1732437790260504387,0.4264189898967743
1732437790260504387,0.4264189898967743
1732437790270745600,0.4264189898967743
1732437790270745600,0.4264189898967743
1732437790280922320,0.4264189898967743
1732437790280922320,0.4264189898967743
1732437790291203681,0.4264189898967743
1732437790291203681,0.4264189898967743
1732437790301320038,0.4264189898967743
1732437790301320038,0.4264189898967743
1732437790311855964,0.4264189898967743
1732437790311855964,0.4264189898967743
1732437790322348909,0.4264189898967743
1732437790322348909,0.4264189898967743
1732437790333056074,0.4264189898967743
1732437790333056074,0.4264189898967743
1732437790343237792,0.4264189898967743
1732437790343237792,0.4264189898967743
1732437790354373193,0.4264189898967743
1732437790364805787,0.4264189898967743
1732437790364805787,0.4264189898967743
1732437790364805787,0.4264189898967743
1732437790375406733,0.4264189898967743
1732437790375406733,0.4264189898967743
1732437790386109930,0.4264189898967743
1732437790386109930,0.4264189898967743
1732437790396806763,0.4264189898967743
1732437790396806763,0.4264189898967743
1732437790407343454,0.4264189898967743
1732437790407343454,0.4264189898967743
1732437790417361915,0.4264189898967743
1732437790417361915,0.4264189898967743
1732437790427881060,0.4264189898967743
1732437790427881060,0.4264189898967743
1732437790438255537,0.4264189898967743
1732437790438255537,0.4264189898967743
1732437790448372639,0.4264189898967743
1732437790448372639,0.4264189898967743
1732437790458524172,0.4264189898967743
1732437790458524172,0.4264189898967743
1732437790468988655,0.4264189898967743
1732437790468988655,0.4264189898967743
1732437790479640613,0.4264189898967743
1732437790479640613,0.4264189898967743
1732437790490315262,0.4264189898967743
1732437790490315262,0.4264189898967743
1732437790500843794,0.4264189898967743
1732437790500843794,0.4264189898967743
1732437790511109225,0.4264189898967743
1732437790511109225,0.4264189898967743
1732437790521988791,0.4264189898967743
1732437790521988791,0.4264189898967743
1732437790532591520,0.4264189898967743
1732437790532591520,0.4264189898967743
1732437790542702417,0.4264189898967743
1732437790542702417,0.4264189898967743
1732437790552955716,0.4264189898967743
1732437790552955716,0.4264189898967743
1732437790563289915,0.4264189898967743
1732437790563289915,0.4264189898967743
1732437790573843374,0.4264189898967743
1732437790573843374,0.4264189898967743
1732437790584092806,0.4264189898967743
1732437790584092806,0.4264189898967743
1732437790594680259,0.4264189898967743
1732437790594680259,0.4264189898967743
1732437790605957091,0.4264189898967743
1732437790605957091,0.4264189898967743
1732437790616372826,0.4264189898967743
1732437790616372826,0.4264189898967743
1732437790626981473,0.4264189898967743
1732437790626981473,0.4264189898967743
1732437790637266948,0.4264189898967743
1732437790637266948,0.4264189898967743
1732437790647685865,0.4264189898967743
1732437790647685865,0.4264189898967743
1732437790658555772,0.4264189898967743
1732437790658555772,0.4264189898967743
1732437790669168080,0.4264189898967743
1732437790669168080,0.4264189898967743
1732437790679974640,0.4264189898967743
1732437790679974640,0.4264189898967743
1732437790690169408,0.4264189898967743
1732437790690169408,0.4264189898967743
1732437790700372207,0.4264189898967743
1732437790700372207,0.4264189898967743
1732437790710542081,0.4264189898967743
1732437790710542081,0.4264189898967743
1732437790721045787,0.4264189898967743
1732437790721045787,0.4264189898967743
1732437790731368385,0.4264189898967743
1732437790731368385,0.4264189898967743
1732437790742012875,0.4264189898967743
1732437790742012875,0.4264189898967743
1732437790742012875,0.4264189898967743
1732437790742012875,0.4264189898967743
1732437790766431296,0.4264189898967743
1732437790766431296,0.4264189898967743
1732437790776519338,0.4264189898967743
1732437790776519338,0.4264189898967743
1732437790787208741,0.4264189898967743
1732437790787208741,0.4264189898967743
1732437790797734728,0.4264189898967743
1732437790797734728,0.4264189898967743
1732437790807939787,0.4264189898967743
1732437790807939787,0.4264189898967743
1732437790819866181,0.4264189898967743
1732437790819866181,0.4264189898967743
1732437790830574755,0.4264189898967743
1732437790830574755,0.4264189898967743
1732437790840891026,0.4264189898967743
1732437790840891026,0.4264189898967743
1732437790851564257,0.4264189898967743
1732437790851564257,0.4264189898967743
1732437790861664421,0.4264189898967743
1732437790861664421,0.4264189898967743
1732437790871936716,0.4264189898967743
1732437790871936716,0.4264189898967743
1732437790882596855,0.4264189898967743
1732437790882596855,0.4264189898967743
1732437790893254227,0.4264189898967743
1732437790893254227,0.4264189898967743
1732437790904723149,0.4264189898967743
1732437790904723149,0.4264189898967743
1732437790915232996,0.4264189898967743
1732437790915232996,0.4264189898967743
1732437790925407118,0.4264189898967743
1732437790925407118,0.4264189898967743
1732437790935491131,0.4264189898967743
1732437790935491131,0.4264189898967743
1732437790946860992,0.4264189898967743
1732437790946860992,0.4264189898967743
1732437790956958591,0.4264189898967743
1732437790956958591,0.4264189898967743
1732437790967470362,0.4264189898967743
1732437790967470362,0.4264189898967743
1732437790977948837,0.4264189898967743
1732437790977948837,0.4264189898967743
1732437790987978165,0.4264189898967743
1732437790987978165,0.4264189898967743
1732437790998345116,0.4264189898967743
1732437790998345116,0.4264189898967743
1732437791008609977,0.4264189898967743
1732437791008609977,0.4264189898967743
1732437791019116684,0.4264189898967743
1732437791019116684,0.4264189898967743
1732437791029547908,0.4264189898967743
1732437791029547908,0.4264189898967743
1732437791039914359,0.4264189898967743
1732437791039914359,0.4264189898967743
1732437791039914359,0.4264189898967743
1732437791039914359,0.4264189898967743
1732437791060372859,0.4264189898967743
1732437791060372859,0.4264189898967743
1732437791075579430,0.4264189898967743
1732437791075579430,0.4264189898967743
1732437791087834198,0.4264189898967743
1732437791087834198,0.4264189898967743
1732437791098332963,0.4264189898967743
1732437791098332963,0.4264189898967743
1732437791108591853,0.4264189898967743
1732437791108591853,0.4264189898967743
1732437791119053271,0.4264189898967743
1732437791119053271,0.4264189898967743
1732437791130137559,0.4264189898967743
1732437791130137559,0.4264189898967743
1732437791140492446,0.4264189898967743
1732437791140492446,0.4264189898967743
1732437791151141764,0.4264189898967743
1732437791151141764,0.4264189898967743
1732437791161531347,0.4264189898967743
1732437791161531347,0.4264189898967743
1732437791172542047,0.4264189898967743
1732437791172542047,0.4264189898967743
1732437791182647161,0.4264189898967743
1732437791182647161,0.4264189898967743
1732437791193268144,0.4264189898967743
1732437791193268144,0.4264189898967743
1732437791204291468,0.4264189898967743
1732437791204291468,0.4264189898967743
1732437791225517698,0.4264189898967743
1732437791225517698,0.4264189898967743
1732437791225517698,0.4264189898967743
1732437791225517698,0.4264189898967743
1732437791241983503,0.4264189898967743
1732437791241983503,0.4264189898967743
1732437791252544207,0.4264189898967743
1732437791252544207,0.4264189898967743
1732437791263241890,0.4264189898967743
1732437791263241890,0.4264189898967743
1732437791273942051,0.4264189898967743
1732437791273942051,0.4264189898967743
1732437791286755801,0.4264189898967743
1732437791286755801,0.4264189898967743
1732437791297306676,0.4264189898967743
1732437791297306676,0.4264189898967743
1732437791307733979,0.4264189898967743
1732437791307733979,0.4264189898967743
1732437791317882500,0.4264189898967743
1732437791317882500,0.4264189898967743
1732437791328162943,0.4264189898967743
1732437791328162943,0.4264189898967743
1732437791338322620,0.4264189898967743
1732437791338322620,0.4264189898967743
1732437791350499080,0.4264189898967743
1732437791350499080,0.4264189898967743
1732437791377163875,0.4264189898967743
1732437791377163875,0.4264189898967743
1732437791377163875,0.4264189898967743
1732437791377163875,0.4264189898967743
1732437791389389828,0.4264189898967743
1732437791389389828,0.4264189898967743
1732437791399540907,0.4264189898967743
1732437791399540907,0.4264189898967743
1732437791410175296,0.4264189898967743
1732437791410175296,0.4264189898967743
1732437791420639620,0.4264189898967743
1732437791420639620,0.4264189898967743
1732437791431334681,0.4264189898967743
1732437791431334681,0.4264189898967743
1732437791441714095,0.4264189898967743
1732437791451992130,0.4264189898967743
1732437791451992130,0.4264189898967743
1732437791451992130,0.4264189898967743
1732437791462114879,0.4264189898967743
1732437791462114879,0.4264189898967743
1732437791472712429,0.4264189898967743
1732437791472712429,0.4264189898967743
1732437791483177111,0.4264189898967743
1732437791483177111,0.4264189898967743
1732437791493462090,0.4264189898967743
1732437791493462090,0.4264189898967743
1732437791503702617,0.4264189898967743
1732437791503702617,0.4264189898967743
1732437791514028031,0.4264189898967743
1732437791514028031,0.4264189898967743
1732437791524667449,0.4264189898967743
1732437791524667449,0.4264189898967743
1732437791536462489,0.4264189898967743
1732437791536462489,0.4264189898967743
1732437791546621544,0.4264189898967743
1732437791546621544,0.4264189898967743
1732437791556893759,0.4264189898967743
1732437791556893759,0.4264189898967743
1732437791567153271,0.4264189898967743
1732437791567153271,0.4264189898967743
1732437791577321972,0.4264189898967743
1732437791577321972,0.4264189898967743
1732437791587340366,0.4264189898967743
1732437791587340366,0.4264189898967743
1732437791597404853,0.4264189898967743
1732437791597404853,0.4264189898967743
1732437791607906735,0.4264189898967743
1732437791607906735,0.4264189898967743
1732437791618441118,0.4264189898967743
1732437791618441118,0.4264189898967743
1732437791629133546,0.4264189898967743
1732437791629133546,0.4264189898967743
1732437791639557844,0.4264189898967743
1732437791639557844,0.4264189898967743
1732437791649942919,0.4264189898967743
1732437791649942919,0.4264189898967743
1732437791660362828,0.4264189898967743
1732437791660362828,0.4264189898967743
1732437791671142409,0.4264189898967743
1732437791671142409,0.4264189898967743
1732437791681362837,0.4264189898967743
1732437791681362837,0.4264189898967743
1732437791691793737,0.4264189898967743
1732437791691793737,0.4264189898967743
1732437791702345953,0.4264189898967743
1732437791702345953,0.4264189898967743
1732437791712570160,0.4264189898967743
1732437791712570160,0.4264189898967743
1732437791724898503,0.4264189898967743
1732437791724898503,0.4264189898967743
1732437791735643547,0.4264189898967743
1732437791735643547,0.4264189898967743
1732437791758260376,0.4264189898967743
1732437791758260376,0.4264189898967743
1732437791768500461,0.4264189898967743
1732437791768500461,0.4264189898967743
1732437791778659876,0.4264189898967743
1732437791778659876,0.4264189898967743
1732437791799236847,0.4264189898967743
1732437791799236847,0.4264189898967743
1732437791799236847,0.4264189898967743
1732437791799236847,0.4264189898967743
1732437791809774044,0.4264189898967743
1732437791809774044,0.4264189898967743
1732437791820681529,0.4264189898967743
1732437791820681529,0.4264189898967743
1732437791831071948,0.4264189898967743
1732437791831071948,0.4264189898967743
1732437791841522204,0.4264189898967743
1732437791841522204,0.4264189898967743
1732437791852271106,0.4264189898967743
1732437791852271106,0.4264189898967743
1732437791862643848,0.4264189898967743
1732437791862643848,0.4264189898967743
1732437791872819383,0.4264189898967743
1732437791872819383,0.4264189898967743
1732437791883361110,0.4264189898967743
1732437791883361110,0.4264189898967743
1732437791893685793,0.4264189898967743
1732437791893685793,0.4264189898967743
1732437791904439153,0.4264189898967743
1732437791904439153,0.4264189898967743
1732437791914834659,0.4264189898967743
1732437791914834659,0.4264189898967743
1732437791925345246,0.4264189898967743
1732437791925345246,0.4264189898967743
1732437791936782170,0.4264189898967743
1732437791936782170,0.4264189898967743
1732437791947995566,0.4264189898967743
1732437791947995566,0.4264189898967743
1732437791958079492,0.4264189898967743
1732437791958079492,0.4264189898967743
1732437791968171922,0.4264189898967743
1732437791968171922,0.4264189898967743
1732437791978904344,0.4264189898967743
1732437791978904344,0.4264189898967743
1732437791989454516,0.4264189898967743
1732437791989454516,0.4264189898967743
1732437791999983787,0.4264189898967743
1732437791999983787,0.4264189898967743
1732437792010311568,0.4264189898967743
1732437792010311568,0.4264189898967743
1732437792020663671,0.4264189898967743
1732437792020663671,0.4264189898967743
1732437792030992322,0.4264189898967743
1732437792030992322,0.4264189898967743
1732437792041517929,0.4264189898967743
1732437792041517929,0.4264189898967743
1732437792056357407,0.4264189898967743
1732437792056357407,0.4264189898967743
1732437792066743964,0.4264189898967743
1732437792066743964,0.4264189898967743
1732437792090829678,0.4264189898967743
1732437792090829678,0.4264189898967743
1732437792090829678,0.4264189898967743
1732437792090829678,0.4264189898967743
1732437792101411179,0.4264189898967743
1732437792101411179,0.4264189898967743
1732437792111931886,0.4264189898967743
1732437792111931886,0.4264189898967743
1732437792122375291,0.4264189898967743
1732437792122375291,0.4264189898967743
1732437792132751740,0.4264189898967743
1732437792132751740,0.4264189898967743
1732437792142881028,0.4264189898967743
1732437792142881028,0.4264189898967743
1732437792153288035,0.4264189898967743
1732437792153288035,0.4264189898967743
1732437792163919979,0.4264189898967743
1732437792163919979,0.4264189898967743
1732437792174325021,0.4264189898967743
1732437792174325021,0.4264189898967743
1732437792184534649,0.4264189898967743
1732437792184534649,0.4264189898967743
1732437792195052603,0.4264189898967743
1732437792195052603,0.4264189898967743
1732437792205398445,0.4264189898967743
1732437792205398445,0.4264189898967743
1732437792215797285,0.4264189898967743
1732437792215797285,0.4264189898967743
1732437792226125215,0.4264189898967743
1732437792226125215,0.4264189898967743
1732437792236391468,0.4264189898967743
1732437792236391468,0.4264189898967743
1732437792246516479,0.4264189898967743
1732437792246516479,0.4264189898967743
1732437792257152091,0.4264189898967743
1732437792257152091,0.4264189898967743
1732437792267417423,0.4264189898967743
1732437792267417423,0.4264189898967743
1732437792277782230,0.4264189898967743
1732437792277782230,0.4264189898967743
1732437792287902499,0.4264189898967743
1732437792287902499,0.4264189898967743
1732437792298022905,0.4264189898967743
1732437792298022905,0.4264189898967743
1732437792308230507,0.4264189898967743
1732437792318287965,0.4264189898967743
1732437792318287965,0.4264189898967743
1732437792318287965,0.4264189898967743
1732437792328456336,0.4264189898967743
1732437792328456336,0.4264189898967743
1732437792338555140,0.4264189898967743
1732437792338555140,0.4264189898967743
1732437792348649232,0.4264189898967743
1732437792348649232,0.4264189898967743
1732437792359093658,0.4264189898967743
1732437792359093658,0.4264189898967743
1732437792369518137,0.4264189898967743
1732437792369518137,0.4264189898967743
1732437792379980376,0.4264189898967743
1732437792379980376,0.4264189898967743
1732437792390808926,0.4264189898967743
1732437792390808926,0.4264189898967743
1732437792401285180,0.4264189898967743
1732437792401285180,0.4264189898967743
1732437792411596770,0.4264189898967743
1732437792411596770,0.4264189898967743
1732437792422271173,0.4264189898967743
1732437792422271173,0.4264189898967743
1732437792432487193,0.4264189898967743
1732437792432487193,0.4264189898967743
1732437792453610111,0.4264189898967743
1732437792453610111,0.4264189898967743
1732437792453610111,0.4264189898967743
1732437792453610111,0.4264189898967743
1732437792464184679,0.4264189898967743
1732437792464184679,0.4264189898967743
1732437792476390851,0.4264189898967743
1732437792476390851,0.4264189898967743
1732437792486615492,0.4264189898967743
1732437792486615492,0.4264189898967743
1732437792497401302,0.4264189898967743
1732437792497401302,0.4264189898967743
1732437792507646346,0.4264189898967743
1732437792507646346,0.4264189898967743
1732437792518774236,0.4264189898967743
1732437792518774236,0.4264189898967743
1732437792529191140,0.4264189898967743
1732437792529191140,0.4264189898967743
1732437792539437956,0.4264189898967743
1732437792539437956,0.4264189898967743
1732437792549659378,0.4264189898967743
1732437792549659378,0.4264189898967743
1732437792559982688,0.4264189898967743
1732437792559982688,0.4264189898967743
1732437792570405754,0.4264189898967743
1732437792570405754,0.4264189898967743
1732437792581075277,0.4264189898967743
1732437792581075277,0.4264189898967743
1732437792591587300,0.4264189898967743
1732437792591587300,0.4264189898967743
1732437792601900978,0.4264189898967743
1732437792601900978,0.4264189898967743
1732437792612204124,0.4264189898967743
1732437792612204124,0.4264189898967743
1732437792622386493,0.4264189898967743
1732437792622386493,0.4264189898967743
1732437792632997007,0.4264189898967743
1732437792632997007,0.4264189898967743
1732437792643102331,0.4264189898967743
1732437792643102331,0.4264189898967743
1732437792654581263,0.4264189898967743
1732437792654581263,0.4264189898967743
1732437792665360603,0.4264189898967743
1732437792665360603,0.4264189898967743
1732437792675826458,0.4264189898967743
1732437792675826458,0.4264189898967743
1732437792686276363,0.4264189898967743
1732437792686276363,0.4264189898967743
1732437792696845232,0.4264189898967743
1732437792696845232,0.4264189898967743
1732437792706937491,0.4264189898967743
1732437792706937491,0.4264189898967743
1732437792717072260,0.4264189898967743
1732437792717072260,0.4264189898967743
1732437792727215805,0.4264189898967743
1732437792727215805,0.4264189898967743
1732437792737466922,0.4264189898967743
1732437792737466922,0.4264189898967743
1732437792747811100,0.4264189898967743
1732437792747811100,0.4264189898967743
1732437792760380562,0.4264189898967743
1732437792760380562,0.4264189898967743
1732437792773529624,0.4264189898967743
1732437792773529624,0.4264189898967743
1732437792783936249,0.4264189898967743
1732437792783936249,0.4264189898967743
1732437792794438101,0.4264189898967743
1732437792794438101,0.4264189898967743
1732437792805437241,0.4264189898967743
1732437792805437241,0.4264189898967743
1732437792818149488,0.4264189898967743
1732437792818149488,0.4264189898967743
1732437792828378993,0.4264189898967743
1732437792828378993,0.4264189898967743
1732437792838452309,0.4264189898967743
1732437792838452309,0.4264189898967743
1732437792848818338,0.4264189898967743
1732437792848818338,0.4264189898967743
1732437792859071176,0.4264189898967743
1732437792859071176,0.4264189898967743
1732437792871417625,0.4264189898967743
1732437792871417625,0.4264189898967743
1732437792881855728,0.4264189898967743
1732437792881855728,0.4264189898967743
1732437792892419366,0.4264189898967743
1732437792892419366,0.4264189898967743
1732437792903007919,0.4264189898967743
1732437792903007919,0.4264189898967743
1732437792913337542,0.4264189898967743
1732437792913337542,0.4264189898967743
1732437792923981359,0.4264189898967743
1732437792923981359,0.4264189898967743
1732437792934570984,0.4264189898967743
1732437792934570984,0.4264189898967743
1732437792944909914,0.4264189898967743
1732437792944909914,0.4264189898967743
1732437792955661171,0.4264189898967743
1732437792955661171,0.4264189898967743
1732437792965854689,0.4264189898967743
1732437792965854689,0.4264189898967743
1732437792976127856,0.4264189898967743
1732437792976127856,0.4264189898967743
1732437792986494447,0.4264189898967743
1732437792986494447,0.4264189898967743
1732437792997239642,0.4264189898967743
1732437792997239642,0.4264189898967743
1732437793007396091,0.4264189898967743
1732437793007396091,0.4264189898967743
1732437793017619657,0.4264189898967743
1732437793017619657,0.4264189898967743
1732437793028096943,0.4264189898967743
1732437793028096943,0.4264189898967743
1732437793038614425,0.4264189898967743
1732437793038614425,0.4264189898967743
1732437793049015490,0.4264189898967743
1732437793049015490,0.4264189898967743
1732437793059474884,0.4264189898967743
1732437793059474884,0.4264189898967743
1732437793069683199,0.4264189898967743
1732437793069683199,0.4264189898967743
1732437793080051008,0.4264189898967743
1732437793080051008,0.4264189898967743
1732437793090557675,0.4264189898967743
1732437793090557675,0.4264189898967743
1732437793102945718,0.4264189898967743
1732437793102945718,0.4264189898967743
1732437793113304090,0.4264189898967743
1732437793113304090,0.4264189898967743
1732437793123976285,0.4264189898967743
1732437793123976285,0.4264189898967743
1732437793134371417,0.4264189898967743
1732437793134371417,0.4264189898967743
1732437793144632578,0.4264189898967743
1732437793144632578,0.4264189898967743
1732437793154719984,0.4264189898967743
1732437793154719984,0.4264189898967743
1732437793164987726,0.4264189898967743
1732437793164987726,0.4264189898967743
1732437793175413300,0.4264189898967743
1732437793175413300,0.4264189898967743
1732437793185570933,0.4264189898967743
1732437793185570933,0.4264189898967743
1732437793196164345,0.4264189898967743
1732437793196164345,0.4264189898967743
1732437793206295307,0.4264189898967743
1732437793206295307,0.4264189898967743
1732437793216816076,0.4264189898967743
1732437793216816076,0.4264189898967743
1732437793227101155,0.4264189898967743
1732437793227101155,0.4264189898967743
1732437793237464419,0.4264189898967743
1732437793237464419,0.4264189898967743
1732437793247910659,0.4264189898967743
1732437793247910659,0.4264189898967743
1732437793259938442,0.4264189898967743
1732437793259938442,0.4264189898967743
1732437793270402293,0.4264189898967743
1732437793270402293,0.4264189898967743
1732437793280866838,0.4264189898967743
1732437793280866838,0.4264189898967743
1732437793291524720,0.4264189898967743
1732437793291524720,0.4264189898967743
1732437793301758092,0.4264189898967743
1732437793301758092,0.4264189898967743
1732437793312090852,0.4264189898967743
1732437793312090852,0.4264189898967743
1732437793322515450,0.4264189898967743
1732437793322515450,0.4264189898967743
1732437793333034874,0.4264189898967743
1732437793333034874,0.4264189898967743
1732437793343704591,0.4264189898967743
1732437793343704591,0.4264189898967743
1732437793354329753,0.4264189898967743
1732437793354329753,0.4264189898967743
1732437793364935698,0.4264189898967743
1732437793364935698,0.4264189898967743
1732437793375535895,0.4264189898967743
1732437793375535895,0.4264189898967743
1732437793385996210,0.4264189898967743
1732437793385996210,0.4264189898967743
1732437793396720286,0.4264189898967743
1732437793396720286,0.4264189898967743
1732437793407096887,0.4264189898967743
1732437793407096887,0.4264189898967743
1732437793417195648,0.4264189898967743
1732437793417195648,0.4264189898967743
1732437793427399956,0.4264189898967743
1732437793427399956,0.4264189898967743
1732437793437704813,0.4264189898967743
1732437793437704813,0.4264189898967743
1732437793447863473,0.4264189898967743
1732437793447863473,0.4264189898967743
1732437793458345151,0.4264189898967743
1732437793458345151,0.4264189898967743
1732437793468680014,0.4264189898967743
1732437793468680014,0.4264189898967743
1732437793479012591,0.4264189898967743
1732437793479012591,0.4264189898967743
1732437793489557259,0.4264189898967743
1732437793489557259,0.4264189898967743
1732437793499971704,0.4264189898967743
1732437793499971704,0.4264189898967743
1732437793510333435,0.4264189898967743
1732437793510333435,0.4264189898967743
1732437793521011745,0.4264189898967743
1732437793521011745,0.4264189898967743
1732437793532103017,0.4264189898967743
1732437793532103017,0.4264189898967743
1732437793542838293,0.4264189898967743
1732437793542838293,0.4264189898967743
1732437793553241231,0.4264189898967743
1732437793553241231,0.4264189898967743
1732437793563419913,0.4264189898967743
1732437793563419913,0.4264189898967743
1732437793573786143,0.4264189898967743
1732437793573786143,0.4264189898967743
1732437793584659557,0.4264189898967743
1732437793584659557,0.4264189898967743
1732437793595091120,0.4264189898967743
1732437793595091120,0.4264189898967743
1732437793605690003,0.4264189898967743
1732437793605690003,0.4264189898967743
1732437793616219145,0.4264189898967743
1732437793616219145,0.4264189898967743
1732437793626352263,0.4264189898967743
1732437793626352263,0.4264189898967743
1732437793637145467,0.4264189898967743
1732437793637145467,0.4264189898967743
1732437793647282330,0.4264189898967743
1732437793647282330,0.4264189898967743
1732437793657778684,0.4264189898967743
1732437793657778684,0.4264189898967743
1732437793668115588,0.4264189898967743
1732437793668115588,0.4264189898967743
1732437793678235410,0.4264189898967743
1732437793678235410,0.4264189898967743
1732437793688704963,0.4264189898967743
1732437793688704963,0.4264189898967743
1732437793699370610,0.4264189898967743
1732437793699370610,0.4264189898967743
1732437793709684762,0.4264189898967743
1732437793709684762,0.4264189898967743
1732437793720388669,0.4264189898967743
1732437793720388669,0.4264189898967743
1732437793730707955,0.4264189898967743
1732437793730707955,0.4264189898967743
1732437793741014714,0.4264189898967743
1732437793741014714,0.4264189898967743
1732437793754709372,0.4264189898967743
1732437793754709372,0.4264189898967743
1732437793765090349,0.4264189898967743
1732437793765090349,0.4264189898967743
1732437793775446881,0.4264189898967743
1732437793775446881,0.4264189898967743
1732437793785969493,0.4264189898967743
1732437793785969493,0.4264189898967743
1732437793796473936,0.4264189898967743
1732437793796473936,0.4264189898967743
1732437793807073133,0.4264189898967743
1732437793807073133,0.4264189898967743
1732437793817316115,0.4264189898967743
1732437793817316115,0.4264189898967743
1732437793827435565,0.4264189898967743
1732437793827435565,0.4264189898967743
1732437793837949536,0.4264189898967743
1732437793837949536,0.4264189898967743
1732437793848209971,0.4264189898967743
1732437793848209971,0.4264189898967743
1732437793858679777,0.4264189898967743
1732437793858679777,0.4264189898967743
1732437793868954446,0.4264189898967743
1732437793868954446,0.4264189898967743
1732437793879498218,0.4264189898967743
1732437793879498218,0.4264189898967743
1732437793889843284,0.4264189898967743
1732437793889843284,0.4264189898967743
1732437793900449664,0.4264189898967743
1732437793900449664,0.4264189898967743
1732437793910803302,0.4264189898967743
1732437793910803302,0.4264189898967743
1732437793922390885,0.4264189898967743
1732437793922390885,0.4264189898967743
1732437793933095205,0.4264189898967743
1732437793933095205,0.4264189898967743
1732437793943231568,0.4264189898967743
1732437793943231568,0.4264189898967743
1732437793954316997,0.4264189898967743
1732437793954316997,0.4264189898967743
1732437793964940886,0.4264189898967743
1732437793964940886,0.4264189898967743
1732437793975412984,0.4264189898967743
1732437793975412984,0.4264189898967743
1732437793986034308,0.4264189898967743
1732437793986034308,0.4264189898967743
1732437793996511575,0.4264189898967743
1732437793996511575,0.4264189898967743
1732437794006955150,0.4264189898967743
1732437794006955150,0.4264189898967743
1732437794017722837,0.4264189898967743
1732437794017722837,0.4264189898967743
1732437794027999350,0.4264189898967743
1732437794027999350,0.4264189898967743
1732437794038116487,0.4264189898967743
1732437794038116487,0.4264189898967743
1732437794050380621,0.4264189898967743
1732437794050380621,0.4264189898967743
1732437794060852247,0.4264189898967743
1732437794060852247,0.4264189898967743
1732437794074444965,0.4264189898967743
1732437794074444965,0.4264189898967743
1732437794084862820,0.4264189898967743
1732437794084862820,0.4264189898967743
1732437794096451138,0.4264189898967743
1732437794096451138,0.4264189898967743
1732437794109894255,0.4264189898967743
1732437794109894255,0.4264189898967743
1732437794120068929,0.4264189898967743
1732437794120068929,0.4264189898967743
1732437794130822621,0.4264189898967743
1732437794130822621,0.4264189898967743
1732437794142145171,0.4264189898967743
1732437794142145171,0.4264189898967743
1732437794153168195,0.4264189898967743
1732437794153168195,0.4264189898967743
1732437794163313703,0.4264189898967743
1732437794163313703,0.4264189898967743
1732437794174410583,0.4264189898967743
1732437794174410583,0.4264189898967743
1732437794185098384,0.4264189898967743
1732437794185098384,0.4264189898967743
1732437794195549682,0.4264189898967743
1732437794195549682,0.4264189898967743
1732437794205872461,0.4264189898967743
1732437794205872461,0.4264189898967743
1732437794216436761,0.4264189898967743
1732437794216436761,0.4264189898967743
1732437794226579524,0.4264189898967743
1732437794226579524,0.4264189898967743
1732437794239644660,0.4264189898967743
1732437794239644660,0.4264189898967743
1732437794249873604,0.4264189898967743
1732437794249873604,0.4264189898967743
1732437794260480602,0.4264189898967743
1732437794260480602,0.4264189898967743
1732437794271485593,0.4264189898967743
1732437794271485593,0.4264189898967743
1732437794282152351,0.4264189898967743
1732437794282152351,0.4264189898967743
1732437794292627605,0.4264189898967743
1732437794292627605,0.4264189898967743
1732437794303558155,0.4264189898967743
1732437794303558155,0.4264189898967743
1732437794314324289,0.4264189898967743
1732437794314324289,0.4264189898967743
1732437794329360876,0.4264189898967743
1732437794329360876,0.4264189898967743
1732437794342422514,0.4264189898967743
1732437794342422514,0.4264189898967743
1732437794352954614,0.4264189898967743
1732437794352954614,0.4264189898967743
1732437794364021068,0.4264189898967743
1732437794364021068,0.4264189898967743
1732437794378685331,0.4264189898967743
1732437794378685331,0.4264189898967743
1732437794389685861,0.4264189898967743
1732437794389685861,0.4264189898967743
1732437794400338534,0.4264189898967743
1732437794400338534,0.4264189898967743
1732437794410508460,0.4264189898967743
1732437794410508460,0.4264189898967743
1732437794421445503,0.4264189898967743
1732437794421445503,0.4264189898967743
1732437794432950894,0.4264189898967743
1732437794432950894,0.4264189898967743
1732437794443359443,0.4264189898967743
1732437794454045288,0.4264189898967743
1732437794454045288,0.4264189898967743
1732437794454045288,0.4264189898967743
1732437794454045288,0.4264189898967743
1732437794485537722,0.4264189898967743
1732437794485537722,0.4264189898967743
1732437794485537722,0.4264189898967743
1732437794485537722,0.4264189898967743
1732437794495932235,0.4264189898967743
1732437794507102151,0.4264189898967743
1732437794507102151,0.4264189898967743
1732437794507102151,0.4264189898967743
1732437794517691959,0.4264189898967743
1732437794528802120,0.4264189898967743
1732437794544098332,0.4264189898967743
1732437794544098332,0.4264189898967743
1732437794544098332,0.4264189898967743
1732437794566546477,0.4264189898967743
1732437794566546477,0.4264189898967743
1732437794577634031,0.4264189898967743
1732437794589057910,0.4264189898967743
1732437794589057910,0.4264189898967743
1732437794589057910,0.4264189898967743
1732437794603760364,0.4264189898967743
1732437794603760364,0.4264189898967743
1732437794614496112,0.4264189898967743
1732437794614496112,0.4264189898967743
1732437794638655383,0.4264189898967743
1732437794638655383,0.4264189898967743
1732437794638655383,0.4264189898967743
1732437794638655383,0.4264189898967743
1732437794648998399,0.4264189898967743
1732437794648998399,0.4264189898967743
1732437794659575934,0.4264189898967743
1732437794659575934,0.4264189898967743
1732437794669722504,0.4264189898967743
1732437794669722504,0.4264189898967743
1732437794680091966,0.4264189898967743
1732437794680091966,0.4264189898967743
1732437794690568423,0.4264189898967743
1732437794690568423,0.4264189898967743
1732437794701108720,0.4264189898967743
1732437794701108720,0.4264189898967743
1732437794711620522,0.4264189898967743
1732437794711620522,0.4264189898967743
1732437794723136513,0.4264189898967743
1732437794733581940,0.4264189898967743
1732437794733581940,0.4264189898967743
1732437794744001981,0.4264189898967743
1732437794744001981,0.4264189898967743
1732437794754602136,0.4264189898967743
1732437794754602136,0.4264189898967743
1732437794764759858,0.4264189898967743
1732437794764759858,0.4264189898967743
1732437794775073571,0.4264189898967743
1732437794775073571,0.4264189898967743
1732437794785433439,0.4264189898967743
1732437794785433439,0.4264189898967743
1732437794795966690,0.4264189898967743
1732437794806236631,0.4264189898967743
1732437794816945569,0.4264189898967743
1732437794816945569,0.4264189898967743
1732437794816945569,0.4264189898967743
1732437794827091080,0.4264189898967743
1732437794827091080,0.4264189898967743
1732437794827091080,0.4264189898967743
1732437794837395634,0.4264189898967743
1732437794837395634,0.4264189898967743
1732437794847853284,0.4264189898967743
1732437794857862240,0.4264189898967743
1732437794857862240,0.4264189898967743
1732437794857862240,0.4264189898967743
1732437794868202511,0.4264189898967743
1732437794868202511,0.4264189898967743
1732437794878808688,0.4264189898967743
1732437794878808688,0.4264189898967743
1732437794889192802,0.4264189898967743
1732437794889192802,0.4264189898967743
1732437794899587154,0.4264189898967743
1732437794899587154,0.4264189898967743
1732437794910358508,0.4264189898967743
1732437794910358508,0.4264189898967743
1732437794920724048,0.4264189898967743
1732437794920724048,0.4264189898967743
1732437794931271665,0.4264189898967743
1732437794931271665,0.4264189898967743
1732437794941956499,0.4264189898967743
1732437794941956499,0.4264189898967743
1732437794952566985,0.4264189898967743
1732437794952566985,0.4264189898967743
1732437794962851662,0.4264189898967743
1732437794962851662,0.4264189898967743
1732437794973240285,0.4264189898967743
1732437794973240285,0.4264189898967743
1732437794984178560,0.4264189898967743
1732437794984178560,0.4264189898967743
1732437794994644776,0.4264189898967743
1732437794994644776,0.4264189898967743
1732437795005325763,0.4264189898967743
1732437795005325763,0.4264189898967743
1732437795015495807,0.4264189898967743
1732437795015495807,0.4264189898967743
1732437795026161045,0.4264189898967743
1732437795026161045,0.4264189898967743
1732437795036833154,0.4264189898967743
1732437795036833154,0.4264189898967743
1732437795047248695,0.4264189898967743
1732437795047248695,0.4264189898967743
1732437795057514600,0.4264189898967743
1732437795057514600,0.4264189898967743
1732437795068445821,0.4264189898967743
1732437795068445821,0.4264189898967743
1732437795078663033,0.4264189898967743
1732437795078663033,0.4264189898967743
1732437795089120845,0.4264189898967743
1732437795089120845,0.4264189898967743
1732437795099404982,0.4264189898967743
1732437795099404982,0.4264189898967743
1732437795110072544,0.4264189898967743
1732437795110072544,0.4264189898967743
1732437795120760663,0.4264189898967743
1732437795120760663,0.4264189898967743
1732437795131449374,0.4264189898967743
1732437795131449374,0.4264189898967743
1732437795142141572,0.4264189898967743
1732437795142141572,0.4264189898967743
1732437795152717762,0.4264189898967743
1732437795152717762,0.4264189898967743
1732437795163525676,0.4264189898967743
1732437795163525676,0.4264189898967743
1732437795184368482,0.4264189898967743
1732437795184368482,0.4264189898967743
1732437795184368482,0.4264189898967743
1732437795184368482,0.4264189898967743
1732437795194847913,0.4264189898967743
1732437795194847913,0.4264189898967743
1732437795205487191,0.4264189898967743
1732437795205487191,0.4264189898967743
1732437795215679685,0.4264189898967743
1732437795215679685,0.4264189898967743
1732437795226237541,0.4264189898967743
1732437795226237541,0.4264189898967743
1732437795236823682,0.4264189898967743
1732437795236823682,0.4264189898967743
1732437795247445801,0.4264189898967743
1732437795247445801,0.4264189898967743
1732437795258038855,0.4264189898967743
1732437795258038855,0.4264189898967743
1732437795268295290,0.4264189898967743
1732437795268295290,0.4264189898967743
1732437795278801240,0.4264189898967743
1732437795278801240,0.4264189898967743
1732437795289492356,0.4264189898967743
1732437795289492356,0.4264189898967743
1732437795299929598,0.4264189898967743
1732437795299929598,0.4264189898967743
1732437795310363475,0.4264189898967743
1732437795310363475,0.4264189898967743
1732437795310363475,0.4264189898967743
1732437795310363475,0.4264189898967743
1732437795331220737,0.4264189898967743
1732437795331220737,0.4264189898967743
1732437795341736867,0.4264189898967743
1732437795352466443,0.4264189898967743
1732437795352466443,0.4264189898967743
1732437795352466443,0.4264189898967743
1732437795363077550,0.4264189898967743
1732437795363077550,0.4264189898967743
1732437795373350276,0.4264189898967743
1732437795373350276,0.4264189898967743
1732437795383596723,0.4264189898967743
1732437795383596723,0.4264189898967743
1732437795394627170,0.4264189898967743
1732437795394627170,0.4264189898967743
1732437795405090461,0.4264189898967743
1732437795405090461,0.4264189898967743
1732437795415673365,0.4264189898967743
1732437795415673365,0.4264189898967743
1732437795425828572,0.4264189898967743
1732437795425828572,0.4264189898967743
1732437795436674195,0.4264189898967743
1732437795436674195,0.4264189898967743
1732437795447263330,0.4264189898967743
1732437795470344224,0.4264189898967743
1732437795470344224,0.4264189898967743
1732437795470344224,0.4264189898967743
1732437795490696917,0.4264189898967743
1732437795490696917,0.4264189898967743
1732437795500983144,0.4264189898967743
1732437795500983144,0.4264189898967743
1732437795511460691,0.4264189898967743
1732437795511460691,0.4264189898967743
1732437795521975659,0.4264189898967743
1732437795521975659,0.4264189898967743
1732437795532491000,0.4264189898967743
1732437795532491000,0.4264189898967743
1732437795542751324,0.4264189898967743
1732437795542751324,0.4264189898967743
1732437795552804541,0.4264189898967743
1732437795552804541,0.4264189898967743
1732437795563475388,0.4264189898967743
1732437795563475388,0.4264189898967743
1732437795574169891,0.4264189898967743
1732437795574169891,0.4264189898967743
1732437795584680108,0.4264189898967743
1732437795584680108,0.4264189898967743
1732437795594948548,0.4264189898967743
1732437795594948548,0.4264189898967743
1732437795605223597,0.4264189898967743
1732437795605223597,0.4264189898967743
1732437795615691618,0.4264189898967743
1732437795615691618,0.4264189898967743
1732437795626228315,0.4264189898967743
1732437795626228315,0.4264189898967743
1732437795636696474,0.4264189898967743
1732437795636696474,0.4264189898967743
1732437795646784869,0.4264189898967743
1732437795646784869,0.4264189898967743
1732437795657325994,0.4264189898967743
1732437795657325994,0.4264189898967743
1732437795667620171,0.4264189898967743
1732437795667620171,0.4264189898967743
1732437795677903707,0.4264189898967743
1732437795677903707,0.4264189898967743
1732437795688439913,0.4264189898967743
1732437795688439913,0.4264189898967743
1732437795698920096,0.4264189898967743
1732437795698920096,0.4264189898967743
1732437795709331740,0.4264189898967743
1732437795709331740,0.4264189898967743
1732437795719748886,0.4264189898967743
1732437795719748886,0.4264189898967743
1732437795730317743,0.4264189898967743
1732437795730317743,0.4264189898967743
1732437795740946809,0.4264189898967743
1732437795740946809,0.4264189898967743
1732437795751034684,0.4264189898967743
1732437795751034684,0.4264189898967743
1732437795761788075,0.4264189898967743
1732437795761788075,0.4264189898967743
1732437795772003345,0.4264189898967743
1732437795772003345,0.4264189898967743
1732437795782470634,0.4264189898967743
1732437795782470634,0.4264189898967743
1732437795793121510,0.4264189898967743
1732437795793121510,0.4264189898967743
1732437795803531602,0.4264189898967743
1732437795803531602,0.4264189898967743
1732437795813928933,0.4264189898967743
1732437795813928933,0.4264189898967743
1732437795825130850,0.4264189898967743
1732437795825130850,0.4264189898967743
1732437795835315572,0.4264189898967743
1732437795835315572,0.4264189898967743
1732437795845783141,0.4264189898967743
1732437795856110980,0.4264189898967743
1732437795856110980,0.4264189898967743
1732437795856110980,0.4264189898967743
1732437795879031104,0.4264189898967743
1732437795879031104,0.4264189898967743
1732437795879031104,0.4264189898967743
1732437795879031104,0.4264189898967743
1732437795889772352,0.4264189898967743
1732437795889772352,0.4264189898967743
1732437795900254488,0.4264189898967743
1732437795900254488,0.4264189898967743
1732437795911512999,0.4264189898967743
1732437795911512999,0.4264189898967743
1732437795933083030,0.4264189898967743
1732437795933083030,0.4264189898967743
1732437795933083030,0.4264189898967743
1732437795933083030,0.4264189898967743
1732437795954415588,0.4264189898967743
1732437795954415588,0.4264189898967743
1732437795964619175,0.4264189898967743
1732437795964619175,0.4264189898967743
1732437795975255585,0.4264189898967743
1732437795975255585,0.4264189898967743
1732437795985391158,0.4264189898967743
1732437795985391158,0.4264189898967743
1732437795995935507,0.4264189898967743
1732437795995935507,0.4264189898967743
1732437796006081301,0.4264189898967743
1732437796006081301,0.4264189898967743
1732437796016718094,0.4264189898967743
1732437796016718094,0.4264189898967743
1732437796026812961,0.4264189898967743
1732437796026812961,0.4264189898967743
1732437796037176826,0.4264189898967743
1732437796037176826,0.4264189898967743
1732437796047263757,0.4264189898967743
1732437796047263757,0.4264189898967743
1732437796057408945,0.4264189898967743
1732437796057408945,0.4264189898967743
1732437796068580333,0.4264189898967743
1732437796068580333,0.4264189898967743
1732437796079001798,0.4264189898967743
1732437796079001798,0.4264189898967743
1732437796089461251,0.4264189898967743
1732437796089461251,0.4264189898967743
1732437796100173146,0.4264189898967743
1732437796100173146,0.4264189898967743
1732437796110662912,0.4264189898967743
1732437796110662912,0.4264189898967743
1732437796121144661,0.4264189898967743
1732437796121144661,0.4264189898967743
1732437796131335635,0.4264189898967743
1732437796131335635,0.4264189898967743
1732437796141813774,0.4264189898967743
1732437796141813774,0.4264189898967743
1732437796153805010,0.4264189898967743
1732437796153805010,0.4264189898967743
1732437796163992347,0.4264189898967743
1732437796163992347,0.4264189898967743
1732437796174525318,0.4264189898967743
1732437796174525318,0.4264189898967743
1732437796185184002,0.4264189898967743
1732437796185184002,0.4264189898967743
1732437796195687559,0.4264189898967743
1732437796195687559,0.4264189898967743
1732437796206205567,0.4264189898967743
1732437796206205567,0.4264189898967743
1732437796216522891,0.4264189898967743
1732437796216522891,0.4264189898967743
1732437796226701061,0.4264189898967743
1732437796226701061,0.4264189898967743
1732437796237255732,0.4264189898967743
1732437796237255732,0.4264189898967743
1732437796247456204,0.4264189898967743
1732437796247456204,0.4264189898967743
1732437796258055419,0.4264189898967743
1732437796258055419,0.4264189898967743
1732437796268173175,0.4264189898967743
1732437796268173175,0.4264189898967743
1732437796278789040,0.4264189898967743
1732437796278789040,0.4264189898967743
1732437796288914433,0.4264189898967743
1732437796288914433,0.4264189898967743
1732437796299433717,0.4264189898967743
1732437796299433717,0.4264189898967743
1732437796309957912,0.4264189898967743
1732437796309957912,0.4264189898967743
1732437796321296542,0.4264189898967743
1732437796321296542,0.4264189898967743
1732437796333674169,0.4264189898967743
1732437796333674169,0.4264189898967743
1732437796345282591,0.4264189898967743
1732437796345282591,0.4264189898967743
1732437796355646579,0.4264189898967743
1732437796355646579,0.4264189898967743
1732437796365900670,0.4264189898967743
1732437796365900670,0.4264189898967743
1732437796376449270,0.4264189898967743
1732437796376449270,0.4264189898967743
1732437796386550176,0.4264189898967743
1732437796386550176,0.4264189898967743
1732437796397047020,0.4264189898967743
1732437796397047020,0.4264189898967743
1732437796407135493,0.4264189898967743
1732437796407135493,0.4264189898967743
1732437796417327538,0.4264189898967743
1732437796417327538,0.4264189898967743
1732437796427523442,0.4264189898967743
1732437796427523442,0.4264189898967743
1732437796437780168,0.4264189898967743
1732437796437780168,0.4264189898967743
1732437796448017259,0.4264189898967743
1732437796448017259,0.4264189898967743
1732437796458612805,0.4264189898967743
1732437796469013070,0.4264189898967743
1732437796469013070,0.4264189898967743
1732437796469013070,0.4264189898967743
1732437796479612644,0.4264189898967743
1732437796479612644,0.4264189898967743
1732437796490157418,0.4264189898967743
1732437796490157418,0.4264189898967743
1732437796500745701,0.4264189898967743
1732437796500745701,0.4264189898967743
1732437796511257792,0.4264189898967743
1732437796511257792,0.4264189898967743
1732437796521694665,0.4264189898967743
1732437796521694665,0.4264189898967743
1732437796533045327,0.4264189898967743
1732437796533045327,0.4264189898967743
1732437796543283941,0.4264189898967743
1732437796543283941,0.4264189898967743
1732437796553448866,0.4264189898967743
1732437796553448866,0.4264189898967743
1732437796567738271,0.4264189898967743
1732437796567738271,0.4264189898967743
1732437796578261202,0.4264189898967743
1732437796578261202,0.4264189898967743
1732437796594176635,0.4264189898967743
1732437796594176635,0.4264189898967743
1732437796604433301,0.4264189898967743
1732437796604433301,0.4264189898967743
1732437796615221498,0.4264189898967743
1732437796615221498,0.4264189898967743
1732437796625868380,0.4264189898967743
1732437796625868380,0.4264189898967743
1732437796636287780,0.4264189898967743
1732437796636287780,0.4264189898967743
1732437796646643540,0.4264189898967743
1732437796646643540,0.4264189898967743
1732437796657480358,0.4264189898967743
1732437796657480358,0.4264189898967743
1732437796667898344,0.4264189898967743
1732437796667898344,0.4264189898967743
1732437796678091121,0.4264189898967743
1732437796678091121,0.4264189898967743
1732437796688618531,0.4264189898967743
1732437796688618531,0.4264189898967743
1732437796698970246,0.4264189898967743
1732437796698970246,0.4264189898967743
1732437796709819274,0.4264189898967743
1732437796709819274,0.4264189898967743
1732437796720580530,0.4264189898967743
1732437796720580530,0.4264189898967743
1732437796731064701,0.4264189898967743
1732437796731064701,0.4264189898967743
1732437796741327764,0.4264189898967743
1732437796741327764,0.4264189898967743
1732437796751622576,0.4264189898967743
1732437796751622576,0.4264189898967743
1732437796761804693,0.4264189898967743
1732437796761804693,0.4264189898967743
1732437796771900060,0.4264189898967743
1732437796771900060,0.4264189898967743
1732437796782415507,0.4264189898967743
1732437796782415507,0.4264189898967743
1732437796793712411,0.4264189898967743
1732437796793712411,0.4264189898967743
1732437796804926065,0.4264189898967743
1732437796804926065,0.4264189898967743
1732437796815313125,0.4264189898967743
1732437796815313125,0.4264189898967743
1732437796825829448,0.4264189898967743
1732437796825829448,0.4264189898967743
1732437796836061890,0.4264189898967743
1732437796836061890,0.4264189898967743
1732437796846617302,0.4264189898967743
1732437796846617302,0.4264189898967743
1732437796856910305,0.4264189898967743
1732437796856910305,0.4264189898967743
1732437796856910305,0.4264189898967743
1732437796856910305,0.4264189898967743
1732437796878415155,0.4264189898967743
1732437796878415155,0.4264189898967743
1732437796888504871,0.4264189898967743
1732437796888504871,0.4264189898967743
1732437796898547117,0.4264189898967743
1732437796898547117,0.4264189898967743
1732437796908846564,0.4264189898967743
1732437796908846564,0.4264189898967743
1732437796919233819,0.4264189898967743
1732437796919233819,0.4264189898967743
1732437796929722382,0.4264189898967743
1732437796929722382,0.4264189898967743
1732437796940235515,0.4264189898967743
1732437796940235515,0.4264189898967743
1732437796950689027,0.4264189898967743
1732437796950689027,0.4264189898967743
1732437796961637823,0.4264189898967743
1732437796961637823,0.4264189898967743
1732437796972170804,0.4264189898967743
1732437796972170804,0.4264189898967743
1732437796982577670,0.4264189898967743
1732437796982577670,0.4264189898967743
1732437796993237797,0.4264189898967743
1732437796993237797,0.4264189898967743
1732437797005156558,0.4264189898967743
1732437797005156558,0.4264189898967743
1732437797016019028,0.4264189898967743
1732437797016019028,0.4264189898967743
1732437797026547225,0.4264189898967743
1732437797026547225,0.4264189898967743
1732437797037398478,0.4264189898967743
1732437797037398478,0.4264189898967743
1732437797047415789,0.4264189898967743
1732437797047415789,0.4264189898967743
1732437797057501426,0.4264189898967743
1732437797057501426,0.4264189898967743
1732437797067725663,0.4264189898967743
1732437797067725663,0.4264189898967743
1732437797077984880,0.4264189898967743
1732437797077984880,0.4264189898967743
1732437797088645903,0.4264189898967743
1732437797088645903,0.4264189898967743
1732437797098848779,0.4264189898967743
1732437797098848779,0.4264189898967743
1732437797109168853,0.4264189898967743
1732437797109168853,0.4264189898967743
1732437797119378111,0.4264189898967743
1732437797119378111,0.4264189898967743
1732437797130030424,0.4264189898967743
1732437797130030424,0.4264189898967743
1732437797140190322,0.4264189898967743
1732437797140190322,0.4264189898967743
1732437797150420254,0.4264189898967743
1732437797150420254,0.4264189898967743
1732437797161005356,0.4264189898967743
1732437797161005356,0.4264189898967743
1732437797171469709,0.4264189898967743
1732437797171469709,0.4264189898967743
1732437797182263686,0.4264189898967743
1732437797182263686,0.4264189898967743
1732437797192353040,0.4264189898967743
1732437797192353040,0.4264189898967743
1732437797202526352,0.4264189898967743
1732437797202526352,0.4264189898967743
1732437797213710274,0.4264189898967743
1732437797213710274,0.4264189898967743
1732437797224214823,0.4264189898967743
1732437797224214823,0.4264189898967743
1732437797234868294,0.4264189898967743
1732437797234868294,0.4264189898967743
1732437797245099758,0.4264189898967743
1732437797245099758,0.4264189898967743
1732437797262137630,0.4264189898967743
1732437797262137630,0.4264189898967743
1732437797272659480,0.4264189898967743
1732437797272659480,0.4264189898967743
1732437797293951603,0.4264189898967743
1732437797293951603,0.4264189898967743
1732437797293951603,0.4264189898967743
1732437797293951603,0.4264189898967743
1732437797304431845,0.4264189898967743
1732437797304431845,0.4264189898967743
1732437797314624459,0.4264189898967743
1732437797314624459,0.4264189898967743
1732437797324745673,0.4264189898967743
1732437797324745673,0.4264189898967743
1732437797335711974,0.4264189898967743
1732437797335711974,0.4264189898967743
1732437797346363134,0.4264189898967743
1732437797346363134,0.4264189898967743
1732437797356786953,0.4264189898967743
1732437797356786953,0.4264189898967743
1732437797366810585,0.4264189898967743
1732437797366810585,0.4264189898967743
1732437797376888219,0.4264189898967743
1732437797376888219,0.4264189898967743
1732437797387224503,0.4264189898967743
1732437797387224503,0.4264189898967743
1732437797397433621,0.4264189898967743
1732437797397433621,0.4264189898967743
1732437797410448742,0.4264189898967743
1732437797410448742,0.4264189898967743
1732437797420722121,0.4264189898967743
1732437797420722121,0.4264189898967743
1732437797431002120,0.4264189898967743
1732437797431002120,0.4264189898967743
1732437797441309732,0.4264189898967743
1732437797441309732,0.4264189898967743
1732437797451915789,0.4264189898967743
1732437797451915789,0.4264189898967743
1732437797462093328,0.4264189898967743
1732437797462093328,0.4264189898967743
1732437797472938199,0.4264189898967743
1732437797472938199,0.4264189898967743
1732437797483419003,0.4264189898967743
1732437797483419003,0.4264189898967743
1732437797493720332,0.4264189898967743
1732437797493720332,0.4264189898967743
1732437797506471233,0.4264189898967743
1732437797506471233,0.4264189898967743
1732437797516887046,0.4264189898967743
1732437797516887046,0.4264189898967743
1732437797527362990,0.4264189898967743
1732437797527362990,0.4264189898967743
1732437797538187399,0.4264189898967743
1732437797538187399,0.4264189898967743
1732437797552160078,0.4264189898967743
1732437797552160078,0.4264189898967743
1732437797562687370,0.4264189898967743
1732437797562687370,0.4264189898967743
1732437797572818839,0.4264189898967743
1732437797572818839,0.4264189898967743
1732437797583199281,0.4264189898967743
1732437797583199281,0.4264189898967743
1732437797593498716,0.4264189898967743
1732437797593498716,0.4264189898967743
1732437797606515151,0.4264189898967743
1732437797606515151,0.4264189898967743
1732437797617584199,0.4264189898967743
1732437797617584199,0.4264189898967743
1732437797628045257,0.4264189898967743
1732437797628045257,0.4264189898967743
1732437797638676981,0.4264189898967743
1732437797638676981,0.4264189898967743
1732437797649402798,0.4264189898967743
1732437797649402798,0.4264189898967743
1732437797659589267,0.4264189898967743
1732437797659589267,0.4264189898967743
1732437797670307092,0.4264189898967743
1732437797670307092,0.4264189898967743
1732437797680503756,0.4264189898967743
1732437797680503756,0.4264189898967743
1732437797691007143,0.4264189898967743
1732437797691007143,0.4264189898967743
1732437797701382977,0.4264189898967743
1732437797701382977,0.4264189898967743
1732437797711988567,0.4264189898967743
1732437797711988567,0.4264189898967743
1732437797722476383,0.4264189898967743
1732437797722476383,0.4264189898967743
1732437797732571109,0.4264189898967743
1732437797732571109,0.4264189898967743
1732437797742721186,0.4264189898967743
1732437797742721186,0.4264189898967743
1732437797755237111,0.4264189898967743
1732437797755237111,0.4264189898967743
1732437797765699739,0.4264189898967743
1732437797765699739,0.4264189898967743
1732437797775896936,0.4264189898967743
1732437797775896936,0.4264189898967743
1732437797786056741,0.4264189898967743
1732437797786056741,0.4264189898967743
1732437797796794223,0.4264189898967743
1732437797796794223,0.4264189898967743
1732437797808440706,0.4264189898967743
1732437797808440706,0.4264189898967743
1732437797818735224,0.4264189898967743
1732437797818735224,0.4264189898967743
1732437797829045269,0.4264189898967743
1732437797829045269,0.4264189898967743
1732437797839146397,0.4264189898967743
1732437797839146397,0.4264189898967743
1732437797849296924,0.4264189898967743
1732437797849296924,0.4264189898967743
1732437797859475407,0.4264189898967743
1732437797859475407,0.4264189898967743
1732437797869800576,0.4264189898967743
1732437797869800576,0.4264189898967743
1732437797880018073,0.4264189898967743
1732437797880018073,0.4264189898967743
1732437797890142794,0.4264189898967743
1732437797890142794,0.4264189898967743
1732437797900509265,0.4264189898967743
1732437797900509265,0.4264189898967743
1732437797910728027,0.4264189898967743
1732437797910728027,0.4264189898967743
1732437797921024071,0.4264189898967743
1732437797921024071,0.4264189898967743
1732437797931128744,0.4264189898967743
1732437797931128744,0.4264189898967743
1732437797941321260,0.4264189898967743
1732437797941321260,0.4264189898967743
1732437797951443147,0.4264189898967743
1732437797951443147,0.4264189898967743
1732437797961701695,0.4264189898967743
1732437797961701695,0.4264189898967743
1732437797971981062,0.4264189898967743
1732437797971981062,0.4264189898967743
1732437797982503886,0.4264189898967743
1732437797982503886,0.4264189898967743
1732437797992793686,0.4264189898967743
1732437797992793686,0.4264189898967743
1732437798003991674,0.4264189898967743
1732437798003991674,0.4264189898967743
1732437798014311799,0.4264189898967743
1732437798014311799,0.4264189898967743
1732437798025148064,0.4264189898967743
1732437798025148064,0.4264189898967743
1732437798035522567,0.4264189898967743
1732437798035522567,0.4264189898967743
1732437798046071480,0.4264189898967743
1732437798046071480,0.4264189898967743
1732437798056195750,0.4264189898967743
1732437798056195750,0.4264189898967743
1732437798066346866,0.4264189898967743
1732437798066346866,0.4264189898967743
1732437798077202261,0.4264189898967743
1732437798077202261,0.4264189898967743
1732437798088125037,0.4264189898967743
1732437798088125037,0.4264189898967743
1732437798098290501,0.4264189898967743
1732437798098290501,0.4264189898967743
1732437798098290501,0.4264189898967743
1732437798108691039,0.4264189898967743
1732437798119299471,0.4264189898967743
1732437798119299471,0.4264189898967743
1732437798129477730,0.4264189898967743
1732437798129477730,0.4264189898967743
1732437798140243315,0.4264189898967743
1732437798140243315,0.4264189898967743
1732437798153042335,0.4264189898967743
1732437798153042335,0.4264189898967743
1732437798163659723,0.4264189898967743
1732437798163659723,0.4264189898967743
1732437798174246565,0.4264189898967743
1732437798174246565,0.4264189898967743
1732437798184499373,0.4264189898967743
1732437798184499373,0.4264189898967743
1732437798194546902,0.4264189898967743
1732437798194546902,0.4264189898967743
1732437798204945100,0.4264189898967743
1732437798204945100,0.4264189898967743
1732437798215380000,0.4264189898967743
1732437798215380000,0.4264189898967743
1732437798226031450,0.4264189898967743
1732437798226031450,0.4264189898967743
1732437798236725932,0.4264189898967743
1732437798236725932,0.4264189898967743
1732437798247906068,0.4264189898967743
1732437798247906068,0.4264189898967743
1732437798258379108,0.4264189898967743
1732437798258379108,0.4264189898967743
1732437798268679963,0.4264189898967743
1732437798268679963,0.4264189898967743
1732437798278782436,0.4264189898967743
1732437798278782436,0.4264189898967743
1732437798289297684,0.4264189898967743
1732437798289297684,0.4264189898967743
1732437798299938154,0.4264189898967743
1732437798299938154,0.4264189898967743
1732437798310418589,0.4264189898967743
1732437798310418589,0.4264189898967743
1732437798320655528,0.4264189898967743
1732437798320655528,0.4264189898967743
1732437798330787302,0.4264189898967743
1732437798330787302,0.4264189898967743
1732437798342142460,0.4264189898967743
1732437798342142460,0.4264189898967743
1732437798352332843,0.4264189898967743
1732437798352332843,0.4264189898967743
1732437798362498633,0.4264189898967743
1732437798362498633,0.4264189898967743
1732437798372843125,0.4264189898967743
1732437798372843125,0.4264189898967743
1732437798383331221,0.4264189898967743
1732437798383331221,0.4264189898967743
1732437798393624396,0.4264189898967743
1732437798393624396,0.4264189898967743
1732437798406856943,0.4264189898967743
1732437798406856943,0.4264189898967743
1732437798416907405,0.4264189898967743
1732437798416907405,0.4264189898967743
1732437798426929915,0.4264189898967743
1732437798426929915,0.4264189898967743
1732437798437302398,0.4264189898967743
1732437798437302398,0.4264189898967743
1732437798447837750,0.4264189898967743
1732437798447837750,0.4264189898967743
1732437798458434524,0.4264189898967743
1732437798458434524,0.4264189898967743
1732437798458434524,0.4264189898967743
1732437798458434524,0.4264189898967743
1732437798470653064,0.4264189898967743
1732437798470653064,0.4264189898967743
1732437798492110434,0.4264189898967743
1732437798492110434,0.4264189898967743
1732437798502706291,0.4264189898967743
1732437798502706291,0.4264189898967743
1732437798512930507,0.4264189898967743
1732437798512930507,0.4264189898967743
1732437798523276199,0.4264189898967743
1732437798523276199,0.4264189898967743
1732437798533681283,0.4264189898967743
1732437798533681283,0.4264189898967743
1732437798543877206,0.4264189898967743
1732437798543877206,0.4264189898967743
1732437798554073761,0.4264189898967743
1732437798554073761,0.4264189898967743
1732437798565283973,0.4264189898967743
1732437798565283973,0.4264189898967743
1732437798575678896,0.4264189898967743
1732437798575678896,0.4264189898967743
1732437798586559354,0.4264189898967743
1732437798586559354,0.4264189898967743
1732437798596792957,0.4264189898967743
1732437798596792957,0.4264189898967743
1732437798607277940,0.4264189898967743
1732437798607277940,0.4264189898967743
1732437798617289670,0.4264189898967743
1732437798617289670,0.4264189898967743
1732437798630311735,0.4264189898967743
1732437798630311735,0.4264189898967743
1732437798640902001,0.4264189898967743
1732437798640902001,0.4264189898967743
1732437798652133604,0.4264189898967743
1732437798652133604,0.4264189898967743
1732437798662470580,0.4264189898967743
1732437798662470580,0.4264189898967743
1732437798672744966,0.4264189898967743
1732437798672744966,0.4264189898967743
1732437798683037242,0.4264189898967743
1732437798683037242,0.4264189898967743
1732437798693492979,0.4264189898967743
1732437798693492979,0.4264189898967743
1732437798705250230,0.4264189898967743
1732437798705250230,0.4264189898967743
1732437798715856747,0.4264189898967743
1732437798715856747,0.4264189898967743
1732437798726032801,0.4264189898967743
1732437798726032801,0.4264189898967743
1732437798736447494,0.4264189898967743
1732437798736447494,0.4264189898967743
1732437798749440106,0.4264189898967743
1732437798760701814,0.4264189898967743
1732437798760701814,0.4264189898967743
1732437798760701814,0.4264189898967743
1732437798774188944,0.4264189898967743
1732437798774188944,0.4264189898967743
1732437798784356726,0.4264189898967743
1732437798784356726,0.4264189898967743
1732437798794753473,0.4264189898967743
1732437798794753473,0.4264189898967743
1732437798805450690,0.4264189898967743
1732437798805450690,0.4264189898967743
1732437798815572575,0.4264189898967743
1732437798815572575,0.4264189898967743
1732437798825819424,0.4264189898967743
1732437798825819424,0.4264189898967743
1732437798836230507,0.4264189898967743
1732437798836230507,0.4264189898967743
1732437798846562144,0.4264189898967743
1732437798846562144,0.4264189898967743
1732437798856946247,0.4264189898967743
1732437798856946247,0.4264189898967743
1732437798867268336,0.4264189898967743
1732437798867268336,0.4264189898967743
1732437798877631911,0.4264189898967743
1732437798877631911,0.4264189898967743
1732437798888234983,0.4264189898967743
1732437798888234983,0.4264189898967743
1732437798898590562,0.4264189898967743
1732437798898590562,0.4264189898967743
1732437798908806795,0.4264189898967743
1732437798908806795,0.4264189898967743
1732437798919848933,0.4264189898967743
1732437798919848933,0.4264189898967743
1732437798930225353,0.4264189898967743
1732437798930225353,0.4264189898967743
1732437798941976122,0.4264189898967743
1732437798941976122,0.4264189898967743
1732437798952504233,0.4264189898967743
1732437798952504233,0.4264189898967743
1732437798963288683,0.4264189898967743
1732437798963288683,0.4264189898967743
1732437798973665071,0.4264189898967743
1732437798973665071,0.4264189898967743
1732437798983881223,0.4264189898967743
1732437798983881223,0.4264189898967743
1732437798994496206,0.4264189898967743
1732437798994496206,0.4264189898967743
1732437799004954589,0.4264189898967743
1732437799004954589,0.4264189898967743
1732437799015615839,0.4264189898967743
1732437799015615839,0.4264189898967743
1732437799026009927,0.4264189898967743
1732437799026009927,0.4264189898967743
1732437799036471790,0.4264189898967743
1732437799036471790,0.4264189898967743
1732437799046609585,0.4264189898967743
1732437799046609585,0.4264189898967743
1732437799057312673,0.4264189898967743
1732437799057312673,0.4264189898967743
1732437799067610996,0.4264189898967743
1732437799067610996,0.4264189898967743
1732437799077771133,0.4264189898967743
1732437799077771133,0.4264189898967743
1732437799087860278,0.4264189898967743
1732437799087860278,0.4264189898967743
1732437799098109812,0.4264189898967743
1732437799098109812,0.4264189898967743
1732437799108322996,0.4264189898967743
1732437799108322996,0.4264189898967743
1732437799118430927,0.4264189898967743
1732437799118430927,0.4264189898967743
1732437799128600721,0.4264189898967743
1732437799128600721,0.4264189898967743
1732437799139338614,0.4264189898967743
1732437799139338614,0.4264189898967743
1732437799149990836,0.4264189898967743
1732437799149990836,0.4264189898967743
1732437799160496677,0.4264189898967743
1732437799160496677,0.4264189898967743
1732437799170571706,0.4264189898967743
1732437799170571706,0.4264189898967743
1732437799180803175,0.4264189898967743
1732437799180803175,0.4264189898967743
1732437799190923235,0.4264189898967743
1732437799190923235,0.4264189898967743
1732437799201632326,0.4264189898967743
1732437799201632326,0.4264189898967743
1732437799212328097,0.4264189898967743
1732437799212328097,0.4264189898967743
1732437799222807731,0.4264189898967743
1732437799222807731,0.4264189898967743
1732437799233052497,0.4264189898967743
1732437799233052497,0.4264189898967743
1732437799243623007,0.4264189898967743
1732437799243623007,0.4264189898967743
1732437799254172499,0.4264189898967743
1732437799254172499,0.4264189898967743
1732437799264683029,0.4264189898967743
1732437799264683029,0.4264189898967743
1732437799275035624,0.4264189898967743
1732437799275035624,0.4264189898967743
1732437799285500118,0.4264189898967743
1732437799285500118,0.4264189898967743
1732437799296067663,0.4264189898967743
1732437799296067663,0.4264189898967743
1732437799306930488,0.4264189898967743
1732437799306930488,0.4264189898967743
1732437799319926245,0.4264189898967743
1732437799319926245,0.4264189898967743
1732437799330308695,0.4264189898967743
1732437799330308695,0.4264189898967743
1732437799340689935,0.4264189898967743
1732437799340689935,0.4264189898967743
1732437799350912416,0.4264189898967743
1732437799350912416,0.4264189898967743
1732437799361233444,0.4264189898967743
1732437799361233444,0.4264189898967743
1732437799372715952,0.4264189898967743
1732437799372715952,0.4264189898967743
1732437799383180596,0.4264189898967743
1732437799383180596,0.4264189898967743
1732437799393482568,0.4264189898967743
1732437799393482568,0.4264189898967743
1732437799403703022,0.4264189898967743
1732437799403703022,0.4264189898967743
1732437799413831074,0.4264189898967743
1732437799413831074,0.4264189898967743
1732437799424090655,0.4264189898967743
1732437799424090655,0.4264189898967743
1732437799434408916,0.4264189898967743
1732437799434408916,0.4264189898967743
1732437799444858623,0.4264189898967743
1732437799444858623,0.4264189898967743
1732437799455276398,0.4264189898967743
1732437799455276398,0.4264189898967743
1732437799465529816,0.4264189898967743
1732437799465529816,0.4264189898967743
1732437799476235341,0.4264189898967743
1732437799476235341,0.4264189898967743
1732437799486503109,0.4264189898967743
1732437799486503109,0.4264189898967743
1732437799496933745,0.4264189898967743
1732437799496933745,0.4264189898967743
1732437799496933745,0.4264189898967743
1732437799496933745,0.4264189898967743
1732437799518084379,0.4264189898967743
1732437799518084379,0.4264189898967743
1732437799528670008,0.4264189898967743
1732437799528670008,0.4264189898967743
1732437799539292847,0.4264189898967743
1732437799539292847,0.4264189898967743
1732437799549614764,0.4264189898967743
1732437799549614764,0.4264189898967743
1732437799561171862,0.4264189898967743
1732437799561171862,0.4264189898967743
1732437799571494401,0.4264189898967743
1732437799571494401,0.4264189898967743
1732437799582290683,0.4264189898967743
1732437799582290683,0.4264189898967743
1732437799592933758,0.4264189898967743
1732437799592933758,0.4264189898967743
1732437799603356274,0.4264189898967743
1732437799603356274,0.4264189898967743
1732437799613900968,0.4264189898967743
1732437799613900968,0.4264189898967743
1732437799624729908,0.4264189898967743
1732437799624729908,0.4264189898967743
1732437799635369138,0.4264189898967743
1732437799635369138,0.4264189898967743
1732437799645812052,0.4264189898967743
1732437799645812052,0.4264189898967743
1732437799655926303,0.4264189898967743
1732437799655926303,0.4264189898967743
1732437799666420071,0.4264189898967743
1732437799666420071,0.4264189898967743
1732437799678307102,0.4264189898967743
1732437799678307102,0.4264189898967743
1732437799689240900,0.4264189898967743
1732437799689240900,0.4264189898967743
1732437799700605931,0.4264189898967743
1732437799700605931,0.4264189898967743
1732437799710937145,0.4264189898967743
1732437799710937145,0.4264189898967743
1732437799721540959,0.4264189898967743
1732437799721540959,0.4264189898967743
1732437799732448286,0.4264189898967743
1732437799732448286,0.4264189898967743
1732437799742473764,0.4264189898967743
1732437799742473764,0.4264189898967743
1732437799752829490,0.4264189898967743
1732437799752829490,0.4264189898967743
1732437799764404825,0.4264189898967743
1732437799764404825,0.4264189898967743
1732437799774526650,0.4264189898967743
1732437799774526650,0.4264189898967743
1732437799787280787,0.4264189898967743
1732437799787280787,0.4264189898967743
1732437799797435245,0.4264189898967743
1732437799797435245,0.4264189898967743
1732437799808025060,0.4264189898967743
1732437799808025060,0.4264189898967743
1732437799818483173,0.4264189898967743
1732437799818483173,0.4264189898967743
1732437799828726655,0.4264189898967743
1732437799828726655,0.4264189898967743
1732437799839682670,0.4264189898967743
1732437799839682670,0.4264189898967743
1732437799849841625,0.4264189898967743
1732437799849841625,0.4264189898967743
1732437799860106870,0.4264189898967743
1732437799860106870,0.4264189898967743
1732437799870315038,0.4264189898967743
1732437799870315038,0.4264189898967743
1732437799880502324,0.4264189898967743
1732437799880502324,0.4264189898967743
1732437799890646762,0.4264189898967743
1732437799890646762,0.4264189898967743
1732437799902508272,0.4264189898967743
1732437799902508272,0.4264189898967743
1732437799913409990,0.4264189898967743
1732437799913409990,0.4264189898967743
1732437799923670118,0.4264189898967743
1732437799923670118,0.4264189898967743
1732437799934263306,0.4264189898967743
1732437799934263306,0.4264189898967743
1732437799945396950,0.4264189898967743
1732437799945396950,0.4264189898967743
1732437799956143068,0.4264189898967743
1732437799956143068,0.4264189898967743
1732437799966213093,0.4264189898967743
1732437799966213093,0.4264189898967743
1732437799976914321,0.4264189898967743
1732437799976914321,0.4264189898967743
1732437799987100526,0.4264189898967743
1732437799987100526,0.4264189898967743
1732437799997107708,0.4264189898967743
1732437799997107708,0.4264189898967743
1732437800007539420,0.4264189898967743
1732437800007539420,0.4264189898967743
1732437800017561220,0.4264189898967743
1732437800017561220,0.4264189898967743
1732437800027955462,0.4264189898967743
1732437800027955462,0.4264189898967743
1732437800038531584,0.4264189898967743
1732437800038531584,0.4264189898967743
1732437800048795975,0.4264189898967743
1732437800048795975,0.4264189898967743
1732437800058914795,0.4264189898967743
1732437800058914795,0.4264189898967743
1732437800069464568,0.4264189898967743
1732437800069464568,0.4264189898967743
1732437800079800591,0.4264189898967743
1732437800079800591,0.4264189898967743
1732437800090074060,0.4264189898967743
1732437800090074060,0.4264189898967743
1732437800100189823,0.4264189898967743
1732437800100189823,0.4264189898967743
1732437800110629341,0.4264189898967743
1732437800110629341,0.4264189898967743
1732437800121047018,0.4264189898967743
1732437800121047018,0.4264189898967743
1732437800131733514,0.4264189898967743
1732437800131733514,0.4264189898967743
1732437800142923015,0.4264189898967743
1732437800153060091,0.4264189898967743
1732437800153060091,0.4264189898967743
