%time,field.data
1732437687748469770,1.0
1732437687748469770,1.0
1732437687758751029,1.0
1732437687758751029,1.0
1732437687768908015,1.0
1732437687768908015,1.0
1732437687779426452,1.0
1732437687779426452,1.0
1732437687790087463,1.0
1732437687790087463,1.0
1732437687800499009,1.0
1732437687800499009,1.0
1732437687810581844,1.0
1732437687810581844,1.0
1732437687820832550,1.0
1732437687820832550,1.0
1732437687830939489,1.0
1732437687830939489,1.0
1732437687841194303,1.0
1732437687841194303,1.0
1732437687851609086,1.0
1732437687851609086,1.0
1732437687862105860,1.0
1732437687862105860,1.0
1732437687872365764,1.0
1732437687872365764,1.0
1732437687882822764,1.0
1732437687882822764,1.0
1732437687893282260,1.0
1732437687893282260,1.0
1732437687903496288,1.0
1732437687903496288,1.0
1732437687913954401,1.0
1732437687913954401,1.0
1732437687924179301,1.0
1732437687924179301,1.0
1732437687934618899,1.0
1732437687934618899,1.0
1732437687944917855,1.0
1732437687944917855,1.0
1732437687955219085,1.0
1732437687955219085,1.0
1732437687965788221,1.0
1732437687965788221,1.0
1732437687976559931,1.0
1732437687976559931,1.0
1732437687986785391,1.0
1732437687986785391,1.0
1732437687997591181,1.0
1732437687997591181,1.0
1732437688007655981,1.0
1732437688007655981,1.0
1732437688017995894,1.0
1732437688017995894,1.0
1732437688028209040,1.0
1732437688028209040,1.0
1732437688038379719,1.0
1732437688038379719,1.0
1732437688048924804,1.0
1732437688048924804,1.0
1732437688059138742,1.0
1732437688059138742,1.0
1732437688069715856,1.0
1732437688069715856,1.0
1732437688079914782,1.0
1732437688079914782,1.0
1732437688090074052,1.0
1732437688090074052,1.0
1732437688100474558,1.0
1732437688100474558,1.0
1732437688110673625,1.0
1732437688110673625,1.0
1732437688121186123,1.0
1732437688121186123,1.0
1732437688131575274,1.0
1732437688131575274,1.0
1732437688142153884,1.0
1732437688142153884,1.0
1732437688152682317,1.0
1732437688152682317,1.0
1732437688163877582,1.0
1732437688163877582,1.0
1732437688174484201,1.0
1732437688174484201,1.0
1732437688185092503,1.0
1732437688185092503,1.0
1732437688195717687,1.0
1732437688195717687,1.0
1732437688206202109,1.0
1732437688206202109,1.0
1732437688216451684,1.0
1732437688216451684,1.0
1732437688226863871,1.0
1732437688226863871,1.0
1732437688237185530,1.0
1732437688237185530,1.0
1732437688248195991,1.0
1732437688248195991,1.0
1732437688258505687,1.0
1732437688258505687,1.0
1732437688268625030,1.0
1732437688268625030,1.0
1732437688278826906,1.0
1732437688278826906,1.0
1732437688288984790,1.0
1732437688288984790,1.0
1732437688299222632,1.0
1732437688299222632,1.0
1732437688310176248,1.0
1732437688310176248,1.0
1732437688320377282,1.0
1732437688320377282,1.0
1732437688330972991,1.0
1732437688330972991,1.0
1732437688341197258,1.0
1732437688341197258,1.0
1732437688351628511,1.0
1732437688351628511,1.0
1732437688362109746,1.0
1732437688362109746,1.0
1732437688372590036,1.0
1732437688372590036,1.0
1732437688383555106,1.0
1732437688383555106,1.0
1732437688393894137,1.0
1732437688393894137,1.0
1732437688404082359,1.0
1732437688404082359,1.0
1732437688414465512,1.0
1732437688414465512,1.0
1732437688425151167,1.0
1732437688425151167,1.0
1732437688435368252,1.0
1732437688435368252,1.0
1732437688445689911,1.0
1732437688445689911,1.0
1732437688456104472,1.0
1732437688456104472,1.0
1732437688466133286,1.0
1732437688466133286,1.0
1732437688476421402,1.0
1732437688476421402,1.0
1732437688486467298,1.0
1732437688486467298,1.0
1732437688496589707,1.0
1732437688496589707,1.0
1732437688507099997,1.0
1732437688507099997,1.0
1732437688517345293,1.0
1732437688517345293,1.0
1732437688527637046,1.0
1732437688527637046,1.0
1732437688538001975,1.0
1732437688538001975,1.0
1732437688548368217,1.0
1732437688548368217,1.0
1732437688558666492,1.0
1732437688558666492,1.0
1732437688569029789,1.0
1732437688569029789,1.0
1732437688579296636,1.0
1732437688579296636,1.0
1732437688589654462,1.0
1732437688589654462,1.0
1732437688600177677,1.0
1732437688600177677,1.0
1732437688610610229,1.0
1732437688610610229,1.0
1732437688621055330,1.0
1732437688621055330,1.0
1732437688631410868,1.0
1732437688631410868,1.0
1732437688641593848,1.0
1732437688641593848,1.0
1732437688651962548,1.0
1732437688651962548,1.0
1732437688662462860,1.0
1732437688662462860,1.0
1732437688672816599,1.0
1732437688672816599,1.0
1732437688682959755,1.0
1732437688682959755,1.0
1732437688693567287,1.0
1732437688693567287,1.0
1732437688704046748,1.0
1732437688704046748,1.0
1732437688714503467,1.0
1732437688714503467,1.0
1732437688725650543,1.0
1732437688725650543,1.0
1732437688735946805,1.0
1732437688735946805,1.0
1732437688746615058,1.0
1732437688746615058,1.0
1732437688757439513,1.0
1732437688757439513,1.0
1732437688767577540,1.0
1732437688767577540,1.0
1732437688777807048,1.0
1732437688777807048,1.0
1732437688788037758,1.0
1732437688788037758,1.0
1732437688798513584,1.0
1732437688798513584,1.0
1732437688808795989,1.0
1732437688808795989,1.0
1732437688819271153,1.0
1732437688819271153,1.0
1732437688829713767,1.0
1732437688829713767,1.0
1732437688840283805,1.0
1732437688840283805,1.0
1732437688850460247,1.0
1732437688850460247,1.0
1732437688860643338,1.0
1732437688860643338,1.0
1732437688870900698,1.0
1732437688870900698,1.0
1732437688881316341,1.0
1732437688881316341,1.0
1732437688891609172,1.0
1732437688891609172,1.0
1732437688902006916,1.0
1732437688902006916,1.0
1732437688912571307,1.0
1732437688912571307,1.0
1732437688922882683,1.0
1732437688922882683,1.0
1732437688933386174,1.0
1732437688933386174,1.0
1732437688943998554,1.0
1732437688943998554,1.0
1732437688954441378,1.0
1732437688954441378,1.0
1732437688964613990,1.0
1732437688964613990,1.0
1732437688974875928,1.0
1732437688974875928,1.0
1732437688985670978,1.0
1732437688985670978,1.0
1732437688996079558,1.0
1732437688996079558,1.0
1732437689006600618,1.0
1732437689006600618,1.0
1732437689017074460,1.0
1732437689017074460,1.0
1732437689027588347,1.0
1732437689027588347,1.0
1732437689038004351,1.0
1732437689038004351,1.0
1732437689048506012,1.0
1732437689048506012,1.0
1732437689059016346,1.0
1732437689059016346,1.0
1732437689069734873,1.0
1732437689069734873,1.0
1732437689080306767,1.0
1732437689080306767,1.0
1732437689090708696,1.0
1732437689090708696,1.0
1732437689101306990,1.0
1732437689101306990,1.0
1732437689111555091,1.0
1732437689111555091,1.0
1732437689122105645,1.0
1732437689122105645,1.0
1732437689132317831,1.0
1732437689132317831,1.0
1732437689142514487,1.0
1732437689142514487,1.0
1732437689153057809,1.0
1732437689153057809,1.0
1732437689163410726,1.0
1732437689163410726,1.0
1732437689173960807,1.0
1732437689173960807,1.0
1732437689184433848,1.0
1732437689184433848,1.0
1732437689194505645,1.0
1732437689194505645,1.0
1732437689204682545,1.0
1732437689204682545,1.0
1732437689216459052,1.0
1732437689216459052,1.0
1732437689227007823,1.0
1732437689227007823,1.0
1732437689237094224,1.0
1732437689237094224,1.0
1732437689247278839,1.0
1732437689247278839,1.0
1732437689257323912,1.0
1732437689257323912,1.0
1732437689267378994,1.0
1732437689267378994,1.0
1732437689277766235,1.0
1732437689277766235,1.0
1732437689289391771,1.0
1732437689289391771,1.0
1732437689299979435,1.0
1732437689299979435,1.0
1732437689310295283,1.0
1732437689310295283,1.0
1732437689320875503,1.0
1732437689320875503,1.0
1732437689331211759,1.0
1732437689331211759,1.0
1732437689341279355,1.0
1732437689341279355,1.0
1732437689351927883,1.0
1732437689351927883,1.0
1732437689362153924,1.0
1732437689362153924,1.0
1732437689372274960,1.0
1732437689372274960,1.0
1732437689382629400,1.0
1732437689382629400,1.0
1732437689392798945,1.0
1732437689392798945,1.0
1732437689403753142,1.0
1732437689403753142,1.0
1732437689413921476,1.0
1732437689413921476,1.0
1732437689424333522,1.0
1732437689424333522,1.0
1732437689434423749,1.0
1732437689434423749,1.0
1732437689444845626,1.0
1732437689444845626,1.0
1732437689455260929,1.0
1732437689455260929,1.0
1732437689465472693,1.0
1732437689465472693,1.0
1732437689475756411,1.0
1732437689475756411,1.0
1732437689486356118,1.0
1732437689486356118,1.0
1732437689496554528,1.0
1732437689496554528,1.0
1732437689507031372,1.0
1732437689507031372,1.0
1732437689517111515,1.0
1732437689517111515,1.0
1732437689527272646,1.0
1732437689527272646,1.0
1732437689537482026,1.0
1732437689537482026,1.0
1732437689548006543,1.0
1732437689548006543,1.0
1732437689558647286,1.0
1732437689558647286,1.0
1732437689568804568,1.0
1732437689568804568,1.0
1732437689579500282,1.0
1732437689579500282,1.0
1732437689590170191,1.0
1732437689590170191,1.0
1732437689600568451,1.0
1732437689600568451,1.0
1732437689610669779,1.0
1732437689610669779,1.0
1732437689620921538,1.0
1732437689620921538,1.0
1732437689631437990,1.0
1732437689631437990,1.0
1732437689641786208,1.0
1732437689641786208,1.0
1732437689651928163,1.0
1732437689651928163,1.0
1732437689662476224,1.0
1732437689662476224,1.0
1732437689672697766,1.0
1732437689672697766,1.0
1732437689683341085,1.0
1732437689683341085,1.0
1732437689693717235,1.0
1732437689693717235,1.0
1732437689704028525,1.0
1732437689704028525,1.0
1732437689714479896,1.0
1732437689714479896,1.0
1732437689724970478,1.0
1732437689724970478,1.0
1732437689735236284,1.0
1732437689735236284,1.0
1732437689746271571,1.0
1732437689746271571,1.0
1732437689756903456,1.0
1732437689756903456,1.0
1732437689767084379,1.0
1732437689767084379,1.0
1732437689777221234,1.0
1732437689777221234,1.0
1732437689787367761,1.0
1732437689787367761,1.0
1732437689797548818,1.0
1732437689797548818,1.0
1732437689807685202,1.0
1732437689807685202,1.0
1732437689818382230,1.0
1732437689818382230,1.0
1732437689828534694,1.0
1732437689828534694,1.0
1732437689838611348,1.0
1732437689838611348,1.0
1732437689849317412,1.0
1732437689849317412,1.0
1732437689859581173,1.0
1732437689859581173,1.0
1732437689870050336,1.0
1732437689870050336,1.0
1732437689880254416,1.0
1732437689880254416,1.0
1732437689890315251,1.0
1732437689890315251,1.0
1732437689901129436,1.0
1732437689901129436,1.0
1732437689911321192,1.0
1732437689911321192,1.0
1732437689921769734,1.0
1732437689921769734,1.0
1732437689932440807,1.0
1732437689932440807,1.0
1732437689942878959,1.0
1732437689942878959,1.0
1732437689953149843,1.0
1732437689953149843,1.0
1732437689963713416,1.0
1732437689963713416,1.0
1732437689973950227,1.0
1732437689973950227,1.0
1732437689984617285,1.0
1732437689984617285,1.0
1732437689995198741,1.0
1732437689995198741,1.0
1732437690005391351,1.0
1732437690005391351,1.0
1732437690015528152,1.0
1732437690015528152,1.0
1732437690025896881,1.0
1732437690025896881,1.0
1732437690036553795,1.0
1732437690036553795,1.0
1732437690047071168,1.0
1732437690047071168,1.0
1732437690057095453,1.0
1732437690057095453,1.0
1732437690067099189,1.0
1732437690067099189,1.0
1732437690077488000,1.0
1732437690077488000,1.0
1732437690087878260,1.0
1732437690087878260,1.0
1732437690098502963,1.0
1732437690098502963,1.0
1732437690108635951,1.0
1732437690108635951,1.0
1732437690119539243,1.0
1732437690119539243,1.0
1732437690129819213,1.0
1732437690129819213,1.0
1732437690140238173,1.0
1732437690140238173,1.0
1732437690150721203,1.0
1732437690150721203,1.0
1732437690160898615,1.0
1732437690160898615,1.0
1732437690171363448,1.0
1732437690171363448,1.0
1732437690181808189,1.0
1732437690181808189,1.0
1732437690192217682,1.0
1732437690192217682,1.0
1732437690202417384,1.0
1732437690202417384,1.0
1732437690213284638,1.0
1732437690213284638,1.0
1732437690223643846,1.0
1732437690223643846,1.0
1732437690234246920,1.0
1732437690234246920,1.0
1732437690244643128,1.0
1732437690244643128,1.0
1732437690254990094,1.0
1732437690254990094,1.0
1732437690265584897,1.0
1732437690265584897,1.0
1732437690275853848,1.0
1732437690275853848,1.0
1732437690286289102,1.0
1732437690286289102,1.0
1732437690296552163,1.0
1732437690296552163,1.0
1732437690306774857,1.0
1732437690306774857,1.0
1732437690317181906,1.0
1732437690317181906,1.0
1732437690327770021,1.0
1732437690327770021,1.0
1732437690337913969,1.0
1732437690337913969,1.0
1732437690347930018,1.0
1732437690347930018,1.0
1732437690358328670,1.0
1732437690358328670,1.0
1732437690368849930,1.0
1732437690368849930,1.0
1732437690379043270,1.0
1732437690379043270,1.0
1732437690389846717,1.0
1732437690389846717,1.0
1732437690400065665,1.0
1732437690400065665,1.0
1732437690410703148,1.0
1732437690410703148,1.0
1732437690420916669,1.0
1732437690420916669,1.0
1732437690431303760,1.0
1732437690431303760,1.0
1732437690441833967,1.0
1732437690441833967,1.0
1732437690452602418,1.0
1732437690452602418,1.0
1732437690462765271,1.0
1732437690462765271,1.0
1732437690473081560,1.0
1732437690473081560,1.0
1732437690483750175,1.0
1732437690483750175,1.0
1732437690494900336,1.0
1732437690494900336,1.0
1732437690505198320,1.0
1732437690505198320,1.0
1732437690515464756,1.0
1732437690515464756,1.0
1732437690526408504,1.0
1732437690526408504,1.0
1732437690537517057,1.0
1732437690537517057,1.0
1732437690547764307,1.0
1732437690547764307,1.0
1732437690557991140,1.0
1732437690557991140,1.0
1732437690568270230,1.0
1732437690568270230,1.0
1732437690578621424,1.0
1732437690578621424,1.0
1732437690589015869,1.0
1732437690589015869,1.0
1732437690599069946,1.0
1732437690599069946,1.0
1732437690609502345,1.0
1732437690609502345,1.0
1732437690620212056,1.0
1732437690620212056,1.0
1732437690630712017,1.0
1732437690630712017,1.0
1732437690641259976,1.0
1732437690641259976,1.0
1732437690651653260,1.0
1732437690651653260,1.0
1732437690662650686,1.0
1732437690662650686,1.0
1732437690673253308,1.0
1732437690673253308,1.0
1732437690684431622,1.0
1732437690684431622,1.0
1732437690694746107,1.0
1732437690694746107,1.0
1732437690705467300,1.0
1732437690705467300,1.0
1732437690715742909,1.0
1732437690715742909,1.0
1732437690726016102,1.0
1732437690726016102,1.0
1732437690736538535,1.0
1732437690736538535,1.0
1732437690747694135,1.0
1732437690747694135,1.0
1732437690757908621,1.0
1732437690757908621,1.0
1732437690768106264,1.0
1732437690768106264,1.0
1732437690778543248,1.0
1732437690778543248,1.0
1732437690789197184,1.0
1732437690789197184,1.0
1732437690799638135,1.0
1732437690799638135,1.0
1732437690810190604,1.0
1732437690810190604,1.0
1732437690820796652,1.0
1732437690820796652,1.0
1732437690831049534,1.0
1732437690831049534,1.0
1732437690841515431,1.0
1732437690841515431,1.0
1732437690852021283,1.0
1732437690852021283,1.0
1732437690862450413,1.0
1732437690862450413,1.0
1732437690872812746,1.0
1732437690872812746,1.0
1732437690883107025,1.0
1732437690883107025,1.0
1732437690893325973,1.0
1732437690893325973,1.0
1732437690903817888,1.0
1732437690903817888,1.0
1732437690914393831,1.0
1732437690914393831,1.0
1732437690924790870,1.0
1732437690924790870,1.0
1732437690935308901,1.0
1732437690935308901,1.0
1732437690935308901,1.0
1732437690945523664,1.0
1732437690956000521,1.0
1732437690956000521,1.0
1732437690966302566,1.0
1732437690966302566,1.0
1732437690976991367,1.0
1732437690976991367,1.0
1732437690987451600,1.0
1732437690987451600,1.0
1732437690997715866,1.0
1732437690997715866,1.0
1732437691007962555,1.0
1732437691007962555,1.0
1732437691018348543,1.0
1732437691018348543,1.0
1732437691028704046,1.0
1732437691028704046,1.0
1732437691039261163,1.0
1732437691039261163,1.0
1732437691049882360,1.0
1732437691049882360,1.0
1732437691060481956,1.0
1732437691060481956,1.0
1732437691070608201,1.0
1732437691070608201,1.0
1732437691080826468,1.0
1732437691080826468,1.0
1732437691090996791,1.0
1732437691090996791,1.0
1732437691101212057,1.0
1732437691101212057,1.0
1732437691111594297,1.0
1732437691111594297,1.0
1732437691121939510,1.0
1732437691121939510,1.0
1732437691132551090,1.0
1732437691132551090,1.0
1732437691142839847,1.0
1732437691142839847,1.0
1732437691153100853,1.0
1732437691153100853,1.0
1732437691163478727,1.0
1732437691163478727,1.0
1732437691173992380,1.0
1732437691173992380,1.0
1732437691184162491,1.0
1732437691184162491,1.0
1732437691194477558,1.0
1732437691194477558,1.0
1732437691204787575,1.0
1732437691204787575,1.0
1732437691215412018,1.0
1732437691215412018,1.0
1732437691225829285,1.0
1732437691225829285,1.0
1732437691236059795,1.0
1732437691236059795,1.0
1732437691246835398,1.0
1732437691246835398,1.0
1732437691257238319,1.0
1732437691257238319,1.0
1732437691267498885,1.0
1732437691267498885,1.0
1732437691277730546,1.0
1732437691277730546,1.0
1732437691287990841,1.0
1732437691287990841,1.0
1732437691298414379,1.0
1732437691298414379,1.0
1732437691308850522,1.0
1732437691308850522,1.0
1732437691319299197,1.0
1732437691319299197,1.0
1732437691329715553,1.0
1732437691329715553,1.0
1732437691340283570,1.0
1732437691340283570,1.0
1732437691350592396,1.0
1732437691350592396,1.0
1732437691360887456,1.0
1732437691360887456,1.0
1732437691371232798,1.0
1732437691371232798,1.0
1732437691381588220,1.0
1732437691381588220,1.0
1732437691391886416,1.0
1732437691391886416,1.0
1732437691403194871,1.0
1732437691403194871,1.0
1732437691413934019,1.0
1732437691413934019,1.0
1732437691424218534,1.0
1732437691424218534,1.0
1732437691434790383,1.0
1732437691434790383,1.0
1732437691445051820,1.0
1732437691445051820,1.0
1732437691455445363,1.0
1732437691455445363,1.0
1732437691465650501,1.0
1732437691465650501,1.0
1732437691476112565,1.0
1732437691476112565,1.0
1732437691487025535,1.0
1732437691487025535,1.0
1732437691497306739,1.0
1732437691497306739,1.0
1732437691507770292,1.0
1732437691507770292,1.0
1732437691517937974,1.0
1732437691517937974,1.0
1732437691528127407,1.0
1732437691528127407,1.0
1732437691538417889,1.0
1732437691538417889,1.0
1732437691548579340,1.0
1732437691548579340,1.0
1732437691558882073,1.0
1732437691558882073,1.0
1732437691570054306,1.0
1732437691570054306,1.0
1732437691581237719,1.0
1732437691581237719,1.0
1732437691591615762,1.0
1732437691591615762,1.0
1732437691601941489,1.0
1732437691601941489,1.0
1732437691612411714,1.0
1732437691612411714,1.0
1732437691622535615,1.0
1732437691622535615,1.0
1732437691633201395,1.0
1732437691633201395,1.0
1732437691643652446,1.0
1732437691643652446,1.0
1732437691653986737,1.0
1732437691653986737,1.0
1732437691664699225,1.0
1732437691664699225,1.0
1732437691675248065,1.0
1732437691675248065,1.0
1732437691685438101,1.0
1732437691685438101,1.0
1732437691695616983,1.0
1732437691695616983,1.0
1732437691707005950,1.0
1732437691707005950,1.0
1732437691717300478,1.0
1732437691717300478,1.0
1732437691727650761,1.0
1732437691727650761,1.0
1732437691738096550,1.0
1732437691738096550,1.0
1732437691748322352,1.0
1732437691748322352,1.0
1732437691758417859,1.0
1732437691758417859,1.0
1732437691768991758,1.0
1732437691768991758,1.0
1732437691779536162,1.0
1732437691779536162,1.0
1732437691789736014,1.0
1732437691789736014,1.0
1732437691800057713,1.0
1732437691800057713,1.0
1732437691810510907,1.0
1732437691810510907,1.0
1732437691820891582,1.0
1732437691820891582,1.0
1732437691831375333,1.0
1732437691831375333,1.0
1732437691841884504,1.0
1732437691841884504,1.0
1732437691852434939,1.0
1732437691852434939,1.0
1732437691863818845,1.0
1732437691863818845,1.0
1732437691874375330,1.0
1732437691874375330,1.0
1732437691884736053,1.0
1732437691884736053,1.0
1732437691895233279,1.0
1732437691895233279,1.0
1732437691905874692,1.0
1732437691905874692,1.0
1732437691916121934,1.0
1732437691916121934,1.0
1732437691926395894,1.0
1732437691926395894,1.0
1732437691936876957,1.0
1732437691936876957,1.0
1732437691947107259,1.0
1732437691947107259,1.0
1732437691957535938,1.0
1732437691957535938,1.0
1732437691967782947,1.0
1732437691967782947,1.0
1732437691978248976,1.0
1732437691978248976,1.0
1732437691988415224,1.0
1732437691988415224,1.0
1732437691998787549,1.0
1732437691998787549,1.0
1732437692008944661,1.0
1732437692008944661,1.0
1732437692019404037,1.0
1732437692019404037,1.0
1732437692029485559,1.0
1732437692029485559,1.0
1732437692039745714,1.0
1732437692039745714,1.0
1732437692050069166,1.0
1732437692050069166,1.0
1732437692060437508,1.0
1732437692060437508,1.0
1732437692070798444,1.0
1732437692070798444,1.0
1732437692081417636,1.0
1732437692081417636,1.0
1732437692091636044,1.0
1732437692091636044,1.0
1732437692101709327,1.0
1732437692101709327,1.0
1732437692112121728,1.0
1732437692112121728,1.0
1732437692122738777,1.0
1732437692122738777,1.0
1732437692133290164,1.0
1732437692133290164,1.0
1732437692143661255,1.0
1732437692143661255,1.0
1732437692154638023,1.0
1732437692154638023,1.0
1732437692165152843,1.0
1732437692165152843,1.0
1732437692175772025,1.0
1732437692175772025,1.0
1732437692186256809,1.0
1732437692186256809,1.0
1732437692196971970,1.0
1732437692196971970,1.0
1732437692207019900,1.0
1732437692207019900,1.0
1732437692217046807,1.0
1732437692217046807,1.0
1732437692227612584,1.0
1732437692227612584,1.0
1732437692238019381,1.0
1732437692238019381,1.0
1732437692248517839,1.0
1732437692248517839,1.0
1732437692258727210,1.0
1732437692258727210,1.0
1732437692269412445,1.0
1732437692269412445,1.0
1732437692279933576,1.0
1732437692279933576,1.0
1732437692290294379,1.0
1732437692290294379,1.0
1732437692300354941,1.0
1732437692300354941,1.0
1732437692310614435,1.0
1732437692310614435,1.0
1732437692321050937,1.0
1732437692321050937,1.0
1732437692331280014,1.0
1732437692331280014,1.0
1732437692341517127,1.0
1732437692341517127,1.0
1732437692352443812,1.0
1732437692352443812,1.0
1732437692363330321,1.0
1732437692363330321,1.0
1732437692374000449,1.0
1732437692374000449,1.0
1732437692386916955,1.0
1732437692386916955,1.0
1732437692397288190,1.0
1732437692397288190,1.0
1732437692407379771,1.0
1732437692407379771,1.0
1732437692417578170,1.0
1732437692417578170,1.0
1732437692427987519,1.0
1732437692427987519,1.0
1732437692438619108,1.0
1732437692438619108,1.0
1732437692449200982,1.0
1732437692449200982,1.0
1732437692459416975,1.0
1732437692459416975,1.0
1732437692469683951,1.0
1732437692469683951,1.0
1732437692480376478,1.0
1732437692480376478,1.0
1732437692490928960,1.0
1732437692490928960,1.0
1732437692501526704,1.0
1732437692501526704,1.0
1732437692511917391,1.0
1732437692511917391,1.0
1732437692522386124,1.0
1732437692522386124,1.0
1732437692532665976,1.0
1732437692532665976,1.0
1732437692543186114,1.0
1732437692543186114,1.0
1732437692553288562,1.0
1732437692553288562,1.0
1732437692563613000,1.0
1732437692563613000,1.0
1732437692574220280,1.0
1732437692574220280,1.0
1732437692584498098,1.0
1732437692584498098,1.0
1732437692594772589,1.0
1732437692594772589,1.0
1732437692604928720,1.0
1732437692604928720,1.0
1732437692615394287,1.0
1732437692615394287,1.0
1732437692625651849,1.0
1732437692625651849,1.0
1732437692636037576,1.0
1732437692636037576,1.0
1732437692646771984,1.0
1732437692646771984,1.0
1732437692657397679,1.0
1732437692657397679,1.0
1732437692667488709,1.0
1732437692667488709,1.0
1732437692677807953,1.0
1732437692677807953,1.0
1732437692688147035,1.0
1732437692688147035,1.0
1732437692699476049,1.0
1732437692699476049,1.0
1732437692710104956,1.0
1732437692710104956,1.0
1732437692720400019,1.0
1732437692720400019,1.0
1732437692731198546,1.0
1732437692731198546,1.0
1732437692741423242,1.0
1732437692741423242,1.0
1732437692751838247,1.0
1732437692751838247,1.0
1732437692762293847,1.0
1732437692762293847,1.0
1732437692772757740,1.0
1732437692772757740,1.0
1732437692783260774,1.0
1732437692783260774,1.0
1732437692793768203,1.0
1732437692793768203,1.0
1732437692803949851,1.0
1732437692803949851,1.0
1732437692814506263,1.0
1732437692814506263,1.0
1732437692825182015,1.0
1732437692825182015,1.0
1732437692835766664,1.0
1732437692835766664,1.0
1732437692845995590,1.0
1732437692845995590,1.0
1732437692856222764,1.0
1732437692856222764,1.0
1732437692867181139,1.0
1732437692867181139,1.0
1732437692877304017,1.0
1732437692877304017,1.0
1732437692887566617,1.0
1732437692887566617,1.0
1732437692898000355,1.0
1732437692898000355,1.0
1732437692908583190,1.0
1732437692908583190,1.0
1732437692919214886,1.0
1732437692919214886,1.0
1732437692929749582,1.0
1732437692929749582,1.0
1732437692940014876,1.0
1732437692940014876,1.0
1732437692950344830,1.0
1732437692950344830,1.0
1732437692960629791,1.0
1732437692960629791,1.0
1732437692970923319,1.0
1732437692970923319,1.0
1732437692981310011,1.0
1732437692981310011,1.0
1732437692991821502,1.0
1732437692991821502,1.0
1732437693002677457,1.0
1732437693002677457,1.0
1732437693013287302,1.0
1732437693013287302,1.0
1732437693023506882,1.0
1732437693023506882,1.0
1732437693033804496,1.0
1732437693033804496,1.0
1732437693044039834,1.0
1732437693044039834,1.0
1732437693054241881,1.0
1732437693054241881,1.0
1732437693064528314,1.0
1732437693064528314,1.0
1732437693074710393,1.0
1732437693074710393,1.0
1732437693085017766,1.0
1732437693085017766,1.0
1732437693095364743,1.0
1732437693095364743,1.0
1732437693105613647,1.0
1732437693105613647,1.0
1732437693115819601,1.0
1732437693115819601,1.0
1732437693126424388,1.0
1732437693126424388,1.0
1732437693137089663,1.0
1732437693137089663,1.0
1732437693147108742,1.0
1732437693147108742,1.0
1732437693157464154,1.0
1732437693157464154,1.0
1732437693167951258,1.0
1732437693167951258,1.0
1732437693178531411,1.0
1732437693178531411,1.0
1732437693188994103,1.0
1732437693188994103,1.0
1732437693199449863,1.0
1732437693199449863,1.0
1732437693209780910,1.0
1732437693209780910,1.0
1732437693219952169,1.0
1732437693219952169,1.0
1732437693230612368,1.0
1732437693230612368,1.0
1732437693241228585,1.0
1732437693241228585,1.0
1732437693252422489,1.0
1732437693252422489,1.0
1732437693262582437,1.0
1732437693262582437,1.0
1732437693272845697,1.0
1732437693272845697,1.0
1732437693282960151,1.0
1732437693282960151,1.0
1732437693293222509,1.0
1732437693293222509,1.0
1732437693303750311,1.0
1732437693303750311,1.0
1732437693314453270,1.0
1732437693314453270,1.0
1732437693325016498,1.0
1732437693325016498,1.0
1732437693335587301,1.0
1732437693335587301,1.0
1732437693346032101,1.0
1732437693346032101,1.0
1732437693356488331,1.0
1732437693356488331,1.0
1732437693366929963,1.0
1732437693366929963,1.0
1732437693377244188,1.0
1732437693377244188,1.0
1732437693387679746,1.0
1732437693387679746,1.0
1732437693398086817,1.0
1732437693398086817,1.0
1732437693408452700,1.0
1732437693408452700,1.0
1732437693418887629,1.0
1732437693418887629,1.0
1732437693429249945,1.0
1732437693429249945,1.0
1732437693439413761,1.0
1732437693439413761,1.0
1732437693449857607,1.0
1732437693449857607,1.0
1732437693460094078,1.0
1732437693460094078,1.0
1732437693470581696,1.0
1732437693470581696,1.0
1732437693481115028,1.0
1732437693481115028,1.0
1732437693491470010,1.0
1732437693491470010,1.0
1732437693501785889,1.0
1732437693501785889,1.0
1732437693512008414,1.0
1732437693512008414,1.0
1732437693522725730,1.0
1732437693522725730,1.0
1732437693533143459,1.0
1732437693533143459,1.0
1732437693544072368,1.0
1732437693544072368,1.0
1732437693554322053,1.0
1732437693554322053,1.0
1732437693564434243,1.0
1732437693564434243,1.0
1732437693574713212,1.0
1732437693574713212,1.0
1732437693585014214,1.0
1732437693585014214,1.0
1732437693595369496,1.0
1732437693595369496,1.0
1732437693605572685,1.0
1732437693605572685,1.0
1732437693616074640,1.0
1732437693616074640,1.0
1732437693626340575,1.0
1732437693626340575,1.0
1732437693636719210,1.0
1732437693636719210,1.0
1732437693647277750,1.0
1732437693647277750,1.0
1732437693658150582,1.0
1732437693658150582,1.0
1732437693668549418,1.0
1732437693668549418,1.0
1732437693678660326,1.0
1732437693678660326,1.0
1732437693689347115,1.0
1732437693689347115,1.0
1732437693699829231,1.0
1732437693699829231,1.0
1732437693710307378,1.0
1732437693710307378,1.0
1732437693720743876,1.0
1732437693720743876,1.0
1732437693731861475,1.0
1732437693731861475,1.0
1732437693742465621,1.0
1732437693742465621,1.0
1732437693752984283,1.0
1732437693752984283,1.0
1732437693763440286,1.0
1732437693763440286,1.0
1732437693773835802,1.0
1732437693773835802,1.0
1732437693784122848,1.0
1732437693784122848,1.0
1732437693794270612,1.0
1732437693794270612,1.0
1732437693804792344,1.0
1732437693804792344,1.0
1732437693815049885,1.0
1732437693815049885,1.0
1732437693825700786,1.0
1732437693825700786,1.0
1732437693835871194,1.0
1732437693835871194,1.0
1732437693846181459,1.0
1732437693846181459,1.0
1732437693856921059,1.0
1732437693856921059,1.0
1732437693867156809,1.0
1732437693867156809,1.0
1732437693877556764,1.0
1732437693877556764,1.0
1732437693887773788,1.0
1732437693887773788,1.0
1732437693897984422,1.0
1732437693897984422,1.0
1732437693908149179,1.0
1732437693908149179,1.0
1732437693918402280,1.0
1732437693918402280,1.0
1732437693928905908,1.0
1732437693928905908,1.0
1732437693939018669,1.0
1732437693939018669,1.0
1732437693949108836,1.0
1732437693949108836,1.0
1732437693959520253,1.0
1732437693959520253,1.0
1732437693969607547,1.0
1732437693969607547,1.0
1732437693980236407,1.0
1732437693980236407,1.0
1732437693990307010,1.0
1732437693990307010,1.0
1732437694000821538,1.0
1732437694000821538,1.0
1732437694011061916,1.0
1732437694011061916,1.0
1732437694021519488,1.0
1732437694021519488,1.0
1732437694031762812,1.0
1732437694031762812,1.0
1732437694042597335,1.0
1732437694042597335,1.0
1732437694053301817,1.0
1732437694053301817,1.0
1732437694063743751,1.0
1732437694063743751,1.0
1732437694074270862,1.0
1732437694074270862,1.0
1732437694084701063,1.0
1732437694084701063,1.0
1732437694095179995,1.0
1732437694095179995,1.0
1732437694105588726,1.0
1732437694105588726,1.0
1732437694116198231,1.0
1732437694116198231,1.0
1732437694126787880,1.0
1732437694126787880,1.0
1732437694137662979,1.0
1732437694137662979,1.0
1732437694147852743,1.0
1732437694147852743,1.0
1732437694158012000,1.0
1732437694158012000,1.0
1732437694168275140,1.0
1732437694168275140,1.0
1732437694178609204,1.0
1732437694178609204,1.0
1732437694189136354,1.0
1732437694189136354,1.0
1732437694199602423,1.0
1732437694199602423,1.0
1732437694210160393,1.0
1732437694210160393,1.0
1732437694220523431,1.0
1732437694220523431,1.0
1732437694231034932,1.0
1732437694231034932,1.0
1732437694241499489,1.0
1732437694241499489,1.0
1732437694251695754,1.0
1732437694251695754,1.0
1732437694261817792,1.0
1732437694261817792,1.0
1732437694272351686,1.0
1732437694272351686,1.0
1732437694282823324,1.0
1732437694282823324,1.0
1732437694293603818,1.0
1732437694293603818,1.0
1732437694303684129,1.0
1732437694303684129,1.0
1732437694314343316,1.0
1732437694314343316,1.0
1732437694324775221,1.0
1732437694324775221,1.0
1732437694335642465,1.0
1732437694335642465,1.0
1732437694346328614,1.0
1732437694346328614,1.0
1732437694356587907,1.0
1732437694356587907,1.0
1732437694367042624,1.0
1732437694367042624,1.0
1732437694377184338,1.0
1732437694377184338,1.0
1732437694387355698,1.0
1732437694387355698,1.0
1732437694397561068,1.0
1732437694397561068,1.0
1732437694407859817,1.0
1732437694407859817,1.0
1732437694418623550,1.0
1732437694418623550,1.0
1732437694429118812,1.0
1732437694429118812,1.0
1732437694439494312,1.0
1732437694439494312,1.0
1732437694449872272,1.0
1732437694449872272,1.0
1732437694460067860,1.0
1732437694460067860,1.0
1732437694470418982,1.0
1732437694470418982,1.0
1732437694481053607,1.0
1732437694481053607,1.0
1732437694491427800,1.0
1732437694491427800,1.0
1732437694501864613,1.0
1732437694501864613,1.0
1732437694512128128,1.0
1732437694512128128,1.0
1732437694522535528,1.0
1732437694522535528,1.0
1732437694532903563,1.0
1732437694532903563,1.0
1732437694543285785,1.0
1732437694543285785,1.0
1732437694554090844,1.0
1732437694554090844,1.0
1732437694564899821,1.0
1732437694564899821,1.0
1732437694575548819,1.0
1732437694575548819,1.0
1732437694585981666,1.0
1732437694585981666,1.0
1732437694596335151,1.0
1732437694596335151,1.0
1732437694606493780,1.0
1732437694606493780,1.0
1732437694617278327,1.0
1732437694617278327,1.0
1732437694627380832,1.0
1732437694627380832,1.0
1732437694637817626,1.0
1732437694637817626,1.0
1732437694648173429,1.0
1732437694648173429,1.0
1732437694658334600,1.0
1732437694658334600,1.0
1732437694668715098,1.0
1732437694668715098,1.0
1732437694679015619,1.0
1732437694679015619,1.0
1732437694689325086,1.0
1732437694689325086,1.0
1732437694699647877,1.0
1732437694699647877,1.0
1732437694710209122,1.0
1732437694710209122,1.0
1732437694720303178,1.0
1732437694720303178,1.0
1732437694730595020,1.0
1732437694730595020,1.0
1732437694741140897,1.0
1732437694741140897,1.0
1732437694751768364,1.0
1732437694751768364,1.0
1732437694761979890,1.0
1732437694761979890,1.0
1732437694772406734,1.0
1732437694772406734,1.0
1732437694782562154,1.0
1732437694782562154,1.0
1732437694792852461,1.0
1732437694792852461,1.0
1732437694803418445,1.0
1732437694803418445,1.0
1732437694813681500,1.0
1732437694813681500,1.0
1732437694823814058,1.0
1732437694823814058,1.0
1732437694835252776,1.0
1732437694835252776,1.0
1732437694845532665,1.0
1732437694845532665,1.0
1732437694855933813,0.9741798043251038
1732437694855933813,0.9741798043251038
1732437694866508904,0.9741798043251038
1732437694866508904,0.9741798043251038
1732437694877073625,0.9741798043251038
1732437694877073625,0.9741798043251038
1732437694887350962,0.9741798043251038
1732437694887350962,0.9741798043251038
1732437694897687098,0.9741798043251038
1732437694897687098,0.9741798043251038
1732437694908153414,0.9741798043251038
1732437694908153414,0.9741798043251038
1732437694918425704,0.9741798043251038
1732437694918425704,0.9741798043251038
1732437694928645133,0.9741798043251038
1732437694928645133,0.9741798043251038
1732437694939072199,0.9741798043251038
1732437694939072199,0.9741798043251038
1732437694949690781,0.9741798043251038
1732437694949690781,0.9741798043251038
1732437694960766904,0.9741798043251038
1732437694960766904,0.9741798043251038
1732437694971127586,0.9741798043251038
1732437694971127586,0.9741798043251038
1732437694981622859,0.9741798043251038
1732437694981622859,0.9741798043251038
1732437694991853018,0.9741798043251038
1732437694991853018,0.9741798043251038
1732437695002022975,0.9741798043251038
1732437695002022975,0.9741798043251038
1732437695012125636,0.9741798043251038
1732437695012125636,0.9741798043251038
1732437695022396080,0.9741798043251038
1732437695022396080,0.9741798043251038
1732437695032654562,0.9741798043251038
1732437695032654562,0.9741798043251038
1732437695042745955,0.9741798043251038
1732437695042745955,0.9741798043251038
1732437695053835714,0.9741798043251038
1732437695053835714,0.9741798043251038
1732437695064198680,0.9741798043251038
1732437695064198680,0.9741798043251038
1732437695074555054,0.9741798043251038
1732437695074555054,0.9741798043251038
1732437695084794351,0.9741798043251038
1732437695084794351,0.9741798043251038
1732437695095262231,0.9741798043251038
1732437695095262231,0.9741798043251038
1732437695105841311,0.9741798043251038
1732437695105841311,0.9741798043251038
1732437695116126882,0.9741798043251038
1732437695116126882,0.9741798043251038
1732437695126384252,0.9741798043251038
1732437695126384252,0.9741798043251038
1732437695136925851,0.9741798043251038
1732437695136925851,0.9741798043251038
1732437695147000583,0.9741798043251038
1732437695147000583,0.9741798043251038
1732437695157159328,0.9741798043251038
1732437695157159328,0.9741798043251038
1732437695167331359,0.9741798043251038
1732437695167331359,0.9741798043251038
1732437695177646836,0.9741798043251038
1732437695177646836,0.9741798043251038
1732437695187826381,0.9741798043251038
1732437695187826381,0.9741798043251038
1732437695198319160,0.9741798043251038
1732437695198319160,0.9741798043251038
1732437695208702904,0.9741798043251038
1732437695208702904,0.9741798043251038
1732437695218929133,0.9741798043251038
1732437695218929133,0.9741798043251038
1732437695229321408,0.9741798043251038
1732437695229321408,0.9741798043251038
1732437695239755836,0.9741798043251038
1732437695239755836,0.9741798043251038
1732437695250130331,0.9741798043251038
1732437695250130331,0.9741798043251038
1732437695260572428,0.9741798043251038
1732437695260572428,0.9741798043251038
1732437695270737035,0.9741798043251038
1732437695270737035,0.9741798043251038
1732437695281560308,0.9741798043251038
1732437695281560308,0.9741798043251038
1732437695291965935,0.9741798043251038
1732437695291965935,0.9741798043251038
1732437695302856752,0.9741798043251038
1732437695302856752,0.9741798043251038
1732437695313563858,0.9741798043251038
1732437695313563858,0.9741798043251038
1732437695324231763,0.9741798043251038
1732437695324231763,0.9741798043251038
1732437695334598306,0.9741798043251038
1732437695334598306,0.9741798043251038
1732437695345111962,0.9741798043251038
1732437695345111962,0.9741798043251038
1732437695355645626,0.9741798043251038
1732437695355645626,0.9741798043251038
1732437695366170185,0.9741798043251038
1732437695366170185,0.9741798043251038
1732437695376891617,0.9741798043251038
1732437695376891617,0.9741798043251038
1732437695387002554,0.9741798043251038
1732437695387002554,0.9741798043251038
1732437695397241339,0.9741798043251038
1732437695397241339,0.9741798043251038
1732437695407735399,0.9741798043251038
1732437695407735399,0.9741798043251038
1732437695418227145,0.9741798043251038
1732437695418227145,0.9741798043251038
1732437695428644433,0.9741798043251038
1732437695428644433,0.9741798043251038
1732437695438949222,0.9741798043251038
1732437695438949222,0.9741798043251038
1732437695449373312,0.9741798043251038
1732437695449373312,0.9741798043251038
1732437695460487657,0.9741798043251038
1732437695460487657,0.9741798043251038
1732437695470704933,0.9741798043251038
1732437695470704933,0.9741798043251038
1732437695481271285,0.9741798043251038
1732437695481271285,0.9741798043251038
1732437695491875162,0.9741798043251038
1732437695491875162,0.9741798043251038
1732437695491875162,0.9741798043251038
1732437695491875162,0.9741798043251038
1732437695512790587,0.9741798043251038
1732437695512790587,0.9741798043251038
1732437695523087380,0.9741798043251038
1732437695523087380,0.9741798043251038
1732437695533446118,0.9741798043251038
1732437695533446118,0.9741798043251038
1732437695543634587,0.9741798043251038
1732437695543634587,0.9741798043251038
1732437695553831538,0.9741798043251038
1732437695553831538,0.9741798043251038
1732437695564163526,0.9741798043251038
1732437695564163526,0.9741798043251038
1732437695574378056,0.9741798043251038
1732437695574378056,0.9741798043251038
1732437695584793269,0.9741798043251038
1732437695584793269,0.9741798043251038
1732437695596003211,0.9741798043251038
1732437695596003211,0.9741798043251038
1732437695607022579,0.9741798043251038
1732437695607022579,0.9741798043251038
1732437695617076340,0.9741798043251038
1732437695617076340,0.9741798043251038
1732437695627272095,0.9741798043251038
1732437695627272095,0.9741798043251038
1732437695637599415,0.9741798043251038
1732437695637599415,0.9741798043251038
1732437695647719950,0.9741798043251038
1732437695647719950,0.9741798043251038
1732437695658193172,0.9741798043251038
1732437695658193172,0.9741798043251038
1732437695670210797,0.9741798043251038
1732437695670210797,0.9741798043251038
1732437695680324179,0.9741798043251038
1732437695680324179,0.9741798043251038
1732437695690692202,0.9741798043251038
1732437695690692202,0.9741798043251038
1732437695703965628,0.9741798043251038
1732437695703965628,0.9741798043251038
1732437695715279130,0.9741798043251038
1732437695715279130,0.9741798043251038
1732437695725799673,0.9741798043251038
1732437695725799673,0.9741798043251038
1732437695736339869,0.9741798043251038
1732437695736339869,0.9741798043251038
1732437695747045894,0.9741798043251038
1732437695747045894,0.9741798043251038
1732437695757763931,0.9741798043251038
1732437695757763931,0.9741798043251038
1732437695768637939,0.9741798043251038
1732437695768637939,0.9741798043251038
1732437695778994824,0.9741798043251038
1732437695778994824,0.9741798043251038
1732437695789157398,0.9741798043251038
1732437695789157398,0.9741798043251038
1732437695799346481,0.9741798043251038
1732437695799346481,0.9741798043251038
1732437695809841662,0.9741798043251038
1732437695809841662,0.9741798043251038
1732437695820493125,0.9741798043251038
1732437695820493125,0.9741798043251038
1732437695831157843,0.9741798043251038
1732437695831157843,0.9741798043251038
1732437695841620575,0.9741798043251038
1732437695841620575,0.9741798043251038
1732437695852295101,0.9741798043251038
1732437695852295101,0.9741798043251038
1732437695862495855,0.9741798043251038
1732437695862495855,0.9741798043251038
1732437695873079813,0.9741798043251038
1732437695873079813,0.9741798043251038
1732437695883679158,0.9741798043251038
1732437695883679158,0.9741798043251038
1732437695894150327,0.9741798043251038
1732437695894150327,0.9741798043251038
1732437695904944344,0.9741798043251038
1732437695904944344,0.9741798043251038
1732437695915428827,0.9741798043251038
1732437695915428827,0.9741798043251038
1732437695925590149,0.9741798043251038
1732437695925590149,0.9741798043251038
1732437695936290934,0.9741798043251038
1732437695936290934,0.9741798043251038
1732437695946489244,0.9741798043251038
1732437695946489244,0.9741798043251038
1732437695958048295,0.9741798043251038
1732437695958048295,0.9741798043251038
1732437695968298623,0.9741798043251038
1732437695968298623,0.9741798043251038
1732437695978428606,0.9741798043251038
1732437695978428606,0.9741798043251038
1732437695988931372,0.9741798043251038
1732437695988931372,0.9741798043251038
1732437695999345424,0.9741798043251038
1732437695999345424,0.9741798043251038
1732437696009738707,0.9741798043251038
1732437696009738707,0.9741798043251038
1732437696019958717,0.9741798043251038
1732437696019958717,0.9741798043251038
1732437696030144834,0.9741798043251038
1732437696030144834,0.9741798043251038
1732437696040570717,0.9741798043251038
1732437696040570717,0.9741798043251038
1732437696051835480,0.9741798043251038
1732437696051835480,0.9741798043251038
1732437696062263581,0.9741798043251038
1732437696062263581,0.9741798043251038
1732437696072483221,0.9741798043251038
1732437696072483221,0.9741798043251038
1732437696082732315,0.9741798043251038
1732437696082732315,0.9741798043251038
1732437696093095602,0.9741798043251038
1732437696093095602,0.9741798043251038
1732437696103691602,0.9741798043251038
1732437696103691602,0.9741798043251038
1732437696114143674,0.9741798043251038
1732437696114143674,0.9741798043251038
1732437696125197506,0.9741798043251038
1732437696125197506,0.9741798043251038
1732437696135369487,0.9741798043251038
1732437696135369487,0.9741798043251038
1732437696145555113,0.9741798043251038
1732437696145555113,0.9741798043251038
1732437696155990685,0.9741798043251038
1732437696155990685,0.9741798043251038
1732437696166199875,0.9741798043251038
1732437696166199875,0.9741798043251038
1732437696176630578,0.9741798043251038
1732437696176630578,0.9741798043251038
1732437696186979979,0.9741798043251038
1732437696186979979,0.9741798043251038
1732437696197002762,0.9741798043251038
1732437696197002762,0.9741798043251038
1732437696197002762,0.9741798043251038
1732437696197002762,0.9741798043251038
1732437696217149032,0.9741798043251038
1732437696217149032,0.9741798043251038
1732437696227597511,0.9741798043251038
1732437696227597511,0.9741798043251038
1732437696237793536,0.9741798043251038
1732437696237793536,0.9741798043251038
1732437696237793536,0.9741798043251038
1732437696237793536,0.9741798043251038
1732437696259118475,0.9741798043251038
1732437696259118475,0.9741798043251038
1732437696269502400,0.9741798043251038
1732437696269502400,0.9741798043251038
1732437696279772503,0.9741798043251038
1732437696279772503,0.9741798043251038
1732437696292369217,0.9741798043251038
1732437696292369217,0.9741798043251038
1732437696302584814,0.9741798043251038
1732437696302584814,0.9741798043251038
1732437696313249727,0.9741798043251038
1732437696313249727,0.9741798043251038
1732437696324069844,0.9741798043251038
1732437696324069844,0.9741798043251038
1732437696334414326,0.9741798043251038
1732437696334414326,0.9741798043251038
1732437696344814892,0.9741798043251038
1732437696344814892,0.9741798043251038
1732437696355339920,0.9741798043251038
1732437696355339920,0.9741798043251038
1732437696367863607,0.9741798043251038
1732437696367863607,0.9741798043251038
1732437696378041840,0.9741798043251038
1732437696378041840,0.9741798043251038
1732437696388079681,0.9741798043251038
1732437696388079681,0.9741798043251038
1732437696402083483,0.9741798043251038
1732437696402083483,0.9741798043251038
1732437696412550224,0.9741798043251038
1732437696412550224,0.9741798043251038
1732437696422644801,0.9741798043251038
1732437696422644801,0.9741798043251038
1732437696434805301,0.9741798043251038
1732437696434805301,0.9741798043251038
1732437696444911862,0.9741798043251038
1732437696444911862,0.9741798043251038
1732437696455066821,0.9741798043251038
1732437696455066821,0.9741798043251038
1732437696465623778,0.9741798043251038
1732437696465623778,0.9741798043251038
1732437696475951890,0.9741798043251038
1732437696475951890,0.9741798043251038
1732437696486471244,0.9741798043251038
1732437696486471244,0.9741798043251038
1732437696497257197,0.9741798043251038
1732437696497257197,0.9741798043251038
1732437696507274424,0.9741798043251038
1732437696507274424,0.9741798043251038
1732437696517796637,0.9741798043251038
1732437696517796637,0.9741798043251038
1732437696528660505,0.9741798043251038
1732437696528660505,0.9741798043251038
1732437696539163702,0.9741798043251038
1732437696539163702,0.9741798043251038
1732437696550199440,0.9741798043251038
1732437696550199440,0.9741798043251038
1732437696560710202,0.9741798043251038
1732437696560710202,0.9741798043251038
1732437696571015221,0.9741798043251038
1732437696571015221,0.9741798043251038
1732437696581526714,0.9741798043251038
1732437696581526714,0.9741798043251038
1732437696592072490,0.9741798043251038
1732437696592072490,0.9741798043251038
1732437696602473107,0.9741798043251038
1732437696602473107,0.9741798043251038
1732437696612774919,0.9741798043251038
1732437696612774919,0.9741798043251038
1732437696623044863,0.9741798043251038
1732437696623044863,0.9741798043251038
1732437696634487980,0.9741798043251038
1732437696634487980,0.9741798043251038
1732437696644629023,0.9741798043251038
1732437696644629023,0.9741798043251038
1732437696655006847,0.9741798043251038
1732437696655006847,0.9741798043251038
1732437696665392957,0.9741798043251038
1732437696665392957,0.9741798043251038
1732437696675815083,0.9741798043251038
1732437696675815083,0.9741798043251038
1732437696686425490,0.9741798043251038
1732437696686425490,0.9741798043251038
1732437696697185542,0.9741798043251038
1732437696697185542,0.9741798043251038
1732437696707273140,0.9741798043251038
1732437696707273140,0.9741798043251038
1732437696717411027,0.9741798043251038
1732437696717411027,0.9741798043251038
1732437696727637930,0.9741798043251038
1732437696727637930,0.9741798043251038
1732437696737813375,0.9741798043251038
1732437696737813375,0.9741798043251038
1732437696748027879,0.9741798043251038
1732437696748027879,0.9741798043251038
1732437696758393539,0.9741798043251038
1732437696758393539,0.9741798043251038
1732437696768485110,0.9741798043251038
1732437696768485110,0.9741798043251038
1732437696778575756,0.9741798043251038
1732437696778575756,0.9741798043251038
1732437696789338029,0.9741798043251038
1732437696789338029,0.9741798043251038
1732437696802826352,0.9741798043251038
1732437696802826352,0.9741798043251038
1732437696812986130,0.9741798043251038
1732437696812986130,0.9741798043251038
1732437696823365438,0.9741798043251038
1732437696823365438,0.9741798043251038
1732437696833884724,0.9741798043251038
1732437696833884724,0.9741798043251038
1732437696844023955,0.9741798043251038
1732437696844023955,0.9741798043251038
1732437696854664558,0.9741798043251038
1732437696854664558,0.9741798043251038
1732437696864947004,0.9741798043251038
1732437696864947004,0.9741798043251038
1732437696875447844,0.9741798043251038
1732437696875447844,0.9741798043251038
1732437696886211691,0.9741798043251038
1732437696886211691,0.9741798043251038
1732437696896749624,0.9741798043251038
1732437696896749624,0.9741798043251038
1732437696906778615,0.9741798043251038
1732437696906778615,0.9741798043251038
1732437696919054205,0.9741798043251038
1732437696919054205,0.9741798043251038
1732437696929441166,0.9741798043251038
1732437696929441166,0.9741798043251038
1732437696939600562,0.9741798043251038
1732437696939600562,0.9741798043251038
1732437696950238932,0.9741798043251038
1732437696950238932,0.9741798043251038
1732437696960678981,0.9741798043251038
1732437696960678981,0.9741798043251038
1732437696970981284,0.9741798043251038
1732437696970981284,0.9741798043251038
1732437696981562195,0.9741798043251038
1732437696981562195,0.9741798043251038
1732437696992632228,0.9741798043251038
1732437696992632228,0.9741798043251038
1732437697003875944,0.9741798043251038
1732437697003875944,0.9741798043251038
1732437697014360326,0.9741798043251038
1732437697014360326,0.9741798043251038
1732437697025038739,0.9741798043251038
1732437697025038739,0.9741798043251038
1732437697035380036,0.9741798043251038
1732437697035380036,0.9741798043251038
1732437697045577704,0.9741798043251038
1732437697045577704,0.9741798043251038
1732437697056071204,0.9741798043251038
1732437697056071204,0.9741798043251038
1732437697066550047,0.9741798043251038
1732437697066550047,0.9741798043251038
1732437697077141748,0.9741798043251038
1732437697077141748,0.9741798043251038
1732437697087587849,0.9741798043251038
1732437697087587849,0.9741798043251038
1732437697097916863,0.9741798043251038
1732437697097916863,0.9741798043251038
1732437697108189391,0.9741798043251038
1732437697108189391,0.9741798043251038
1732437697118816138,0.9741798043251038
1732437697118816138,0.9741798043251038
1732437697129487616,0.9741798043251038
1732437697129487616,0.9741798043251038
1732437697139702779,0.9741798043251038
1732437697139702779,0.9741798043251038
1732437697150227907,0.9741798043251038
1732437697150227907,0.9741798043251038
1732437697160774956,0.9741798043251038
1732437697160774956,0.9741798043251038
1732437697171442708,0.9741798043251038
1732437697171442708,0.9741798043251038
1732437697181685240,0.9741798043251038
1732437697181685240,0.9741798043251038
1732437697192493667,0.9741798043251038
1732437697192493667,0.9741798043251038
1732437697207230182,0.9741798043251038
1732437697207230182,0.9741798043251038
1732437697217502099,0.9741798043251038
1732437697217502099,0.9741798043251038
1732437697228150949,0.9741798043251038
1732437697228150949,0.9741798043251038
1732437697238698541,0.9741798043251038
1732437697238698541,0.9741798043251038
1732437697249038829,0.9741798043251038
1732437697249038829,0.9741798043251038
1732437697260913890,0.9741798043251038
1732437697260913890,0.9741798043251038
1732437697271103504,0.9741798043251038
1732437697271103504,0.9741798043251038
1732437697271103504,0.9741798043251038
1732437697271103504,0.9741798043251038
1732437697293794939,0.9741798043251038
1732437697293794939,0.9741798043251038
1732437697314898923,0.9741798043251038
1732437697314898923,0.9741798043251038
1732437697327622414,0.9741798043251038
1732437697327622414,0.9741798043251038
1732437697338647592,0.9741798043251038
1732437697338647592,0.9741798043251038
1732437697350722395,0.9741798043251038
1732437697350722395,0.9741798043251038
1732437697360961881,0.9741798043251038
1732437697360961881,0.9741798043251038
1732437697371101451,0.9741798043251038
1732437697371101451,0.9741798043251038
1732437697381756011,0.9741798043251038
1732437697381756011,0.9741798043251038
1732437697392810665,0.9741798043251038
1732437697392810665,0.9741798043251038
1732437697403475814,0.9741798043251038
1732437697403475814,0.9741798043251038
1732437697413594138,0.9741798043251038
1732437697413594138,0.9741798043251038
1732437697423887054,0.9741798043251038
1732437697423887054,0.9741798043251038
1732437697434364615,0.9741798043251038
1732437697434364615,0.9741798043251038
1732437697444721660,0.9741798043251038
1732437697444721660,0.9741798043251038
1732437697455484752,0.9741798043251038
1732437697455484752,0.9741798043251038
1732437697465710713,0.9741798043251038
1732437697465710713,0.9741798043251038
1732437697476279742,0.9741798043251038
1732437697476279742,0.9741798043251038
1732437697486409143,0.9741798043251038
1732437697486409143,0.9741798043251038
1732437697497054908,0.9741798043251038
1732437697497054908,0.9741798043251038
1732437697507251534,0.9741798043251038
1732437697507251534,0.9741798043251038
1732437697517536476,0.9741798043251038
1732437697517536476,0.9741798043251038
1732437697528082082,0.9741798043251038
1732437697528082082,0.9741798043251038
1732437697538824705,0.9741798043251038
1732437697538824705,0.9741798043251038
1732437697550137507,0.9741798043251038
1732437697550137507,0.9741798043251038
1732437697560200996,0.9741798043251038
1732437697560200996,0.9741798043251038
1732437697572160003,0.9741798043251038
1732437697572160003,0.9741798043251038
1732437697582642641,0.9741798043251038
1732437697582642641,0.9741798043251038
1732437697592939004,0.9741798043251038
1732437697592939004,0.9741798043251038
1732437697605927527,0.9741798043251038
1732437697605927527,0.9741798043251038
1732437697616428711,0.9741798043251038
1732437697616428711,0.9741798043251038
1732437697626937158,0.9741798043251038
1732437697626937158,0.9741798043251038
1732437697637070635,0.9741798043251038
1732437697637070635,0.9741798043251038
1732437697648200220,0.9741798043251038
1732437697648200220,0.9741798043251038
1732437697658594284,0.9741798043251038
1732437697658594284,0.9741798043251038
1732437697669123721,0.9741798043251038
1732437697669123721,0.9741798043251038
1732437697679559503,0.9741798043251038
1732437697679559503,0.9741798043251038
1732437697690210565,0.9741798043251038
1732437697690210565,0.9741798043251038
1732437697700922210,0.9741798043251038
1732437697700922210,0.9741798043251038
1732437697711281580,0.9741798043251038
1732437697711281580,0.9741798043251038
1732437697722164694,0.9741798043251038
1732437697722164694,0.9741798043251038
1732437697732515008,0.9741798043251038
1732437697732515008,0.9741798043251038
1732437697742786000,0.9741798043251038
1732437697742786000,0.9741798043251038
1732437697753517852,0.9741798043251038
1732437697753517852,0.9741798043251038
1732437697763756381,0.9741798043251038
1732437697763756381,0.9741798043251038
1732437697774139946,0.9741798043251038
1732437697774139946,0.9741798043251038
1732437697784688237,0.9741798043251038
1732437697784688237,0.9741798043251038
1732437697795104322,0.9741798043251038
1732437697795104322,0.9741798043251038
1732437697805652534,0.9741798043251038
1732437697805652534,0.9741798043251038
1732437697815836778,0.9741798043251038
1732437697815836778,0.9741798043251038
1732437697826545327,0.9741798043251038
1732437697826545327,0.9741798043251038
1732437697837200367,0.9741798043251038
1732437697837200367,0.9741798043251038
1732437697848021697,0.9741798043251038
1732437697848021697,0.9741798043251038
1732437697858254208,0.9741798043251038
1732437697858254208,0.9741798043251038
1732437697868422493,0.9741798043251038
1732437697868422493,0.9741798043251038
1732437697878685083,0.9741798043251038
1732437697878685083,0.9741798043251038
1732437697888989451,0.9741798043251038
1732437697888989451,0.9741798043251038
1732437697899190055,0.9741798043251038
1732437697899190055,0.9741798043251038
1732437697909274463,0.9741798043251038
1732437697909274463,0.9741798043251038
1732437697919649141,0.9741798043251038
1732437697919649141,0.9741798043251038
1732437697930087838,0.9741798043251038
1732437697930087838,0.9741798043251038
1732437697940408204,0.9741798043251038
1732437697940408204,0.9741798043251038
1732437697950697734,0.9741798043251038
1732437697950697734,0.9741798043251038
1732437697961398395,0.9741798043251038
1732437697961398395,0.9741798043251038
1732437697971551871,0.9741798043251038
1732437697971551871,0.9741798043251038
1732437697981898357,0.9741798043251038
1732437697981898357,0.9741798043251038
1732437697992258749,0.9741798043251038
1732437697992258749,0.9741798043251038
1732437698002381061,0.9741798043251038
1732437698002381061,0.9741798043251038
1732437698012962894,0.9741798043251038
1732437698012962894,0.9741798043251038
1732437698023379611,0.9741798043251038
1732437698023379611,0.9741798043251038
1732437698033637702,0.9741798043251038
1732437698033637702,0.9741798043251038
1732437698044550914,0.9741798043251038
1732437698044550914,0.9741798043251038
1732437698054782226,0.9741798043251038
1732437698054782226,0.9741798043251038
1732437698064965278,0.9741798043251038
1732437698064965278,0.9741798043251038
1732437698075781788,0.9741798043251038
1732437698075781788,0.9741798043251038
1732437698086013909,0.9741798043251038
1732437698086013909,0.9741798043251038
1732437698096393079,0.9741798043251038
1732437698096393079,0.9741798043251038
1732437698106629119,0.9741798043251038
1732437698106629119,0.9741798043251038
1732437698116892089,0.9741798043251038
1732437698116892089,0.9741798043251038
1732437698126958164,0.9741798043251038
1732437698126958164,0.9741798043251038
1732437698137442505,0.9741798043251038
1732437698137442505,0.9741798043251038
1732437698147808327,0.9741798043251038
1732437698147808327,0.9741798043251038
1732437698158746665,0.9741798043251038
1732437698158746665,0.9741798043251038
1732437698169226003,0.9741798043251038
1732437698169226003,0.9741798043251038
1732437698179595716,0.9741798043251038
1732437698179595716,0.9741798043251038
1732437698189980302,0.9741798043251038
1732437698189980302,0.9741798043251038
1732437698200545325,0.9741798043251038
1732437698200545325,0.9741798043251038
1732437698210898710,0.9741798043251038
1732437698210898710,0.9741798043251038
1732437698221226254,0.9741798043251038
1732437698221226254,0.9741798043251038
1732437698231674029,0.9741798043251038
1732437698231674029,0.9741798043251038
1732437698242294374,0.9741798043251038
1732437698242294374,0.9741798043251038
1732437698252828640,0.9741798043251038
1732437698252828640,0.9741798043251038
1732437698263280202,0.9741798043251038
1732437698263280202,0.9741798043251038
1732437698273646444,0.9741798043251038
1732437698273646444,0.9741798043251038
1732437698284179698,0.9741798043251038
1732437698284179698,0.9741798043251038
1732437698294616492,0.9741798043251038
1732437698294616492,0.9741798043251038
1732437698305094904,0.9741798043251038
1732437698305094904,0.9741798043251038
1732437698315536585,0.9741798043251038
1732437698315536585,0.9741798043251038
1732437698325791560,0.9741798043251038
1732437698325791560,0.9741798043251038
1732437698336097321,0.9741798043251038
1732437698336097321,0.9741798043251038
1732437698346283959,0.9741798043251038
1732437698346283959,0.9741798043251038
1732437698356616154,0.9741798043251038
1732437698356616154,0.9741798043251038
1732437698366898935,0.9741798043251038
1732437698366898935,0.9741798043251038
1732437698377181202,0.9741798043251038
1732437698377181202,0.9741798043251038
1732437698387450153,0.9741798043251038
1732437698387450153,0.9741798043251038
1732437698397878043,0.9741798043251038
1732437698397878043,0.9741798043251038
1732437698408330435,0.9741798043251038
1732437698408330435,0.9741798043251038
1732437698418710443,0.9741798043251038
1732437698418710443,0.9741798043251038
1732437698429208973,0.9741798043251038
1732437698429208973,0.9741798043251038
1732437698439595289,0.9741798043251038
1732437698439595289,0.9741798043251038
1732437698449911840,0.9741798043251038
1732437698449911840,0.9741798043251038
1732437698461047323,0.9741798043251038
1732437698461047323,0.9741798043251038
1732437698471537570,0.9741798043251038
1732437698471537570,0.9741798043251038
1732437698481883624,0.9741798043251038
1732437698481883624,0.9741798043251038
1732437698492173323,0.9741798043251038
1732437698492173323,0.9741798043251038
1732437698502269603,0.9741798043251038
1732437698502269603,0.9741798043251038
1732437698512515873,0.9741798043251038
1732437698512515873,0.9741798043251038
1732437698522892095,0.9741798043251038
1732437698522892095,0.9741798043251038
1732437698533247929,0.9741798043251038
1732437698533247929,0.9741798043251038
1732437698543913108,0.9741798043251038
1732437698543913108,0.9741798043251038
1732437698554323061,0.9741798043251038
1732437698554323061,0.9741798043251038
1732437698564490204,0.9741798043251038
1732437698564490204,0.9741798043251038
1732437698574522045,0.9741798043251038
1732437698574522045,0.9741798043251038
1732437698584880602,0.9741798043251038
1732437698584880602,0.9741798043251038
1732437698595105071,0.9741798043251038
1732437698595105071,0.9741798043251038
1732437698605720997,0.9741798043251038
1732437698605720997,0.9741798043251038
1732437698616015232,0.9741798043251038
1732437698616015232,0.9741798043251038
1732437698626553285,0.9741798043251038
1732437698626553285,0.9741798043251038
1732437698637240199,0.9741798043251038
1732437698637240199,0.9741798043251038
1732437698647837640,0.9741798043251038
1732437698647837640,0.9741798043251038
1732437698658462294,0.9741798043251038
1732437698658462294,0.9741798043251038
1732437698668925217,0.9741798043251038
1732437698668925217,0.9741798043251038
1732437698679042126,0.9741798043251038
1732437698679042126,0.9741798043251038
1732437698689670626,0.9741798043251038
1732437698689670626,0.9741798043251038
1732437698700302155,0.9741798043251038
1732437698700302155,0.9741798043251038
1732437698710549817,0.9741798043251038
1732437698710549817,0.9741798043251038
1732437698721120920,0.9741798043251038
1732437698721120920,0.9741798043251038
1732437698731705289,0.9741798043251038
1732437698731705289,0.9741798043251038
1732437698742333510,0.9741798043251038
1732437698742333510,0.9741798043251038
1732437698753022924,0.9741798043251038
1732437698753022924,0.9741798043251038
1732437698763237531,0.9741798043251038
1732437698763237531,0.9741798043251038
1732437698773397934,0.9741798043251038
1732437698773397934,0.9741798043251038
1732437698783858117,0.9741798043251038
1732437698783858117,0.9741798043251038
1732437698794021116,0.9741798043251038
1732437698794021116,0.9741798043251038
1732437698804172117,0.9741798043251038
1732437698804172117,0.9741798043251038
1732437698814786383,0.9741798043251038
1732437698814786383,0.9741798043251038
1732437698825345123,0.9741798043251038
1732437698825345123,0.9741798043251038
1732437698835825177,0.9741798043251038
1732437698835825177,0.9741798043251038
1732437698846189658,0.9741798043251038
1732437698846189658,0.9741798043251038
1732437698858560491,0.9741798043251038
1732437698858560491,0.9741798043251038
1732437698868893453,0.9741798043251038
1732437698868893453,0.9741798043251038
1732437698879225564,0.9741798043251038
1732437698879225564,0.9741798043251038
1732437698889748779,0.9741798043251038
1732437698889748779,0.9741798043251038
1732437698899927394,0.9741798043251038
1732437698899927394,0.9741798043251038
1732437698910508115,0.9741798043251038
1732437698910508115,0.9741798043251038
1732437698920626116,0.9741798043251038
1732437698920626116,0.9741798043251038
1732437698930893525,0.9741798043251038
1732437698930893525,0.9741798043251038
1732437698941240443,0.9741798043251038
1732437698941240443,0.9741798043251038
1732437698951645939,0.9741798043251038
1732437698951645939,0.9741798043251038
1732437698961797853,0.9741798043251038
1732437698961797853,0.9741798043251038
1732437698972478410,0.9741798043251038
1732437698972478410,0.9741798043251038
1732437698982760225,0.9741798043251038
1732437698982760225,0.9741798043251038
1732437698993391610,0.9741798043251038
1732437698993391610,0.9741798043251038
1732437699003592515,0.9741798043251038
1732437699003592515,0.9741798043251038
1732437699013941296,0.9741798043251038
1732437699013941296,0.9741798043251038
1732437699024544711,0.9741798043251038
1732437699024544711,0.9741798043251038
1732437699034733683,0.9741798043251038
1732437699034733683,0.9741798043251038
1732437699044969291,0.9741798043251038
1732437699044969291,0.9959260821342468
1732437699055125673,0.9959260821342468
1732437699055125673,0.9959260821342468
1732437699065608723,0.9959260821342468
1732437699065608723,0.9959260821342468
1732437699075905481,0.9959260821342468
1732437699075905481,0.9959260821342468
1732437699086402319,0.9959260821342468
1732437699086402319,0.9959260821342468
1732437699097155097,0.9959260821342468
1732437699097155097,0.9959260821342468
1732437699108024590,0.9959260821342468
1732437699108024590,0.9959260821342468
1732437699118462346,0.9959260821342468
1732437699118462346,0.9959260821342468
1732437699128778906,0.9959260821342468
1732437699128778906,0.9959260821342468
1732437699139347925,0.9959260821342468
1732437699139347925,0.9959260821342468
1732437699149837459,0.9959260821342468
1732437699149837459,0.9959260821342468
1732437699160098754,0.9959260821342468
1732437699160098754,0.9959260821342468
1732437699170700977,0.9959260821342468
1732437699170700977,0.9959260821342468
1732437699180945655,0.9959260821342468
1732437699180945655,0.9959260821342468
1732437699191290979,0.9959260821342468
1732437699191290979,0.9959260821342468
1732437699201787065,0.9959260821342468
1732437699201787065,0.9959260821342468
1732437699212177352,0.9959260821342468
1732437699212177352,0.9959260821342468
1732437699222707672,0.9959260821342468
1732437699222707672,0.9959260821342468
1732437699233097448,0.9959260821342468
1732437699233097448,0.9959260821342468
1732437699244439105,0.9959260821342468
1732437699244439105,0.9959260821342468
1732437699254611805,0.9959260821342468
1732437699254611805,0.9959260821342468
1732437699265228454,0.9959260821342468
1732437699265228454,0.9959260821342468
1732437699275782424,0.9959260821342468
1732437699275782424,0.9959260821342468
1732437699286257293,0.9959260821342468
1732437699286257293,0.9959260821342468
1732437699286257293,0.9959260821342468
1732437699286257293,0.9959260821342468
1732437699307024461,0.9959260821342468
1732437699307024461,0.9959260821342468
1732437699317052256,0.9959260821342468
1732437699317052256,0.9959260821342468
1732437699327440286,0.9959260821342468
1732437699327440286,0.9959260821342468
1732437699337646765,0.9959260821342468
1732437699337646765,0.9959260821342468
1732437699348207520,0.9959260821342468
1732437699348207520,0.9959260821342468
1732437699358738048,0.9959260821342468
1732437699358738048,0.9959260821342468
1732437699369235081,0.9959260821342468
1732437699369235081,0.9959260821342468
1732437699379535411,0.9959260821342468
1732437699379535411,0.9959260821342468
1732437699389945479,0.9959260821342468
1732437699389945479,0.9959260821342468
1732437699400370081,0.9959260821342468
1732437699400370081,0.9959260821342468
1732437699411080004,0.9959260821342468
1732437699411080004,0.9959260821342468
1732437699421770425,0.9959260821342468
1732437699421770425,0.9959260821342468
1732437699432229835,0.9959260821342468
1732437699432229835,0.9959260821342468
1732437699443070162,0.9959260821342468
1732437699443070162,0.9959260821342468
1732437699453378307,0.9959260821342468
1732437699453378307,0.9959260821342468
1732437699463750962,0.9959260821342468
1732437699463750962,0.9959260821342468
1732437699473931446,0.9959260821342468
1732437699473931446,0.9959260821342468
1732437699484126380,0.9959260821342468
1732437699484126380,0.9959260821342468
1732437699494583199,0.9959260821342468
1732437699494583199,0.9959260821342468
1732437699505019195,0.9959260821342468
1732437699505019195,0.9959260821342468
1732437699515342318,0.9959260821342468
1732437699515342318,0.9959260821342468
1732437699525784078,0.9959260821342468
1732437699525784078,0.9959260821342468
1732437699536250627,0.9959260821342468
1732437699536250627,0.9959260821342468
1732437699559631918,0.9959260821342468
1732437699559631918,0.9959260821342468
1732437699559631918,0.9959260821342468
1732437699559631918,0.9959260821342468
1732437699570041976,0.9959260821342468
1732437699570041976,0.9959260821342468
1732437699580405524,0.9959260821342468
1732437699580405524,0.9959260821342468
1732437699590747752,0.9959260821342468
1732437699590747752,0.9959260821342468
1732437699601948658,0.9959260821342468
1732437699601948658,0.9959260821342468
1732437699613708913,0.9959260821342468
1732437699613708913,0.9959260821342468
1732437699624301549,0.9959260821342468
1732437699624301549,0.9959260821342468
1732437699634718917,0.9959260821342468
1732437699634718917,0.9959260821342468
1732437699647996788,0.9959260821342468
1732437699647996788,0.9959260821342468
1732437699658450223,0.9959260821342468
1732437699658450223,0.9959260821342468
1732437699668581548,0.9959260821342468
1732437699668581548,0.9959260821342468
1732437699678961716,0.9959260821342468
1732437699678961716,0.9959260821342468
1732437699689312040,0.9959260821342468
1732437699689312040,0.9959260821342468
1732437699700096893,0.9959260821342468
1732437699700096893,0.9959260821342468
1732437699710321273,0.9959260821342468
1732437699710321273,0.9959260821342468
1732437699720545481,0.9959260821342468
1732437699720545481,0.9959260821342468
1732437699730747647,0.9959260821342468
1732437699730747647,0.9959260821342468
1732437699740965216,0.9959260821342468
1732437699740965216,0.9959260821342468
1732437699751240369,0.9959260821342468
1732437699751240369,0.9959260821342468
1732437699762024470,0.9959260821342468
1732437699762024470,0.9959260821342468
1732437699772452337,0.9959260821342468
1732437699772452337,0.9959260821342468
1732437699782701421,0.9959260821342468
1732437699782701421,0.9959260821342468
1732437699793210170,0.9959260821342468
1732437699793210170,0.9959260821342468
1732437699803360382,0.9959260821342468
1732437699803360382,0.9959260821342468
1732437699813683565,0.9959260821342468
1732437699813683565,0.9959260821342468
1732437699823826780,0.9959260821342468
1732437699823826780,0.9959260821342468
1732437699834363463,0.9959260821342468
1732437699834363463,0.9959260821342468
1732437699844568917,0.9959260821342468
1732437699844568917,0.9959260821342468
1732437699855147818,0.9959260821342468
1732437699855147818,0.9959260821342468
1732437699865834397,0.9959260821342468
1732437699865834397,0.9959260821342468
1732437699876156800,0.9959260821342468
1732437699876156800,0.9959260821342468
1732437699886787175,0.9959260821342468
1732437699886787175,0.9959260821342468
1732437699896994850,0.9959260821342468
1732437699896994850,0.9959260821342468
1732437699907126836,0.9959260821342468
1732437699907126836,0.9959260821342468
1732437699917449047,0.9959260821342468
1732437699917449047,0.9959260821342468
1732437699927612192,0.9959260821342468
1732437699927612192,0.9959260821342468
1732437699937895331,0.9959260821342468
1732437699937895331,0.9959260821342468
1732437699948225274,0.9959260821342468
1732437699948225274,0.9959260821342468
1732437699958520816,0.9959260821342468
1732437699958520816,0.9959260821342468
1732437699968805669,0.9959260821342468
1732437699968805669,0.9959260821342468
1732437699979090799,0.9959260821342468
1732437699979090799,0.9959260821342468
1732437699989488059,0.9959260821342468
1732437699989488059,0.9959260821342468
1732437699999962413,0.9959260821342468
1732437699999962413,0.9959260821342468
1732437700010178218,0.9959260821342468
1732437700010178218,0.9959260821342468
1732437700020356619,0.9959260821342468
1732437700020356619,0.9959260821342468
1732437700030672578,0.9959260821342468
1732437700030672578,0.9959260821342468
1732437700041358467,0.9959260821342468
1732437700041358467,0.9959260821342468
1732437700051797264,0.9959260821342468
1732437700051797264,0.9959260821342468
1732437700062299506,0.9959260821342468
1732437700062299506,0.9959260821342468
1732437700072793034,0.9959260821342468
1732437700072793034,0.9959260821342468
1732437700083033125,0.9959260821342468
1732437700083033125,0.9959260821342468
1732437700093476032,0.9959260821342468
1732437700093476032,0.9959260821342468
1732437700103772085,0.9959260821342468
1732437700103772085,0.9959260821342468
1732437700114078337,0.9959260821342468
1732437700114078337,0.9959260821342468
1732437700124647759,0.9959260821342468
1732437700124647759,0.9959260821342468
1732437700135049778,0.9959260821342468
1732437700135049778,0.9959260821342468
1732437700145260100,0.9959260821342468
1732437700145260100,0.9959260821342468
1732437700155727200,0.9959260821342468
1732437700155727200,0.9959260821342468
1732437700166233816,0.9959260821342468
1732437700166233816,0.9959260821342468
1732437700176470598,0.9959260821342468
1732437700176470598,0.9959260821342468
1732437700186759648,0.9959260821342468
1732437700186759648,0.9959260821342468
1732437700197153874,0.9959260821342468
1732437700197153874,0.9959260821342468
1732437700207818534,0.9959260821342468
1732437700207818534,0.9959260821342468
1732437700217949639,0.9959260821342468
1732437700217949639,0.9959260821342468
1732437700228250650,0.9959260821342468
1732437700228250650,0.9959260821342468
1732437700238554325,0.9959260821342468
1732437700238554325,0.9959260821342468
1732437700248962436,0.9959260821342468
1732437700248962436,0.9959260821342468
1732437700259479259,0.9959260821342468
1732437700259479259,0.9959260821342468
1732437700269703998,0.9959260821342468
1732437700269703998,0.9959260821342468
1732437700280037461,0.9959260821342468
1732437700280037461,0.9959260821342468
1732437700290273632,0.9959260821342468
1732437700290273632,0.9959260821342468
1732437700300649885,0.9959260821342468
1732437700300649885,0.9959260821342468
1732437700311102596,0.9959260821342468
1732437700311102596,0.9959260821342468
1732437700321971956,0.9959260821342468
1732437700321971956,0.9959260821342468
1732437700332236416,0.9959260821342468
1732437700332236416,0.9959260821342468
1732437700342381351,0.9959260821342468
1732437700342381351,0.9959260821342468
1732437700353043406,0.9959260821342468
1732437700353043406,0.9959260821342468
1732437700363331263,0.9959260821342468
1732437700363331263,0.9959260821342468
1732437700373709799,0.9959260821342468
1732437700373709799,0.9959260821342468
1732437700384570490,0.9959260821342468
1732437700384570490,0.9959260821342468
1732437700395214120,0.9959260821342468
1732437700395214120,0.9959260821342468
1732437700405865483,0.9959260821342468
1732437700405865483,0.9959260821342468
1732437700416146427,0.9959260821342468
1732437700416146427,0.9959260821342468
1732437700427037865,0.9959260821342468
1732437700427037865,0.9959260821342468
1732437700437378449,0.9959260821342468
1732437700437378449,0.9959260821342468
1732437700447841547,0.9959260821342468
1732437700447841547,0.9959260821342468
1732437700458358369,0.9959260821342468
1732437700458358369,0.9959260821342468
1732437700468525914,0.9959260821342468
1732437700468525914,0.9959260821342468
1732437700478629157,0.9959260821342468
1732437700478629157,0.9959260821342468
1732437700489244892,0.9959260821342468
1732437700489244892,0.9959260821342468
1732437700499608051,0.9959260821342468
1732437700499608051,0.9959260821342468
1732437700509952090,0.9959260821342468
1732437700509952090,0.9959260821342468
1732437700520283441,0.9959260821342468
1732437700520283441,0.9959260821342468
1732437700530751422,0.9959260821342468
1732437700530751422,0.9959260821342468
1732437700541105560,0.9959260821342468
1732437700541105560,0.9959260821342468
1732437700551232266,0.9959260821342468
1732437700551232266,0.9959260821342468
1732437700561590922,0.9959260821342468
1732437700561590922,0.9959260821342468
1732437700571768266,0.9959260821342468
1732437700571768266,0.9959260821342468
1732437700581883852,0.9959260821342468
1732437700581883852,0.9959260821342468
1732437700592379582,0.9959260821342468
1732437700592379582,0.9959260821342468
1732437700603360623,0.9959260821342468
1732437700603360623,0.9959260821342468
1732437700613687890,0.9959260821342468
1732437700613687890,0.9959260821342468
1732437700624322906,0.9959260821342468
1732437700624322906,0.9959260821342468
1732437700634567298,0.9959260821342468
1732437700634567298,0.9959260821342468
1732437700644808875,0.9959260821342468
1732437700644808875,0.9959260821342468
1732437700654947640,0.9959260821342468
1732437700654947640,0.9959260821342468
1732437700665366054,0.9959260821342468
1732437700665366054,0.9959260821342468
1732437700676187844,0.9959260821342468
1732437700676187844,0.9959260821342468
1732437700686963591,0.9959260821342468
1732437700686963591,0.9959260821342468
1732437700697560042,0.9959260821342468
1732437700697560042,0.9959260821342468
1732437700707867335,0.9959260821342468
1732437700707867335,0.9959260821342468
1732437700718265937,0.9959260821342468
1732437700718265937,0.9959260821342468
1732437700728834106,0.9959260821342468
1732437700728834106,0.9959260821342468
1732437700739067664,0.9959260821342468
1732437700739067664,0.9959260821342468
1732437700749574597,0.9959260821342468
1732437700749574597,0.9959260821342468
1732437700759838458,0.9959260821342468
1732437700759838458,0.9959260821342468
1732437700770067958,0.9959260821342468
1732437700770067958,0.9959260821342468
1732437700780412391,0.9959260821342468
1732437700780412391,0.9959260821342468
1732437700790549423,0.9959260821342468
1732437700790549423,0.9959260821342468
1732437700801078372,0.9959260821342468
1732437700801078372,0.9959260821342468
1732437700811324268,0.9959260821342468
1732437700811324268,0.9959260821342468
1732437700821404482,0.9959260821342468
1732437700821404482,0.9959260821342468
1732437700831870731,0.9959260821342468
1732437700831870731,0.9959260821342468
1732437700842034927,0.9959260821342468
1732437700842034927,0.9959260821342468
1732437700852598056,0.9959260821342468
1732437700852598056,0.9959260821342468
1732437700862966581,0.9959260821342468
1732437700862966581,0.9959260821342468
1732437700873502429,0.9959260821342468
1732437700873502429,0.9959260821342468
1732437700883824200,0.9959260821342468
1732437700883824200,0.9959260821342468
1732437700894457900,0.9959260821342468
1732437700894457900,0.9959260821342468
1732437700904776915,0.9959260821342468
1732437700904776915,0.9959260821342468
1732437700915001192,0.9959260821342468
1732437700915001192,0.9959260821342468
1732437700925634642,0.9959260821342468
1732437700925634642,0.9959260821342468
1732437700935821342,0.9959260821342468
1732437700935821342,0.9959260821342468
1732437700946056972,0.9959260821342468
1732437700946056972,0.9959260821342468
1732437700956469550,0.9959260821342468
1732437700956469550,0.9959260821342468
1732437700966521338,0.9959260821342468
1732437700966521338,0.9959260821342468
1732437700977162701,0.9959260821342468
1732437700977162701,0.9959260821342468
1732437700987480304,0.9959260821342468
1732437700987480304,0.9959260821342468
1732437700997531772,0.9959260821342468
1732437700997531772,0.9959260821342468
1732437701007939510,0.9959260821342468
1732437701007939510,0.9959260821342468
1732437701018955211,0.9959260821342468
1732437701018955211,0.9959260821342468
1732437701029370507,0.9959260821342468
1732437701029370507,0.9959260821342468
1732437701040047249,0.9959260821342468
1732437701040047249,0.9959260821342468
1732437701050574439,0.9959260821342468
1732437701050574439,0.9959260821342468
1732437701061175800,0.9959260821342468
1732437701061175800,0.9959260821342468
1732437701071349506,0.9959260821342468
1732437701071349506,0.9959260821342468
1732437701081654243,0.9959260821342468
1732437701081654243,0.9959260821342468
1732437701091806006,0.9959260821342468
1732437701091806006,0.9959260821342468
1732437701101986449,0.9959260821342468
1732437701101986449,0.9959260821342468
1732437701112422286,0.9959260821342468
1732437701112422286,0.9959260821342468
1732437701122641194,0.9959260821342468
1732437701122641194,0.9959260821342468
1732437701133222846,0.9959260821342468
1732437701133222846,0.9959260821342468
1732437701143594832,0.9959260821342468
1732437701143594832,0.9959260821342468
1732437701153912234,0.9959260821342468
1732437701153912234,0.9959260821342468
1732437701164265409,0.9959260821342468
1732437701164265409,0.9959260821342468
1732437701174832700,0.9959260821342468
1732437701174832700,0.9959260821342468
1732437701185214200,0.9959260821342468
1732437701185214200,0.9959260821342468
1732437701195587175,0.9959260821342468
1732437701195587175,0.9959260821342468
1732437701206226914,0.9959260821342468
1732437701206226914,0.9959260821342468
1732437701216734069,0.9959260821342468
1732437701216734069,0.9959260821342468
1732437701227294224,0.9959260821342468
1732437701227294224,0.9959260821342468
1732437701237307240,0.9959260821342468
1732437701237307240,0.9959260821342468
1732437701247346774,0.9959260821342468
1732437701247346774,0.9959260821342468
1732437701257948104,0.9959260821342468
1732437701257948104,0.9959260821342468
1732437701268119262,0.9959260821342468
1732437701268119262,0.9959260821342468
1732437701278423077,0.9959260821342468
1732437701278423077,0.9959260821342468
1732437701288593291,0.9959260821342468
1732437701288593291,0.9959260821342468
1732437701299249696,0.9959260821342468
1732437701299249696,0.9959260821342468
1732437701309727586,0.9959260821342468
1732437701309727586,0.9959260821342468
1732437701320295424,0.9959260821342468
1732437701320295424,0.9959260821342468
1732437701330692830,0.9959260821342468
1732437701330692830,0.9959260821342468
1732437701340924566,0.9959260821342468
1732437701340924566,0.9959260821342468
1732437701351350131,0.9959260821342468
1732437701351350131,0.9959260821342468
1732437701361668756,0.9959260821342468
1732437701361668756,0.9959260821342468
1732437701372386413,0.9959260821342468
1732437701372386413,0.9959260821342468
1732437701382912473,0.9959260821342468
1732437701382912473,0.9959260821342468
1732437701393485039,0.9959260821342468
1732437701393485039,0.9959260821342468
1732437701404412019,0.9959260821342468
1732437701404412019,0.9959260821342468
1732437701416011636,0.9959260821342468
1732437701416011636,0.9959260821342468
1732437701426617644,0.9959260821342468
1732437701426617644,0.9959260821342468
1732437701436774147,0.9959260821342468
1732437701436774147,0.9959260821342468
1732437701447013675,0.9959260821342468
1732437701447013675,0.9959260821342468
1732437701462143133,0.9959260821342468
1732437701462143133,0.9959260821342468
1732437701472451429,0.9959260821342468
1732437701472451429,0.9959260821342468
1732437701482561937,0.9959260821342468
1732437701482561937,0.9959260821342468
1732437701492791564,0.9959260821342468
1732437701492791564,0.9959260821342468
1732437701503535997,0.9959260821342468
1732437701503535997,0.9959260821342468
1732437701513866744,0.9959260821342468
1732437701513866744,0.9959260821342468
1732437701524429999,0.9959260821342468
1732437701524429999,0.9959260821342468
1732437701534938457,0.9959260821342468
1732437701534938457,0.9959260821342468
1732437701546745542,0.9959260821342468
1732437701546745542,0.9959260821342468
1732437701558731250,0.9959260821342468
1732437701558731250,0.9959260821342468
1732437701569050584,0.9959260821342468
1732437701569050584,0.9959260821342468
1732437701579818803,0.9959260821342468
1732437701579818803,0.9959260821342468
1732437701589989603,0.9959260821342468
1732437701589989603,0.9959260821342468
1732437701600397445,0.9959260821342468
1732437701600397445,0.9959260821342468
1732437701610728499,0.9959260821342468
1732437701610728499,0.9959260821342468
1732437701620977428,0.9959260821342468
1732437701620977428,0.9959260821342468
1732437701631398432,0.9959260821342468
1732437701631398432,0.9959260821342468
1732437701642392884,0.9959260821342468
1732437701642392884,0.9959260821342468
1732437701653149783,0.9959260821342468
1732437701653149783,0.9959260821342468
1732437701663737178,0.9959260821342468
1732437701663737178,0.9959260821342468
1732437701674080628,0.9959260821342468
1732437701674080628,0.9959260821342468
1732437701684566761,0.9959260821342468
1732437701684566761,0.9959260821342468
1732437701695348833,0.9959260821342468
1732437701695348833,0.9959260821342468
1732437701705758126,0.9959260821342468
1732437701705758126,0.9959260821342468
1732437701716125641,0.9959260821342468
1732437701716125641,0.9959260821342468
1732437701726291328,0.9959260821342468
1732437701726291328,0.9959260821342468
1732437701736834801,0.9959260821342468
1732437701736834801,0.9959260821342468
1732437701746854473,0.9959260821342468
1732437701746854473,0.9959260821342468
1732437701758325710,0.9959260821342468
1732437701758325710,0.9959260821342468
1732437701768637923,0.9959260821342468
1732437701768637923,0.9959260821342468
1732437701779348506,0.9959260821342468
1732437701779348506,0.9959260821342468
1732437701789739267,0.9959260821342468
1732437701789739267,0.9959260821342468
1732437701800347430,0.9959260821342468
1732437701800347430,0.9959260821342468
1732437701810695438,0.9959260821342468
1732437701810695438,0.9959260821342468
1732437701821870557,0.9959260821342468
1732437701821870557,0.9959260821342468
1732437701832034253,0.9959260821342468
1732437701832034253,0.9959260821342468
1732437701842290663,0.9959260821342468
1732437701842290663,0.9959260821342468
1732437701852699996,0.9959260821342468
1732437701852699996,0.9959260821342468
1732437701862968668,0.9959260821342468
1732437701862968668,0.9959260821342468
1732437701873513995,0.9959260821342468
1732437701873513995,0.9959260821342468
1732437701884024648,0.9959260821342468
1732437701884024648,0.9959260821342468
1732437701894648699,0.9959260821342468
1732437701894648699,0.9959260821342468
1732437701904968303,0.9959260821342468
1732437701904968303,0.9959260821342468
1732437701915558227,0.9959260821342468
1732437701915558227,0.9959260821342468
1732437701925819182,0.9959260821342468
1732437701925819182,0.9959260821342468
1732437701936202086,0.9959260821342468
1732437701936202086,0.9959260821342468
1732437701946471147,0.9959260821342468
1732437701946471147,0.9959260821342468
1732437701957174938,0.9959260821342468
1732437701957174938,0.9959260821342468
1732437701967339094,0.9959260821342468
1732437701967339094,0.9959260821342468
1732437701977628334,0.9959260821342468
1732437701977628334,0.9959260821342468
1732437701987877972,0.9959260821342468
1732437701987877972,0.9959260821342468
1732437701998377552,0.9959260821342468
1732437701998377552,0.9959260821342468
1732437701998377552,0.9959260821342468
1732437701998377552,0.9959260821342468
1732437702019124882,0.9959260821342468
1732437702019124882,0.9959260821342468
1732437702029346599,0.9959260821342468
1732437702029346599,0.9959260821342468
1732437702039778129,0.9959260821342468
1732437702039778129,0.9959260821342468
1732437702050253698,0.9959260821342468
1732437702050253698,0.9959260821342468
1732437702060882448,0.9959260821342468
1732437702060882448,0.9959260821342468
1732437702071261524,0.9959260821342468
1732437702071261524,0.9959260821342468
1732437702081789651,0.9959260821342468
1732437702081789651,0.9959260821342468
1732437702092303959,0.9959260821342468
1732437702092303959,0.9959260821342468
1732437702092303959,0.9959260821342468
1732437702092303959,0.9959260821342468
1732437702113267021,0.9959260821342468
1732437702113267021,0.9959260821342468
1732437702123844109,0.9959260821342468
1732437702123844109,0.9959260821342468
1732437702134380118,0.9959260821342468
1732437702134380118,0.9959260821342468
1732437702145558793,0.9959260821342468
1732437702145558793,0.9959260821342468
1732437702156111434,0.9959260821342468
1732437702156111434,0.9959260821342468
1732437702166627625,0.9959260821342468
1732437702166627625,0.9959260821342468
1732437702177185547,0.9959260821342468
1732437702177185547,0.9959260821342468
1732437702187214528,0.9959260821342468
1732437702187214528,0.9959260821342468
1732437702198140619,0.9959260821342468
1732437702198140619,0.9959260821342468
1732437702208627165,0.9959260821342468
1732437702208627165,0.9959260821342468
1732437702219009219,0.9959260821342468
1732437702219009219,0.9959260821342468
1732437702229092777,0.9959260821342468
1732437702229092777,0.9959260821342468
1732437702239342594,0.9959260821342468
1732437702239342594,0.9959260821342468
1732437702249482056,0.9959260821342468
1732437702249482056,0.9959260821342468
1732437702260143689,0.9959260821342468
1732437702260143689,0.9959260821342468
1732437702270805169,0.9959260821342468
1732437702270805169,0.9959260821342468
1732437702280946245,0.9959260821342468
1732437702280946245,0.9959260821342468
1732437702291123667,0.9959260821342468
1732437702291123667,0.9959260821342468
1732437702301321776,0.9959260821342468
1732437702301321776,0.9959260821342468
1732437702311699410,0.9959260821342468
1732437702311699410,0.9959260821342468
1732437702321841966,0.9959260821342468
1732437702321841966,0.9959260821342468
1732437702332217885,0.9959260821342468
1732437702332217885,0.9959260821342468
1732437702342373127,0.9959260821342468
1732437702342373127,0.9959260821342468
1732437702352503652,0.9959260821342468
1732437702352503652,0.9959260821342468
1732437702363124369,0.9959260821342468
1732437702363124369,0.9959260821342468
1732437702373374806,0.9959260821342468
1732437702373374806,0.9959260821342468
1732437702383844911,0.9959260821342468
1732437702383844911,0.9959260821342468
1732437702394176020,0.9959260821342468
1732437702394176020,0.9959260821342468
1732437702404516723,0.9959260821342468
1732437702404516723,0.9959260821342468
1732437702414943892,0.9959260821342468
1732437702414943892,0.9959260821342468
1732437702425221871,0.9959260821342468
1732437702425221871,0.9959260821342468
1732437702435460727,0.9959260821342468
1732437702435460727,0.9959260821342468
1732437702446100820,0.9959260821342468
1732437702446100820,0.9959260821342468
1732437702456541190,0.9959260821342468
1732437702456541190,0.9959260821342468
1732437702467369720,0.9959260821342468
1732437702467369720,0.9959260821342468
1732437702477622315,0.9959260821342468
1732437702477622315,0.9959260821342468
1732437702488398831,0.9959260821342468
1732437702488398831,0.9959260821342468
1732437702498674838,0.9959260821342468
1732437702498674838,0.9959260821342468
1732437702509071757,0.9959260821342468
1732437702509071757,0.9959260821342468
1732437702519542635,0.9959260821342468
1732437702519542635,0.9959260821342468
1732437702530132842,0.9959260821342468
1732437702530132842,0.9959260821342468
1732437702540259222,0.9959260821342468
1732437702540259222,0.9959260821342468
1732437702550654650,0.9959260821342468
1732437702550654650,0.9959260821342468
1732437702560863621,0.9959260821342468
1732437702560863621,0.9959260821342468
1732437702571064584,0.9959260821342468
1732437702571064584,0.9959260821342468
1732437702581327033,0.9959260821342468
1732437702581327033,0.9959260821342468
1732437702591838618,0.9959260821342468
1732437702591838618,0.9959260821342468
1732437702602484361,0.9959260821342468
1732437702602484361,0.9959260821342468
1732437702612990957,0.9959260821342468
1732437702612990957,0.9959260821342468
1732437702623239311,0.9959260821342468
1732437702623239311,0.9959260821342468
1732437702633516768,0.9959260821342468
1732437702633516768,0.9959260821342468
1732437702643624159,0.9959260821342468
1732437702643624159,0.9959260821342468
1732437702653851735,0.9959260821342468
1732437702653851735,0.9959260821342468
1732437702664207177,0.9959260821342468
1732437702664207177,0.9959260821342468
1732437702674264283,0.9959260821342468
1732437702674264283,0.9959260821342468
1732437702684606974,0.9959260821342468
1732437702684606974,0.9959260821342468
1732437702695171987,0.9959260821342468
1732437702695171987,0.9959260821342468
1732437702705318230,0.9959260821342468
1732437702705318230,0.9959260821342468
1732437702717408432,0.9959260821342468
1732437702717408432,0.9959260821342468
1732437702727664459,0.9959260821342468
1732437702727664459,0.9959260821342468
1732437702737789344,0.9959260821342468
1732437702737789344,0.9959260821342468
1732437702748229945,0.9959260821342468
1732437702748229945,0.9959260821342468
1732437702758504137,0.9959260821342468
1732437702758504137,0.9959260821342468
1732437702768976608,0.9959260821342468
1732437702768976608,0.9959260821342468
1732437702779478112,0.9959260821342468
1732437702779478112,0.9959260821342468
1732437702790016546,0.9959260821342468
1732437702790016546,0.9959260821342468
1732437702800485558,0.9959260821342468
1732437702800485558,0.9959260821342468
1732437702811261949,0.9959260821342468
1732437702811261949,0.9959260821342468
1732437702821940338,0.9959260821342468
1732437702821940338,0.9959260821342468
1732437702832664201,0.9959260821342468
1732437702832664201,0.9959260821342468
1732437702843148731,0.9959260821342468
1732437702843148731,0.9959260821342468
1732437702853657892,0.9959260821342468
1732437702853657892,0.9959260821342468
1732437702864076090,0.9959260821342468
1732437702864076090,0.9959260821342468
1732437702874507807,0.9959260821342468
1732437702874507807,0.9959260821342468
1732437702885101111,0.9959260821342468
1732437702885101111,0.9959260821342468
1732437702895171324,0.9959260821342468
1732437702895171324,0.9959260821342468
1732437702905461024,0.9959260821342468
1732437702905461024,0.9959260821342468
1732437702915919800,0.9959260821342468
1732437702915919800,0.9959260821342468
1732437702927816077,0.9959260821342468
1732437702927816077,0.9959260821342468
1732437702938098156,0.9959260821342468
1732437702938098156,0.9959260821342468
1732437702948495568,0.9959260821342468
1732437702948495568,0.9959260821342468
1732437702958840260,0.9959260821342468
1732437702958840260,0.9959260821342468
1732437702969110184,0.9959260821342468
1732437702969110184,0.9959260821342468
1732437702979214391,0.9959260821342468
1732437702979214391,0.9959260821342468
1732437702989782319,0.9959260821342468
1732437702989782319,0.9959260821342468
1732437703000243108,0.9959260821342468
1732437703000243108,0.9959260821342468
1732437703010310694,0.9959260821342468
1732437703010310694,0.9959260821342468
1732437703020511238,0.9959260821342468
1732437703020511238,0.9959260821342468
1732437703030699560,0.9959260821342468
1732437703030699560,0.9959260821342468
1732437703041206556,0.9959260821342468
1732437703041206556,0.9959260821342468
1732437703051592875,0.9959260821342468
1732437703051592875,0.9959260821342468
1732437703061832522,0.9959260821342468
1732437703061832522,0.9959260821342468
1732437703072187524,0.9959260821342468
1732437703072187524,0.9959260821342468
1732437703082569527,0.9959260821342468
1732437703082569527,0.9959260821342468
1732437703092828747,0.9959260821342468
1732437703092828747,0.9959260821342468
1732437703103525649,0.9959260821342468
1732437703103525649,0.9959260821342468
1732437703113839714,0.9959260821342468
1732437703113839714,0.9959260821342468
1732437703124151315,0.9959260821342468
1732437703124151315,0.9959260821342468
1732437703134465697,0.9959260821342468
1732437703134465697,0.9959260821342468
1732437703144733631,0.9959260821342468
1732437703144733631,0.9959260821342468
1732437703154916593,0.9959260821342468
1732437703154916593,0.9959260821342468
1732437703165572184,0.9959260821342468
1732437703165572184,0.9959260821342468
1732437703175993391,0.9959260821342468
1732437703175993391,0.9959260821342468
1732437703186454367,0.9959260821342468
1732437703186454367,0.9959260821342468
1732437703196897146,0.9959260821342468
1732437703196897146,0.9959260821342468
1732437703207002052,0.9959260821342468
1732437703207002052,0.9959260821342468
1732437703217204438,0.9959260821342468
1732437703217204438,0.9959260821342468
1732437703227328851,0.9959260821342468
1732437703227328851,0.9959260821342468
1732437703237502638,0.9959260821342468
1732437703237502638,0.9959260821342468
1732437703247620726,0.9959260821342468
1732437703247620726,0.9959260821342468
1732437703258175600,0.9959260821342468
1732437703258175600,0.9959260821342468
1732437703268547604,0.9959260821342468
1732437703268547604,0.9959260821342468
1732437703278811052,0.9959260821342468
1732437703278811052,0.9959260821342468
1732437703289367613,0.9959260821342468
1732437703289367613,0.9959260821342468
1732437703299640183,0.9959260821342468
1732437703299640183,0.9959260821342468
1732437703309986006,0.9959260821342468
1732437703309986006,0.9959260821342468
1732437703320821534,0.9959260821342468
1732437703320821534,0.9959260821342468
1732437703331226340,0.9959260821342468
1732437703331226340,0.9959260821342468
1732437703341796762,0.9959260821342468
1732437703341796762,0.9959260821342468
1732437703352355629,0.9959260821342468
1732437703352355629,0.9959260821342468
1732437703362600179,0.9959260821342468
1732437703362600179,0.9959260821342468
1732437703373061916,0.9959260821342468
1732437703373061916,0.9959260821342468
1732437703383467526,0.9959260821342468
1732437703383467526,0.9959260821342468
1732437703393664345,0.9959260821342468
1732437703393664345,0.9959260821342468
1732437703403942333,0.9959260821342468
1732437703403942333,0.9959260821342468
1732437703414258742,0.9959260821342468
1732437703414258742,0.9959260821342468
1732437703424429282,0.9959260821342468
1732437703424429282,0.9959260821342468
1732437703434970730,0.9959260821342468
1732437703434970730,0.9959260821342468
1732437703445146198,0.9959260821342468
1732437703445146198,0.9959260821342468
1732437703455491954,0.9959260821342468
1732437703455491954,0.9959260821342468
1732437703466003358,0.9959260821342468
1732437703466003358,0.9959260821342468
1732437703476595471,0.9959260821342468
1732437703476595471,0.9959260821342468
1732437703487220794,0.9959260821342468
1732437703487220794,0.9959260821342468
1732437703497333999,0.9959260821342468
1732437703497333999,0.9959260821342468
1732437703507848456,0.9959260821342468
1732437703507848456,0.9959260821342468
1732437703518711064,0.9959260821342468
1732437703518711064,0.9959260821342468
1732437703529143720,0.9959260821342468
1732437703529143720,0.9959260821342468
1732437703539859695,0.9959260821342468
1732437703539859695,0.9959260821342468
1732437703550024161,0.9959260821342468
1732437703550024161,0.9959260821342468
1732437703560644859,0.9959260821342468
1732437703560644859,0.9959260821342468
1732437703570988939,0.9959260821342468
1732437703570988939,0.9959260821342468
1732437703581072749,0.9959260821342468
1732437703581072749,0.9959260821342468
1732437703591680901,0.9959260821342468
1732437703591680901,0.9959260821342468
1732437703602205991,0.9959260821342468
1732437703602205991,0.9959260821342468
1732437703612433496,0.9959260821342468
1732437703612433496,0.9959260821342468
1732437703623058058,0.9959260821342468
1732437703623058058,0.9959260821342468
1732437703633241021,0.9959260821342468
1732437703633241021,0.9959260821342468
1732437703643511703,0.9959260821342468
1732437703643511703,0.9959260821342468
1732437703654003875,0.9959260821342468
1732437703654003875,0.9959260821342468
1732437703664320694,0.9959260821342468
1732437703664320694,0.9959260821342468
1732437703674604413,0.9959260821342468
1732437703674604413,0.9959260821342468
1732437703685502593,0.9959260821342468
1732437703685502593,0.9959260821342468
1732437703695839083,0.9959260821342468
1732437703695839083,0.9959260821342468
1732437703706151065,0.9959260821342468
1732437703706151065,0.9959260821342468
1732437703716394018,0.9959260821342468
1732437703716394018,0.9959260821342468
1732437703727093792,0.9959260821342468
1732437703727093792,0.9959260821342468
1732437703737464524,0.9959260821342468
1732437703737464524,0.9959260821342468
1732437703749071334,0.9959260821342468
1732437703749071334,0.9959260821342468
1732437703759433260,0.9959260821342468
1732437703759433260,0.9959260821342468
1732437703769653593,0.9959260821342468
1732437703769653593,0.9959260821342468
1732437703779970522,0.9959260821342468
1732437703779970522,0.9959260821342468
1732437703790468291,0.9959260821342468
1732437703790468291,0.9959260821342468
1732437703801180179,0.9959260821342468
1732437703801180179,0.9959260821342468
1732437703811338404,0.9959260821342468
1732437703811338404,0.9959260821342468
1732437703821952039,0.9959260821342468
1732437703821952039,0.9959260821342468
1732437703832456879,0.9959260821342468
1732437703832456879,0.9959260821342468
1732437703842764224,0.9959260821342468
1732437703842764224,0.9959260821342468
1732437703852934882,0.9959260821342468
1732437703852934882,0.9959260821342468
1732437703863477522,0.9959260821342468
1732437703863477522,0.9959260821342468
1732437703873736429,0.9959260821342468
1732437703873736429,0.9959260821342468
1732437703884157203,0.9959260821342468
1732437703884157203,0.9959260821342468
1732437703894383715,0.9959260821342468
1732437703894383715,0.9959260821342468
1732437703904541381,0.9959260821342468
1732437703904541381,0.9959260821342468
1732437703914670633,0.9959260821342468
1732437703914670633,0.9959260821342468
1732437703924996243,0.9959260821342468
1732437703924996243,0.9959260821342468
1732437703935689965,0.9959260821342468
1732437703935689965,0.9959260821342468
1732437703946081185,0.9959260821342468
1732437703946081185,0.9959260821342468
1732437703956247160,0.9959260821342468
1732437703956247160,0.9959260821342468
1732437703966478015,0.9959260821342468
1732437703966478015,0.9959260821342468
1732437703977152924,0.9959260821342468
1732437703977152924,0.9959260821342468
1732437703987239745,0.9959260821342468
1732437703987239745,0.9959260821342468
1732437703997707870,0.9959260821342468
1732437703997707870,0.9959260821342468
1732437704008291187,0.9959260821342468
1732437704008291187,0.9959260821342468
1732437704018607477,0.9959260821342468
1732437704018607477,0.9959260821342468
1732437704028886147,0.9959260821342468
1732437704028886147,0.9959260821342468
1732437704039495042,0.9959260821342468
1732437704039495042,0.9959260821342468
1732437704049675007,0.9959260821342468
1732437704049675007,0.9959260821342468
1732437704060288090,0.9959260821342468
1732437704060288090,0.9959260821342468
1732437704070511167,0.9959260821342468
1732437704070511167,0.9959260821342468
1732437704081103680,0.9959260821342468
1732437704081103680,0.9959260821342468
1732437704091609384,0.9959260821342468
1732437704091609384,0.9959260821342468
1732437704101814658,0.9959260821342468
1732437704101814658,0.9959260821342468
1732437704112344014,0.9959260821342468
1732437704112344014,0.9959260821342468
1732437704122785398,0.9959260821342468
1732437704122785398,0.9959260821342468
1732437704133332744,0.9959260821342468
1732437704133332744,0.9959260821342468
1732437704143670127,0.9959260821342468
1732437704143670127,0.9959260821342468
1732437704153869169,0.9959260821342468
1732437704153869169,0.9959260821342468
1732437704164276037,0.9959260821342468
1732437704164276037,0.9959260821342468
1732437704174822548,0.9959260821342468
1732437704174822548,0.9959260821342468
1732437704185143897,0.9959260821342468
1732437704185143897,0.9959260821342468
1732437704195371574,0.9959260821342468
1732437704195371574,0.9959260821342468
1732437704205732027,0.9959260821342468
1732437704205732027,0.9959260821342468
1732437704215910460,0.9959260821342468
1732437704215910460,0.9959260821342468
1732437704226423676,0.9959260821342468
1732437704226423676,0.9959260821342468
1732437704237091791,0.9959260821342468
1732437704237091791,0.9959260821342468
1732437704247221533,0.9959260821342468
1732437704247221533,0.9959260821342468
1732437704257710522,0.9959260821342468
1732437704257710522,0.9959260821342468
1732437704268015786,0.9959260821342468
1732437704268015786,0.9959260821342468
1732437704278667860,0.9959260821342468
1732437704278667860,0.9959260821342468
1732437704289297104,0.9959260821342468
1732437704289297104,0.9959260821342468
1732437704299606402,0.9959260821342468
1732437704299606402,0.9959260821342468
1732437704309844667,0.9959260821342468
1732437704309844667,0.9959260821342468
1732437704320243791,0.9959260821342468
1732437704320243791,0.9959260821342468
1732437704330940010,0.9959260821342468
1732437704330940010,0.9959260821342468
1732437704341230992,0.9959260821342468
1732437704341230992,0.9959260821342468
1732437704351743639,0.9959260821342468
1732437704351743639,0.9959260821342468
1732437704362061792,1.0
1732437704362061792,1.0
1732437704372436031,1.0
1732437704372436031,1.0
1732437704382595460,1.0
1732437704382595460,1.0
1732437704393169931,1.0
1732437704393169931,1.0
1732437704403544580,1.0
1732437704403544580,1.0
1732437704413618289,1.0
1732437704413618289,1.0
1732437704424242512,1.0
1732437704424242512,1.0
1732437704434608554,1.0
1732437704434608554,1.0
1732437704445731244,1.0
1732437704445731244,1.0
1732437704456203086,1.0
1732437704456203086,1.0
1732437704466562946,1.0
1732437704466562946,1.0
1732437704476834504,1.0
1732437704476834504,1.0
1732437704488546051,1.0
1732437704488546051,1.0
1732437704498852641,1.0
1732437704498852641,1.0
1732437704509378192,1.0
1732437704509378192,1.0
1732437704520073888,1.0
1732437704520073888,1.0
1732437704530201296,1.0
1732437704530201296,1.0
1732437704540520733,1.0
1732437704540520733,1.0
1732437704550923094,1.0
1732437704550923094,1.0
1732437704561252647,1.0
1732437704561252647,1.0
1732437704571603602,1.0
1732437704571603602,1.0
1732437704582501527,1.0
1732437704582501527,1.0
1732437704593091103,1.0
1732437704593091103,1.0
1732437704603538229,1.0
1732437704603538229,1.0
1732437704614066854,1.0
1732437704614066854,1.0
1732437704624504750,1.0
1732437704624504750,1.0
1732437704635150991,1.0
1732437704635150991,1.0
1732437704647064336,1.0
1732437704647064336,1.0
1732437704657101207,1.0
1732437704657101207,1.0
1732437704667433557,1.0
1732437704667433557,1.0
1732437704677534807,1.0
1732437704677534807,1.0
1732437704687653358,1.0
1732437704687653358,1.0
1732437704698059596,1.0
1732437704698059596,1.0
1732437704708486693,1.0
1732437704708486693,1.0
1732437704718962038,1.0
1732437704718962038,1.0
1732437704729265675,1.0
1732437704729265675,1.0
1732437704740369872,1.0
1732437704740369872,1.0
1732437704750492612,1.0
1732437704750492612,1.0
1732437704760913497,1.0
1732437704760913497,1.0
1732437704771442693,1.0
1732437704771442693,1.0
1732437704785608067,1.0
1732437704785608067,1.0
1732437704795816177,1.0
1732437704795816177,1.0
1732437704806069830,1.0
1732437704806069830,1.0
1732437704816222793,1.0
1732437704816222793,1.0
1732437704826485286,1.0
1732437704826485286,1.0
1732437704836729490,1.0
1732437704836729490,1.0
1732437704846897599,1.0
1732437704846897599,1.0
1732437704857219475,1.0
1732437704857219475,1.0
1732437704869104859,1.0
1732437704869104859,1.0
1732437704879567332,1.0
1732437704879567332,1.0
1732437704890044452,1.0
1732437704890044452,1.0
1732437704902364831,1.0
1732437704902364831,1.0
1732437704912765530,1.0
1732437704912765530,1.0
1732437704923501340,1.0
1732437704923501340,1.0
1732437704933950056,1.0
1732437704933950056,1.0
1732437704944078475,1.0
1732437704944078475,1.0
1732437704954499821,1.0
1732437704954499821,1.0
1732437704964965713,1.0
1732437704964965713,1.0
1732437704975347765,1.0
1732437704975347765,1.0
1732437704985848307,1.0
1732437704985848307,1.0
1732437704996009160,1.0
1732437704996009160,1.0
1732437705006596003,1.0
1732437705006596003,1.0
1732437705017615531,1.0
1732437705017615531,1.0
1732437705027817097,1.0
1732437705027817097,1.0
1732437705038240216,1.0
1732437705038240216,1.0
1732437705048380719,1.0
1732437705048380719,1.0
1732437705058627910,1.0
1732437705058627910,1.0
1732437705068952017,1.0
1732437705068952017,1.0
1732437705079258889,1.0
1732437705079258889,1.0
1732437705089913058,1.0
1732437705089913058,1.0
1732437705100548733,1.0
1732437705100548733,1.0
1732437705111481380,1.0
1732437705111481380,1.0
1732437705122702883,1.0
1732437705122702883,1.0
1732437705133200671,1.0
1732437705133200671,1.0
1732437705143473730,1.0
1732437705143473730,1.0
1732437705153531129,1.0
1732437705153531129,1.0
1732437705164439822,1.0
1732437705164439822,1.0
1732437705174913476,1.0
1732437705174913476,1.0
1732437705185555702,1.0
1732437705185555702,1.0
1732437705195722204,1.0
1732437705195722204,1.0
1732437705206194084,1.0
1732437705206194084,1.0
1732437705216988434,1.0
1732437705216988434,1.0
1732437705227231788,1.0
1732437705227231788,1.0
1732437705237502885,1.0
1732437705237502885,1.0
1732437705247744004,1.0
1732437705247744004,1.0
1732437705257908282,1.0
1732437705257908282,1.0
1732437705268190839,1.0
1732437705268190839,1.0
1732437705278241935,1.0
1732437705278241935,1.0
1732437705288507813,1.0
1732437705288507813,1.0
1732437705299709943,1.0
1732437705299709943,1.0
1732437705310007338,1.0
1732437705310007338,1.0
1732437705320312097,1.0
1732437705320312097,1.0
1732437705330680514,1.0
1732437705330680514,1.0
1732437705340990252,1.0
1732437705340990252,1.0
1732437705351081593,1.0
1732437705351081593,1.0
1732437705362163238,1.0
1732437705362163238,1.0
1732437705373029913,1.0
1732437705373029913,1.0
1732437705383163282,1.0
1732437705383163282,1.0
1732437705393355187,1.0
1732437705393355187,1.0
1732437705405208572,1.0
1732437705405208572,1.0
1732437705415670344,1.0
1732437705415670344,1.0
1732437705426352983,1.0
1732437705426352983,1.0
1732437705436524507,1.0
1732437705436524507,1.0
1732437705446762212,1.0
1732437705446762212,1.0
1732437705456788721,1.0
1732437705456788721,1.0
1732437705467806798,1.0
1732437705467806798,1.0
1732437705478426022,1.0
1732437705478426022,1.0
1732437705489229108,1.0
1732437705489229108,1.0
1732437705499467563,1.0
1732437705499467563,1.0
1732437705510098961,1.0
1732437705510098961,1.0
1732437705521341244,1.0
1732437705521341244,1.0
1732437705531605388,1.0
1732437705531605388,1.0
1732437705542431187,1.0
1732437705542431187,1.0
1732437705553727010,1.0
1732437705553727010,1.0
1732437705564233084,1.0
1732437705564233084,1.0
1732437705574384166,1.0
1732437705574384166,1.0
1732437705584838341,1.0
1732437705584838341,1.0
1732437705595163317,1.0
1732437705595163317,1.0
1732437705605686202,1.0
1732437705605686202,1.0
1732437705618521982,1.0
1732437705618521982,1.0
1732437705628938999,1.0
1732437705628938999,1.0
1732437705639177310,1.0
1732437705639177310,1.0
1732437705649326603,1.0
1732437705649326603,1.0
1732437705659845802,1.0
1732437705659845802,1.0
1732437705670441903,1.0
1732437705670441903,1.0
1732437705680830708,1.0
1732437705680830708,1.0
1732437705690915929,1.0
1732437705690915929,1.0
1732437705701281652,1.0
1732437705701281652,1.0
1732437705711675605,1.0
1732437705711675605,1.0
1732437705722137467,1.0
1732437705722137467,1.0
1732437705732788439,1.0
1732437705732788439,1.0
1732437705743345548,1.0
1732437705743345548,1.0
1732437705753633115,1.0
1732437705753633115,1.0
1732437705763958653,1.0
1732437705763958653,1.0
1732437705774541160,1.0
1732437705774541160,1.0
1732437705784775327,1.0
1732437705784775327,1.0
1732437705795067201,1.0
1732437705795067201,1.0
1732437705805423326,1.0
1732437705805423326,1.0
1732437705815817451,1.0
1732437705815817451,1.0
1732437705826255979,1.0
1732437705826255979,1.0
1732437705836864243,1.0
1732437705836864243,1.0
1732437705848784848,1.0
1732437705848784848,1.0
1732437705859485515,1.0
1732437705859485515,1.0
1732437705869869941,1.0
1732437705869869941,1.0
1732437705880424566,1.0
1732437705880424566,1.0
1732437705890867692,1.0
1732437705890867692,1.0
1732437705901354881,1.0
1732437705901354881,1.0
1732437705911779262,1.0
1732437705911779262,1.0
1732437705922519732,1.0
1732437705922519732,1.0
1732437705932827947,1.0
1732437705932827947,1.0
1732437705943409881,1.0
1732437705943409881,1.0
1732437705953731462,1.0
1732437705953731462,1.0
1732437705964377756,1.0
1732437705964377756,1.0
1732437705974822726,1.0
1732437705974822726,1.0
1732437705985282343,1.0
1732437705985282343,1.0
1732437705995435249,1.0
1732437705995435249,1.0
1732437706006070604,1.0
1732437706006070604,1.0
1732437706016544697,1.0
1732437706016544697,1.0
1732437706026727429,1.0
1732437706026727429,1.0
1732437706037214948,1.0
1732437706037214948,1.0
1732437706047529766,1.0
1732437706047529766,1.0
1732437706057691999,1.0
1732437706057691999,1.0
1732437706068140887,1.0
1732437706068140887,1.0
1732437706078677568,1.0
1732437706078677568,1.0
1732437706088998243,1.0
1732437706088998243,1.0
1732437706099275644,1.0
1732437706099275644,1.0
1732437706109641487,1.0
1732437706109641487,1.0
1732437706120724143,1.0
1732437706120724143,1.0
1732437706131143184,1.0
1732437706131143184,1.0
1732437706141346114,1.0
1732437706141346114,1.0
1732437706151962584,1.0
1732437706151962584,1.0
1732437706162279956,1.0
1732437706162279956,1.0
1732437706172840621,1.0
1732437706172840621,1.0
1732437706183340302,1.0
1732437706183340302,1.0
1732437706193483280,1.0
1732437706193483280,1.0
1732437706205272131,1.0
1732437706205272131,1.0
1732437706215764269,1.0
1732437706215764269,1.0
1732437706226451699,1.0
1732437706226451699,1.0
1732437706237049574,1.0
1732437706237049574,1.0
1732437706247462695,1.0
1732437706247462695,1.0
1732437706257650376,1.0
1732437706257650376,1.0
1732437706267907683,1.0
1732437706267907683,1.0
1732437706278445318,1.0
1732437706278445318,1.0
1732437706288776668,1.0
1732437706288776668,1.0
1732437706299093069,1.0
1732437706299093069,1.0
1732437706309496170,1.0
1732437706309496170,1.0
1732437706319724116,1.0
1732437706319724116,1.0
1732437706330048091,1.0
1732437706330048091,1.0
1732437706340749908,1.0
1732437706340749908,1.0
1732437706352429366,1.0
1732437706352429366,1.0
1732437706363242020,1.0
1732437706363242020,1.0
1732437706373869119,1.0
1732437706373869119,1.0
1732437706384945714,1.0
1732437706384945714,1.0
1732437706395386788,1.0
1732437706395386788,1.0
1732437706405610426,1.0
1732437706405610426,1.0
1732437706415967232,1.0
1732437706415967232,1.0
1732437706426261260,1.0
1732437706426261260,1.0
1732437706436526586,1.0
1732437706436526586,1.0
1732437706448468592,1.0
1732437706448468592,1.0
1732437706458856476,1.0
1732437706458856476,1.0
1732437706469262934,1.0
1732437706469262934,1.0
1732437706479627974,1.0
1732437706479627974,1.0
1732437706490137845,1.0
1732437706490137845,1.0
1732437706500313123,1.0
1732437706500313123,1.0
1732437706510702439,1.0
1732437706510702439,1.0
1732437706520953197,1.0
1732437706520953197,1.0
1732437706531103029,1.0
1732437706531103029,1.0
1732437706541590568,1.0
1732437706541590568,1.0
1732437706551962052,1.0
1732437706551962052,1.0
1732437706562453578,1.0
1732437706562453578,1.0
1732437706573014303,1.0
1732437706573014303,1.0
1732437706583362722,1.0
1732437706583362722,1.0
1732437706593833891,1.0
1732437706593833891,1.0
1732437706604252562,1.0
1732437706604252562,1.0
1732437706614768885,1.0
1732437706614768885,1.0
1732437706624936880,1.0
1732437706624936880,1.0
1732437706635380037,1.0
1732437706635380037,1.0
1732437706645970236,1.0
1732437706645970236,1.0
1732437706656393046,1.0
1732437706656393046,1.0
1732437706666904820,1.0
1732437706666904820,1.0
1732437706677597571,1.0
1732437706677597571,1.0
1732437706687936884,1.0
1732437706687936884,1.0
1732437706698645444,1.0
1732437706698645444,1.0
1732437706708776369,1.0
1732437706708776369,1.0
1732437706719268977,1.0
1732437706719268977,1.0
1732437706729707275,1.0
1732437706729707275,1.0
1732437706740195185,1.0
1732437706740195185,1.0
1732437706750284524,1.0
1732437706750284524,1.0
1732437706760541183,1.0
1732437706760541183,1.0
1732437706770982616,1.0
1732437706770982616,1.0
1732437706781306961,1.0
1732437706781306961,1.0
1732437706791786956,1.0
1732437706791786956,1.0
1732437706802337545,1.0
1732437706802337545,1.0
1732437706812889342,1.0
1732437706812889342,1.0
1732437706823124572,1.0
1732437706823124572,1.0
1732437706833839955,1.0
1732437706833839955,1.0
1732437706843978814,1.0
1732437706843978814,1.0
1732437706854713804,1.0
1732437706854713804,1.0
1732437706864971174,1.0
1732437706864971174,1.0
1732437706875434299,1.0
1732437706875434299,1.0
1732437706886455882,1.0
1732437706886455882,1.0
1732437706896785817,1.0
1732437706896785817,1.0
1732437706906891205,1.0
1732437706906891205,1.0
1732437706917206273,1.0
1732437706917206273,1.0
1732437706927397801,1.0
1732437706927397801,1.0
1732437706937588518,1.0
1732437706937588518,1.0
1732437706948007830,1.0
1732437706948007830,1.0
1732437706958570419,1.0
1732437706958570419,1.0
1732437706968771181,1.0
1732437706968771181,1.0
1732437706979075883,1.0
1732437706979075883,1.0
1732437706989502559,1.0
1732437706989502559,1.0
1732437707002017892,1.0
1732437707002017892,1.0
1732437707012632228,1.0
1732437707012632228,1.0
1732437707023175761,1.0
1732437707023175761,1.0
1732437707033650466,1.0
1732437707033650466,1.0
1732437707043768067,1.0
1732437707043768067,1.0
1732437707053851954,1.0
1732437707053851954,1.0
1732437707064071264,1.0
1732437707064071264,1.0
1732437707074677975,1.0
1732437707074677975,1.0
1732437707085097127,1.0
1732437707085097127,1.0
1732437707095709088,1.0
1732437707095709088,1.0
1732437707105959977,1.0
1732437707105959977,1.0
1732437707116474897,1.0
1732437707116474897,1.0
1732437707126575787,1.0
1732437707126575787,1.0
1732437707136831004,1.0
1732437707136831004,1.0
1732437707147274692,1.0
1732437707147274692,1.0
1732437707157501793,1.0
1732437707157501793,1.0
1732437707167679078,1.0
1732437707167679078,1.0
1732437707177851480,1.0
1732437707177851480,1.0
1732437707188082292,1.0
1732437707188082292,1.0
1732437707198449367,1.0
1732437707198449367,1.0
1732437707208851517,1.0
1732437707208851517,1.0
1732437707220458560,1.0
1732437707220458560,1.0
1732437707230675154,1.0
1732437707230675154,1.0
1732437707240811099,1.0
1732437707240811099,1.0
1732437707251506145,1.0
1732437707251506145,1.0
1732437707261680502,1.0
1732437707261680502,1.0
1732437707272069598,1.0
1732437707272069598,1.0
1732437707282427932,1.0
1732437707282427932,1.0
1732437707292990946,1.0
1732437707292990946,1.0
1732437707306236003,1.0
1732437707306236003,1.0
1732437707316813114,1.0
1732437707316813114,1.0
1732437707327888638,1.0
1732437707327888638,1.0
1732437707338402366,1.0
1732437707338402366,1.0
1732437707348845768,1.0
1732437707348845768,1.0
1732437707359182721,1.0
1732437707359182721,1.0
1732437707369499089,1.0
1732437707369499089,1.0
1732437707379901743,1.0
1732437707379901743,1.0
1732437707390270461,1.0
1732437707390270461,1.0
1732437707404867429,1.0
1732437707404867429,1.0
1732437707415135168,1.0
1732437707415135168,1.0
1732437707425249533,1.0
1732437707425249533,1.0
1732437707435585531,1.0
1732437707435585531,1.0
1732437707446193133,1.0
1732437707446193133,1.0
1732437707456502200,1.0
1732437707456502200,1.0
1732437707466613289,1.0
1732437707466613289,1.0
1732437707477093965,1.0
1732437707477093965,1.0
1732437707487277098,1.0
1732437707487277098,1.0
1732437707497805403,1.0
1732437707497805403,1.0
1732437707507949243,1.0
1732437707507949243,1.0
1732437707507949243,1.0
1732437707507949243,1.0
1732437707532936809,1.0
1732437707532936809,1.0
1732437707543558407,1.0
1732437707543558407,1.0
1732437707554327331,1.0
1732437707554327331,1.0
1732437707554327331,1.0
1732437707564575054,1.0
1732437707574869133,1.0
1732437707574869133,1.0
1732437707585207695,1.0
1732437707585207695,1.0
1732437707595787365,1.0
1732437707595787365,1.0
1732437707606053843,1.0
1732437707606053843,1.0
1732437707616221256,1.0
1732437707616221256,1.0
1732437707626454684,1.0
1732437707626454684,1.0
1732437707636589572,1.0
1732437707636589572,1.0
1732437707636589572,1.0
1732437707636589572,1.0
1732437707657719412,1.0
1732437707657719412,1.0
1732437707667849907,1.0
1732437707667849907,1.0
1732437707678452400,1.0
1732437707678452400,1.0
1732437707688733144,1.0
1732437707688733144,1.0
1732437707699038323,1.0
1732437707699038323,1.0
1732437707709180801,1.0
1732437707709180801,1.0
1732437707719341351,1.0
1732437707719341351,1.0
1732437707730011291,1.0
1732437707730011291,1.0
1732437707740193591,1.0
1732437707740193591,1.0
1732437707750319784,1.0
1732437707750319784,1.0
1732437707760856399,1.0
1732437707760856399,1.0
1732437707771185052,1.0
1732437707771185052,1.0
1732437707781279159,1.0
1732437707781279159,1.0
1732437707791774333,1.0
1732437707791774333,1.0
1732437707802342021,1.0
1732437707802342021,1.0
1732437707812768656,1.0
1732437707812768656,1.0
1732437707823902780,1.0
1732437707823902780,1.0
1732437707834248075,1.0
1732437707834248075,1.0
1732437707844376545,1.0
1732437707844376545,1.0
1732437707854462747,1.0
1732437707854462747,1.0
1732437707865053128,1.0
1732437707865053128,1.0
1732437707875203125,1.0
1732437707875203125,1.0
1732437707885514550,1.0
1732437707885514550,1.0
1732437707895836942,1.0
1732437707895836942,1.0
1732437707906271519,1.0
1732437707906271519,1.0
1732437707916549873,1.0
1732437707916549873,1.0
1732437707926951639,1.0
1732437707926951639,1.0
1732437707936982723,1.0
1732437707936982723,1.0
1732437707947202914,1.0
1732437707947202914,1.0
1732437707957215569,1.0
1732437707957215569,1.0
1732437707967699792,1.0
1732437707967699792,1.0
1732437707978013759,1.0
1732437707978013759,1.0
1732437707988340017,1.0
1732437707988340017,1.0
1732437707998562894,1.0
1732437707998562894,1.0
1732437708009081562,1.0
1732437708009081562,1.0
1732437708019200886,1.0
1732437708019200886,1.0
1732437708029518960,1.0
1732437708029518960,1.0
1732437708040176135,1.0
1732437708040176135,1.0
1732437708050287073,1.0
1732437708050287073,1.0
1732437708060860422,1.0
1732437708060860422,1.0
1732437708071280626,1.0
1732437708071280626,1.0
1732437708081611403,1.0
1732437708081611403,1.0
1732437708091841162,1.0
1732437708091841162,1.0
1732437708102231941,1.0
1732437708102231941,1.0
1732437708112604948,1.0
1732437708112604948,1.0
1732437708123092077,1.0
1732437708123092077,1.0
1732437708133602488,1.0
1732437708133602488,1.0
1732437708143874546,1.0
1732437708143874546,1.0
1732437708154394437,1.0
1732437708154394437,1.0
1732437708164748888,1.0
1732437708164748888,1.0
1732437708175180663,1.0
1732437708175180663,1.0
1732437708185457479,1.0
1732437708185457479,1.0
1732437708195940508,1.0
1732437708195940508,1.0
1732437708206391582,1.0
1732437708206391582,1.0
1732437708217276782,1.0
1732437708217276782,1.0
1732437708227335512,1.0
1732437708227335512,1.0
1732437708237382121,1.0
1732437708237382121,1.0
1732437708247720243,1.0
1732437708247720243,1.0
1732437708258426008,1.0
1732437708258426008,1.0
1732437708268644025,1.0
1732437708268644025,1.0
1732437708279115796,1.0
1732437708279115796,1.0
1732437708289556668,1.0
1732437708289556668,1.0
1732437708300580586,1.0
1732437708300580586,1.0
1732437708310719322,1.0
1732437708310719322,1.0
1732437708321032250,1.0
1732437708321032250,1.0
1732437708331324416,1.0
1732437708331324416,1.0
1732437708341844796,1.0
1732437708341844796,1.0
1732437708352587640,1.0
1732437708352587640,1.0
1732437708362755193,1.0
1732437708362755193,1.0
1732437708373175349,1.0
1732437708373175349,1.0
1732437708383853462,1.0
1732437708383853462,1.0
1732437708394980482,1.0
1732437708394980482,1.0
1732437708405382401,1.0
1732437708405382401,1.0
1732437708415564893,1.0
1732437708415564893,1.0
1732437708425714234,1.0
1732437708425714234,1.0
1732437708435959848,1.0
1732437708435959848,1.0
1732437708446111396,1.0
1732437708446111396,1.0
1732437708456337239,1.0
1732437708456337239,1.0
1732437708466830348,1.0
1732437708466830348,1.0
1732437708476936187,1.0
1732437708476936187,1.0
1732437708487352613,1.0
1732437708487352613,1.0
1732437708498428479,1.0
1732437708498428479,1.0
1732437708509510444,1.0
1732437708509510444,1.0
1732437708519786620,1.0
1732437708519786620,1.0
1732437708530039712,1.0
1732437708530039712,1.0
1732437708540816721,1.0
1732437708540816721,1.0
1732437708551341360,1.0
1732437708551341360,1.0
1732437708562148794,1.0
1732437708562148794,1.0
1732437708572587258,1.0
1732437708572587258,1.0
1732437708586464970,1.0
1732437708586464970,1.0
1732437708597158283,1.0
1732437708597158283,1.0
1732437708607330746,1.0
1732437708607330746,1.0
1732437708617640895,1.0
1732437708617640895,1.0
1732437708627806324,1.0
1732437708627806324,1.0
1732437708638324667,1.0
1732437708638324667,1.0
1732437708648406305,1.0
1732437708648406305,1.0
1732437708658869059,1.0
1732437708658869059,1.0
1732437708669525502,1.0
1732437708669525502,1.0
1732437708680048959,1.0
1732437708680048959,1.0
1732437708690364989,1.0
1732437708690364989,1.0
1732437708700891437,1.0
1732437708700891437,1.0
1732437708711496748,1.0
1732437708711496748,1.0
1732437708711496748,1.0
1732437708711496748,1.0
1732437708733202728,1.0
1732437708733202728,1.0
1732437708744065917,1.0
1732437708744065917,1.0
1732437708754711980,1.0
1732437708754711980,1.0
1732437708765837146,1.0
1732437708765837146,1.0
1732437708776448777,1.0
1732437708776448777,1.0
1732437708787834287,1.0
1732437708787834287,1.0
1732437708798403269,1.0
1732437708798403269,1.0
1732437708808613982,1.0
1732437708808613982,1.0
1732437708818794860,1.0
1732437708818794860,1.0
1732437708829169481,1.0
1732437708829169481,1.0
1732437708839649342,1.0
1732437708839649342,1.0
1732437708849891096,1.0
1732437708849891096,1.0
1732437708860416316,1.0
1732437708860416316,1.0
1732437708871093706,1.0
1732437708871093706,1.0
1732437708882568005,1.0
1732437708882568005,1.0
1732437708892847206,1.0
1732437708892847206,1.0
1732437708903427167,1.0
1732437708903427167,1.0
1732437708913901542,1.0
1732437708913901542,1.0
1732437708924259882,1.0
1732437708924259882,1.0
1732437708934606608,1.0
1732437708934606608,1.0
1732437708945102964,1.0
1732437708945102964,1.0
1732437708955655225,1.0
1732437708955655225,1.0
1732437708966063586,1.0
1732437708966063586,1.0
1732437708976724779,1.0
1732437708976724779,1.0
1732437708987830839,1.0
1732437708987830839,1.0
1732437708998015023,1.0
1732437708998015023,1.0
1732437709008537789,1.0
1732437709008537789,1.0
1732437709018935461,1.0
1732437709018935461,1.0
1732437709029202019,1.0
1732437709029202019,1.0
1732437709039496378,1.0
1732437709039496378,1.0
1732437709049760590,1.0
1732437709049760590,1.0
1732437709059973571,1.0
1732437709059973571,1.0
1732437709070192560,1.0
1732437709070192560,1.0
1732437709080379370,1.0
1732437709080379370,1.0
1732437709090684039,1.0
1732437709090684039,1.0
1732437709104124955,1.0
1732437709104124955,1.0
1732437709114295601,1.0
1732437709114295601,1.0
1732437709124964742,1.0
1732437709124964742,1.0
1732437709135479272,1.0
1732437709135479272,1.0
1732437709145654319,1.0
1732437709145654319,1.0
1732437709157192043,1.0
1732437709157192043,1.0
1732437709167603071,1.0
1732437709167603071,1.0
1732437709177735660,1.0
1732437709177735660,1.0
1732437709188035118,1.0
1732437709188035118,1.0
1732437709198959079,1.0
1732437709198959079,1.0
1732437709209188937,1.0
1732437709209188937,1.0
1732437709221713561,1.0
1732437709221713561,1.0
1732437709232099210,1.0
1732437709232099210,1.0
1732437709242617697,1.0
1732437709242617697,1.0
1732437709253438197,1.0
1732437709253438197,1.0
1732437709264178086,1.0
1732437709264178086,1.0
1732437709274472264,1.0
1732437709274472264,1.0
1732437709284699400,1.0
1732437709284699400,1.0
1732437709294908942,1.0
1732437709294908942,1.0
1732437709306436056,1.0
1732437709306436056,1.0
1732437709316565519,1.0
1732437709316565519,1.0
1732437709326859639,1.0
1732437709326859639,1.0
1732437709337750589,1.0
1732437709337750589,1.0
1732437709348134776,1.0
1732437709348134776,1.0
1732437709358496361,1.0
1732437709358496361,1.0
1732437709368927945,1.0
1732437709368927945,1.0
1732437709379449758,1.0
1732437709379449758,1.0
1732437709389643450,1.0
1732437709389643450,1.0
1732437709400274398,1.0
1732437709400274398,1.0
1732437709410520397,1.0
1732437709410520397,1.0
1732437709428057708,1.0
1732437709428057708,1.0
1732437709438444980,1.0
1732437709438444980,1.0
1732437709448736625,1.0
1732437709448736625,1.0
1732437709448736625,1.0
1732437709448736625,1.0
1732437709469292443,1.0
1732437709469292443,1.0
1732437709469292443,1.0
1732437709469292443,1.0
1732437709489912132,1.0
1732437709489912132,1.0
1732437709500430083,1.0
1732437709500430083,1.0
1732437709510731178,1.0
1732437709510731178,1.0
1732437709521150387,1.0
1732437709521150387,1.0
1732437709531807487,1.0
1732437709531807487,1.0
1732437709552441180,1.0
1732437709552441180,1.0
1732437709552441180,1.0
1732437709552441180,1.0
1732437709562963894,1.0
1732437709562963894,1.0
1732437709574156697,1.0
1732437709574156697,1.0
1732437709584500448,1.0
1732437709584500448,1.0
1732437709594683332,1.0
1732437709594683332,1.0
1732437709604699934,1.0
1732437709604699934,1.0
1732437709614924303,1.0
1732437709614924303,1.0
1732437709625464982,1.0
1732437709625464982,1.0
1732437709635633227,1.0
1732437709635633227,1.0
1732437709646218458,1.0
1732437709646218458,1.0
1732437709656939952,1.0
1732437709656939952,1.0
1732437709666985601,1.0
1732437709666985601,1.0
1732437709677106477,1.0
1732437709677106477,1.0
1732437709687233064,1.0
1732437709687233064,1.0
1732437709697691168,1.0
1732437709697691168,1.0
1732437709708196959,1.0
1732437709708196959,1.0
1732437709719055121,1.0
1732437709719055121,1.0
1732437709729923279,1.0
1732437709729923279,1.0
1732437709740050568,1.0
1732437709740050568,1.0
1732437709750544489,1.0
1732437709750544489,1.0
1732437709761214117,1.0
1732437709761214117,1.0
1732437709772132579,1.0
1732437709772132579,1.0
1732437709782544458,1.0
1732437709782544458,1.0
1732437709792969891,1.0
1732437709792969891,1.0
1732437709803230538,1.0
1732437709803230538,1.0
1732437709813479785,1.0
1732437709813479785,1.0
1732437709827198507,1.0
1732437709827198507,1.0
1732437709837757590,1.0
1732437709837757590,1.0
1732437709847894065,1.0
1732437709847894065,1.0
1732437709858274186,1.0
1732437709858274186,1.0
1732437709868597770,1.0
1732437709868597770,1.0
1732437709879368476,1.0
1732437709879368476,1.0
1732437709889632037,1.0
1732437709889632037,1.0
1732437709900184900,1.0
1732437709900184900,1.0
1732437709910720137,1.0
1732437709910720137,1.0
1732437709921280372,1.0
1732437709921280372,1.0
1732437709931989854,1.0
1732437709931989854,1.0
1732437709943404620,1.0
1732437709943404620,1.0
1732437709954053445,1.0
1732437709954053445,1.0
1732437709964735681,1.0
1732437709964735681,1.0
1732437709975281899,1.0
1732437709975281899,1.0
1732437709985464818,1.0
1732437709985464818,1.0
1732437709996146733,1.0
1732437709996146733,1.0
1732437710006341118,1.0
1732437710006341118,1.0
1732437710016454680,1.0
1732437710016454680,1.0
1732437710026855067,1.0
1732437710026855067,1.0
1732437710038175676,1.0
1732437710038175676,1.0
1732437710049397874,1.0
1732437710049397874,1.0
1732437710060029308,1.0
1732437710060029308,1.0
1732437710070386968,1.0
1732437710070386968,1.0
1732437710080686569,1.0
1732437710080686569,1.0
1732437710091110811,1.0
1732437710091110811,1.0
1732437710101678755,1.0
1732437710101678755,1.0
1732437710112198970,1.0
1732437710112198970,1.0
1732437710122634803,1.0
1732437710122634803,1.0
1732437710134885494,1.0
1732437710134885494,1.0
1732437710145006761,1.0
1732437710145006761,1.0
1732437710155544835,1.0
1732437710155544835,1.0
1732437710166094306,1.0
1732437710166094306,1.0
1732437710176777394,1.0
1732437710176777394,1.0
1732437710187056846,1.0
1732437710187056846,1.0
1732437710197438278,1.0
1732437710197438278,1.0
1732437710207692373,1.0
1732437710207692373,1.0
1732437710217966996,1.0
1732437710217966996,1.0
1732437710228680445,1.0
1732437710228680445,1.0
1732437710239312434,1.0
1732437710239312434,1.0
1732437710249682966,1.0
1732437710249682966,1.0
1732437710259902022,1.0
1732437710259902022,1.0
1732437710270088113,1.0
1732437710270088113,1.0
1732437710280554635,1.0
1732437710280554635,1.0
1732437710290671023,1.0
1732437710290671023,1.0
1732437710301065289,1.0
1732437710301065289,1.0
1732437710311715802,1.0
1732437710311715802,1.0
1732437710322854644,1.0
1732437710322854644,1.0
1732437710333079223,1.0
1732437710333079223,1.0
1732437710343705582,1.0
1732437710343705582,1.0
1732437710353914692,1.0
1732437710353914692,1.0
1732437710364191170,1.0
1732437710364191170,1.0
1732437710374313726,1.0
1732437710374313726,1.0
1732437710385000189,1.0
1732437710385000189,1.0
1732437710395489532,1.0
1732437710395489532,1.0
1732437710405663257,1.0
1732437710405663257,1.0
1732437710417290688,1.0
1732437710417290688,1.0
1732437710427383884,1.0
1732437710427383884,1.0
1732437710437476729,1.0
1732437710437476729,1.0
1732437710447665852,1.0
1732437710447665852,1.0
1732437710458244302,1.0
1732437710458244302,1.0
1732437710468634780,1.0
1732437710468634780,1.0
1732437710478826609,1.0
1732437710478826609,1.0
1732437710489265448,1.0
1732437710489265448,1.0
1732437710500037778,1.0
1732437710500037778,1.0
1732437710511648126,1.0
1732437710511648126,1.0
1732437710524036765,1.0
1732437710524036765,1.0
1732437710534305387,1.0
1732437710534305387,1.0
1732437710544831909,1.0
1732437710544831909,1.0
1732437710555002938,1.0
1732437710555002938,1.0
1732437710565289816,1.0
1732437710565289816,1.0
1732437710576467769,1.0
1732437710576467769,1.0
1732437710591123566,1.0
1732437710591123566,1.0
1732437710603012123,1.0
1732437710603012123,1.0
1732437710618037469,1.0
1732437710618037469,1.0
1732437710628344734,1.0
1732437710628344734,1.0
1732437710638495993,1.0
1732437710638495993,1.0
1732437710648840850,1.0
1732437710648840850,1.0
1732437710660230149,1.0
1732437710660230149,1.0
1732437710670340987,1.0
1732437710670340987,1.0
1732437710685564109,1.0
1732437710685564109,1.0
1732437710696164299,1.0
1732437710696164299,1.0
1732437710706931489,1.0
1732437710706931489,1.0
1732437710717712966,1.0
1732437710717712966,1.0
1732437710728200095,1.0
1732437710728200095,1.0
1732437710738621901,1.0
1732437710738621901,1.0
1732437710748747688,1.0
1732437710748747688,1.0
1732437710759198429,1.0
1732437710759198429,1.0
1732437710769332421,1.0
1732437710769332421,1.0
1732437710780606072,1.0
1732437710780606072,1.0
1732437710794642487,1.0
1732437710794642487,1.0
1732437710805029239,1.0
1732437710805029239,1.0
1732437710818659759,1.0
1732437710818659759,1.0
1732437710818659759,1.0
1732437710818659759,1.0
1732437710839831643,1.0
1732437710839831643,1.0
1732437710839831643,1.0
1732437710839831643,1.0
1732437710839831643,1.0
1732437710839831643,1.0
1732437710871277510,1.0
1732437710871277510,1.0
1732437710881694776,1.0
1732437710881694776,1.0
1732437710891930742,1.0
1732437710891930742,1.0
1732437710902339303,1.0
1732437710902339303,1.0
1732437710913072129,1.0
1732437710913072129,1.0
1732437710926354170,1.0
1732437710926354170,1.0
1732437710936554985,1.0
1732437710936554985,1.0
1732437710946770079,1.0
1732437710946770079,1.0
1732437710969064201,1.0
1732437710969064201,1.0
1732437710969064201,1.0
1732437710969064201,1.0
1732437710979419095,1.0
1732437710979419095,1.0
1732437710990170615,1.0
1732437710990170615,1.0
1732437711002760908,1.0
1732437711002760908,1.0
1732437711013767744,1.0
1732437711013767744,1.0
1732437711026777469,1.0
1732437711026777469,1.0
1732437711037055318,1.0
1732437711037055318,1.0
1732437711048444565,1.0
1732437711048444565,1.0
1732437711059000072,1.0
1732437711059000072,1.0
1732437711069271489,1.0
1732437711069271489,1.0
1732437711079760667,1.0
1732437711079760667,1.0
1732437711090496634,1.0
1732437711090496634,1.0
1732437711100843641,1.0
1732437711100843641,1.0
1732437711111515323,1.0
1732437711111515323,1.0
1732437711121902567,1.0
1732437711121902567,1.0
1732437711132256357,1.0
1732437711132256357,1.0
1732437711142291870,1.0
1732437711142291870,1.0
1732437711158739859,1.0
1732437711158739859,1.0
1732437711169051016,1.0
1732437711169051016,1.0
1732437711179183748,1.0
1732437711179183748,1.0
1732437711189294757,1.0
1732437711189294757,1.0
1732437711199437274,1.0
1732437711199437274,1.0
1732437711210200717,1.0
1732437711210200717,1.0
1732437711220319171,1.0
1732437711220319171,1.0
1732437711220319171,1.0
1732437711220319171,1.0
1732437711244447699,1.0
1732437711244447699,1.0
1732437711255001071,1.0
1732437711255001071,1.0
1732437711265936384,1.0
1732437711265936384,1.0
1732437711276158099,1.0
1732437711276158099,1.0
1732437711286385183,1.0
1732437711286385183,1.0
1732437711299345044,1.0
1732437711299345044,1.0
1732437711309821905,1.0
1732437711309821905,1.0
1732437711334567201,1.0
1732437711334567201,1.0
1732437711346858918,1.0
1732437711357044016,1.0
1732437711369859177,1.0
1732437711369859177,1.0
1732437711390952928,1.0
1732437711390952928,1.0
1732437711425863644,1.0
1732437711425863644,1.0
1732437711439466171,1.0
1732437711439466171,1.0
1732437711471714362,1.0
1732437711471714362,1.0
1732437711482605742,1.0
1732437711482605742,1.0
1732437711493221982,1.0
1732437711504143098,1.0
1732437711504143098,1.0
1732437711504143098,1.0
1732437711514227839,1.0
1732437711514227839,1.0
1732437711525057504,1.0
1732437711525057504,1.0
1732437711536000060,1.0
1732437711536000060,1.0
1732437711550467096,1.0
1732437711550467096,1.0
1732437711561500944,1.0
1732437711561500944,1.0
1732437711572227628,1.0
1732437711572227628,1.0
1732437711583310467,1.0
1732437711583310467,1.0
1732437711599038950,1.0
1732437711599038950,1.0
1732437711609909553,1.0
1732437711609909553,1.0
1732437711620106419,1.0
1732437711620106419,1.0
1732437711632711241,1.0
1732437711632711241,1.0
1732437711643197178,1.0
1732437711643197178,1.0
1732437711664690442,1.0
1732437711664690442,1.0
1732437711664690442,1.0
1732437711664690442,1.0
1732437711675721171,1.0
1732437711675721171,1.0
1732437711686145613,1.0
1732437711686145613,1.0
1732437711696834168,1.0
1732437711696834168,1.0
1732437711706890384,1.0
1732437711706890384,1.0
1732437711729531270,1.0
1732437711729531270,1.0
1732437711729531270,1.0
1732437711729531270,1.0
1732437711739631612,1.0
1732437711739631612,1.0
1732437711750244565,1.0
1732437711750244565,1.0
1732437711761387935,1.0
1732437711761387935,1.0
1732437711771512645,1.0
1732437711771512645,1.0
1732437711782025397,1.0
1732437711782025397,1.0
1732437711792374518,1.0
1732437711792374518,1.0
1732437711802542253,1.0
1732437711802542253,1.0
1732437711812779536,1.0
1732437711812779536,1.0
1732437711822901034,1.0
1732437711822901034,1.0
1732437711833476298,1.0
1732437711833476298,1.0
1732437711854782239,1.0
1732437711854782239,1.0
1732437711865456389,1.0
1732437711865456389,1.0
1732437711878016506,1.0
1732437711878016506,1.0
1732437711888364767,1.0
1732437711888364767,1.0
1732437711898639750,1.0
1732437711898639750,1.0
1732437711908823474,1.0
1732437711908823474,1.0
1732437711918961310,1.0
1732437711918961310,1.0
1732437711929140248,1.0
1732437711929140248,1.0
1732437711939355301,1.0
1732437711939355301,1.0
1732437711949482640,1.0
1732437711949482640,1.0
1732437711959879489,1.0
1732437711959879489,1.0
1732437711970544691,1.0
1732437711970544691,1.0
1732437711980938435,1.0
1732437711980938435,1.0
1732437711991241091,1.0
1732437711991241091,1.0
1732437712001642390,1.0
1732437712001642390,1.0
1732437712012192004,1.0
1732437712012192004,1.0
1732437712022514408,1.0
1732437712022514408,1.0
1732437712033265898,1.0
1732437712033265898,1.0
1732437712043577035,1.0
1732437712043577035,1.0
1732437712054553389,1.0
1732437712054553389,1.0
1732437712068168760,1.0
1732437712068168760,1.0
1732437712078696393,1.0
1732437712078696393,1.0
1732437712088901669,1.0
1732437712088901669,1.0
1732437712099078769,1.0
1732437712099078769,1.0
1732437712109452408,1.0
1732437712109452408,1.0
1732437712119519344,1.0
1732437712119519344,1.0
1732437712129634600,1.0
1732437712129634600,1.0
1732437712139802746,1.0
1732437712139802746,1.0
1732437712152736669,1.0
1732437712152736669,1.0
1732437712163941094,1.0
1732437712163941094,1.0
1732437712174328306,1.0
1732437712174328306,1.0
1732437712185234771,1.0
1732437712185234771,1.0
1732437712195737213,1.0
1732437712195737213,1.0
1732437712209969321,1.0
1732437712209969321,1.0
1732437712220467351,1.0
1732437712220467351,1.0
1732437712230846759,1.0
1732437712230846759,1.0
1732437712241041494,1.0
1732437712241041494,1.0
1732437712251328060,1.0
1732437712251328060,1.0
1732437712261719316,1.0
1732437712261719316,1.0
1732437712272169091,1.0
1732437712272169091,1.0
1732437712282261891,1.0
1732437712282261891,1.0
1732437712292832730,1.0
1732437712292832730,1.0
1732437712303449460,1.0
1732437712303449460,1.0
1732437712314852763,1.0
1732437712314852763,1.0
1732437712324996163,1.0
1732437712324996163,1.0
1732437712335471629,1.0
1732437712335471629,1.0
1732437712345615621,1.0
1732437712345615621,1.0
1732437712355855017,1.0
1732437712355855017,1.0
1732437712366587865,1.0
1732437712366587865,1.0
1732437712377107804,1.0
1732437712377107804,1.0
1732437712387273635,1.0
1732437712387273635,1.0
1732437712397957751,1.0
1732437712397957751,1.0
1732437712408212316,1.0
1732437712408212316,1.0
1732437712418305202,1.0
1732437712418305202,1.0
1732437712428825462,1.0
1732437712428825462,1.0
1732437712439180746,1.0
1732437712439180746,1.0
1732437712449676059,1.0
1732437712449676059,1.0
1732437712460145292,1.0
1732437712460145292,1.0
1732437712470959754,1.0
1732437712470959754,1.0
1732437712481714320,1.0
1732437712481714320,1.0
1732437712492234902,1.0
1732437712492234902,1.0
1732437712508607695,1.0
1732437712508607695,1.0
1732437712518859975,1.0
1732437712518859975,1.0
1732437712529086961,1.0
1732437712529086961,1.0
1732437712539719390,1.0
1732437712539719390,1.0
1732437712549886023,1.0
1732437712549886023,1.0
1732437712560079415,1.0
1732437712560079415,1.0
1732437712570789921,1.0
1732437712570789921,1.0
1732437712581317375,1.0
1732437712581317375,1.0
1732437712591774146,1.0
1732437712591774146,1.0
1732437712602425401,1.0
1732437712602425401,1.0
1732437712614353131,1.0
1732437712614353131,1.0
1732437712624673329,1.0
1732437712624673329,1.0
1732437712635077163,1.0
1732437712635077163,1.0
1732437712648187002,1.0
1732437712648187002,1.0
1732437712658230687,1.0
1732437712658230687,1.0
1732437712668832729,1.0
1732437712668832729,1.0
1732437712679029238,1.0
1732437712679029238,1.0
1732437712690229794,1.0
1732437712690229794,1.0
1732437712701047608,1.0
1732437712701047608,1.0
1732437712711667815,1.0
1732437712711667815,1.0
1732437712721979186,1.0
1732437712721979186,1.0
1732437712732422841,1.0
1732437712732422841,1.0
1732437712742647761,1.0
1732437712742647761,1.0
1732437712753399277,1.0
1732437712753399277,1.0
1732437712764209753,1.0
1732437712764209753,1.0
1732437712774492625,1.0
1732437712774492625,1.0
1732437712784623481,1.0
1732437712784623481,1.0
1732437712795708462,1.0
1732437712795708462,1.0
1732437712806160938,1.0
1732437712806160938,1.0
1732437712816612590,1.0
1732437712816612590,1.0
1732437712827131789,1.0
1732437712827131789,1.0
1732437712837149584,1.0
1732437712837149584,1.0
1732437712848343979,1.0
1732437712848343979,1.0
1732437712858601410,1.0
1732437712858601410,1.0
1732437712869283902,1.0
1732437712869283902,1.0
1732437712879990181,1.0
1732437712879990181,1.0
1732437712890345369,1.0
1732437712890345369,1.0
1732437712900738687,1.0
1732437712900738687,1.0
1732437712911166976,1.0
1732437712911166976,1.0
1732437712921308903,1.0
1732437712921308903,1.0
1732437712931894545,1.0
1732437712931894545,1.0
1732437712942489254,1.0
1732437712942489254,1.0
1732437712952802707,1.0
1732437712952802707,1.0
1732437712963316678,1.0
1732437712963316678,1.0
1732437712973777690,1.0
1732437712973777690,1.0
1732437712984113142,1.0
1732437712984113142,1.0
1732437712994465815,1.0
1732437712994465815,1.0
1732437713004964455,1.0
1732437713004964455,1.0
1732437713015249166,1.0
1732437713015249166,1.0
1732437713025720687,1.0
1732437713025720687,1.0
1732437713035987936,1.0
1732437713035987936,1.0
1732437713046523125,1.0
1732437713046523125,1.0
1732437713056634785,1.0
1732437713056634785,1.0
1732437713066744963,1.0
1732437713066744963,1.0
1732437713077073422,1.0
1732437713077073422,1.0
1732437713087194930,1.0
1732437713087194930,1.0
1732437713097462875,1.0
1732437713097462875,1.0
1732437713107580907,1.0
1732437713107580907,1.0
1732437713117903800,1.0
1732437713117903800,1.0
1732437713128223938,1.0
1732437713128223938,1.0
1732437713138413324,1.0
1732437713138413324,1.0
1732437713148821224,1.0
1732437713148821224,1.0
1732437713159450739,1.0
1732437713159450739,1.0
1732437713169733847,1.0
1732437713169733847,1.0
1732437713180091847,1.0
1732437713180091847,1.0
1732437713190674352,1.0
1732437713190674352,1.0
1732437713207829562,1.0
1732437713207829562,1.0
1732437713217978823,1.0
1732437713217978823,1.0
1732437713228684955,1.0
1732437713228684955,1.0
1732437713238865508,1.0
1732437713238865508,1.0
1732437713249461429,1.0
1732437713249461429,1.0
1732437713259968817,1.0
1732437713259968817,1.0
1732437713270228080,1.0
1732437713270228080,1.0
1732437713280761756,1.0
1732437713280761756,1.0
1732437713291356034,1.0
1732437713291356034,1.0
1732437713302003733,1.0
1732437713302003733,1.0
1732437713312362974,1.0
1732437713312362974,1.0
1732437713322652495,1.0
1732437713322652495,1.0
1732437713332867737,1.0
1732437713332867737,1.0
1732437713343210638,1.0
1732437713343210638,1.0
1732437713353605355,1.0
1732437713353605355,1.0
1732437713364200516,1.0
1732437713364200516,1.0
1732437713374542464,1.0
1732437713374542464,1.0
1732437713384882396,1.0
1732437713384882396,1.0
1732437713395809667,1.0
1732437713395809667,1.0
1732437713406164831,1.0
1732437713406164831,1.0
1732437713419058800,1.0
1732437713419058800,1.0
1732437713429882785,1.0
1732437713429882785,1.0
1732437713440108749,1.0
1732437713440108749,1.0
1732437713450945247,1.0
1732437713450945247,1.0
1732437713461225632,1.0
1732437713461225632,1.0
1732437713471456279,1.0
1732437713471456279,1.0
1732437713481710098,1.0
1732437713481710098,1.0
1732437713492261887,1.0
1732437713492261887,1.0
1732437713502544706,1.0
1732437713502544706,1.0
1732437713514052554,1.0
1732437713514052554,1.0
1732437713524829323,1.0
1732437713524829323,1.0
1732437713535106180,1.0
1732437713535106180,1.0
1732437713546263798,1.0
1732437713546263798,1.0
1732437713556815405,1.0
1732437713556815405,1.0
1732437713567496486,1.0
1732437713567496486,1.0
1732437713577681312,1.0
1732437713577681312,1.0
1732437713587831665,1.0
1732437713587831665,1.0
1732437713598113001,1.0
1732437713598113001,1.0
1732437713608757252,1.0
1732437713608757252,1.0
1732437713619211870,1.0
1732437713619211870,1.0
1732437713630788497,1.0
1732437713630788497,1.0
1732437713651273383,1.0
1732437713651273383,1.0
1732437713651273383,1.0
1732437713651273383,1.0
1732437713663161601,1.0
1732437713663161601,1.0
1732437713673266557,1.0
1732437713673266557,1.0
1732437713683721597,1.0
1732437713683721597,1.0
1732437713696083725,1.0
1732437713696083725,1.0
1732437713706296946,1.0
1732437713706296946,1.0
1732437713717374910,1.0
1732437713717374910,1.0
1732437713729036077,1.0
1732437713729036077,1.0
1732437713739392814,1.0
1732437713739392814,1.0
1732437713749726056,1.0
1732437713749726056,1.0
1732437713760090307,1.0
1732437713760090307,1.0
1732437713770578056,1.0
1732437713770578056,1.0
1732437713780943065,1.0
1732437713780943065,1.0
1732437713792032919,1.0
1732437713792032919,1.0
1732437713802318173,1.0
1732437713802318173,1.0
1732437713812644057,1.0
1732437713812644057,1.0
1732437713822787481,1.0
1732437713822787481,1.0
1732437713833395144,1.0
1732437713833395144,1.0
1732437713843466700,1.0
1732437713843466700,1.0
1732437713853730382,1.0
1732437713853730382,1.0
1732437713864448913,1.0
1732437713864448913,1.0
1732437713875096970,1.0
1732437713875096970,1.0
1732437713885251080,1.0
1732437713885251080,1.0
1732437713895511316,1.0
1732437713895511316,1.0
1732437713906162411,1.0
1732437713906162411,1.0
1732437713916518476,1.0
1732437713916518476,1.0
1732437713926648421,1.0
1732437713926648421,1.0
1732437713937285748,1.0
1732437713937285748,1.0
1732437713947831537,1.0
1732437713947831537,1.0
1732437713958528446,1.0
1732437713958528446,1.0
1732437713968683928,1.0
1732437713968683928,1.0
1732437713979091569,1.0
1732437713979091569,1.0
1732437713989692179,1.0
1732437713989692179,1.0
1732437714000228470,1.0
1732437714000228470,1.0
1732437714010400451,1.0
1732437714010400451,1.0
1732437714020782743,1.0
1732437714020782743,1.0
1732437714030961450,1.0
1732437714030961450,1.0
1732437714041407393,1.0
1732437714041407393,1.0
1732437714051629338,1.0
1732437714051629338,1.0
1732437714062173113,1.0
1732437714062173113,1.0
1732437714072482097,1.0
1732437714072482097,1.0
1732437714082568163,1.0
1732437714082568163,1.0
1732437714093030916,1.0
1732437714093030916,1.0
1732437714103936735,1.0
1732437714103936735,1.0
1732437714114278783,1.0
1732437714114278783,1.0
1732437714124995540,1.0
1732437714124995540,1.0
1732437714135150441,1.0
1732437714135150441,1.0
1732437714145627011,1.0
1732437714145627011,1.0
1732437714156157950,1.0
1732437714156157950,1.0
1732437714166760515,1.0
1732437714166760515,1.0
1732437714177313907,1.0
1732437714177313907,1.0
1732437714188477152,1.0
1732437714188477152,1.0
1732437714198814684,1.0
1732437714198814684,1.0
1732437714209371070,1.0
1732437714209371070,1.0
1732437714219642862,1.0
1732437714219642862,1.0
1732437714230055913,1.0
1732437714230055913,1.0
1732437714240321179,1.0
1732437714240321179,1.0
1732437714250730894,1.0
1732437714250730894,1.0
1732437714261583321,1.0
1732437714261583321,1.0
1732437714271751229,1.0
1732437714271751229,1.0
1732437714282249418,1.0
1732437714282249418,1.0
1732437714292997843,1.0
1732437714292997843,1.0
1732437714303502676,1.0
1732437714303502676,1.0
1732437714313744758,1.0
1732437714313744758,1.0
1732437714324307669,1.0
1732437714324307669,1.0
1732437714335055613,1.0
1732437714335055613,1.0
1732437714345361625,1.0
1732437714345361625,1.0
1732437714355903765,1.0
1732437714355903765,1.0
1732437714366539162,1.0
1732437714366539162,1.0
1732437714377115776,1.0
1732437714377115776,1.0
1732437714387266269,1.0
1732437714387266269,1.0
1732437714397543026,1.0
1732437714397543026,1.0
1732437714397543026,1.0
1732437714407969683,1.0
1732437714418384518,1.0
1732437714418384518,1.0
1732437714428661997,1.0
1732437714428661997,1.0
1732437714439021849,1.0
1732437714439021849,1.0
1732437714449572222,1.0
1732437714449572222,1.0
1732437714459905989,1.0
1732437714459905989,1.0
1732437714470299734,1.0
1732437714470299734,1.0
1732437714481799559,1.0
1732437714481799559,1.0
1732437714492375773,1.0
1732437714492375773,1.0
1732437714502551223,1.0
1732437714502551223,1.0
1732437714512831405,1.0
1732437714512831405,1.0
1732437714524082698,1.0
1732437714524082698,1.0
1732437714535132473,1.0
1732437714535132473,1.0
1732437714545854039,1.0
1732437714545854039,1.0
1732437714557296455,1.0
1732437714557296455,1.0
1732437714569925332,1.0
1732437714569925332,1.0
1732437714580546430,1.0
1732437714580546430,1.0
1732437714591558115,1.0
1732437714591558115,1.0
1732437714602191936,1.0
1732437714602191936,1.0
1732437714612884870,1.0
1732437714612884870,1.0
1732437714623384461,1.0
1732437714623384461,1.0
1732437714634239095,1.0
1732437714634239095,1.0
1732437714647240182,1.0
1732437714647240182,1.0
1732437714658710071,1.0
1732437714658710071,1.0
1732437714669222977,1.0
1732437714669222977,1.0
1732437714681576129,1.0
1732437714681576129,1.0
1732437714691861783,1.0
1732437714691861783,1.0
1732437714702050679,1.0
1732437714712670974,1.0
1732437714712670974,1.0
1732437714712670974,1.0
1732437714723096088,1.0
1732437714723096088,1.0
1732437714733225220,1.0
1732437714733225220,1.0
1732437714743602365,1.0
1732437714743602365,1.0
1732437714755017447,1.0
1732437714755017447,1.0
1732437714765291043,1.0
1732437714765291043,1.0
1732437714775526332,1.0
1732437714775526332,1.0
1732437714785691069,1.0
1732437714785691069,1.0
1732437714796010658,1.0
1732437714796010658,1.0
1732437714806560295,1.0
1732437714806560295,1.0
1732437714817408225,1.0
1732437714817408225,1.0
1732437714827860229,1.0
1732437714827860229,1.0
1732437714838062296,1.0
1732437714838062296,1.0
1732437714848750531,1.0
1732437714848750531,1.0
1732437714859044756,1.0
1732437714859044756,1.0
1732437714869288908,1.0
1732437714869288908,1.0
1732437714879517636,1.0
1732437714879517636,1.0
1732437714890200960,1.0
1732437714890200960,1.0
1732437714890200960,1.0
1732437714890200960,1.0
1732437714914645627,1.0
1732437714914645627,1.0
1732437714925706743,1.0
1732437714925706743,1.0
1732437714936233107,1.0
1732437714936233107,1.0
1732437714946749849,1.0
1732437714946749849,1.0
1732437714957395775,1.0
1732437714957395775,1.0
1732437714967535077,1.0
1732437714967535077,1.0
1732437714979513722,1.0
1732437714979513722,1.0
1732437714989786842,1.0
1732437714989786842,1.0
1732437715000890168,1.0
1732437715000890168,1.0
1732437715011534761,1.0
1732437715011534761,1.0
1732437715021665947,1.0
1732437715021665947,1.0
1732437715032483731,1.0
1732437715032483731,1.0
1732437715042780526,1.0
1732437715042780526,1.0
1732437715056483050,1.0
1732437715056483050,1.0
1732437715066933420,1.0
1732437715066933420,1.0
1732437715077377569,1.0
1732437715077377569,1.0
1732437715087767217,1.0
1732437715087767217,1.0
1732437715098057831,1.0
1732437715098057831,1.0
1732437715108614378,1.0
1732437715108614378,1.0
1732437715119188159,1.0
1732437715119188159,1.0
1732437715129441423,1.0
1732437715129441423,1.0
1732437715140044549,1.0
1732437715140044549,1.0
1732437715150730037,1.0
1732437715150730037,1.0
1732437715161256248,1.0
1732437715161256248,1.0
1732437715171833386,1.0
1732437715171833386,1.0
1732437715182289496,1.0
1732437715182289496,1.0
1732437715192746881,1.0
1732437715192746881,1.0
1732437715203437728,1.0
1732437715203437728,1.0
1732437715213761514,1.0
1732437715213761514,1.0
1732437715224412895,1.0
1732437715224412895,1.0
1732437715234947797,1.0
1732437715234947797,1.0
1732437715245147782,1.0
1732437715245147782,1.0
1732437715255414761,1.0
1732437715255414761,1.0
1732437715265881733,1.0
1732437715265881733,1.0
1732437715276389339,1.0
1732437715276389339,1.0
1732437715286755745,1.0
1732437715286755745,1.0
1732437715286755745,1.0
1732437715286755745,1.0
1732437715306946985,1.0
1732437715306946985,1.0
1732437715317164073,1.0
1732437715317164073,1.0
1732437715327279799,1.0
1732437715327279799,1.0
1732437715337523927,1.0
1732437715337523927,1.0
1732437715348348873,1.0
1732437715348348873,1.0
1732437715358498745,1.0
1732437715358498745,1.0
1732437715368967761,1.0
1732437715368967761,1.0
1732437715379433270,1.0
1732437715379433270,1.0
1732437715389766994,1.0
1732437715389766994,1.0
1732437715400033141,1.0
1732437715400033141,1.0
1732437715410637058,1.0
1732437715410637058,1.0
1732437715420823227,1.0
1732437715420823227,1.0
1732437715431176738,1.0
1732437715431176738,1.0
1732437715441644718,1.0
1732437715441644718,1.0
1732437715452477169,1.0
1732437715452477169,1.0
1732437715462736438,1.0
1732437715462736438,1.0
1732437715473031038,1.0
1732437715473031038,1.0
1732437715483658369,1.0
1732437715483658369,1.0
1732437715494397346,1.0
1732437715494397346,1.0
1732437715504993108,1.0
1732437715504993108,1.0
1732437715515514060,1.0
1732437715515514060,1.0
1732437715525982093,1.0
1732437715525982093,1.0
1732437715536516792,1.0
1732437715536516792,1.0
1732437715546962884,1.0
1732437715546962884,1.0
1732437715557054908,1.0
1732437715557054908,1.0
1732437715567183168,1.0
1732437715567183168,1.0
1732437715577337859,1.0
1732437715577337859,1.0
1732437715587968335,1.0
1732437715587968335,1.0
1732437715598647852,1.0
1732437715598647852,1.0
1732437715609076894,1.0
1732437715609076894,1.0
1732437715609076894,1.0
1732437715609076894,1.0
1732437715630256885,1.0
1732437715630256885,1.0
1732437715640517302,1.0
1732437715640517302,1.0
1732437715651081945,1.0
1732437715651081945,1.0
1732437715661306346,1.0
1732437715661306346,1.0
1732437715671446044,1.0
1732437715671446044,1.0
1732437715681962402,1.0
1732437715681962402,1.0
1732437715692437448,1.0
1732437715692437448,1.0
1732437715703011028,1.0
1732437715703011028,1.0
1732437715713672147,1.0
1732437715713672147,1.0
1732437715724142419,1.0
1732437715724142419,1.0
1732437715734594243,1.0
1732437715734594243,1.0
1732437715744797433,1.0
1732437715744797433,1.0
1732437715755172314,1.0
1732437715755172314,1.0
1732437715767027729,1.0
1732437715767027729,1.0
1732437715777509445,1.0
1732437715777509445,1.0
1732437715788028867,1.0
1732437715788028867,1.0
1732437715798427452,1.0
1732437715798427452,1.0
1732437715808997121,1.0
1732437715808997121,1.0
1732437715819247623,1.0
1732437715819247623,1.0
1732437715829838005,1.0
1732437715829838005,1.0
1732437715840113990,1.0
1732437715840113990,1.0
1732437715850196246,1.0
1732437715850196246,1.0
1732437715860706607,1.0
1732437715860706607,1.0
1732437715871062153,1.0
1732437715871062153,1.0
1732437715882150962,1.0
1732437715882150962,1.0
1732437715892379299,1.0
1732437715892379299,1.0
1732437715902691199,1.0
1732437715902691199,1.0
1732437715912967247,1.0
1732437715912967247,1.0
1732437715924035740,1.0
1732437715924035740,1.0
1732437715934241174,1.0
1732437715934241174,1.0
1732437715944713786,1.0
1732437715944713786,1.0
1732437715955155912,1.0
1732437715955155912,1.0
1732437715965490697,1.0
1732437715965490697,1.0
1732437715975811728,1.0
1732437715975811728,1.0
1732437715986216870,1.0
1732437715986216870,1.0
1732437715996844164,1.0
1732437715996844164,1.0
1732437716007160875,1.0
1732437716007160875,1.0
1732437716019436925,1.0
1732437716019436925,1.0
1732437716029701951,1.0
1732437716029701951,1.0
1732437716040371856,1.0
1732437716040371856,1.0
1732437716053697883,1.0
1732437716053697883,1.0
1732437716064040893,1.0
1732437716064040893,1.0
1732437716074333010,1.0
1732437716074333010,1.0
1732437716084983563,1.0
1732437716084983563,1.0
1732437716095157880,1.0
1732437716095157880,1.0
1732437716105409180,1.0
1732437716105409180,1.0
1732437716105409180,1.0
1732437716105409180,1.0
1732437716125795625,1.0
1732437716125795625,1.0
1732437716136035403,1.0
1732437716136035403,1.0
1732437716146163014,1.0
1732437716146163014,1.0
1732437716156789062,1.0
1732437716156789062,1.0
1732437716167056011,1.0
1732437716167056011,1.0
1732437716177149498,1.0
1732437716177149498,1.0
1732437716187450040,1.0
1732437716187450040,1.0
1732437716197663409,1.0
1732437716197663409,1.0
1732437716207994488,1.0
1732437716207994488,1.0
1732437716218549674,1.0
1732437716218549674,1.0
1732437716218549674,1.0
1732437716218549674,1.0
1732437716239022349,1.0
1732437716239022349,1.0
1732437716249251286,1.0
1732437716249251286,1.0
1732437716259455220,1.0
1732437716259455220,1.0
1732437716270080906,1.0
1732437716270080906,1.0
1732437716270080906,1.0
1732437716270080906,1.0
1732437716294256764,1.0
1732437716294256764,1.0
1732437716304526479,1.0
1732437716304526479,1.0
1732437716314818575,1.0
1732437716314818575,1.0
1732437716325268144,1.0
1732437716325268144,1.0
1732437716335392418,1.0
1732437716335392418,1.0
1732437716351354018,1.0
1732437716351354018,1.0
1732437716361554152,1.0
1732437716361554152,1.0
1732437716374925751,1.0
1732437716374925751,1.0
1732437716385546707,1.0
1732437716385546707,1.0
1732437716395917311,1.0
1732437716395917311,1.0
1732437716406423454,1.0
1732437716406423454,1.0
1732437716417030027,1.0
1732437716417030027,1.0
1732437716427255920,1.0
1732437716427255920,1.0
1732437716437490154,1.0
1732437716437490154,1.0
1732437716448273385,1.0
1732437716448273385,1.0
1732437716458557791,1.0
1732437716458557791,1.0
1732437716468689228,1.0
1732437716468689228,1.0
1732437716479420361,1.0
1732437716479420361,1.0
1732437716489914533,1.0
1732437716489914533,1.0
1732437716500103348,1.0
1732437716500103348,1.0
1732437716510457510,1.0
1732437716510457510,1.0
1732437716522611620,1.0
1732437716522611620,1.0
1732437716533114430,1.0
1732437716533114430,1.0
1732437716553750528,1.0
1732437716553750528,1.0
1732437716553750528,1.0
1732437716564197704,1.0
1732437716564197704,1.0
1732437716575163814,1.0
1732437716575163814,1.0
1732437716586842010,1.0
1732437716586842010,1.0
1732437716597008733,1.0
1732437716597008733,1.0
1732437716607119201,1.0
1732437716607119201,1.0
1732437716617590912,1.0
1732437716617590912,1.0
1732437716628136149,1.0
1732437716628136149,1.0
1732437716638276804,1.0
1732437716638276804,1.0
1732437716648458655,1.0
1732437716648458655,1.0
1732437716658584411,1.0
1732437716658584411,1.0
1732437716669205009,1.0
1732437716669205009,1.0
1732437716679439699,1.0
1732437716679439699,1.0
1732437716689901831,1.0
1732437716689901831,1.0
1732437716700118223,1.0
1732437716700118223,1.0
1732437716710495811,1.0
1732437716710495811,1.0
1732437716720887113,1.0
1732437716720887113,1.0
1732437716731262704,1.0
1732437716731262704,1.0
1732437716751871322,1.0
1732437716751871322,1.0
1732437716751871322,1.0
1732437716751871322,1.0
1732437716762864933,1.0
1732437716762864933,1.0
1732437716773526167,1.0
1732437716773526167,1.0
1732437716784159699,1.0
1732437716784159699,1.0
1732437716794399677,1.0
1732437716794399677,1.0
1732437716804872430,1.0
1732437716804872430,1.0
1732437716815552970,1.0
1732437716815552970,1.0
1732437716826179618,1.0
1732437716826179618,1.0
1732437716836511529,1.0
1732437716836511529,1.0
1732437716847126766,1.0
1732437716847126766,1.0
1732437716857919724,1.0
1732437716857919724,1.0
1732437716868345310,1.0
1732437716868345310,1.0
1732437716878769872,1.0
1732437716878769872,1.0
1732437716889388606,1.0
1732437716889388606,1.0
1732437716899849335,1.0
1732437716899849335,1.0
1732437716910433385,1.0
1732437716910433385,1.0
1732437716920595821,1.0
1732437716920595821,1.0
1732437716931389058,1.0
1732437716931389058,1.0
1732437716942018513,1.0
1732437716942018513,1.0
1732437716952276717,1.0
1732437716952276717,1.0
1732437716962347951,1.0
1732437716962347951,1.0
1732437716972491662,1.0
1732437716972491662,1.0
1732437716982899854,1.0
1732437716982899854,1.0
1732437716993521594,1.0
1732437716993521594,1.0
1732437717003585987,1.0
1732437717003585987,1.0
1732437717013927514,1.0
1732437717013927514,1.0
1732437717024271016,1.0
1732437717024271016,1.0
1732437717034791999,1.0
1732437717034791999,1.0
1732437717045007963,1.0
1732437717045007963,1.0
1732437717055295601,1.0
1732437717055295601,1.0
1732437717065482751,1.0
1732437717065482751,1.0
1732437717075779768,1.0
1732437717075779768,1.0
1732437717086201646,1.0
1732437717086201646,1.0
1732437717097081705,1.0
1732437717097081705,1.0
1732437717107463027,1.0
1732437717107463027,1.0
1732437717122905389,1.0
1732437717122905389,1.0
1732437717134724495,1.0
1732437717134724495,1.0
1732437717145041731,1.0
1732437717145041731,1.0
1732437717145041731,1.0
1732437717145041731,1.0
1732437717166318894,1.0
1732437717166318894,1.0
1732437717176961733,1.0
1732437717176961733,1.0
1732437717188137894,1.0
1732437717188137894,1.0
1732437717198579859,1.0
1732437717198579859,1.0
1732437717208840688,1.0
1732437717208840688,1.0
1732437717219061932,1.0
1732437717219061932,1.0
1732437717229541698,1.0
1732437717229541698,1.0
1732437717240004993,1.0
1732437717240004993,1.0
1732437717250333957,1.0
1732437717250333957,1.0
1732437717260896197,1.0
1732437717260896197,1.0
1732437717271211637,1.0
1732437717271211637,1.0
1732437717281340358,1.0
1732437717281340358,1.0
1732437717292156550,1.0
1732437717292156550,1.0
1732437717302974115,1.0
1732437717302974115,1.0
1732437717313377337,1.0
1732437717313377337,1.0
1732437717323688189,1.0
1732437717323688189,1.0
1732437717334205836,1.0
1732437717334205836,1.0
1732437717344483965,1.0
1732437717344483965,1.0
1732437717354886407,1.0
1732437717354886407,1.0
1732437717365022453,1.0
1732437717365022453,1.0
1732437717375231935,1.0
1732437717375231935,1.0
1732437717385490589,1.0
1732437717385490589,1.0
1732437717395653546,1.0
1732437717395653546,1.0
1732437717407945784,1.0
1732437717407945784,1.0
1732437717418061112,1.0
1732437717418061112,1.0
1732437717428572406,1.0
1732437717428572406,1.0
1732437717438671843,1.0
1732437717438671843,1.0
1732437717448825262,1.0
1732437717448825262,1.0
1732437717459321869,1.0
1732437717459321869,1.0
1732437717469568950,1.0
1732437717469568950,1.0
1732437717481250119,1.0
1732437717481250119,1.0
1732437717491413740,1.0
1732437717491413740,1.0
1732437717501850675,1.0
1732437717501850675,1.0
1732437717512159734,1.0
1732437717512159734,1.0
1732437717522419150,1.0
1732437717522419150,1.0
1732437717532543292,1.0
1732437717532543292,1.0
1732437717542925206,1.0
1732437717542925206,1.0
1732437717553416520,1.0
1732437717553416520,1.0
1732437717563834584,1.0
1732437717563834584,1.0
1732437717574054717,1.0
1732437717574054717,1.0
1732437717584587031,1.0
1732437717584587031,1.0
1732437717594725871,1.0
1732437717594725871,1.0
1732437717604842100,1.0
1732437717604842100,1.0
1732437717615217652,1.0
1732437717615217652,1.0
1732437717625926984,1.0
1732437717625926984,1.0
1732437717636261400,1.0
1732437717636261400,1.0
1732437717648816037,1.0
1732437717648816037,1.0
1732437717659272038,1.0
1732437717659272038,1.0
1732437717669899489,1.0
1732437717669899489,1.0
1732437717680640031,1.0
1732437717680640031,1.0
1732437717690813615,1.0
1732437717690813615,1.0
1732437717701298482,1.0
1732437717701298482,1.0
1732437717711391647,1.0
1732437717711391647,1.0
1732437717721799228,1.0
1732437717721799228,1.0
1732437717732233376,1.0
1732437717732233376,1.0
1732437717742238168,1.0
1732437717742238168,1.0
1732437717752443114,1.0
1732437717752443114,1.0
1732437717762529758,1.0
1732437717762529758,1.0
1732437717772811947,1.0
1732437717772811947,1.0
1732437717783433786,1.0
1732437717783433786,1.0
1732437717793722613,1.0
1732437717793722613,1.0
1732437717803887717,1.0
1732437717803887717,1.0
1732437717814192723,1.0
1732437717814192723,1.0
1732437717824389866,1.0
1732437717824389866,1.0
1732437717834971990,1.0
1732437717834971990,1.0
1732437717845602825,1.0
1732437717845602825,1.0
1732437717855773931,1.0
1732437717855773931,1.0
1732437717866064163,1.0
1732437717866064163,1.0
1732437717877011118,1.0
1732437717877011118,1.0
1732437717887027842,1.0
1732437717887027842,1.0
1732437717897320747,1.0
1732437717897320747,1.0
1732437717907331181,1.0
1732437717907331181,1.0
1732437717917600793,1.0
1732437717917600793,1.0
1732437717928426617,1.0
1732437717928426617,1.0
1732437717938962476,1.0
1732437717938962476,1.0
1732437717949256155,1.0
1732437717949256155,1.0
1732437717959726785,1.0
1732437717959726785,1.0
1732437717969918453,1.0
1732437717969918453,1.0
1732437717980269840,1.0
1732437717980269840,1.0
1732437717990369238,1.0
1732437717990369238,1.0
1732437718000660371,1.0
1732437718000660371,1.0
1732437718011078162,1.0
1732437718011078162,1.0
1732437718021533203,1.0
1732437718021533203,1.0
1732437718031928610,1.0
1732437718031928610,1.0
1732437718042347273,1.0
1732437718042347273,1.0
1732437718052910143,1.0
1732437718052910143,1.0
1732437718063428409,1.0
1732437718063428409,1.0
1732437718073698585,1.0
1732437718073698585,1.0
1732437718084146021,1.0
1732437718084146021,1.0
1732437718094340464,1.0
1732437718094340464,1.0
1732437718104609996,1.0
1732437718104609996,1.0
1732437718115229997,1.0
1732437718115229997,1.0
1732437718125383054,1.0
1732437718125383054,1.0
1732437718139608421,1.0
1732437718139608421,1.0
1732437718150234930,1.0
1732437718150234930,1.0
1732437718160619094,1.0
1732437718160619094,1.0
1732437718170970991,1.0
1732437718170970991,1.0
1732437718181197229,1.0
1732437718181197229,1.0
1732437718191489055,1.0
1732437718191489055,1.0
1732437718202704039,1.0
1732437718202704039,1.0
1732437718213100800,1.0
1732437718213100800,1.0
1732437718223741977,1.0
1732437718223741977,1.0
1732437718233841234,1.0
1732437718233841234,1.0
1732437718244431842,1.0
1732437718244431842,1.0
1732437718254550599,1.0
1732437718254550599,1.0
1732437718264982267,1.0
1732437718264982267,1.0
1732437718275612942,1.0
1732437718275612942,1.0
1732437718286317346,1.0
1732437718286317346,1.0
1732437718297165909,1.0
1732437718297165909,1.0
1732437718307766217,1.0
1732437718307766217,1.0
1732437718317864831,1.0
1732437718317864831,1.0
1732437718329056927,1.0
1732437718329056927,1.0
1732437718339611211,1.0
1732437718339611211,1.0
1732437718353357025,1.0
1732437718353357025,1.0
1732437718363618084,1.0
1732437718363618084,1.0
1732437718373835612,1.0
1732437718373835612,1.0
1732437718384201805,1.0
1732437718384201805,1.0
1732437718394626666,1.0
1732437718394626666,1.0
1732437718404871839,1.0
1732437718404871839,1.0
1732437718415031148,1.0
1732437718415031148,1.0
1732437718425442646,1.0
1732437718425442646,1.0
1732437718436132062,1.0
1732437718436132062,1.0
1732437718446272015,1.0
1732437718446272015,1.0
1732437718456447804,1.0
1732437718456447804,1.0
1732437718466885763,1.0
1732437718466885763,1.0
1732437718477172740,1.0
1732437718477172740,1.0
1732437718487586673,1.0
1732437718487586673,1.0
1732437718497953197,1.0
1732437718497953197,1.0
1732437718508758620,1.0
1732437718508758620,1.0
1732437718518926836,1.0
1732437718518926836,1.0
1732437718529216924,1.0
1732437718529216924,1.0
1732437718539803679,1.0
1732437718539803679,1.0
1732437718550210213,1.0
1732437718550210213,1.0
1732437718560569494,1.0
1732437718560569494,1.0
1732437718570785648,1.0
1732437718570785648,1.0
1732437718581205012,1.0
1732437718581205012,1.0
1732437718591553721,1.0
1732437718591553721,1.0
1732437718601819020,1.0
1732437718601819020,1.0
1732437718615704655,1.0
1732437718615704655,1.0
1732437718625888110,1.0
1732437718625888110,1.0
1732437718636521400,1.0
1732437718636521400,1.0
1732437718646790625,1.0
1732437718646790625,1.0
1732437718657034402,1.0
1732437718657034402,1.0
1732437718667165158,1.0
1732437718667165158,1.0
1732437718677205225,1.0
1732437718677205225,1.0
1732437718687503332,1.0
1732437718687503332,1.0
1732437718697757218,1.0
1732437718697757218,1.0
1732437718707855994,1.0
1732437718707855994,1.0
1732437718717952116,1.0
1732437718717952116,1.0
1732437718728081369,1.0
1732437718728081369,1.0
1732437718738687080,1.0
1732437718738687080,1.0
1732437718752096925,1.0
1732437718752096925,1.0
1732437718762606620,1.0
1732437718762606620,1.0
1732437718772884029,1.0
1732437718772884029,1.0
1732437718783195471,1.0
1732437718783195471,1.0
1732437718793706014,1.0
1732437718793706014,1.0
1732437718804023198,1.0
1732437718804023198,1.0
1732437718814244381,1.0
1732437718814244381,1.0
1732437718824547769,1.0
1732437718824547769,1.0
1732437718835016414,1.0
1732437718835016414,1.0
1732437718845275199,1.0
1732437718845275199,1.0
1732437718856051425,1.0
1732437718856051425,1.0
1732437718866820660,1.0
1732437718866820660,1.0
1732437718877179722,1.0
1732437718877179722,1.0
1732437718887481815,1.0
1732437718887481815,1.0
1732437718897690567,1.0
1732437718897690567,1.0
1732437718908029412,1.0
1732437718908029412,1.0
1732437718918522833,1.0
1732437718918522833,1.0
1732437718928633921,1.0
1732437718928633921,1.0
1732437718938677796,1.0
1732437718938677796,1.0
1732437718949002373,1.0
1732437718949002373,1.0
1732437718959423298,1.0
1732437718959423298,1.0
1732437718969980088,1.0
1732437718969980088,1.0
1732437718980415939,1.0
1732437718980415939,1.0
1732437718990740169,1.0
1732437718990740169,1.0
1732437719001788862,1.0
1732437719001788862,1.0
1732437719012022120,1.0
1732437719012022120,1.0
1732437719022469435,1.0
1732437719022469435,1.0
1732437719032932749,1.0
1732437719032932749,1.0
1732437719043517150,1.0
1732437719043517150,1.0
1732437719053924391,1.0
1732437719053924391,1.0
1732437719064347972,1.0
1732437719064347972,1.0
1732437719074489017,1.0
1732437719074489017,1.0
1732437719084942995,1.0
1732437719084942995,1.0
1732437719084942995,1.0
1732437719084942995,1.0
1732437719105738610,1.0
1732437719105738610,1.0
1732437719116051216,1.0
1732437719116051216,1.0
1732437719127214584,1.0
1732437719127214584,1.0
1732437719137690503,1.0
1732437719137690503,1.0
1732437719147860843,1.0
1732437719147860843,1.0
1732437719158233719,1.0
1732437719158233719,1.0
1732437719170067696,1.0
1732437719170067696,1.0
1732437719180685869,1.0
1732437719180685869,1.0
1732437719191201292,1.0
1732437719191201292,1.0
1732437719201769250,1.0
1732437719201769250,1.0
1732437719212257443,1.0
1732437719212257443,1.0
1732437719222357673,1.0
1732437719222357673,1.0
1732437719232945459,1.0
1732437719232945459,1.0
1732437719243166472,1.0
1732437719243166472,1.0
1732437719255659236,1.0
1732437719255659236,1.0
1732437719265984855,1.0
1732437719265984855,1.0
1732437719276162267,1.0
1732437719276162267,1.0
1732437719288784159,1.0
1732437719288784159,1.0
1732437719299469148,1.0
1732437719299469148,1.0
1732437719310207385,1.0
1732437719310207385,1.0
1732437719321691225,1.0
1732437719321691225,1.0
1732437719321691225,1.0
1732437719321691225,1.0
1732437719342489541,1.0
1732437719342489541,1.0
1732437719352749087,1.0
1732437719352749087,1.0
1732437719363076169,1.0
1732437719363076169,1.0
1732437719373478279,1.0
1732437719373478279,1.0
1732437719383922539,1.0
1732437719383922539,1.0
1732437719394490870,1.0
1732437719394490870,1.0
1732437719405132237,1.0
1732437719405132237,1.0
1732437719415405537,1.0
1732437719415405537,1.0
1732437719425983536,1.0
1732437719425983536,1.0
1732437719436124842,1.0
1732437719436124842,1.0
1732437719446422209,1.0
1732437719446422209,1.0
1732437719457036924,1.0
1732437719457036924,1.0
1732437719467359538,1.0
1732437719467359538,1.0
1732437719477770527,1.0
1732437719477770527,1.0
1732437719488038428,1.0
1732437719488038428,1.0
1732437719498580479,1.0
1732437719498580479,1.0
1732437719509043163,1.0
1732437719509043163,1.0
1732437719520473568,1.0
1732437719520473568,1.0
1732437719530909743,1.0
1732437719530909743,1.0
1732437719541870002,1.0
1732437719541870002,1.0
1732437719552147432,1.0
1732437719552147432,1.0
1732437719562611649,1.0
1732437719562611649,1.0
1732437719573141845,1.0
1732437719573141845,1.0
1732437719583496490,1.0
1732437719583496490,1.0
1732437719593824975,1.0
1732437719593824975,1.0
1732437719604039467,1.0
1732437719604039467,1.0
1732437719614535724,1.0
1732437719614535724,1.0
1732437719625224998,1.0
1732437719625224998,1.0
1732437719635485947,1.0
1732437719635485947,1.0
1732437719645757045,1.0
1732437719645757045,1.0
1732437719656192819,1.0
1732437719656192819,1.0
1732437719666912210,1.0
1732437719666912210,1.0
1732437719677376908,1.0
1732437719677376908,1.0
1732437719687516541,1.0
1732437719687516541,1.0
1732437719697976450,1.0
1732437719697976450,1.0
1732437719708198797,1.0
1732437719708198797,1.0
1732437719718474121,1.0
1732437719718474121,1.0
1732437719728738737,1.0
1732437719728738737,1.0
1732437719739069616,1.0
1732437719739069616,1.0
1732437719749397640,1.0
1732437719749397640,1.0
1732437719759680478,1.0
1732437719759680478,1.0
1732437719769841110,1.0
1732437719769841110,1.0
1732437719780254102,1.0
1732437719780254102,1.0
1732437719790480937,1.0
1732437719790480937,1.0
1732437719802111884,1.0
1732437719802111884,1.0
1732437719812868696,1.0
1732437719812868696,1.0
1732437719823348042,1.0
1732437719823348042,1.0
1732437719833537507,1.0
1732437719833537507,1.0
1732437719843970414,1.0
1732437719843970414,1.0
1732437719843970414,1.0
1732437719854261309,1.0
1732437719864454953,1.0
1732437719864454953,1.0
1732437719874846735,1.0
1732437719874846735,1.0
1732437719885124503,1.0
1732437719885124503,1.0
1732437719895507720,1.0
1732437719895507720,1.0
1732437719905935048,1.0
1732437719905935048,1.0
1732437719905935048,1.0
1732437719905935048,1.0
1732437719926987723,1.0
1732437719926987723,1.0
1732437719937118810,1.0
1732437719937118810,1.0
1732437719947489159,1.0
1732437719947489159,1.0
1732437719957604300,1.0
1732437719957604300,1.0
1732437719967990501,1.0
1732437719967990501,1.0
1732437719978471829,1.0
1732437719978471829,1.0
1732437719989184018,1.0
1732437719989184018,1.0
1732437719999572935,1.0
1732437719999572935,1.0
1732437720010153397,1.0
1732437720010153397,1.0
1732437720020645947,1.0
1732437720020645947,1.0
1732437720030985813,1.0
1732437720030985813,1.0
1732437720041458516,1.0
1732437720041458516,1.0
1732437720051802920,1.0
1732437720051802920,1.0
1732437720062065982,1.0
1732437720062065982,1.0
1732437720072405346,1.0
1732437720072405346,1.0
1732437720082484687,1.0
1732437720082484687,1.0
1732437720092756737,1.0
1732437720092756737,1.0
1732437720103411006,1.0
1732437720103411006,1.0
1732437720113855847,1.0
1732437720113855847,1.0
1732437720124389584,1.0
1732437720124389584,1.0
1732437720134558001,1.0
1732437720134558001,1.0
1732437720145025905,1.0
1732437720145025905,1.0
1732437720156466738,1.0
1732437720156466738,1.0
1732437720168303370,1.0
1732437720168303370,1.0
1732437720178523673,1.0
1732437720178523673,1.0
1732437720188904535,1.0
1732437720188904535,1.0
1732437720199244932,1.0
1732437720199244932,1.0
1732437720199244932,1.0
1732437720199244932,1.0
1732437720220558832,1.0
1732437720220558832,1.0
1732437720231716640,1.0
1732437720231716640,1.0
1732437720243133210,1.0
1732437720243133210,1.0
1732437720253415910,1.0
1732437720253415910,1.0
1732437720263782143,1.0
1732437720263782143,1.0
1732437720280839672,1.0
1732437720280839672,1.0
1732437720291249017,1.0
1732437720291249017,1.0
1732437720303901277,1.0
1732437720303901277,1.0
1732437720314205746,1.0
1732437720314205746,1.0
1732437720324759059,1.0
1732437720324759059,1.0
1732437720335423028,1.0
1732437720335423028,1.0
1732437720345732297,1.0
1732437720345732297,1.0
1732437720356149346,1.0
1732437720356149346,1.0
1732437720366446671,1.0
1732437720366446671,1.0
1732437720376707369,1.0
1732437720376707369,1.0
1732437720387191764,1.0
1732437720387191764,1.0
1732437720397622940,1.0
1732437720397622940,1.0
1732437720397622940,1.0
1732437720408101113,1.0
1732437720422406037,1.0
1732437720422406037,1.0
1732437720433004134,1.0
1732437720433004134,1.0
1732437720443191115,1.0
1732437720443191115,1.0
1732437720453745841,1.0
1732437720453745841,1.0
1732437720464100133,1.0
1732437720464100133,1.0
1732437720474334481,1.0
1732437720474334481,1.0
1732437720484647466,1.0
1732437720484647466,1.0
1732437720495017678,1.0
1732437720495017678,1.0
1732437720505114753,1.0
1732437720505114753,1.0
1732437720515545598,1.0
1732437720515545598,1.0
1732437720526309421,1.0
1732437720526309421,1.0
1732437720536563718,1.0
1732437720536563718,1.0
1732437720547834052,1.0
1732437720547834052,1.0
1732437720558201212,1.0
1732437720558201212,1.0
1732437720568522613,1.0
1732437720568522613,1.0
1732437720579188274,1.0
1732437720579188274,1.0
1732437720590689031,1.0
1732437720590689031,1.0
1732437720601220944,1.0
1732437720601220944,1.0
1732437720611467936,1.0
1732437720611467936,1.0
1732437720621751197,1.0
1732437720621751197,1.0
1732437720632333814,1.0
1732437720632333814,1.0
1732437720642922492,1.0
1732437720642922492,1.0
1732437720642922492,1.0
1732437720642922492,1.0
1732437720664068742,1.0
1732437720664068742,1.0
1732437720674401073,1.0
1732437720674401073,1.0
1732437720684973001,1.0
1732437720684973001,1.0
1732437720695594519,1.0
1732437720695594519,1.0
1732437720708847728,1.0
1732437720708847728,1.0
1732437720719353022,1.0
1732437720719353022,1.0
1732437720729820054,1.0
1732437720729820054,1.0
1732437720740185156,1.0
1732437720740185156,1.0
1732437720750746002,1.0
1732437720750746002,1.0
1732437720761037418,1.0
1732437720761037418,1.0
1732437720771784502,1.0
1732437720771784502,1.0
1732437720782136901,1.0
1732437720782136901,1.0
1732437720792310105,1.0
1732437720792310105,1.0
1732437720802579489,1.0
1732437720802579489,1.0
1732437720812765088,1.0
1732437720812765088,1.0
1732437720823247048,1.0
1732437720823247048,1.0
1732437720833727335,1.0
1732437720833727335,1.0
1732437720844112094,1.0
1732437720844112094,1.0
1732437720854438965,1.0
1732437720854438965,1.0
1732437720864782888,1.0
1732437720864782888,1.0
1732437720875235654,1.0
1732437720875235654,1.0
1732437720885605826,1.0
1732437720885605826,1.0
1732437720896219020,1.0
1732437720896219020,1.0
1732437720906270388,1.0
1732437720906270388,1.0
1732437720919563791,1.0
1732437720919563791,1.0
1732437720930205489,1.0
1732437720930205489,1.0
1732437720940408871,1.0
1732437720940408871,1.0
1732437720950567958,1.0
1732437720950567958,1.0
1732437720960794172,1.0
1732437720960794172,1.0
1732437720971260343,1.0
1732437720971260343,1.0
1732437720981483522,1.0
1732437720981483522,1.0
1732437720991765489,1.0
1732437720991765489,1.0
1732437720991765489,1.0
1732437720991765489,1.0
1732437721012552720,1.0
1732437721012552720,1.0
1732437721022900310,1.0
1732437721022900310,1.0
1732437721033288476,1.0
1732437721033288476,1.0
1732437721043568720,1.0
1732437721043568720,1.0
1732437721053776510,1.0
1732437721053776510,1.0
1732437721064235877,1.0
1732437721064235877,1.0
1732437721074598765,1.0
1732437721074598765,1.0
1732437721084910645,1.0
1732437721084910645,1.0
1732437721095173832,1.0
1732437721095173832,1.0
1732437721105675199,1.0
1732437721105675199,1.0
1732437721119042860,1.0
1732437721119042860,1.0
1732437721129565023,1.0
1732437721129565023,1.0
1732437721140679160,1.0
1732437721140679160,1.0
1732437721152071886,1.0
1732437721152071886,1.0
1732437721162264959,1.0
1732437721162264959,1.0
1732437721173096741,1.0
1732437721173096741,1.0
1732437721184006276,1.0
1732437721184006276,1.0
1732437721194273455,1.0
1732437721194273455,1.0
1732437721204455035,1.0
1732437721204455035,1.0
1732437721214803197,1.0
1732437721214803197,1.0
1732437721225075577,1.0
1732437721225075577,1.0
1732437721235402439,1.0
1732437721235402439,1.0
1732437721245954209,1.0
1732437721245954209,1.0
1732437721256087550,1.0
1732437721256087550,1.0
1732437721266183601,1.0
1732437721266183601,1.0
1732437721276531077,1.0
1732437721276531077,1.0
1732437721287057043,1.0
1732437721287057043,1.0
1732437721297255836,1.0
1732437721297255836,1.0
1732437721307268062,1.0
1732437721307268062,1.0
1732437721317445977,1.0
1732437721317445977,1.0
1732437721327690454,1.0
1732437721327690454,1.0
1732437721337832350,1.0
1732437721337832350,1.0
1732437721347943050,1.0
1732437721347943050,1.0
1732437721358372682,1.0
1732437721358372682,1.0
1732437721368947626,1.0
1732437721368947626,1.0
1732437721379264989,1.0
1732437721379264989,1.0
1732437721390111037,1.0
1732437721390111037,1.0
1732437721400510438,1.0
1732437721400510438,1.0
1732437721410801708,1.0
1732437721410801708,1.0
1732437721421269862,1.0
1732437721421269862,1.0
1732437721432022025,1.0
1732437721432022025,1.0
1732437721443455647,1.0
1732437721443455647,1.0
1732437721453883306,1.0
1732437721453883306,1.0
1732437721467700743,1.0
1732437721467700743,1.0
1732437721477941424,1.0
1732437721477941424,1.0
1732437721491261557,1.0
1732437721491261557,1.0
1732437721502481170,1.0
1732437721502481170,1.0
1732437721513688661,1.0
1732437721513688661,1.0
1732437721524177921,1.0
1732437721524177921,1.0
1732437721534706803,1.0
1732437721534706803,1.0
1732437721545831788,1.0
1732437721545831788,1.0
1732437721556448149,1.0
1732437721556448149,1.0
1732437721566925390,1.0
1732437721566925390,1.0
1732437721578580383,1.0
1732437721578580383,1.0
1732437721589135330,1.0
1732437721589135330,1.0
1732437721602555870,1.0
1732437721602555870,1.0
1732437721613214076,1.0
1732437721613214076,1.0
1732437721623801363,1.0
1732437721623801363,1.0
1732437721658951929,1.0
1732437721658951929,1.0
1732437721658951929,1.0
1732437721658951929,1.0
1732437721669879489,1.0
1732437721669879489,1.0
1732437721681770921,1.0
1732437721681770921,1.0
1732437721692199351,1.0
1732437721692199351,1.0
1732437721702600521,1.0
1732437721702600521,1.0
1732437721713809404,1.0
1732437721713809404,1.0
1732437721724361055,1.0
1732437721724361055,1.0
1732437721734725355,1.0
1732437721734725355,1.0
1732437721745534794,1.0
1732437721745534794,1.0
1732437721756446584,1.0
1732437721756446584,1.0
1732437721767342755,1.0
1732437721767342755,1.0
1732437721777899314,1.0
1732437721777899314,1.0
1732437721788285186,1.0
1732437721788285186,1.0
1732437721800861905,1.0
1732437721800861905,1.0
1732437721811432450,1.0
1732437721811432450,1.0
1732437721821762545,1.0
1732437721821762545,1.0
1732437721832151512,1.0
1732437721832151512,1.0
1732437721842367468,1.0
1732437721842367468,1.0
1732437721853274920,1.0
1732437721853274920,1.0
1732437721863996035,1.0
1732437721863996035,1.0
1732437721874377760,1.0
1732437721874377760,1.0
1732437721884656000,1.0
1732437721884656000,1.0
1732437721895262921,1.0
1732437721895262921,1.0
1732437721906867282,1.0
1732437721906867282,1.0
1732437721917572327,1.0
1732437721917572327,1.0
1732437721927661295,1.0
1732437721927661295,1.0
1732437721937787564,1.0
1732437721937787564,1.0
1732437721948057085,1.0
1732437721948057085,1.0
1732437721958237967,1.0
1732437721958237967,1.0
1732437721968680003,1.0
1732437721968680003,1.0
1732437721979154910,1.0
1732437721979154910,1.0
1732437721989759398,1.0
1732437721989759398,1.0
1732437721999895034,1.0
1732437721999895034,1.0
1732437722010181510,1.0
1732437722010181510,1.0
1732437722020422611,1.0
1732437722020422611,1.0
1732437722030643415,1.0
1732437722030643415,1.0
1732437722041099487,1.0
1732437722041099487,1.0
1732437722054826908,1.0
1732437722054826908,1.0
1732437722065173005,1.0
1732437722065173005,1.0
1732437722075537437,1.0
1732437722075537437,1.0
1732437722085934249,1.0
1732437722085934249,1.0
1732437722096053774,1.0
1732437722096053774,1.0
1732437722106239170,1.0
1732437722106239170,1.0
1732437722116351873,1.0
1732437722116351873,1.0
1732437722126457209,1.0
1732437722126457209,1.0
1732437722136798161,1.0
1732437722136798161,1.0
1732437722147059220,1.0
1732437722147059220,1.0
1732437722157227977,1.0
1732437722157227977,1.0
1732437722167456826,1.0
1732437722167456826,1.0
1732437722177816739,1.0
1732437722177816739,1.0
1732437722190733632,1.0
1732437722190733632,1.0
1732437722200867883,1.0
1732437722200867883,1.0
1732437722211175115,1.0
1732437722211175115,1.0
1732437722222351902,1.0
1732437722222351902,1.0
1732437722232843039,1.0
1732437722232843039,1.0
1732437722244055700,1.0
1732437722244055700,1.0
1732437722254296291,1.0
1732437722254296291,1.0
1732437722264686992,1.0
1732437722264686992,1.0
1732437722274847723,1.0
1732437722274847723,1.0
1732437722285422877,1.0
1732437722285422877,1.0
1732437722295590853,1.0
1732437722295590853,1.0
1732437722306789937,1.0
1732437722306789937,1.0
1732437722323226921,1.0
1732437722323226921,1.0
1732437722333838272,1.0
1732437722333838272,1.0
1732437722344481940,1.0
1732437722344481940,1.0
1732437722354633659,1.0
1732437722354633659,1.0
1732437722365123955,1.0
1732437722365123955,1.0
1732437722375251074,1.0
1732437722375251074,1.0
1732437722385660767,1.0
1732437722385660767,1.0
1732437722395855976,1.0
1732437722395855976,1.0
1732437722406910561,1.0
1732437722406910561,1.0
1732437722417367461,1.0
1732437722417367461,1.0
1732437722427649332,1.0
1732437722427649332,1.0
1732437722437756595,1.0
1732437722437756595,1.0
1732437722447894075,1.0
1732437722447894075,1.0
1732437722458764107,1.0
1732437722458764107,1.0
1732437722469209669,1.0
1732437722469209669,1.0
1732437722479435944,1.0
1732437722479435944,1.0
1732437722490145728,1.0
1732437722490145728,1.0
1732437722500594274,1.0
1732437722500594274,1.0
1732437722511611330,1.0
1732437722511611330,1.0
1732437722522165405,1.0
1732437722522165405,1.0
1732437722532685757,1.0
1732437722532685757,1.0
1732437722542876596,1.0
1732437722542876596,1.0
1732437722553327117,1.0
1732437722553327117,1.0
1732437722563787307,1.0
1732437722563787307,1.0
1732437722574398067,1.0
1732437722574398067,1.0
1732437722584919551,1.0
1732437722584919551,1.0
1732437722596058022,1.0
1732437722596058022,1.0
1732437722606571531,1.0
1732437722606571531,1.0
1732437722606571531,1.0
1732437722606571531,1.0
1732437722628375985,1.0
1732437722628375985,1.0
1732437722638556655,1.0
1732437722638556655,1.0
1732437722649095651,1.0
1732437722649095651,1.0
1732437722659649101,1.0
1732437722659649101,1.0
1732437722670080992,1.0
1732437722670080992,1.0
1732437722680730183,1.0
1732437722680730183,1.0
1732437722690927634,1.0
1732437722690927634,1.0
1732437722701305759,1.0
1732437722701305759,1.0
1732437722711705877,1.0
1732437722711705877,1.0
1732437722722441159,1.0
1732437722722441159,1.0
1732437722732933599,1.0
1732437722732933599,1.0
1732437722743217250,1.0
1732437722743217250,1.0
1732437722753613290,1.0
1732437722753613290,1.0
1732437722764035679,1.0
1732437722764035679,1.0
1732437722774580367,1.0
1732437722774580367,1.0
1732437722785251189,1.0
1732437722785251189,1.0
1732437722795700948,1.0
1732437722795700948,1.0
1732437722805987033,1.0
1732437722805987033,1.0
1732437722816467310,1.0
1732437722816467310,1.0
1732437722826582568,1.0
1732437722826582568,1.0
1732437722837138886,1.0
1732437722837138886,1.0
1732437722847816321,1.0
1732437722847816321,1.0
1732437722857947969,1.0
1732437722857947969,1.0
1732437722868241960,1.0
1732437722868241960,1.0
1732437722878840236,1.0
1732437722878840236,1.0
1732437722888998425,1.0
1732437722888998425,1.0
1732437722899172229,1.0
1732437722899172229,1.0
1732437722909397531,1.0
1732437722909397531,1.0
1732437722920050500,1.0
1732437722920050500,1.0
1732437722930451420,1.0
1732437722930451420,1.0
1732437722941080865,1.0
1732437722941080865,1.0
1732437722951862022,1.0
1732437722951862022,1.0
1732437722962339740,1.0
1732437722962339740,1.0
1732437722972609589,1.0
1732437722972609589,1.0
1732437722983925448,1.0
1732437722983925448,1.0
1732437722994533617,1.0
1732437722994533617,1.0
1732437723005230927,1.0
1732437723005230927,1.0
1732437723015652451,1.0
1732437723015652451,1.0
1732437723026189904,1.0
1732437723026189904,1.0
1732437723036538336,1.0
1732437723036538336,1.0
1732437723047069291,1.0
1732437723047069291,1.0
1732437723057283313,1.0
1732437723057283313,1.0
1732437723067709809,1.0
1732437723067709809,1.0
1732437723078149862,1.0
1732437723078149862,1.0
1732437723088425338,1.0
1732437723088425338,1.0
1732437723098983099,1.0
1732437723098983099,1.0
1732437723109410877,1.0
1732437723109410877,1.0
1732437723119966454,1.0
1732437723119966454,1.0
1732437723130363573,1.0
1732437723130363573,1.0
1732437723141194276,1.0
1732437723141194276,1.0
1732437723151723264,1.0
1732437723151723264,1.0
1732437723162441363,1.0
1732437723162441363,1.0
1732437723172851330,1.0
1732437723172851330,1.0
1732437723183018765,1.0
1732437723183018765,1.0
1732437723193681902,1.0
1732437723193681902,1.0
1732437723204293854,1.0
1732437723204293854,1.0
1732437723214684936,1.0
1732437723214684936,1.0
1732437723225120911,1.0
1732437723225120911,1.0
1732437723235586009,1.0
1732437723235586009,1.0
1732437723246235090,1.0
1732437723246235090,1.0
1732437723256835521,1.0
1732437723256835521,1.0
1732437723267087300,1.0
1732437723267087300,1.0
1732437723277118761,1.0
1732437723277118761,1.0
1732437723287275369,1.0
1732437723287275369,1.0
1732437723298022518,1.0
1732437723298022518,1.0
1732437723308492980,1.0
1732437723308492980,1.0
1732437723318770450,1.0
1732437723318770450,1.0
1732437723329530244,1.0
1732437723329530244,1.0
1732437723339754828,1.0
1732437723339754828,1.0
1732437723350790670,1.0
1732437723350790670,1.0
1732437723361437638,1.0
1732437723361437638,1.0
1732437723371741807,1.0
1732437723371741807,1.0
1732437723383707629,1.0
1732437723383707629,1.0
1732437723394110592,1.0
1732437723394110592,1.0
1732437723409977432,1.0
1732437723409977432,1.0
1732437723420640433,1.0
1732437723420640433,1.0
1732437723430841861,1.0
1732437723430841861,1.0
1732437723441451008,1.0
1732437723441451008,1.0
1732437723451786636,1.0
1732437723451786636,1.0
1732437723462071299,1.0
1732437723462071299,1.0
1732437723472362682,1.0
1732437723472362682,1.0
1732437723482762727,1.0
1732437723482762727,1.0
1732437723493317977,1.0
1732437723493317977,1.0
1732437723503340779,1.0
1732437723503340779,1.0
1732437723513724831,1.0
1732437723513724831,1.0
1732437723523889962,1.0
1732437723523889962,1.0
1732437723534545421,1.0
1732437723534545421,1.0
1732437723544811914,1.0
1732437723544811914,1.0
1732437723555081449,1.0
1732437723555081449,1.0
1732437723568034358,1.0
1732437723568034358,1.0
1732437723578963457,1.0
1732437723578963457,1.0
1732437723589540529,1.0
1732437723589540529,1.0
1732437723599960740,1.0
1732437723599960740,1.0
1732437723610674515,1.0
1732437723610674515,1.0
1732437723622668089,1.0
1732437723622668089,1.0
1732437723632850552,1.0
1732437723632850552,1.0
1732437723643203041,1.0
1732437723643203041,1.0
1732437723653413253,1.0
1732437723653413253,1.0
1732437723663666408,1.0
1732437723663666408,1.0
1732437723673820078,1.0
1732437723673820078,1.0
1732437723684461254,1.0
1732437723684461254,1.0
1732437723684461254,1.0
1732437723684461254,1.0
1732437723694747961,1.0
1732437723694747961,1.0
1732437723716380626,1.0
1732437723716380626,1.0
1732437723726543382,1.0
1732437723726543382,1.0
1732437723737156466,1.0
1732437723737156466,1.0
1732437723749125987,1.0
1732437723749125987,1.0
1732437723759840479,1.0
1732437723759840479,1.0
1732437723770172600,1.0
1732437723770172600,1.0
1732437723780350415,1.0
1732437723780350415,1.0
1732437723790412143,1.0
1732437723790412143,1.0
1732437723800855988,1.0
1732437723800855988,1.0
1732437723811226034,1.0
1732437723811226034,1.0
1732437723821423395,1.0
1732437723821423395,1.0
1732437723831695422,1.0
1732437723831695422,1.0
1732437723842499422,1.0
1732437723842499422,1.0
1732437723852626702,1.0
1732437723852626702,1.0
1732437723863058750,1.0
1732437723863058750,1.0
1732437723874528929,1.0
1732437723874528929,1.0
1732437723884986624,1.0
1732437723884986624,1.0
1732437723895310080,1.0
1732437723895310080,1.0
1732437723905421470,1.0
1732437723905421470,1.0
1732437723915673502,1.0
1732437723915673502,1.0
1732437723926341309,1.0
1732437723926341309,1.0
1732437723936824170,1.0
1732437723936824170,1.0
1732437723947788378,1.0
1732437723947788378,1.0
1732437723959266423,1.0
1732437723959266423,1.0
1732437723969742412,1.0
1732437723969742412,1.0
1732437723980177305,1.0
1732437723980177305,1.0
1732437723990652532,1.0
1732437723990652532,1.0
1732437724001081113,1.0
1732437724001081113,1.0
1732437724011478374,1.0
1732437724011478374,1.0
1732437724022426772,1.0
1732437724022426772,1.0
1732437724032972832,1.0
1732437724032972832,1.0
1732437724043292250,1.0
1732437724043292250,1.0
1732437724053501329,1.0
1732437724053501329,1.0
1732437724064129915,1.0
1732437724064129915,1.0
1732437724074240765,1.0
1732437724074240765,1.0
1732437724086819678,1.0
1732437724086819678,1.0
1732437724097563913,1.0
1732437724097563913,1.0
1732437724108173451,1.0
1732437724108173451,1.0
1732437724118792720,1.0
1732437724118792720,1.0
1732437724129446180,1.0
1732437724129446180,1.0
1732437724139603857,1.0
1732437724139603857,1.0
1732437724150040933,1.0
1732437724150040933,1.0
1732437724150040933,1.0
1732437724150040933,1.0
1732437724170566188,1.0
1732437724170566188,1.0
1732437724181248551,1.0
1732437724181248551,1.0
1732437724191772359,1.0
1732437724191772359,1.0
1732437724205389685,1.0
1732437724205389685,1.0
1732437724215953879,1.0
1732437724215953879,1.0
1732437724226498906,1.0
1732437724226498906,1.0
1732437724238654862,1.0
1732437724238654862,1.0
1732437724249583564,1.0
1732437724249583564,1.0
1732437724259972602,1.0
1732437724259972602,1.0
1732437724270468428,1.0
1732437724270468428,1.0
1732437724280718146,1.0
1732437724280718146,1.0
1732437724291145063,1.0
1732437724291145063,1.0
1732437724307625839,1.0
1732437724307625839,1.0
1732437724318488488,1.0
1732437724318488488,1.0
1732437724328721134,1.0
1732437724328721134,1.0
1732437724338960102,1.0
1732437724338960102,1.0
1732437724349119983,1.0
1732437724349119983,1.0
1732437724359572619,1.0
1732437724359572619,1.0
1732437724370517431,1.0
1732437724370517431,1.0
1732437724380670228,1.0
1732437724380670228,1.0
1732437724391145526,1.0
1732437724391145526,1.0
1732437724401570079,1.0
1732437724401570079,1.0
1732437724412034828,1.0
1732437724412034828,1.0
1732437724422431179,1.0
1732437724422431179,1.0
1732437724432650199,1.0
1732437724432650199,1.0
1732437724443160282,1.0
1732437724443160282,1.0
1732437724453391045,1.0
1732437724453391045,1.0
1732437724464088687,1.0
1732437724464088687,1.0
1732437724474456545,1.0
1732437724474456545,1.0
1732437724484998036,1.0
1732437724484998036,1.0
1732437724495536742,1.0
1732437724495536742,1.0
1732437724505761063,1.0
1732437724505761063,1.0
1732437724520146318,1.0
1732437724520146318,1.0
1732437724530658986,1.0
1732437724530658986,1.0
1732437724541258945,1.0
1732437724541258945,1.0
1732437724551749552,1.0
1732437724551749552,1.0
1732437724562033451,1.0
1732437724562033451,1.0
1732437724573217197,1.0
1732437724573217197,1.0
1732437724584514462,1.0
1732437724584514462,1.0
1732437724594591622,1.0
1732437724594591622,1.0
1732437724609781886,1.0
1732437724609781886,1.0
1732437724620300495,1.0
1732437724620300495,1.0
1732437724630579925,1.0
1732437724630579925,1.0
1732437724640739138,1.0
1732437724640739138,1.0
1732437724650918525,1.0
1732437724650918525,1.0
1732437724661317821,1.0
1732437724661317821,1.0
1732437724671583819,1.0
1732437724671583819,1.0
1732437724681873902,1.0
1732437724681873902,1.0
1732437724692550445,1.0
1732437724692550445,1.0
1732437724702960762,1.0
1732437724702960762,1.0
1732437724713450133,1.0
1732437724713450133,1.0
1732437724723831559,1.0
1732437724723831559,1.0
1732437724734365393,1.0
1732437724734365393,1.0
1732437724744857812,1.0
1732437724744857812,1.0
1732437724755324748,1.0
1732437724755324748,1.0
1732437724765593271,1.0
1732437724765593271,1.0
1732437724776610354,1.0
1732437724776610354,1.0
1732437724787062142,1.0
1732437724787062142,1.0
1732437724797251838,1.0
1732437724797251838,1.0
1732437724807349052,1.0
1732437724807349052,1.0
1732437724817909498,1.0
1732437724817909498,1.0
1732437724828230839,1.0
1732437724828230839,1.0
1732437724838332692,1.0
1732437724838332692,1.0
1732437724848549650,1.0
1732437724848549650,1.0
1732437724858681204,1.0
1732437724858681204,1.0
1732437724869199656,1.0
1732437724869199656,1.0
1732437724879281839,1.0
1732437724879281839,1.0
1732437724890003164,1.0
1732437724890003164,1.0
1732437724900212901,1.0
1732437724900212901,1.0
1732437724910427701,1.0
1732437724910427701,1.0
1732437724920623041,1.0
1732437724920623041,1.0
1732437724930836679,1.0
1732437724930836679,1.0
1732437724941387851,1.0
1732437724941387851,1.0
1732437724952109147,1.0
1732437724952109147,1.0
1732437724962692446,1.0
1732437724962692446,1.0
1732437724973190085,1.0
1732437724973190085,1.0
1732437724983402023,1.0
1732437724983402023,1.0
1732437724993659906,1.0
1732437724993659906,1.0
1732437725003842008,1.0
1732437725003842008,1.0
1732437725014108978,1.0
1732437725014108978,1.0
1732437725024358847,1.0
1732437725024358847,1.0
1732437725034786576,1.0
1732437725034786576,1.0
1732437725045973959,1.0
1732437725045973959,1.0
1732437725056299909,1.0
1732437725056299909,1.0
1732437725066570006,1.0
1732437725066570006,1.0
1732437725077472268,1.0
1732437725077472268,1.0
1732437725087944128,1.0
1732437725087944128,1.0
1732437725098082543,1.0
1732437725098082543,1.0
1732437725108343812,1.0
1732437725108343812,1.0
1732437725118644004,1.0
1732437725118644004,1.0
1732437725129173549,1.0
1732437725129173549,1.0
1732437725139376814,1.0
1732437725139376814,1.0
1732437725149813907,1.0
1732437725149813907,1.0
1732437725160254745,1.0
1732437725160254745,1.0
1732437725171267864,1.0
1732437725171267864,1.0
1732437725181461487,1.0
1732437725181461487,1.0
1732437725191629142,1.0
1732437725191629142,1.0
1732437725201962196,1.0
1732437725201962196,1.0
1732437725212355430,1.0
1732437725212355430,1.0
1732437725222574849,1.0
1732437725222574849,1.0
1732437725233235315,1.0
1732437725233235315,1.0
1732437725244555966,1.0
1732437725244555966,1.0
1732437725255465813,1.0
1732437725255465813,1.0
1732437725265591409,1.0
1732437725265591409,1.0
1732437725275939621,1.0
1732437725275939621,1.0
1732437725286492996,1.0
1732437725286492996,1.0
1732437725297433129,1.0
1732437725297433129,1.0
1732437725307747096,1.0
1732437725307747096,1.0
1732437725318308244,1.0
1732437725318308244,1.0
1732437725328825597,1.0
1732437725328825597,1.0
1732437725339465846,1.0
1732437725339465846,1.0
1732437725350061768,1.0
1732437725350061768,1.0
1732437725360388947,1.0
1732437725360388947,1.0
1732437725370854670,1.0
1732437725370854670,1.0
1732437725381434182,1.0
1732437725381434182,1.0
1732437725391961526,1.0
1732437725391961526,1.0
1732437725403628860,1.0
1732437725403628860,1.0
1732437725413904571,1.0
1732437725413904571,1.0
1732437725424121637,1.0
1732437725424121637,1.0
1732437725434311744,1.0
1732437725434311744,1.0
1732437725444676727,1.0
1732437725444676727,1.0
1732437725454930849,1.0
1732437725454930849,1.0
1732437725465361558,1.0
1732437725465361558,1.0
1732437725475928686,1.0
1732437725475928686,1.0
1732437725485963344,1.0
1732437725485963344,1.0
1732437725497011598,1.0
1732437725497011598,1.0
1732437725507134517,1.0
1732437725507134517,1.0
1732437725517745741,1.0
1732437725517745741,1.0
1732437725527864866,1.0
1732437725527864866,1.0
1732437725538488831,1.0
1732437725538488831,1.0
1732437725550588061,1.0
1732437725550588061,1.0
1732437725561007435,1.0
1732437725561007435,1.0
1732437725571262774,1.0
1732437725571262774,1.0
1732437725581669691,1.0
1732437725581669691,1.0
1732437725591996326,1.0
1732437725591996326,1.0
1732437725602563306,1.0
1732437725602563306,1.0
1732437725612990361,1.0
1732437725612990361,1.0
1732437725623634116,1.0
1732437725623634116,1.0
1732437725633814174,1.0
1732437725633814174,1.0
1732437725644022244,1.0
1732437725644022244,1.0
1732437725654705289,1.0
1732437725654705289,1.0
1732437725665326047,1.0
1732437725665326047,1.0
1732437725676070757,1.0
1732437725676070757,1.0
1732437725686460572,1.0
1732437725686460572,1.0
1732437725697508506,1.0
1732437725697508506,1.0
1732437725707650066,1.0
1732437725707650066,1.0
1732437725719065864,1.0
1732437725719065864,1.0
1732437725729160975,1.0
1732437725729160975,1.0
1732437725739577954,1.0
1732437725739577954,1.0
1732437725750065575,1.0
1732437725750065575,1.0
1732437725760465292,1.0
1732437725760465292,1.0
1732437725771859306,1.0
1732437725771859306,1.0
1732437725782415986,1.0
1732437725782415986,1.0
1732437725792854919,1.0
1732437725792854919,1.0
1732437725803471911,1.0
1732437725803471911,1.0
1732437725814092640,1.0
1732437725814092640,1.0
1732437725824392321,1.0
1732437725824392321,1.0
1732437725834974237,1.0
1732437725834974237,1.0
1732437725845069888,1.0
1732437725845069888,1.0
1732437725855350564,1.0
1732437725855350564,1.0
1732437725866399159,1.0
1732437725866399159,1.0
1732437725877197187,1.0
1732437725877197187,1.0
1732437725887208572,1.0
1732437725887208572,1.0
1732437725897900930,1.0
1732437725897900930,1.0
1732437725908426977,1.0
1732437725908426977,1.0
1732437725918722601,1.0
1732437725918722601,1.0
1732437725929224478,1.0
1732437725929224478,1.0
1732437725939450532,1.0
1732437725939450532,1.0
1732437725949918116,1.0
1732437725949918116,1.0
1732437725960778941,1.0
1732437725960778941,1.0
1732437725971020284,1.0
1732437725971020284,1.0
1732437725981523493,1.0
1732437725981523493,1.0
1732437725992029309,1.0
1732437725992029309,1.0
1732437726002310936,1.0
1732437726002310936,1.0
1732437726012809366,1.0
1732437726012809366,1.0
1732437726023373039,1.0
1732437726023373039,1.0
1732437726033828751,1.0
1732437726033828751,1.0
1732437726043960218,1.0
1732437726043960218,1.0
1732437726054157028,1.0
1732437726054157028,1.0
1732437726064744094,1.0
1732437726064744094,1.0
1732437726074982160,1.0
1732437726074982160,1.0
1732437726088720512,1.0
1732437726088720512,1.0
1732437726099253547,1.0
1732437726099253547,1.0
1732437726109721702,1.0
1732437726109721702,1.0
1732437726120141696,1.0
1732437726120141696,1.0
1732437726130952599,1.0
1732437726130952599,1.0
1732437726141403153,1.0
1732437726141403153,1.0
1732437726151520634,1.0
1732437726151520634,1.0
1732437726161701825,1.0
1732437726161701825,1.0
1732437726172048354,1.0
1732437726172048354,1.0
1732437726182524593,1.0
1732437726182524593,1.0
1732437726192911576,1.0
1732437726192911576,1.0
1732437726203709395,1.0
1732437726203709395,1.0
1732437726214526328,1.0
1732437726214526328,1.0
1732437726224710260,1.0
1732437726224710260,1.0
1732437726235122514,1.0
1732437726235122514,1.0
1732437726245690104,1.0
1732437726245690104,1.0
1732437726257546503,1.0
1732437726257546503,1.0
1732437726267863031,1.0
1732437726267863031,1.0
1732437726278436815,1.0
1732437726278436815,1.0
1732437726288866030,1.0
1732437726288866030,1.0
1732437726288866030,1.0
1732437726301483926,1.0
1732437726311696245,1.0
1732437726311696245,1.0
1732437726322119876,1.0
1732437726322119876,1.0
1732437726332473578,1.0
1732437726332473578,1.0
1732437726342947299,1.0
1732437726342947299,1.0
1732437726353308037,1.0
1732437726353308037,1.0
1732437726364491584,1.0
1732437726364491584,1.0
1732437726374900518,1.0
1732437726374900518,1.0
1732437726385294575,1.0
1732437726385294575,1.0
1732437726395616156,1.0
1732437726395616156,1.0
1732437726406043557,1.0
1732437726406043557,1.0
1732437726416608782,1.0
1732437726416608782,1.0
1732437726427104638,1.0
1732437726427104638,1.0
1732437726437360728,1.0
1732437726437360728,1.0
1732437726448330306,1.0
1732437726448330306,1.0
1732437726459008722,1.0
1732437726459008722,1.0
1732437726469157241,1.0
1732437726469157241,1.0
1732437726479820249,1.0
1732437726479820249,1.0
1732437726489969379,1.0
1732437726489969379,1.0
1732437726501176500,1.0
1732437726501176500,1.0
1732437726511936187,1.0
1732437726511936187,1.0
1732437726522076141,1.0
1732437726522076141,1.0
1732437726532386882,1.0
1732437726532386882,1.0
1732437726542569197,1.0
1732437726542569197,1.0
1732437726555339165,1.0
1732437726555339165,1.0
1732437726566170496,1.0
1732437726566170496,1.0
1732437726577471712,1.0
1732437726577471712,1.0
1732437726587856731,1.0
1732437726587856731,1.0
1732437726600699817,1.0
1732437726600699817,1.0
1732437726611127035,1.0
1732437726611127035,1.0
1732437726621617210,1.0
1732437726621617210,1.0
1732437726632478767,1.0
1732437726632478767,1.0
1732437726642923879,1.0
1732437726642923879,1.0
1732437726653008830,1.0
1732437726653008830,1.0
1732437726663169192,1.0
1732437726663169192,1.0
1732437726673538734,1.0
1732437726673538734,1.0
1732437726684145487,1.0
1732437726684145487,1.0
1732437726694452121,1.0
1732437726694452121,1.0
1732437726707039170,1.0
1732437726707039170,1.0
1732437726717173233,1.0
1732437726717173233,1.0
1732437726727399337,1.0
1732437726727399337,1.0
1732437726740905356,1.0
1732437726740905356,1.0
1732437726751273454,1.0
1732437726751273454,1.0
1732437726761570140,1.0
1732437726761570140,1.0
1732437726771905697,1.0
1732437726771905697,1.0
1732437726782013330,1.0
1732437726782013330,1.0
1732437726792396126,1.0
1732437726792396126,1.0
1732437726802659750,1.0
1732437726802659750,1.0
1732437726813323571,1.0
1732437726813323571,1.0
1732437726823476889,1.0
1732437726823476889,1.0
1732437726834006689,1.0
1732437726834006689,1.0
1732437726844103422,1.0
1732437726844103422,1.0
1732437726854689977,1.0
1732437726854689977,1.0
1732437726864895643,1.0
1732437726864895643,1.0
1732437726875767409,1.0
1732437726875767409,1.0
1732437726886047323,1.0
1732437726886047323,1.0
1732437726898168023,1.0
1732437726898168023,1.0
1732437726908621691,1.0
1732437726908621691,1.0
1732437726919123979,1.0
1732437726919123979,1.0
1732437726929433298,1.0
1732437726929433298,1.0
1732437726940107067,1.0
1732437726940107067,1.0
1732437726950541159,1.0
1732437726950541159,1.0
1732437726961085966,1.0
1732437726961085966,1.0
1732437726972246038,1.0
1732437726972246038,1.0
1732437726982907683,1.0
1732437726982907683,1.0
1732437726993273046,1.0
1732437726993273046,1.0
1732437727003324145,1.0
1732437727003324145,1.0
1732437727013826032,1.0
1732437727013826032,1.0
1732437727024251998,1.0
1732437727024251998,1.0
1732437727034286595,1.0
1732437727034286595,1.0
1732437727044621632,1.0
1732437727044621632,1.0
1732437727054785030,1.0
1732437727054785030,1.0
1732437727065180719,1.0
1732437727065180719,1.0
1732437727075936772,1.0
1732437727075936772,1.0
1732437727086452595,1.0
1732437727086452595,1.0
1732437727097320253,1.0
1732437727097320253,1.0
1732437727108476969,1.0
1732437727108476969,1.0
1732437727118633294,1.0
1732437727118633294,1.0
1732437727128995210,1.0
1732437727128995210,1.0
1732437727139621980,1.0
1732437727139621980,1.0
1732437727149902065,1.0
1732437727149902065,1.0
1732437727160009800,1.0
1732437727160009800,1.0
1732437727170624879,1.0
1732437727170624879,1.0
1732437727180891418,1.0
1732437727180891418,1.0
1732437727191130776,1.0
1732437727191130776,1.0
1732437727204940791,1.0
1732437727204940791,1.0
1732437727215587508,1.0
1732437727215587508,1.0
1732437727226002234,1.0
1732437727226002234,1.0
1732437727236947145,1.0
1732437727236947145,1.0
1732437727247095587,1.0
1732437727247095587,1.0
1732437727257546620,1.0
1732437727257546620,1.0
1732437727267758467,1.0
1732437727267758467,1.0
1732437727277982173,1.0
1732437727277982173,1.0
1732437727288445352,1.0
1732437727288445352,1.0
1732437727298733632,1.0
1732437727298733632,1.0
1732437727308970546,1.0
1732437727308970546,1.0
1732437727319321844,1.0
1732437727319321844,1.0
1732437727329877112,1.0
1732437727329877112,1.0
1732437727340323906,1.0
1732437727340323906,1.0
1732437727350566491,1.0
1732437727350566491,1.0
1732437727360711144,1.0
1732437727360711144,1.0
1732437727371438988,1.0
1732437727371438988,1.0
1732437727382028752,1.0
1732437727382028752,1.0
1732437727392513043,1.0
1732437727392513043,1.0
1732437727403252076,1.0
1732437727403252076,1.0
1732437727413907457,1.0
1732437727413907457,1.0
1732437727424164432,1.0
1732437727424164432,1.0
1732437727435479944,1.0
1732437727435479944,1.0
1732437727445856528,1.0
1732437727445856528,1.0
1732437727456135330,1.0
1732437727456135330,1.0
1732437727466773501,1.0
1732437727466773501,1.0
1732437727476949268,1.0
1732437727476949268,1.0
1732437727487265804,1.0
1732437727487265804,1.0
1732437727497281659,1.0
1732437727497281659,1.0
1732437727507571171,1.0
1732437727507571171,1.0
1732437727517906177,1.0
1732437727517906177,1.0
1732437727528292790,1.0
1732437727528292790,1.0
1732437727538687398,1.0
1732437727538687398,1.0
1732437727548942232,1.0
1732437727548942232,1.0
1732437727559358674,1.0
1732437727559358674,1.0
1732437727570724800,1.0
1732437727570724800,1.0
1732437727581486702,1.0
1732437727581486702,1.0
1732437727592605037,1.0
1732437727592605037,1.0
1732437727606002836,1.0
1732437727606002836,1.0
1732437727616298158,1.0
1732437727616298158,1.0
1732437727626746973,1.0
1732437727626746973,1.0
1732437727638821251,1.0
1732437727638821251,1.0
1732437727649393149,1.0
1732437727649393149,1.0
1732437727660215493,1.0
1732437727660215493,1.0
1732437727670418255,1.0
1732437727670418255,1.0
1732437727680704130,1.0
1732437727680704130,1.0
1732437727691216948,1.0
1732437727691216948,1.0
1732437727701459724,1.0
1732437727701459724,1.0
1732437727712082495,1.0
1732437727712082495,1.0
1732437727722287460,1.0
1732437727722287460,1.0
1732437727732798675,1.0
1732437727732798675,1.0
1732437727743101953,1.0
1732437727743101953,1.0
1732437727753290518,1.0
1732437727753290518,1.0
1732437727763561917,1.0
1732437727763561917,1.0
1732437727773954337,1.0
1732437727773954337,1.0
1732437727784154556,1.0
1732437727784154556,1.0
1732437727794218097,1.0
1732437727794218097,1.0
1732437727804352892,1.0
1732437727804352892,1.0
1732437727814554801,1.0
1732437727814554801,1.0
1732437727825103956,1.0
1732437727825103956,1.0
1732437727835439275,1.0
1732437727835439275,1.0
1732437727846013818,1.0
1732437727846013818,1.0
1732437727856524211,1.0
1732437727856524211,1.0
1732437727866703107,1.0
1732437727866703107,1.0
1732437727877264465,1.0
1732437727877264465,1.0
1732437727887567753,1.0
1732437727887567753,1.0
1732437727898026300,1.0
1732437727898026300,1.0
1732437727908306555,1.0
1732437727908306555,1.0
1732437727918854600,1.0
1732437727918854600,1.0
1732437727929120418,1.0
1732437727929120418,1.0
1732437727939366519,1.0
1732437727939366519,1.0
1732437727949534735,1.0
1732437727949534735,1.0
1732437727959988323,1.0
1732437727959988323,1.0
1732437727970334901,1.0
1732437727970334901,1.0
1732437727980563790,1.0
1732437727980563790,1.0
1732437727990922922,1.0
1732437727990922922,1.0
1732437728002499131,1.0
1732437728002499131,1.0
1732437728012640628,1.0
1732437728012640628,1.0
1732437728022763429,1.0
1732437728022763429,1.0
1732437728034831982,1.0
1732437728034831982,1.0
1732437728045041876,1.0
1732437728045041876,1.0
1732437728055838850,1.0
1732437728055838850,1.0
1732437728066241021,1.0
1732437728066241021,1.0
1732437728076447652,1.0
1732437728076447652,1.0
1732437728086837974,1.0
1732437728086837974,1.0
1732437728097381880,1.0
1732437728097381880,1.0
1732437728107794210,1.0
1732437728107794210,1.0
1732437728118092238,1.0
1732437728118092238,1.0
1732437728128288296,1.0
1732437728128288296,1.0
1732437728138468174,1.0
1732437728138468174,1.0
1732437728148643997,1.0
1732437728148643997,1.0
1732437728158792633,1.0
1732437728158792633,1.0
1732437728168967696,1.0
1732437728168967696,1.0
1732437728179430110,1.0
1732437728179430110,1.0
1732437728189528883,1.0
1732437728189528883,1.0
1732437728199848611,1.0
1732437728199848611,1.0
1732437728210343678,1.0
1732437728210343678,1.0
1732437728220596822,1.0
1732437728220596822,1.0
1732437728230790810,1.0
1732437728230790810,1.0
1732437728241216906,1.0
1732437728241216906,1.0
1732437728251392006,1.0
1732437728251392006,1.0
1732437728261650419,1.0
1732437728261650419,1.0
1732437728271883348,1.0
1732437728271883348,1.0
1732437728282001702,1.0
1732437728282001702,1.0
1732437728292178043,1.0
1732437728292178043,1.0
1732437728302483214,1.0
1732437728302483214,1.0
1732437728312803995,1.0
1732437728312803995,1.0
1732437728323111741,1.0
1732437728323111741,1.0
1732437728333622787,1.0
1732437728333622787,1.0
1732437728343882534,1.0
1732437728343882534,1.0
1732437728354399869,1.0
1732437728354399869,1.0
1732437728364735374,1.0
1732437728364735374,1.0
1732437728375074872,1.0
1732437728375074872,1.0
1732437728385860819,1.0
1732437728385860819,1.0
1732437728396477721,1.0
1732437728396477721,1.0
1732437728406660765,1.0
1732437728406660765,1.0
1732437728417503337,1.0
1732437728417503337,1.0
1732437728427828645,1.0
1732437728427828645,1.0
1732437728438410993,1.0
1732437728438410993,1.0
1732437728448657916,1.0
1732437728448657916,1.0
1732437728459052986,1.0
1732437728459052986,1.0
1732437728469547169,1.0
1732437728469547169,1.0
1732437728479841019,1.0
1732437728479841019,1.0
1732437728490071451,1.0
1732437728490071451,1.0
1732437728500405196,1.0
1732437728500405196,1.0
1732437728510779876,1.0
1732437728510779876,1.0
1732437728521206976,1.0
1732437728521206976,1.0
1732437728531423843,1.0
1732437728531423843,1.0
1732437728541675996,1.0
1732437728541675996,1.0
1732437728551806261,1.0
1732437728551806261,1.0
1732437728566546027,1.0
1732437728566546027,1.0
1732437728576915629,1.0
1732437728576915629,1.0
1732437728587144198,1.0
1732437728587144198,1.0
1732437728597201277,1.0
1732437728597201277,1.0
1732437728607577140,1.0
1732437728607577140,1.0
1732437728618256618,1.0
1732437728618256618,1.0
1732437728629166765,1.0
1732437728629166765,1.0
1732437728639312192,1.0
1732437728639312192,1.0
1732437728650318969,1.0
1732437728650318969,1.0
1732437728660890416,1.0
1732437728660890416,1.0
1732437728671074842,1.0
1732437728671074842,1.0
1732437728681351379,1.0
1732437728681351379,1.0
1732437728691970846,1.0
1732437728691970846,1.0
1732437728702103248,1.0
1732437728702103248,1.0
1732437728712199540,1.0
1732437728712199540,1.0
1732437728722687892,1.0
1732437728722687892,1.0
1732437728733006198,1.0
1732437728733006198,1.0
1732437728743274911,1.0
1732437728743274911,1.0
1732437728753705976,1.0
1732437728753705976,1.0
1732437728763756776,1.0
1732437728763756776,1.0
1732437728774355240,1.0
1732437728774355240,1.0
1732437728784763977,1.0
1732437728784763977,1.0
1732437728796006343,1.0
1732437728796006343,1.0
1732437728806555465,1.0
1732437728806555465,1.0
1732437728817269871,1.0
1732437728817269871,1.0
1732437728827941937,1.0
1732437728827941937,1.0
1732437728838533281,1.0
1732437728838533281,1.0
1732437728849136837,1.0
1732437728849136837,1.0
1732437728859886656,1.0
1732437728859886656,1.0
1732437728872134133,1.0
1732437728872134133,1.0
1732437728882362613,1.0
1732437728882362613,1.0
1732437728892629580,1.0
1732437728892629580,1.0
1732437728903045922,1.0
1732437728903045922,1.0
1732437728913603121,1.0
1732437728913603121,1.0
1732437728923823271,1.0
1732437728923823271,1.0
1732437728934429847,1.0
1732437728934429847,1.0
1732437728944966811,1.0
1732437728955392838,1.0
1732437728955392838,1.0
1732437728965796132,1.0
1732437728965796132,1.0
1732437728976090483,1.0
1732437728976090483,1.0
1732437728986797592,1.0
1732437728986797592,1.0
1732437728997146575,1.0
1732437728997146575,1.0
1732437729007238711,1.0
1732437729007238711,1.0
1732437729017964665,1.0
1732437729017964665,1.0
1732437729028624637,1.0
1732437729028624637,1.0
1732437729038833840,1.0
1732437729038833840,1.0
1732437729049479094,1.0
1732437729049479094,1.0
1732437729059641329,1.0
1732437729059641329,1.0
1732437729069994601,1.0
1732437729069994601,1.0
1732437729080120359,1.0
1732437729080120359,1.0
1732437729090751567,1.0
1732437729090751567,1.0
1732437729101233594,1.0
1732437729101233594,1.0
1732437729111331512,1.0
1732437729111331512,1.0
1732437729121569838,1.0
1732437729121569838,1.0
1732437729131719940,1.0
1732437729131719940,1.0
1732437729142454354,1.0
1732437729142454354,1.0
1732437729152919312,1.0
1732437729152919312,1.0
1732437729163227466,1.0
1732437729163227466,1.0
1732437729173356561,1.0
1732437729173356561,1.0
1732437729183545690,1.0
1732437729183545690,1.0
1732437729193944465,1.0
1732437729193944465,1.0
1732437729204315419,1.0
1732437729204315419,1.0
1732437729215050462,1.0
1732437729215050462,1.0
1732437729225397391,1.0
1732437729225397391,1.0
1732437729235567501,1.0
1732437729235567501,1.0
1732437729245744213,1.0
1732437729245744213,1.0
1732437729256366785,1.0
1732437729256366785,1.0
1732437729266819001,1.0
1732437729266819001,1.0
1732437729277740510,1.0
1732437729277740510,1.0
1732437729288166916,1.0
1732437729288166916,1.0
1732437729298229413,1.0
1732437729298229413,1.0
1732437729308732856,1.0
1732437729308732856,1.0
1732437729319230297,1.0
1732437729319230297,1.0
1732437729329792306,1.0
1732437729329792306,1.0
1732437729340009334,1.0
1732437729340009334,1.0
1732437729351590520,1.0
1732437729351590520,1.0
1732437729361925859,1.0
1732437729361925859,1.0
1732437729372375910,1.0
1732437729372375910,1.0
1732437729372375910,1.0
1732437729372375910,1.0
1732437729393315034,1.0
1732437729393315034,1.0
1732437729404384488,1.0
1732437729404384488,1.0
1732437729415460035,1.0
1732437729415460035,1.0
1732437729426014230,1.0
1732437729426014230,1.0
1732437729436578914,1.0
1732437729436578914,1.0
1732437729436578914,1.0
1732437729436578914,1.0
1732437729447479744,1.0
1732437729447479744,1.0
1732437729468241610,1.0
1732437729468241610,1.0
1732437729478401802,1.0
1732437729478401802,1.0
1732437729488788745,1.0
1732437729488788745,1.0
1732437729498916015,1.0
1732437729498916015,1.0
1732437729509739955,1.0
1732437729509739955,1.0
1732437729520072877,1.0
1732437729520072877,1.0
1732437729530460772,1.0
1732437729530460772,1.0
1732437729541199407,1.0
1732437729541199407,1.0
1732437729551895760,1.0
1732437729551895760,1.0
1732437729562175174,1.0
1732437729562175174,1.0
1732437729572313144,1.0
1732437729572313144,1.0
1732437729582819470,1.0
1732437729582819470,1.0
1732437729593439136,1.0
1732437729593439136,1.0
1732437729603645726,1.0
1732437729603645726,1.0
1732437729614486194,1.0
1732437729614486194,1.0
1732437729625019670,1.0
1732437729625019670,1.0
1732437729635165575,1.0
1732437729635165575,1.0
1732437729645487066,1.0
1732437729645487066,1.0
1732437729655759159,1.0
1732437729655759159,1.0
1732437729672256174,1.0
1732437729672256174,1.0
1732437729682531179,1.0
1732437729682531179,1.0
1732437729692882697,1.0
1732437729692882697,1.0
1732437729707194277,1.0
1732437729707194277,1.0
1732437729717938947,1.0
1732437729717938947,1.0
1732437729728411078,1.0
1732437729728411078,1.0
1732437729739088549,1.0
1732437729739088549,1.0
1732437729752436138,1.0
1732437729752436138,1.0
1732437729762801688,1.0
1732437729762801688,1.0
1732437729772915106,1.0
1732437729772915106,1.0
1732437729783141701,1.0
1732437729783141701,1.0
1732437729793688512,1.0
1732437729793688512,1.0
1732437729804326945,1.0
1732437729804326945,1.0
1732437729814507885,1.0
1732437729814507885,1.0
1732437729824891613,1.0
1732437729824891613,1.0
1732437729846530962,1.0
1732437729846530962,1.0
1732437729857259331,1.0
1732437729857259331,1.0
1732437729868042191,1.0
1732437729868042191,1.0
1732437729882664939,1.0
1732437729882664939,1.0
1732437729893221920,1.0
1732437729893221920,1.0
1732437729903653718,1.0
1732437729903653718,1.0
1732437729914081477,1.0
1732437729914081477,1.0
1732437729924932875,1.0
1732437729924932875,1.0
1732437729935962064,1.0
1732437729935962064,1.0
1732437729950221257,1.0
1732437729950221257,1.0
1732437729960300928,1.0
1732437729960300928,1.0
1732437729970507306,1.0
1732437729970507306,1.0
1732437729980976722,1.0
1732437729980976722,1.0
1732437729991306541,1.0
1732437729991306541,1.0
1732437730001868902,1.0
1732437730001868902,1.0
1732437730012099044,1.0
1732437730012099044,1.0
1732437730024583350,1.0
1732437730024583350,1.0
1732437730034824462,1.0
1732437730034824462,1.0
1732437730045191640,1.0
1732437730045191640,1.0
1732437730058611659,1.0
1732437730058611659,1.0
1732437730068840008,1.0
1732437730068840008,1.0
1732437730079182348,1.0
1732437730079182348,1.0
1732437730089799151,1.0
1732437730089799151,1.0
1732437730102162744,1.0
1732437730102162744,1.0
1732437730112532465,1.0
1732437730112532465,1.0
1732437730122714838,1.0
1732437730122714838,1.0
1732437730133142980,1.0
1732437730133142980,1.0
1732437730143412013,1.0
1732437730143412013,1.0
1732437730153689023,1.0
1732437730153689023,1.0
1732437730164347642,1.0
1732437730164347642,1.0
1732437730174737353,1.0
1732437730174737353,1.0
1732437730185011996,1.0
1732437730185011996,1.0
1732437730195340892,1.0
1732437730195340892,1.0
1732437730205912108,1.0
1732437730205912108,1.0
1732437730216297541,1.0
1732437730216297541,1.0
1732437730226611585,1.0
1732437730226611585,1.0
1732437730237049777,1.0
1732437730237049777,1.0
1732437730247178951,1.0
1732437730247178951,1.0
1732437730257559170,1.0
1732437730257559170,1.0
1732437730268041484,1.0
1732437730268041484,1.0
1732437730278442163,1.0
1732437730278442163,1.0
1732437730288541253,1.0
1732437730288541253,1.0
1732437730298968090,1.0
1732437730298968090,1.0
1732437730309582096,1.0
1732437730309582096,1.0
1732437730321762197,1.0
1732437730321762197,1.0
1732437730331860806,1.0
1732437730331860806,1.0
1732437730342680736,1.0
1732437730342680736,1.0
1732437730353387905,1.0
1732437730353387905,1.0
1732437730364023452,1.0
1732437730364023452,1.0
1732437730374766560,1.0
1732437730374766560,1.0
1732437730386278026,1.0
1732437730386278026,1.0
1732437730397765047,1.0
1732437730397765047,1.0
1732437730407925870,1.0
1732437730407925870,1.0
1732437730421612187,1.0
1732437730421612187,1.0
1732437730432283929,1.0
1732437730432283929,1.0
1732437730442385583,1.0
1732437730442385583,1.0
1732437730453036989,1.0
1732437730453036989,1.0
1732437730466339800,1.0
1732437730466339800,1.0
1732437730476899996,1.0
1732437730476899996,1.0
1732437730487237758,1.0
1732437730487237758,1.0
1732437730497423239,1.0
1732437730497423239,1.0
1732437730507961142,1.0
1732437730507961142,1.0
1732437730518354317,1.0
1732437730518354317,1.0
1732437730528592872,1.0
1732437730528592872,1.0
1732437730538663371,1.0
1732437730538663371,1.0
1732437730548720791,1.0
1732437730548720791,1.0
1732437730559006085,1.0
1732437730559006085,1.0
1732437730569327064,1.0
1732437730569327064,1.0
1732437730580440590,1.0
1732437730580440590,1.0
1732437730590992033,1.0
1732437730590992033,1.0
1732437730601794306,1.0
1732437730601794306,1.0
1732437730612074336,1.0
1732437730612074336,1.0
1732437730622949248,1.0
1732437730622949248,1.0
1732437730633377338,1.0
1732437730633377338,1.0
1732437730643788897,1.0
1732437730643788897,1.0
1732437730653888257,1.0
1732437730653888257,1.0
1732437730664335940,1.0
1732437730664335940,1.0
1732437730674611540,1.0
1732437730674611540,1.0
1732437730689355905,1.0
1732437730689355905,1.0
1732437730699871818,1.0
1732437730699871818,1.0
1732437730710457542,1.0
1732437730710457542,1.0
1732437730720704735,1.0
1732437730720704735,1.0
1732437730731042228,1.0
1732437730731042228,1.0
1732437730741396331,1.0
1732437730741396331,1.0
1732437730751824220,1.0
1732437730751824220,1.0
1732437730762240639,1.0
1732437730762240639,1.0
1732437730772467656,1.0
1732437730772467656,1.0
1732437730782803294,1.0
1732437730782803294,1.0
1732437730793060897,1.0
1732437730793060897,1.0
1732437730803115612,1.0
1732437730803115612,1.0
1732437730813652406,1.0
1732437730813652406,1.0
1732437730824081128,1.0
1732437730824081128,1.0
1732437730834726091,1.0
1732437730834726091,1.0
1732437730845327835,1.0
1732437730845327835,1.0
1732437730855893302,1.0
1732437730855893302,1.0
1732437730866451013,1.0
1732437730866451013,1.0
1732437730876966085,1.0
1732437730876966085,1.0
1732437730888423753,1.0
1732437730888423753,1.0
1732437730898487956,1.0
1732437730898487956,1.0
1732437730910428602,1.0
1732437730910428602,1.0
1732437730921264641,1.0
1732437730921264641,1.0
1732437730931963787,1.0
1732437730931963787,1.0
1732437730942190573,1.0
1732437730942190573,1.0
1732437730952416316,1.0
1732437730952416316,1.0
1732437730962657157,1.0
1732437730962657157,1.0
1732437730973142733,1.0
1732437730973142733,1.0
1732437730983338604,1.0
1732437730983338604,1.0
1732437730993677057,1.0
1732437730993677057,1.0
1732437731004281265,1.0
1732437731004281265,1.0
1732437731015847295,1.0
1732437731015847295,1.0
1732437731026318565,1.0
1732437731026318565,1.0
1732437731036523867,1.0
1732437731036523867,1.0
1732437731046683171,1.0
1732437731046683171,1.0
1732437731059771624,1.0
1732437731059771624,1.0
1732437731070122550,1.0
1732437731070122550,1.0
1732437731082546015,1.0
1732437731082546015,1.0
1732437731092686040,1.0
1732437731092686040,1.0
1732437731102883601,1.0
1732437731102883601,1.0
1732437731113380559,1.0
1732437731113380559,1.0
1732437731123869194,1.0
1732437731123869194,1.0
1732437731134208999,1.0
1732437731134208999,1.0
1732437731144803890,1.0
1732437731144803890,1.0
1732437731155465014,1.0
1732437731155465014,1.0
1732437731165976650,1.0
1732437731165976650,1.0
1732437731176615472,1.0
1732437731176615472,1.0
1732437731187024828,1.0
1732437731187024828,1.0
1732437731197433380,1.0
1732437731197433380,1.0
1732437731207889232,1.0
1732437731207889232,1.0
1732437731218443179,1.0
1732437731218443179,1.0
1732437731228638428,1.0
1732437731228638428,1.0
1732437731238977552,1.0
1732437731238977552,1.0
1732437731249339389,1.0
1732437731249339389,1.0
1732437731259802065,1.0
1732437731259802065,1.0
1732437731270003183,1.0
1732437731270003183,1.0
1732437731280246640,1.0
1732437731280246640,1.0
1732437731290638212,1.0
1732437731290638212,1.0
1732437731301344722,1.0
1732437731301344722,1.0
1732437731311685158,1.0
1732437731311685158,1.0
1732437731322229986,1.0
1732437731322229986,1.0
1732437731332429899,1.0
1732437731332429899,1.0
1732437731342584614,1.0
1732437731342584614,1.0
1732437731353114373,1.0
1732437731353114373,1.0
1732437731367086773,1.0
1732437731367086773,1.0
1732437731377247685,1.0
1732437731377247685,1.0
1732437731387534051,1.0
1732437731387534051,1.0
1732437731397906119,1.0
1732437731397906119,1.0
1732437731408236808,1.0
1732437731408236808,1.0
1732437731418595579,1.0
1732437731418595579,1.0
1732437731429005616,1.0
1732437731429005616,1.0
1732437731439107770,1.0
1732437731439107770,1.0
1732437731449482631,1.0
1732437731449482631,1.0
1732437731461569458,1.0
1732437731461569458,1.0
1732437731471796547,1.0
1732437731471796547,1.0
1732437731481887739,1.0
1732437731481887739,1.0
1732437731492890098,1.0
1732437731492890098,1.0
1732437731503318106,1.0
1732437731503318106,1.0
1732437731513975777,1.0
1732437731513975777,1.0
1732437731524381686,1.0
1732437731524381686,1.0
1732437731534601250,1.0
1732437731534601250,1.0
1732437731544967615,1.0
1732437731544967615,1.0
1732437731555199430,1.0
1732437731555199430,1.0
1732437731566047138,1.0
1732437731566047138,1.0
1732437731576218942,1.0
1732437731576218942,1.0
1732437731586748464,1.0
1732437731586748464,1.0
1732437731597202342,1.0
1732437731597202342,1.0
1732437731607225991,1.0
1732437731607225991,1.0
1732437731617441807,1.0
1732437731617441807,1.0
1732437731627938123,1.0
1732437731627938123,1.0
1732437731638154801,1.0
1732437731638154801,1.0
1732437731648675253,1.0
1732437731648675253,1.0
1732437731659101781,1.0
1732437731659101781,1.0
1732437731669484137,1.0
1732437731669484137,1.0
1732437731680126807,1.0
1732437731680126807,1.0
1732437731691645467,1.0
1732437731691645467,1.0
1732437731702579388,1.0
1732437731702579388,1.0
1732437731713013361,1.0
1732437731713013361,1.0
1732437731726426928,1.0
1732437731726426928,1.0
1732437731738698621,1.0
1732437731738698621,1.0
1732437731759677379,1.0
1732437731759677379,1.0
1732437731770650785,1.0
1732437731770650785,1.0
1732437731781357295,1.0
1732437731781357295,1.0
1732437731793209215,1.0
1732437731793209215,1.0
1732437731803475695,1.0
1732437731803475695,1.0
1732437731813729611,1.0
1732437731813729611,1.0
1732437731824142540,1.0
1732437731824142540,1.0
1732437731834301372,1.0
1732437731834301372,1.0
1732437731844504786,1.0
1732437731844504786,1.0
1732437731854649749,1.0
1732437731854649749,1.0
1732437731864870663,1.0
1732437731864870663,1.0
1732437731875273478,1.0
1732437731875273478,1.0
1732437731885443428,1.0
1732437731885443428,1.0
1732437731896029141,1.0
1732437731896029141,1.0
1732437731906793858,1.0
1732437731906793858,1.0
1732437731918756765,1.0
1732437731918756765,1.0
1732437731929009860,1.0
1732437731929009860,1.0
1732437731939359364,1.0
1732437731939359364,1.0
1732437731949923569,1.0
1732437731949923569,1.0
1732437731960378289,1.0
1732437731960378289,1.0
1732437731970438443,1.0
1732437731970438443,1.0
1732437731980833004,1.0
1732437731980833004,1.0
1732437731991663960,1.0
1732437731991663960,1.0
1732437732002356866,1.0
1732437732002356866,1.0
1732437732012599884,1.0
1732437732012599884,1.0
1732437732022707277,1.0
1732437732022707277,1.0
1732437732033312536,1.0
1732437732033312536,1.0
1732437732043533101,1.0
1732437732043533101,1.0
1732437732053921659,1.0
1732437732053921659,1.0
1732437732065947563,1.0
1732437732065947563,1.0
1732437732076277660,1.0
1732437732076277660,1.0
1732437732086735217,1.0
1732437732086735217,1.0
1732437732097121956,1.0
1732437732097121956,1.0
1732437732107755112,1.0
1732437732107755112,1.0
1732437732119780095,1.0
1732437732119780095,1.0
1732437732130098642,1.0
1732437732130098642,1.0
1732437732140314106,1.0
1732437732140314106,1.0
1732437732150629849,1.0
1732437732150629849,1.0
1732437732161138789,1.0
1732437732161138789,1.0
1732437732171915530,1.0
1732437732171915530,1.0
1732437732182304787,1.0
1732437732182304787,1.0
1732437732192578820,1.0
1732437732192578820,1.0
1732437732202896446,1.0
1732437732202896446,1.0
1732437732213466020,1.0
1732437732213466020,1.0
1732437732223732359,1.0
1732437732223732359,1.0
1732437732233965879,1.0
1732437732233965879,1.0
1732437732244226959,1.0
1732437732244226959,1.0
1732437732254761305,1.0
1732437732254761305,1.0
1732437732264978822,1.0
1732437732264978822,1.0
1732437732275490251,1.0
1732437732275490251,1.0
1732437732286077326,1.0
1732437732286077326,1.0
1732437732296282484,1.0
1732437732296282484,1.0
1732437732306414252,1.0
1732437732306414252,1.0
1732437732316643713,1.0
1732437732316643713,1.0
1732437732327480314,1.0
1732437732327480314,1.0
1732437732337630687,1.0
1732437732337630687,1.0
1732437732349467451,1.0
1732437732349467451,1.0
1732437732359543005,1.0
1732437732359543005,1.0
1732437732370066142,1.0
1732437732370066142,1.0
1732437732380566829,1.0
1732437732380566829,1.0
1732437732390621534,1.0
1732437732390621534,1.0
1732437732401126006,1.0
1732437732401126006,1.0
1732437732411484558,1.0
1732437732411484558,1.0
1732437732421853899,1.0
1732437732421853899,1.0
1732437732432373089,1.0
1732437732432373089,1.0
1732437732442614482,1.0
1732437732442614482,1.0
1732437732452920265,1.0
1732437732452920265,1.0
1732437732463082430,1.0
1732437732463082430,1.0
1732437732473350955,1.0
1732437732473350955,1.0
1732437732483709425,1.0
1732437732483709425,1.0
1732437732494310156,1.0
1732437732494310156,1.0
1732437732504827384,1.0
1732437732504827384,1.0
1732437732515111487,1.0
1732437732515111487,1.0
1732437732525209423,1.0
1732437732525209423,1.0
1732437732535378842,1.0
1732437732535378842,1.0
1732437732547164159,1.0
1732437732547164159,1.0
1732437732558855171,1.0
1732437732558855171,1.0
1732437732569430865,1.0
1732437732569430865,1.0
1732437732579920447,1.0
1732437732579920447,1.0
1732437732590338364,1.0
1732437732590338364,1.0
1732437732602297302,1.0
1732437732602297302,1.0
1732437732613877197,1.0
1732437732613877197,1.0
1732437732624110966,1.0
1732437732624110966,1.0
1732437732636179450,1.0
1732437732636179450,1.0
1732437732650611513,1.0
1732437732650611513,1.0
1732437732660908209,1.0
1732437732660908209,1.0
1732437732671012967,1.0
1732437732671012967,1.0
1732437732681599945,1.0
1732437732681599945,1.0
1732437732692157516,1.0
1732437732692157516,1.0
1732437732703308501,1.0
1732437732703308501,1.0
1732437732703308501,1.0
1732437732703308501,1.0
1732437732723908806,1.0
1732437732723908806,1.0
1732437732734659840,1.0
1732437732734659840,1.0
1732437732744848494,1.0
1732437732744848494,1.0
1732437732754932604,1.0
1732437732754932604,1.0
1732437732765452917,1.0
1732437732765452917,1.0
1732437732777371322,1.0
1732437732777371322,1.0
1732437732790522350,1.0
1732437732790522350,1.0
1732437732800852760,1.0
1732437732800852760,1.0
1732437732812169283,1.0
1732437732812169283,1.0
1732437732822500580,1.0
1732437732822500580,1.0
1732437732832988857,1.0
1732437732832988857,1.0
1732437732843095649,1.0
1732437732843095649,1.0
1732437732853320632,1.0
1732437732853320632,1.0
1732437732863866322,1.0
1732437732863866322,1.0
1732437732875501608,1.0
1732437732875501608,1.0
1732437732886161969,1.0
1732437732886161969,1.0
1732437732896558153,1.0
1732437732896558153,1.0
1732437732906965816,1.0
1732437732906965816,1.0
1732437732917058814,1.0
1732437732917058814,1.0
1732437732928196654,1.0
1732437732928196654,1.0
1732437732938344192,1.0
1732437732938344192,1.0
1732437732948389161,1.0
1732437732948389161,1.0
1732437732958528503,1.0
1732437732958528503,1.0
1732437732970531465,1.0
1732437732970531465,1.0
1732437732981215353,1.0
1732437732981215353,1.0
1732437732991345228,1.0
1732437732991345228,1.0
1732437733001588712,1.0
1732437733001588712,1.0
1732437733012763737,1.0
1732437733012763737,1.0
1732437733023461168,1.0
1732437733023461168,1.0
1732437733033727689,1.0
1732437733033727689,1.0
1732437733043843368,1.0
1732437733043843368,1.0
1732437733054349693,1.0
1732437733054349693,1.0
1732437733064868854,1.0
1732437733064868854,1.0
1732437733075401889,1.0
1732437733075401889,1.0
1732437733089740520,1.0
1732437733089740520,1.0
1732437733100145627,1.0
1732437733100145627,1.0
1732437733110465427,1.0
1732437733110465427,1.0
1732437733120892987,1.0
1732437733120892987,1.0
1732437733131407688,1.0
1732437733131407688,1.0
1732437733141574191,1.0
1732437733141574191,1.0
1732437733155072955,1.0
1732437733155072955,1.0
1732437733165440747,1.0
1732437733165440747,1.0
1732437733176042080,1.0
1732437733176042080,1.0
1732437733186312577,1.0
1732437733186312577,1.0
1732437733197589489,1.0
1732437733197589489,1.0
1732437733208118146,1.0
1732437733208118146,1.0
1732437733218716333,1.0
1732437733218716333,1.0
1732437733229045731,1.0
1732437733229045731,1.0
1732437733239653536,1.0
1732437733239653536,1.0
1732437733250403316,1.0
1732437733250403316,1.0
1732437733250403316,1.0
1732437733250403316,1.0
1732437733272937749,1.0
1732437733272937749,1.0
1732437733283353314,1.0
1732437733283353314,1.0
1732437733293889025,1.0
1732437733293889025,1.0
1732437733306357238,1.0
1732437733306357238,1.0
1732437733317073564,1.0
1732437733317073564,1.0
1732437733327317248,1.0
1732437733327317248,1.0
1732437733337406682,1.0
1732437733337406682,1.0
1732437733347555823,1.0
1732437733347555823,1.0
1732437733357772652,1.0
1732437733357772652,1.0
1732437733368637344,1.0
1732437733368637344,1.0
1732437733379680340,1.0
1732437733379680340,1.0
1732437733389836194,1.0
1732437733389836194,1.0
1732437733400224096,1.0
1732437733400224096,1.0
1732437733410665833,1.0
1732437733410665833,1.0
1732437733421336127,1.0
1732437733421336127,1.0
1732437733431983486,1.0
1732437733431983486,1.0
1732437733442246390,1.0
1732437733442246390,1.0
1732437733452898466,1.0
1732437733452898466,1.0
1732437733463248914,1.0
1732437733463248914,1.0
1732437733473708733,1.0
1732437733473708733,1.0
1732437733484114642,1.0
1732437733484114642,1.0
1732437733494487630,1.0
1732437733494487630,1.0
1732437733504783465,1.0
1732437733504783465,1.0
1732437733515428230,1.0
1732437733515428230,1.0
1732437733526035644,1.0
1732437733526035644,1.0
1732437733536355733,1.0
1732437733536355733,1.0
1732437733546599702,1.0
1732437733546599702,1.0
1732437733557042459,1.0
1732437733557042459,1.0
1732437733567531644,1.0
1732437733567531644,1.0
1732437733577699060,1.0
1732437733577699060,1.0
1732437733588195046,1.0
1732437733588195046,1.0
1732437733598706784,1.0
1732437733598706784,1.0
1732437733608893525,1.0
1732437733608893525,1.0
1732437733619229485,1.0
1732437733619229485,1.0
1732437733629801874,1.0
1732437733629801874,1.0
1732437733640135538,1.0
1732437733640135538,1.0
1732437733650508537,1.0
1732437733650508537,1.0
1732437733660720996,1.0
1732437733660720996,1.0
1732437733670897387,1.0
1732437733670897387,1.0
1732437733681327913,1.0
1732437733681327913,1.0
1732437733691456616,1.0
1732437733691456616,1.0
1732437733701772506,1.0
1732437733701772506,1.0
1732437733712304934,1.0
1732437733712304934,1.0
1732437733722670868,1.0
1732437733722670868,1.0
1732437733732939803,1.0
1732437733732939803,1.0
1732437733743307090,1.0
1732437733754044337,1.0
1732437733754044337,1.0
1732437733764319223,1.0
1732437733764319223,1.0
1732437733774569361,1.0
1732437733774569361,1.0
1732437733785042747,1.0
1732437733785042747,1.0
1732437733795731462,1.0
1732437733795731462,1.0
1732437733806190061,1.0
1732437733806190061,1.0
1732437733816827871,1.0
1732437733816827871,1.0
1732437733827491991,1.0
1732437733827491991,1.0
1732437733837816369,1.0
1732437733837816369,1.0
1732437733848765849,1.0
1732437733848765849,1.0
1732437733859151402,1.0
1732437733859151402,1.0
1732437733869621059,1.0
1732437733869621059,1.0
1732437733879756205,1.0
1732437733879756205,1.0
1732437733889970658,1.0
1732437733889970658,1.0
1732437733900569175,1.0
1732437733900569175,1.0
1732437733911461722,1.0
1732437733911461722,1.0
1732437733922071369,1.0
1732437733922071369,1.0
1732437733932656953,1.0
1732437733932656953,1.0
1732437733942907264,1.0
1732437733942907264,1.0
1732437733953122027,1.0
1732437733953122027,1.0
1732437733963618696,1.0
1732437733963618696,1.0
1732437733974431903,1.0
1732437733974431903,1.0
1732437733984612563,1.0
1732437733984612563,1.0
1732437733994935188,1.0
1732437733994935188,1.0
1732437734005141412,1.0
1732437734005141412,1.0
1732437734015779408,1.0
1732437734015779408,1.0
1732437734025971048,1.0
1732437734025971048,1.0
1732437734037665024,1.0
1732437734037665024,1.0
1732437734047856185,1.0
1732437734047856185,1.0
1732437734058103648,1.0
1732437734058103648,1.0
1732437734068384635,1.0
1732437734068384635,1.0
1732437734078701830,1.0
1732437734078701830,1.0
1732437734088894221,1.0
1732437734088894221,1.0
1732437734098983923,1.0
1732437734098983923,1.0
1732437734111408790,1.0
1732437734111408790,1.0
1732437734122052613,1.0
1732437734122052613,1.0
1732437734132632075,1.0
1732437734132632075,1.0
1732437734142771550,1.0
1732437734142771550,1.0
1732437734153158223,1.0
1732437734153158223,1.0
1732437734163539236,1.0
1732437734163539236,1.0
1732437734174128277,1.0
1732437734174128277,1.0
1732437734184478548,1.0
1732437734184478548,1.0
1732437734194798222,1.0
1732437734194798222,1.0
1732437734204908851,1.0
1732437734204908851,1.0
1732437734215242296,1.0
1732437734215242296,1.0
1732437734225859648,1.0
1732437734225859648,1.0
1732437734236389470,1.0
1732437734236389470,1.0
1732437734246924589,1.0
1732437734246924589,1.0
1732437734257488934,1.0
1732437734257488934,1.0
1732437734267722893,1.0
1732437734267722893,1.0
1732437734277862506,1.0
1732437734277862506,1.0
1732437734287964301,1.0
1732437734287964301,1.0
1732437734298217335,1.0
1732437734298217335,1.0
1732437734308720547,1.0
1732437734308720547,1.0
1732437734319392510,1.0
1732437734319392510,1.0
1732437734329670963,1.0
1732437734329670963,1.0
1732437734340102981,1.0
1732437734340102981,1.0
1732437734350538445,1.0
1732437734350538445,1.0
1732437734361148285,1.0
1732437734361148285,1.0
1732437734371705215,1.0
1732437734371705215,1.0
1732437734382477227,1.0
1732437734382477227,1.0
1732437734393025617,1.0
1732437734393025617,1.0
1732437734403034392,1.0
1732437734403034392,1.0
1732437734413285138,1.0
1732437734413285138,1.0
1732437734423772383,1.0
1732437734423772383,1.0
1732437734434046888,1.0
1732437734434046888,1.0
1732437734444455822,1.0
1732437734444455822,1.0
1732437734454899123,1.0
1732437734454899123,1.0
1732437734465202330,1.0
1732437734465202330,1.0
1732437734475829833,1.0
1732437734475829833,1.0
1732437734486517607,1.0
1732437734486517607,1.0
1732437734497199531,1.0
1732437734497199531,1.0
1732437734507488342,1.0
1732437734507488342,1.0
1732437734517628556,1.0
1732437734517628556,1.0
1732437734527925604,1.0
1732437734527925604,1.0
1732437734538782502,1.0
1732437734538782502,1.0
1732437734548986182,1.0
1732437734548986182,1.0
1732437734559243238,1.0
1732437734559243238,1.0
1732437734569483650,1.0
1732437734569483650,1.0
1732437734579811804,1.0
1732437734579811804,1.0
1732437734590377252,1.0
1732437734590377252,1.0
1732437734600743486,1.0
1732437734600743486,1.0
1732437734610976082,1.0
1732437734610976082,1.0
1732437734621304509,1.0
1732437734621304509,1.0
1732437734631579805,1.0
1732437734631579805,1.0
1732437734642233045,1.0
1732437734642233045,1.0
1732437734652529791,1.0
1732437734652529791,1.0
1732437734662811761,1.0
1732437734662811761,1.0
1732437734673045489,1.0
1732437734673045489,1.0
1732437734683876069,1.0
1732437734683876069,1.0
1732437734694415688,1.0
1732437734694415688,1.0
1732437734704579475,1.0
1732437734704579475,1.0
1732437734715191991,1.0
1732437734715191991,1.0
1732437734725890624,1.0
1732437734725890624,1.0
1732437734736491467,1.0
1732437734736491467,1.0
1732437734748327939,1.0
1732437734748327939,1.0
1732437734758857780,1.0
1732437734758857780,1.0
1732437734769673160,1.0
1732437734769673160,1.0
1732437734780171973,1.0
1732437734780171973,1.0
1732437734790447309,1.0
1732437734790447309,1.0
1732437734800911847,1.0
1732437734800911847,1.0
1732437734811068825,1.0
1732437734811068825,1.0
1732437734821471568,1.0
1732437734821471568,1.0
1732437734831830908,1.0
1732437734831830908,1.0
1732437734842613237,1.0
1732437734842613237,1.0
1732437734853074224,1.0
1732437734853074224,1.0
1732437734863441701,1.0
1732437734863441701,1.0
1732437734873776649,1.0
1732437734873776649,1.0
1732437734884229746,1.0
1732437734884229746,1.0
1732437734894404014,1.0
1732437734894404014,1.0
1732437734904599994,1.0
1732437734904599994,1.0
1732437734915183854,1.0
1732437734915183854,1.0
1732437734925601596,1.0
1732437734925601596,1.0
1732437734936088335,1.0
1732437734936088335,1.0
1732437734946455083,1.0
1732437734946455083,1.0
1732437734958460609,1.0
1732437734958460609,1.0
1732437734969308081,1.0
1732437734969308081,1.0
1732437734979660221,1.0
1732437734979660221,1.0
1732437734989985078,1.0
1732437734989985078,1.0
1732437735003856279,1.0
1732437735003856279,1.0
1732437735014370018,1.0
1732437735014370018,1.0
1732437735024616562,1.0
1732437735024616562,1.0
1732437735034749162,1.0
1732437735034749162,1.0
1732437735044866035,1.0
1732437735044866035,1.0
1732437735055449794,1.0
1732437735055449794,1.0
1732437735066252173,1.0
1732437735066252173,1.0
1732437735076921221,1.0
1732437735076921221,1.0
1732437735087257981,1.0
1732437735087257981,1.0
1732437735097513291,1.0
1732437735097513291,1.0
1732437735108134281,1.0
1732437735108134281,1.0
1732437735118414708,1.0
1732437735118414708,1.0
1732437735128637656,1.0
1732437735128637656,1.0
1732437735138863531,1.0
1732437735138863531,1.0
1732437735149078414,1.0
1732437735149078414,1.0
1732437735159385741,1.0
1732437735159385741,1.0
1732437735170039982,1.0
1732437735170039982,1.0
1732437735180280114,1.0
1732437735180280114,1.0
1732437735190927843,1.0
1732437735190927843,1.0
1732437735201257191,1.0
1732437735201257191,1.0
1732437735211763076,1.0
1732437735211763076,1.0
1732437735221989162,1.0
1732437735221989162,1.0
1732437735232144604,1.0
1732437735232144604,1.0
1732437735242825356,1.0
1732437735242825356,1.0
1732437735252963086,1.0
1732437735252963086,1.0
1732437735263788397,1.0
1732437735263788397,1.0
1732437735274154121,1.0
1732437735274154121,1.0
1732437735284532460,1.0
1732437735284532460,1.0
1732437735294832061,1.0
1732437735294832061,1.0
1732437735304983127,1.0
1732437735304983127,1.0
1732437735315554734,1.0
1732437735315554734,1.0
1732437735326185022,1.0
1732437735326185022,1.0
1732437735336516783,1.0
1732437735336516783,1.0
1732437735346772324,1.0
1732437735346772324,1.0
1732437735357285232,1.0
1732437735357285232,1.0
1732437735367725846,1.0
1732437735367725846,1.0
1732437735378073433,1.0
1732437735378073433,1.0
1732437735390949525,1.0
1732437735390949525,1.0
1732437735401529368,1.0
1732437735401529368,1.0
1732437735412226711,1.0
1732437735412226711,1.0
1732437735422512706,1.0
1732437735422512706,1.0
1732437735433071541,1.0
1732437735433071541,1.0
1732437735443154599,1.0
1732437735443154599,1.0
1732437735453843807,1.0
1732437735453843807,1.0
1732437735464101530,1.0
1732437735464101530,1.0
1732437735474295576,1.0
1732437735474295576,1.0
1732437735484632105,1.0
1732437735484632105,1.0
1732437735494806814,1.0
1732437735494806814,1.0
1732437735505315766,1.0
1732437735505315766,1.0
1732437735516277691,1.0
1732437735516277691,1.0
1732437735526947140,1.0
1732437735526947140,1.0
1732437735537063861,1.0
1732437735537063861,1.0
1732437735548709459,1.0
1732437735548709459,1.0
1732437735559026743,1.0
1732437735559026743,1.0
1732437735569682609,1.0
1732437735569682609,1.0
1732437735569682609,1.0
1732437735569682609,1.0
1732437735590354688,1.0
1732437735590354688,1.0
1732437735600639959,1.0
1732437735600639959,1.0
1732437735610954563,1.0
1732437735610954563,1.0
1732437735621157424,1.0
1732437735621157424,1.0
1732437735631447198,1.0
1732437735631447198,1.0
1732437735641701154,1.0
1732437735641701154,1.0
1732437735652149123,1.0
1732437735652149123,1.0
1732437735662549982,1.0
1732437735662549982,1.0
1732437735673283593,1.0
1732437735673283593,1.0
1732437735673283593,1.0
1732437735673283593,1.0
1732437735694621051,1.0
1732437735694621051,1.0
1732437735707008688,1.0
1732437735707008688,1.0
1732437735717060199,1.0
1732437735717060199,1.0
1732437735727332078,1.0
1732437735727332078,1.0
1732437735737997141,1.0
1732437735737997141,1.0
1732437735748144328,1.0
1732437735748144328,1.0
1732437735758441927,1.0
1732437735758441927,1.0
1732437735768627335,1.0
1732437735768627335,1.0
1732437735778786336,1.0
1732437735778786336,1.0
1732437735789063766,1.0
1732437735789063766,1.0
1732437735799315249,1.0
1732437735799315249,1.0
1732437735809566720,1.0
1732437735809566720,1.0
1732437735820216093,1.0
1732437735820216093,1.0
1732437735830307146,1.0
1732437735830307146,1.0
1732437735840930671,1.0
1732437735840930671,1.0
1732437735854749073,1.0
1732437735854749073,1.0
1732437735864983745,1.0
1732437735864983745,1.0
1732437735875157792,1.0
1732437735875157792,1.0
1732437735885798038,1.0
1732437735885798038,1.0
1732437735896410211,1.0
1732437735896410211,1.0
1732437735906959458,1.0
1732437735906959458,1.0
1732437735917231979,1.0
1732437735917231979,1.0
1732437735927513828,1.0
1732437735927513828,1.0
1732437735937531394,1.0
1732437735937531394,1.0
1732437735947651171,1.0
1732437735947651171,1.0
1732437735958056440,1.0
1732437735958056440,1.0
1732437735968332327,1.0
1732437735968332327,1.0
1732437735978879260,1.0
1732437735978879260,1.0
1732437735989199639,1.0
1732437735989199639,1.0
1732437735999814335,1.0
1732437735999814335,1.0
1732437736010565009,1.0
1732437736010565009,1.0
1732437736020906790,1.0
1732437736020906790,1.0
1732437736031004636,1.0
1732437736031004636,1.0
1732437736041902923,1.0
1732437736041902923,1.0
1732437736052052494,1.0
1732437736052052494,1.0
1732437736062738953,1.0
1732437736062738953,1.0
1732437736073408697,1.0
1732437736073408697,1.0
1732437736084038344,1.0
1732437736084038344,1.0
1732437736094381195,1.0
1732437736094381195,1.0
1732437736104672973,1.0
1732437736104672973,1.0
1732437736114945223,1.0
1732437736114945223,1.0
1732437736125435701,1.0
1732437736125435701,1.0
1732437736136047663,1.0
1732437736136047663,1.0
1732437736146615474,1.0
1732437736146615474,1.0
1732437736157311605,1.0
1732437736157311605,1.0
1732437736167510008,1.0
1732437736167510008,1.0
1732437736177849535,1.0
1732437736177849535,1.0
1732437736188406725,1.0
1732437736188406725,1.0
1732437736198995025,1.0
1732437736198995025,1.0
1732437736209602219,1.0
1732437736209602219,1.0
1732437736220220154,1.0
1732437736220220154,1.0
1732437736230847184,1.0
1732437736230847184,1.0
1732437736241575735,1.0
1732437736241575735,1.0
1732437736251916713,1.0
1732437736251916713,1.0
1732437736262356176,1.0
1732437736262356176,1.0
1732437736272593713,1.0
1732437736272593713,1.0
1732437736285338636,1.0
1732437736285338636,1.0
1732437736295699763,1.0
1732437736295699763,1.0
1732437736305926057,1.0
1732437736305926057,1.0
1732437736315975555,1.0
1732437736315975555,1.0
1732437736326470769,1.0
1732437736326470769,1.0
1732437736336707916,1.0
1732437736336707916,1.0
1732437736348608617,1.0
1732437736348608617,1.0
1732437736358946050,1.0
1732437736358946050,1.0
1732437736369344846,1.0
1732437736369344846,1.0
1732437736380156892,1.0
1732437736380156892,1.0
1732437736390417090,1.0
1732437736390417090,1.0
1732437736401040044,1.0
1732437736401040044,1.0
1732437736411208541,1.0
1732437736411208541,1.0
1732437736421877601,1.0
1732437736421877601,1.0
1732437736432388466,1.0
1732437736432388466,1.0
1732437736442963911,1.0
1732437736442963911,1.0
1732437736453205175,1.0
1732437736453205175,1.0
1732437736648263865,1.0
1732437736648263865,1.0
1732437736660091394,1.0
1732437736660091394,1.0
1732437736670485173,1.0
1732437736670485173,1.0
1732437736680636123,1.0
1732437736680636123,1.0
1732437736691457761,1.0
1732437736691457761,1.0
1732437736703590644,1.0
1732437736703590644,1.0
1732437736714526831,1.0
1732437736714526831,1.0
1732437736724737827,1.0
1732437736724737827,1.0
1732437736735166601,1.0
1732437736735166601,1.0
1732437736745703544,1.0
1732437736745703544,1.0
1732437736755836736,1.0
1732437736755836736,1.0
1732437736766257703,1.0
1732437736766257703,1.0
1732437736776469212,1.0
1732437736776469212,1.0
1732437736786706989,1.0
1732437736786706989,1.0
1732437736796935338,1.0
1732437736796935338,1.0
1732437736807219241,1.0
1732437736807219241,1.0
1732437736819488959,1.0
1732437736819488959,1.0
1732437736829754899,1.0
1732437736829754899,1.0
1732437736840344216,1.0
1732437736840344216,1.0
1732437736851165022,1.0
1732437736851165022,1.0
1732437736861391216,1.0
1732437736861391216,1.0
1732437736871855766,1.0
1732437736871855766,1.0
1732437736882467999,1.0
1732437736882467999,1.0
1732437736892626108,1.0
1732437736892626108,1.0
1732437736903260032,1.0
1732437736903260032,1.0
1732437736913711536,1.0
1732437736913711536,1.0
1732437736924120211,1.0
1732437736924120211,1.0
1732437736934285463,1.0
1732437736934285463,1.0
1732437736944856750,1.0
1732437736944856750,1.0
1732437736955664958,1.0
1732437736955664958,1.0
1732437736965848886,1.0
1732437736965848886,1.0
1732437736976203820,1.0
1732437736976203820,1.0
1732437736986386965,1.0
1732437736986386965,1.0
1732437736996889964,1.0
1732437736996889964,1.0
1732437737006993081,1.0
1732437737006993081,1.0
1732437737017008504,1.0
1732437737017008504,1.0
1732437737027298007,1.0
1732437737027298007,1.0
1732437737037660105,1.0
1732437737037660105,1.0
1732437737048475898,1.0
1732437737048475898,1.0
1732437737058610989,1.0
1732437737058610989,1.0
1732437737068758051,1.0
1732437737068758051,1.0
1732437737078875693,1.0
1732437737078875693,1.0
1732437737089191556,1.0
1732437737089191556,1.0
1732437737099567600,1.0
1732437737099567600,1.0
1732437737109857323,1.0
1732437737109857323,1.0
1732437737120513239,1.0
1732437737120513239,1.0
1732437737130912706,1.0
1732437737130912706,1.0
1732437737141957837,1.0
1732437737141957837,1.0
1732437737152514245,1.0
1732437737152514245,1.0
1732437737162806971,1.0
1732437737162806971,1.0
1732437737173456338,1.0
1732437737173456338,1.0
1732437737173456338,1.0
1732437737173456338,1.0
1732437737200124108,1.0
1732437737200124108,1.0
1732437737210310650,1.0
1732437737210310650,1.0
1732437737220637341,1.0
1732437737220637341,1.0
1732437737231222976,1.0
1732437737231222976,1.0
1732437737241553384,1.0
1732437737241553384,1.0
1732437737253054113,1.0
1732437737253054113,1.0
1732437737263379672,1.0
1732437737263379672,1.0
1732437737273937375,1.0
1732437737273937375,1.0
1732437737286342237,1.0
1732437737286342237,1.0
1732437737296824808,1.0
1732437737296824808,1.0
1732437737307248312,1.0
1732437737307248312,1.0
1732437737317534779,1.0
1732437737317534779,1.0
1732437737327685023,1.0
1732437737327685023,1.0
1732437737337783330,1.0
1732437737337783330,1.0
1732437737354625531,1.0
1732437737354625531,1.0
1732437737365819747,1.0
1732437737365819747,1.0
1732437737376266083,1.0
1732437737376266083,1.0
1732437737386855463,1.0
1732437737386855463,1.0
1732437737397278285,1.0
1732437737397278285,1.0
1732437737407471588,1.0
1732437737407471588,1.0
1732437737417681443,1.0
1732437737417681443,1.0
1732437737427795139,1.0
1732437737427795139,1.0
1732437737438111081,1.0
1732437737438111081,1.0
1732437737448507083,1.0
1732437737448507083,1.0
1732437737459178777,1.0
1732437737459178777,1.0
1732437737469424940,1.0
1732437737469424940,1.0
1732437737479840146,1.0
1732437737479840146,1.0
1732437737490105194,1.0
1732437737490105194,1.0
1732437737500448557,1.0
1732437737500448557,1.0
1732437737510635750,1.0
1732437737510635750,1.0
1732437737521036140,1.0
1732437737521036140,1.0
1732437737531452679,1.0
1732437737531452679,1.0
1732437737541722476,1.0
1732437737541722476,1.0
1732437737552344778,1.0
1732437737552344778,1.0
1732437737562419501,1.0
1732437737562419501,1.0
1732437737572618886,1.0
1732437737572618886,1.0
1732437737582922205,1.0
1732437737582922205,1.0
1732437737593339497,1.0
1732437737593339497,1.0
1732437737603599234,1.0
1732437737603599234,1.0
1732437737614089160,1.0
1732437737614089160,1.0
1732437737624208015,1.0
1732437737624208015,1.0
1732437737634462584,1.0
1732437737634462584,1.0
1732437737644877687,1.0
1732437737644877687,1.0
1732437737655349152,1.0
1732437737655349152,1.0
1732437737665764580,1.0
1732437737665764580,1.0
1732437737675984042,1.0
1732437737675984042,1.0
1732437737686956818,1.0
1732437737686956818,1.0
1732437737697652503,1.0
1732437737697652503,1.0
1732437737708228313,1.0
1732437737708228313,1.0
1732437737718707890,1.0
1732437737718707890,1.0
1732437737728877430,1.0
1732437737728877430,1.0
1732437737739357899,1.0
1732437737739357899,1.0
1732437737750160045,1.0
1732437737750160045,1.0
1732437737760371273,1.0
1732437737760371273,1.0
1732437737770669060,1.0
1732437737770669060,1.0
1732437737781067717,1.0
1732437737781067717,1.0
1732437737791473694,1.0
1732437737791473694,1.0
1732437737801792214,1.0
1732437737801792214,1.0
1732437737812692335,1.0
1732437737812692335,1.0
1732437737823023144,1.0
1732437737823023144,1.0
1732437737833912671,1.0
1732437737833912671,1.0
1732437737844028324,1.0
1732437737844028324,1.0
1732437737854500887,1.0
1732437737854500887,1.0
1732437737864813162,1.0
1732437737864813162,1.0
1732437737875115821,1.0
1732437737875115821,1.0
1732437737885831146,1.0
1732437737885831146,1.0
1732437737896717981,1.0
1732437737896717981,1.0
1732437737907006192,1.0
1732437737907006192,1.0
1732437737917111171,1.0
1732437737917111171,1.0
1732437737927384474,1.0
1732437737927384474,1.0
1732437737937764657,1.0
1732437737937764657,1.0
1732437737950524297,1.0
1732437737950524297,1.0
1732437737960842925,1.0
1732437737960842925,1.0
1732437737971226833,1.0
1732437737971226833,1.0
1732437737981725135,1.0
1732437737981725135,1.0
1732437737991960689,1.0
1732437737991960689,1.0
1732437738002188185,1.0
1732437738002188185,1.0
1732437738013273830,1.0
1732437738013273830,1.0
1732437738023777111,1.0
1732437738023777111,1.0
1732437738034259083,1.0
1732437738034259083,1.0
1732437738044512078,1.0
1732437738044512078,1.0
1732437738054669676,1.0
1732437738054669676,1.0
1732437738065220491,1.0
1732437738065220491,1.0
1732437738075641953,1.0
1732437738075641953,1.0
1732437738086001704,1.0
1732437738086001704,1.0
1732437738096508922,1.0
1732437738096508922,1.0
1732437738107030060,1.0
1732437738107030060,1.0
1732437738117223124,1.0
1732437738117223124,1.0
1732437738127867276,1.0
1732437738127867276,1.0
1732437738138534233,1.0
1732437738138534233,1.0
1732437738148950933,1.0
1732437738148950933,1.0
1732437738159581640,1.0
1732437738159581640,1.0
1732437738170091835,1.0
1732437738170091835,1.0
1732437738180277013,1.0
1732437738180277013,1.0
1732437738190535379,1.0
1732437738190535379,1.0
1732437738200883241,1.0
1732437738200883241,1.0
1732437738211012736,1.0
1732437738211012736,1.0
1732437738221580788,1.0
1732437738221580788,1.0
1732437738232005242,1.0
1732437738232005242,1.0
1732437738242582792,1.0
1732437738242582792,1.0
1732437738254341640,1.0
1732437738254341640,1.0
1732437738265077483,1.0
1732437738265077483,1.0
1732437738275680721,1.0
1732437738275680721,1.0
1732437738285874486,1.0
1732437738285874486,1.0
1732437738296062930,1.0
1732437738296062930,1.0
1732437738306309224,1.0
1732437738306309224,1.0
1732437738316714282,1.0
1732437738316714282,1.0
1732437738326842010,1.0
1732437738326842010,1.0
1732437738337178124,1.0
1732437738337178124,1.0
1732437738347474770,1.0
1732437738347474770,1.0
1732437738357685427,1.0
1732437738357685427,1.0
1732437738367788412,1.0
1732437738367788412,1.0
1732437738378443857,1.0
1732437738378443857,1.0
1732437738389080547,1.0
1732437738389080547,1.0
1732437738399282596,1.0
1732437738399282596,1.0
1732437738409590911,1.0
1732437738409590911,1.0
1732437738420509560,1.0
1732437738420509560,1.0
1732437738430655073,1.0
1732437738430655073,1.0
1732437738441263891,1.0
1732437738441263891,1.0
1732437738452148623,1.0
1732437738452148623,1.0
1732437738462495773,1.0
1732437738462495773,1.0
1732437738472629333,1.0
1732437738472629333,1.0
1732437738483221709,1.0
1732437738483221709,1.0
1732437738493516456,1.0
1732437738493516456,1.0
1732437738503859969,1.0
1732437738503859969,1.0
1732437738514168919,1.0
1732437738514168919,1.0
1732437738524326998,1.0
1732437738524326998,1.0
1732437738535309527,1.0
1732437738535309527,1.0
1732437738545899173,1.0
1732437738545899173,1.0
1732437738556394509,1.0
1732437738556394509,1.0
1732437738566483198,1.0
1732437738566483198,1.0
1732437738576960522,1.0
1732437738576960522,1.0
1732437738587011770,1.0
1732437738587011770,1.0
1732437738597286747,1.0
1732437738597286747,1.0
1732437738607605305,1.0
1732437738607605305,1.0
1732437738617830417,1.0
1732437738617830417,1.0
1732437738628333515,1.0
1732437738628333515,1.0
1732437738638614036,1.0
1732437738638614036,1.0
1732437738649493997,1.0
1732437738649493997,1.0
1732437738660140936,1.0
1732437738660140936,1.0
1732437738670694430,1.0
1732437738670694430,1.0
1732437738681061628,1.0
1732437738681061628,1.0
1732437738691223554,1.0
1732437738691223554,1.0
1732437738701807334,1.0
1732437738701807334,1.0
1732437738712367041,1.0
1732437738712367041,1.0
1732437738722979957,1.0
1732437738722979957,1.0
1732437738733088131,1.0
1732437738733088131,1.0
1732437738743348831,1.0
1732437738743348831,1.0
1732437738753735565,1.0
1732437738753735565,1.0
1732437738764093806,1.0
1732437738764093806,1.0
1732437738774123276,1.0
1732437738774123276,1.0
1732437738785056332,1.0
1732437738785056332,1.0
1732437738796761063,1.0
1732437738796761063,1.0
1732437738807030420,1.0
1732437738807030420,1.0
1732437738817911744,1.0
1732437738817911744,1.0
1732437738828044235,1.0
1732437738828044235,1.0
1732437738838600614,1.0
1732437738838600614,1.0
1732437738849232756,1.0
1732437738849232756,1.0
1732437738859794677,1.0
1732437738859794677,1.0
1732437738870487019,1.0
1732437738870487019,1.0
1732437738880913998,1.0
1732437738880913998,1.0
1732437738891451133,1.0
1732437738891451133,1.0
1732437738902978680,1.0
1732437738902978680,1.0
1732437738913566729,1.0
1732437738913566729,1.0
1732437738924389214,1.0
1732437738924389214,1.0
1732437738934541972,1.0
1732437738934541972,1.0
1732437738934541972,1.0
1732437738945082043,1.0
1732437738955612143,1.0
1732437738955612143,1.0
1732437738966333781,1.0
1732437738966333781,1.0
1732437738977327715,1.0
1732437738977327715,1.0
1732437738987349910,1.0
1732437738987349910,1.0
1732437738997562340,1.0
1732437738997562340,1.0
1732437739008966969,1.0
1732437739008966969,1.0
1732437739021798814,1.0
1732437739021798814,1.0
1732437739032778623,1.0
1732437739032778623,1.0
1732437739042827037,1.0
1732437739042827037,1.0
1732437739052904977,1.0
1732437739052904977,1.0
1732437739063390145,1.0
1732437739063390145,1.0
1732437739073698081,1.0
1732437739073698081,1.0
1732437739086896229,1.0
1732437739086896229,1.0
1732437739097070248,1.0
1732437739097070248,1.0
1732437739107567947,1.0
1732437739107567947,1.0
1732437739118556238,1.0
1732437739118556238,1.0
1732437739128729990,1.0
1732437739128729990,1.0
1732437739138992563,1.0
1732437739138992563,1.0
1732437739149726082,1.0
1732437739149726082,1.0
1732437739159943482,1.0
1732437739159943482,1.0
1732437739170629172,1.0
1732437739170629172,1.0
1732437739191314567,1.0
1732437739191314567,1.0
1732437739201975604,1.0
1732437739212987791,1.0
1732437739212987791,1.0
1732437739212987791,1.0
1732437739223366531,1.0
1732437739223366531,1.0
1732437739233804009,1.0
1732437739233804009,1.0
1732437739264961196,1.0
1732437739264961196,1.0
1732437739275238747,1.0
1732437739275238747,1.0
1732437739285844539,1.0
1732437739285844539,1.0
1732437739296380651,1.0
1732437739296380651,1.0
1732437739307012672,1.0
1732437739307012672,1.0
1732437739317432819,1.0
1732437739317432819,1.0
1732437739327628156,1.0
1732437739327628156,1.0
1732437739338482391,1.0
1732437739338482391,1.0
1732437739349091496,1.0
1732437739349091496,1.0
1732437739359427224,1.0
1732437739359427224,1.0
1732437739369709995,1.0
1732437739369709995,1.0
1732437739379911209,1.0
1732437739379911209,1.0
1732437739390364175,1.0
1732437739390364175,1.0
1732437739400797237,1.0
1732437739400797237,1.0
1732437739411257036,1.0
1732437739411257036,1.0
1732437739421611837,1.0
1732437739421611837,1.0
1732437739431967043,1.0
1732437739431967043,1.0
1732437739442168262,1.0
1732437739442168262,1.0
1732437739452874315,1.0
1732437739452874315,1.0
1732437739463396440,1.0
1732437739463396440,1.0
1732437739474041536,1.0
1732437739474041536,1.0
1732437739484123162,1.0
1732437739484123162,1.0
1732437739494739584,1.0
1732437739494739584,1.0
1732437739505205656,1.0
1732437739505205656,1.0
1732437739515597108,1.0
1732437739515597108,1.0
1732437739526423561,1.0
1732437739526423561,1.0
1732437739537039623,1.0
1732437739537039623,1.0
1732437739547428339,1.0
1732437739547428339,1.0
1732437739557518281,1.0
1732437739557518281,1.0
1732437739568259707,1.0
1732437739568259707,1.0
1732437739578850339,1.0
1732437739578850339,1.0
1732437739589265397,1.0
1732437739589265397,1.0
1732437739599755905,1.0
1732437739599755905,1.0
1732437739610352880,1.0
1732437739610352880,1.0
1732437739620671688,1.0
1732437739620671688,1.0
1732437739630813487,1.0
1732437739630813487,1.0
1732437739641254080,1.0
1732437739641254080,1.0
1732437739658469107,1.0
1732437739658469107,1.0
1732437739668557491,1.0
1732437739668557491,1.0
1732437739678733337,1.0
1732437739678733337,1.0
1732437739689263668,1.0
1732437739689263668,1.0
1732437739699661613,1.0
1732437739699661613,1.0
1732437739709989608,1.0
1732437739709989608,1.0
1732437739720071725,1.0
1732437739720071725,1.0
1732437739730217370,1.0
1732437739730217370,1.0
1732437739740822883,1.0
1732437739740822883,1.0
1732437739751068984,1.0
1732437739751068984,1.0
1732437739761726403,1.0
1732437739761726403,1.0
1732437739772050858,1.0
1732437739772050858,1.0
1732437739783324245,1.0
1732437739783324245,1.0
1732437739794049507,1.0
1732437739794049507,1.0
1732437739804523077,1.0
1732437739804523077,1.0
1732437739815232390,1.0
1732437739815232390,1.0
1732437739826071086,1.0
1732437739826071086,1.0
1732437739836553629,1.0
1732437739836553629,1.0
1732437739846915126,1.0
1732437739846915126,1.0
1732437739857292282,1.0
1732437739857292282,1.0
1732437739867570552,1.0
1732437739867570552,1.0
1732437739877575949,1.0
1732437739877575949,1.0
1732437739887913222,1.0
1732437739887913222,1.0
1732437739898175775,1.0
1732437739898175775,1.0
1732437739908402461,1.0
1732437739908402461,1.0
1732437739918512530,1.0
1732437739918512530,1.0
1732437739928749496,1.0
1732437739928749496,1.0
1732437739939252275,1.0
1732437739939252275,1.0
1732437739949696998,1.0
1732437739949696998,1.0
1732437739960134979,1.0
1732437739960134979,1.0
1732437739970529105,1.0
1732437739970529105,1.0
1732437739980882158,1.0
1732437739980882158,1.0
1732437739991354361,1.0
1732437739991354361,1.0
1732437740001619438,1.0
1732437740001619438,1.0
1732437740011979884,1.0
1732437740011979884,1.0
1732437740022295717,1.0
1732437740022295717,1.0
1732437740032724718,1.0
1732437740032724718,1.0
1732437740043299163,1.0
1732437740043299163,1.0
1732437740053375459,1.0
1732437740053375459,1.0
1732437740063638813,1.0
1732437740063638813,1.0
1732437740074651984,1.0
1732437740074651984,1.0
1732437740085015826,1.0
1732437740085015826,1.0
1732437740095493609,1.0
1732437740095493609,1.0
1732437740105889080,1.0
1732437740105889080,1.0
1732437740116275804,1.0
1732437740116275804,1.0
1732437740126760110,1.0
1732437740126760110,1.0
1732437740137994102,1.0
1732437740137994102,1.0
1732437740148245811,1.0
1732437740148245811,1.0
1732437740158384969,1.0
1732437740158384969,1.0
1732437740168786540,1.0
1732437740168786540,1.0
1732437740179117791,1.0
1732437740179117791,1.0
1732437740189650328,1.0
1732437740189650328,1.0
1732437740199919693,1.0
1732437740199919693,1.0
1732437740210107316,1.0
1732437740210107316,1.0
1732437740220303867,1.0
1732437740220303867,1.0
1732437740230344716,1.0
1732437740230344716,1.0
1732437740240941051,1.0
1732437740240941051,1.0
1732437740251269238,1.0
1732437740251269238,1.0
1732437740261462933,1.0
1732437740261462933,1.0
1732437740271830761,1.0
1732437740271830761,1.0
1732437740282456250,1.0
1732437740282456250,1.0
1732437740292729985,1.0
1732437740292729985,1.0
1732437740304005503,1.0
1732437740304005503,1.0
1732437740314359896,1.0
1732437740314359896,1.0
1732437740325070845,1.0
1732437740325070845,1.0
1732437740335425349,1.0
1732437740335425349,1.0
1732437740345787818,1.0
1732437740345787818,1.0
1732437740355939294,1.0
1732437740355939294,1.0
1732437740366597294,1.0
1732437740366597294,1.0
1732437740377030125,1.0
1732437740377030125,1.0
1732437740387470177,1.0
1732437740387470177,1.0
1732437740398051104,1.0
1732437740398051104,1.0
1732437740408408814,1.0
1732437740408408814,1.0
1732437740418883281,1.0
1732437740418883281,1.0
1732437740429200646,1.0
1732437740429200646,1.0
1732437740439634669,1.0
1732437740439634669,1.0
1732437740449966901,1.0
1732437740449966901,1.0
1732437740460175734,1.0
1732437740460175734,1.0
1732437740470587796,1.0
1732437740470587796,1.0
1732437740481149486,1.0
1732437740481149486,1.0
1732437740496474452,1.0
1732437740496474452,1.0
1732437740507523749,1.0
1732437740507523749,1.0
1732437740518000552,1.0
1732437740518000552,1.0
1732437740528633094,1.0
1732437740528633094,1.0
1732437740538935630,1.0
1732437740538935630,1.0
1732437740549440906,1.0
1732437740549440906,1.0
1732437740559983911,1.0
1732437740559983911,1.0
1732437740570448431,1.0
1732437740570448431,1.0
1732437740580576843,1.0
1732437740580576843,1.0
1732437740590699994,1.0
1732437740590699994,1.0
1732437740601313915,1.0
1732437740601313915,1.0
1732437740611435806,1.0
1732437740611435806,1.0
1732437740621960497,1.0
1732437740621960497,1.0
1732437740632282558,1.0
1732437740632282558,1.0
1732437740642534424,1.0
1732437740642534424,1.0
1732437740654772301,1.0
1732437740654772301,1.0
1732437740665140394,1.0
1732437740665140394,1.0
1732437740665140394,1.0
1732437740665140394,1.0
1732437740685927554,1.0
1732437740685927554,1.0
1732437740696100825,1.0
1732437740696100825,1.0
1732437740707039687,1.0
1732437740707039687,1.0
1732437740717080187,1.0
1732437740717080187,1.0
1732437740727327338,1.0
1732437740727327338,1.0
1732437740737437701,1.0
1732437740737437701,1.0
1732437740747945330,1.0
1732437740747945330,1.0
1732437740758055520,1.0
1732437740758055520,1.0
1732437740768648198,1.0
1732437740768648198,1.0
1732437740778993185,1.0
1732437740778993185,1.0
1732437740789227484,1.0
1732437740789227484,1.0
1732437740799749842,1.0
1732437740799749842,1.0
1732437740809799931,1.0
1732437740809799931,1.0
1732437740820239444,1.0
1732437740820239444,1.0
1732437740830303477,1.0
1732437740830303477,1.0
1732437740840687447,1.0
1732437740840687447,1.0
1732437740850876374,1.0
1732437740850876374,1.0
1732437740861269959,1.0
1732437740861269959,1.0
1732437740871735291,1.0
1732437740871735291,1.0
1732437740882403369,1.0
1732437740882403369,1.0
1732437740892775246,1.0
1732437740892775246,1.0
1732437740903099583,1.0
1732437740903099583,1.0
1732437740913302917,1.0
1732437740913302917,1.0
1732437740923602748,1.0
1732437740923602748,1.0
1732437740934066175,1.0
1732437740934066175,1.0
1732437740944425309,1.0
1732437740944425309,1.0
1732437740956327033,1.0
1732437740956327033,1.0
1732437740968667875,1.0
1732437740968667875,1.0
1732437740978845129,1.0
1732437740978845129,1.0
1732437740989458966,1.0
1732437740989458966,1.0
1732437740999921142,1.0
1732437740999921142,1.0
1732437741010200354,1.0
1732437741010200354,1.0
1732437741020320734,1.0
1732437741020320734,1.0
1732437741030787227,1.0
1732437741030787227,1.0
1732437741041297692,1.0
1732437741041297692,1.0
1732437741051802465,1.0
1732437741051802465,1.0
1732437741062239483,1.0
1732437741062239483,1.0
1732437741072849704,1.0
1732437741072849704,1.0
1732437741084888734,1.0
1732437741084888734,1.0
1732437741095273765,1.0
1732437741095273765,1.0
1732437741105603173,1.0
1732437741105603173,1.0
1732437741116126913,1.0
1732437741116126913,1.0
1732437741126450629,1.0
1732437741126450629,1.0
1732437741137331363,1.0
1732437741137331363,1.0
1732437741147343881,1.0
1732437741147343881,1.0
1732437741157448761,1.0
1732437741157448761,1.0
1732437741167889392,1.0
1732437741167889392,1.0
1732437741178307148,1.0
1732437741178307148,1.0
1732437741188754135,1.0
1732437741188754135,1.0
1732437741199413647,1.0
1732437741199413647,1.0
1732437741209840466,1.0
1732437741209840466,1.0
1732437741220613529,1.0
1732437741220613529,1.0
1732437741230692832,1.0
1732437741230692832,1.0
1732437741241188038,1.0
1732437741241188038,1.0
1732437741254659074,1.0
1732437741254659074,1.0
1732437741265137489,1.0
1732437741265137489,1.0
1732437741276133817,1.0
1732437741276133817,1.0
1732437741286509091,1.0
1732437741286509091,1.0
1732437741297154497,1.0
1732437741297154497,1.0
1732437741307823646,1.0
1732437741307823646,1.0
1732437741318256227,1.0
1732437741318256227,1.0
1732437741328623505,1.0
1732437741328623505,1.0
1732437741338864989,1.0
1732437741338864989,1.0
1732437741352467740,1.0
1732437741352467740,1.0
1732437741363208649,1.0
1732437741363208649,1.0
1732437741373619592,1.0
1732437741373619592,1.0
1732437741384655195,1.0
1732437741384655195,1.0
1732437741395163717,1.0
1732437741395163717,1.0
1732437741405809463,1.0
1732437741405809463,1.0
1732437741416444038,1.0
1732437741416444038,1.0
1732437741427121264,1.0
1732437741427121264,1.0
1732437741437588348,1.0
1732437741437588348,1.0
1732437741449959166,1.0
1732437741449959166,1.0
1732437741460191542,1.0
1732437741460191542,1.0
1732437741470353678,1.0
1732437741470353678,1.0
1732437741480647740,1.0
1732437741480647740,1.0
1732437741491683042,1.0
1732437741491683042,1.0
1732437741502856351,1.0
1732437741502856351,1.0
1732437741513139401,1.0
1732437741513139401,1.0
1732437741523607899,1.0
1732437741523607899,1.0
1732437741533896360,1.0
1732437741533896360,1.0
1732437741544097118,1.0
1732437741544097118,1.0
1732437741554546465,1.0
1732437741554546465,1.0
1732437741565884243,1.0
1732437741565884243,1.0
1732437741577852612,1.0
1732437741577852612,1.0
1732437741588310269,1.0
1732437741588310269,1.0
1732437741598442819,1.0
1732437741598442819,1.0
1732437741608807923,1.0
1732437741608807923,1.0
1732437741619008732,1.0
1732437741619008732,1.0
1732437741629480074,1.0
1732437741629480074,1.0
1732437741639641569,1.0
1732437741639641569,1.0
1732437741650253342,1.0
1732437741650253342,1.0
1732437741660555540,1.0
1732437741660555540,1.0
1732437741670833962,1.0
1732437741670833962,1.0
1732437741681112646,1.0
1732437741681112646,1.0
1732437741691349781,1.0
1732437741691349781,1.0
1732437741701816565,1.0
1732437741701816565,1.0
1732437741712398373,1.0
1732437741712398373,1.0
1732437741722640176,1.0
1732437741722640176,1.0
1732437741733014174,1.0
1732437741733014174,1.0
1732437741743295666,1.0
1732437741753676610,1.0
1732437741753676610,1.0
1732437741753676610,1.0
1732437741764102767,1.0
1732437741764102767,1.0
1732437741774664938,1.0
1732437741774664938,1.0
1732437741784968955,1.0
1732437741784968955,1.0
1732437741795317171,1.0
1732437741795317171,1.0
1732437741805529050,1.0
1732437741805529050,1.0
1732437741815871673,1.0
1732437741815871673,1.0
1732437741826294233,1.0
1732437741826294233,1.0
1732437741837061516,1.0
1732437741837061516,1.0
1732437741847405461,1.0
1732437741847405461,1.0
1732437741857880329,1.0
1732437741857880329,1.0
1732437741868180659,1.0
1732437741868180659,1.0
1732437741878810730,1.0
1732437741878810730,1.0
1732437741889377039,1.0
1732437741889377039,1.0
1732437741899795302,1.0
1732437741899795302,1.0
1732437741909951788,1.0
1732437741909951788,1.0
1732437741920473904,1.0
1732437741920473904,1.0
1732437741930907195,1.0
1732437741930907195,1.0
1732437741941239027,1.0
1732437741941239027,1.0
1732437741951968841,1.0
1732437741951968841,1.0
1732437741962290480,1.0
1732437741962290480,1.0
1732437741973013931,1.0
1732437741973013931,1.0
1732437741983405594,1.0
1732437741983405594,1.0
1732437741993916604,1.0
1732437741993916604,1.0
1732437742005576519,1.0
1732437742005576519,1.0
1732437742015691186,1.0
1732437742015691186,1.0
1732437742026085654,1.0
1732437742026085654,1.0
1732437742036387141,1.0
1732437742036387141,1.0
1732437742046550550,1.0
1732437742046550550,1.0
1732437742056943466,1.0
1732437742056943466,1.0
1732437742067346340,1.0
1732437742067346340,1.0
1732437742077503146,1.0
1732437742077503146,1.0
1732437742088033679,1.0
1732437742088033679,1.0
1732437742098243324,1.0
1732437742098243324,1.0
1732437742108472905,1.0
1732437742108472905,1.0
1732437742118892000,1.0
1732437742118892000,1.0
1732437742129303551,1.0
1732437742129303551,1.0
1732437742139597984,1.0
1732437742139597984,1.0
1732437742152196636,1.0
1732437742152196636,1.0
1732437742162676662,1.0
1732437742162676662,1.0
1732437742173142775,1.0
1732437742173142775,1.0
1732437742185112396,1.0
1732437742185112396,1.0
1732437742195720823,1.0
1732437742195720823,1.0
1732437742205991953,1.0
1732437742205991953,1.0
1732437742216534047,1.0
1732437742216534047,1.0
1732437742226873453,1.0
1732437742226873453,1.0
1732437742238110740,1.0
1732437742238110740,1.0
1732437742248530787,1.0
1732437742248530787,1.0
1732437742268871200,1.0
1732437742268871200,1.0
1732437742268871200,1.0
1732437742268871200,1.0
1732437742279480518,1.0
1732437742279480518,1.0
1732437742289760173,1.0
1732437742289760173,1.0
1732437742300469368,1.0
1732437742300469368,1.0
1732437742310930722,1.0
1732437742310930722,1.0
1732437742321458028,1.0
1732437742321458028,1.0
1732437742332097815,1.0
1732437742332097815,1.0
1732437742342543168,1.0
1732437742342543168,1.0
1732437742352805371,1.0
1732437742352805371,1.0
1732437742363290660,1.0
1732437742363290660,1.0
1732437742373644953,1.0
1732437742373644953,1.0
1732437742384231520,1.0
1732437742384231520,1.0
1732437742394861613,1.0
1732437742394861613,1.0
1732437742404972288,1.0
1732437742404972288,1.0
1732437742415071687,1.0
1732437742415071687,1.0
1732437742425235808,1.0
1732437742425235808,1.0
1732437742435531092,1.0
1732437742435531092,1.0
1732437742446034162,1.0
1732437742446034162,1.0
1732437742456763053,1.0
1732437742456763053,1.0
1732437742473844380,1.0
1732437742473844380,1.0
1732437742484008029,1.0
1732437742484008029,1.0
1732437742494326176,1.0
1732437742494326176,1.0
1732437742504650360,1.0
1732437742504650360,1.0
1732437742514938745,1.0
1732437742514938745,1.0
1732437742525310612,1.0
1732437742525310612,1.0
1732437742535645430,1.0
1732437742535645430,1.0
1732437742546010862,1.0
1732437742546010862,1.0
1732437742556616427,1.0
1732437742556616427,1.0
1732437742566923593,1.0
1732437742566923593,1.0
1732437742577279971,1.0
1732437742577279971,1.0
1732437742587554087,1.0
1732437742587554087,1.0
1732437742598001223,1.0
1732437742598001223,1.0
1732437742612018887,1.0
1732437742612018887,1.0
1732437742622539040,1.0
1732437742622539040,1.0
1732437742632813865,1.0
1732437742632813865,1.0
1732437742643365216,1.0
1732437742643365216,1.0
1732437742654390640,1.0
1732437742654390640,1.0
1732437742664960235,1.0
1732437742664960235,1.0
1732437742675522417,1.0
1732437742675522417,1.0
1732437742685852875,1.0
1732437742685852875,1.0
1732437742696659848,1.0
1732437742696659848,1.0
1732437742707260405,1.0
1732437742707260405,1.0
1732437742717728871,1.0
1732437742717728871,1.0
1732437742728201471,1.0
1732437742728201471,1.0
1732437742738593008,1.0
1732437742738593008,1.0
1732437742748728355,1.0
1732437742748728355,1.0
1732437742759196131,1.0
1732437742759196131,1.0
1732437742769704382,1.0
1732437742769704382,1.0
1732437742780200519,1.0
1732437742780200519,1.0
1732437742790704001,1.0
1732437742790704001,1.0
1732437742800984237,1.0
1732437742800984237,1.0
1732437742811589208,1.0
1732437742811589208,1.0
1732437742822128427,1.0
1732437742822128427,1.0
1732437742832407701,1.0
1732437742832407701,1.0
1732437742842424216,1.0
1732437742842424216,1.0
1732437742852961320,1.0
1732437742852961320,1.0
1732437742863260432,1.0
1732437742863260432,1.0
1732437742873766688,1.0
1732437742873766688,1.0
1732437742884255613,1.0
1732437742884255613,1.0
1732437742894852728,1.0
1732437742894852728,1.0
1732437742905210826,1.0
1732437742905210826,1.0
1732437742915625637,1.0
1732437742915625637,1.0
1732437742926116862,1.0
1732437742926116862,1.0
1732437742936593558,1.0
1732437742936593558,1.0
1732437742946907422,1.0
1732437742946907422,1.0
1732437742957240070,1.0
1732437742957240070,1.0
1732437742967620663,1.0
1732437742967620663,1.0
1732437742978088900,1.0
1732437742978088900,1.0
1732437742988430961,1.0
1732437742988430961,1.0
1732437742998840688,1.0
1732437742998840688,1.0
1732437743009357104,1.0
1732437743009357104,1.0
1732437743019866176,1.0
1732437743019866176,1.0
1732437743030389515,1.0
1732437743030389515,1.0
1732437743041023841,1.0
1732437743041023841,1.0
1732437743051607157,1.0
1732437743051607157,1.0
1732437743062011548,1.0
1732437743062011548,1.0
1732437743072733196,1.0
1732437743072733196,1.0
1732437743083419108,1.0
1732437743083419108,1.0
1732437743093924633,1.0
1732437743093924633,1.0
1732437743104121013,1.0
1732437743104121013,1.0
1732437743114239408,1.0
1732437743114239408,1.0
1732437743124563025,1.0
1732437743124563025,1.0
1732437743134985316,1.0
1732437743134985316,1.0
1732437743145455005,1.0
1732437743145455005,1.0
1732437743155819297,1.0
1732437743155819297,1.0
1732437743166013623,1.0
1732437743166013623,1.0
1732437743176282669,1.0
1732437743176282669,1.0
1732437743186344961,1.0
1732437743186344961,1.0
1732437743196660262,1.0
1732437743196660262,1.0
1732437743206931252,1.0
1732437743206931252,1.0
1732437743217323567,1.0
1732437743217323567,1.0
1732437743227706053,1.0
1732437743227706053,1.0
1732437743237940343,1.0
1732437743237940343,1.0
1732437743249408941,1.0
1732437743249408941,1.0
1732437743259786029,1.0
1732437743259786029,1.0
1732437743270362356,1.0
1732437743270362356,1.0
1732437743280681785,1.0
1732437743280681785,1.0
1732437743291255688,1.0
1732437743291255688,1.0
1732437743301524463,1.0
1732437743301524463,1.0
1732437743312040919,1.0
1732437743312040919,1.0
1732437743322334280,1.0
1732437743322334280,1.0
1732437743332922781,1.0
1732437743332922781,1.0
1732437743343581161,1.0
1732437743343581161,1.0
1732437743353672887,1.0
1732437743353672887,1.0
1732437743363987306,1.0
1732437743363987306,1.0
1732437743374209414,1.0
1732437743374209414,1.0
1732437743384402558,1.0
1732437743384402558,1.0
1732437743394885041,1.0
1732437743394885041,1.0
1732437743405353267,1.0
1732437743405353267,1.0
1732437743415635206,1.0
1732437743415635206,1.0
1732437743426130743,1.0
1732437743426130743,1.0
1732437743436492011,1.0
1732437743436492011,1.0
1732437743446880375,1.0
1732437743446880375,1.0
1732437743457108959,1.0
1732437743457108959,1.0
1732437743467432426,1.0
1732437743467432426,1.0
1732437743477670383,1.0
1732437743477670383,1.0
1732437743489949550,1.0
1732437743489949550,1.0
1732437743500213216,1.0
1732437743500213216,1.0
1732437743510546401,1.0
1732437743510546401,1.0
1732437743521216302,1.0
1732437743521216302,1.0
1732437743531319549,1.0
1732437743531319549,1.0
1732437743541764683,1.0
1732437743541764683,1.0
1732437743552226296,1.0
1732437743552226296,1.0
1732437743562344611,1.0
1732437743562344611,1.0
1732437743572670743,1.0
1732437743572670743,1.0
1732437743572670743,1.0
1732437743572670743,1.0
1732437743593525253,1.0
1732437743593525253,1.0
1732437743604189645,1.0
1732437743604189645,1.0
1732437743614525233,1.0
1732437743614525233,1.0
1732437743625111409,1.0
1732437743625111409,1.0
1732437743635229373,1.0
1732437743635229373,1.0
1732437743645391610,1.0
1732437743645391610,1.0
1732437743658976577,1.0
1732437743658976577,1.0
1732437743670414318,1.0
1732437743670414318,1.0
1732437743681031162,1.0
1732437743681031162,1.0
1732437743691547738,1.0
1732437743691547738,1.0
1732437743704552276,1.0
1732437743704552276,1.0
1732437743715087106,1.0
1732437743715087106,1.0
1732437743725710020,1.0
1732437743725710020,1.0
1732437743735894377,1.0
1732437743735894377,1.0
1732437743746601278,1.0
1732437743746601278,1.0
1732437743757120850,1.0
1732437743757120850,1.0
1732437743767846783,1.0
1732437743767846783,1.0
1732437743778174381,1.0
1732437743778174381,1.0
1732437743788451121,1.0
1732437743788451121,1.0
1732437743798838586,1.0
1732437743798838586,1.0
1732437743809386430,1.0
1732437743809386430,1.0
1732437743819968388,1.0
1732437743819968388,1.0
1732437743830654259,1.0
1732437743830654259,1.0
1732437743841160624,1.0
1732437743841160624,1.0
1732437743853375706,1.0
1732437743853375706,1.0
1732437743863664954,1.0
1732437743863664954,1.0
1732437743874041082,1.0
1732437743874041082,1.0
1732437743884660731,1.0
1732437743884660731,1.0
1732437743895114260,1.0
1732437743895114260,1.0
1732437743905336879,1.0
1732437743905336879,1.0
1732437743916020583,1.0
1732437743916020583,1.0
1732437743916020583,1.0
1732437743916020583,1.0
1732437743936828560,1.0
1732437743936828560,1.0
1732437743947052000,1.0
1732437743947052000,1.0
1732437743957358145,1.0
1732437743957358145,1.0
1732437743967504642,1.0
1732437743967504642,1.0
1732437743977507162,1.0
1732437743977507162,1.0
1732437743988078369,1.0
1732437743988078369,1.0
1732437743998415721,1.0
1732437743998415721,1.0
1732437744008605730,1.0
1732437744008605730,1.0
1732437744021356886,1.0
1732437744021356886,1.0
1732437744031480811,1.0
1732437744031480811,1.0
1732437744042370312,1.0
1732437744042370312,1.0
1732437744052584886,1.0
1732437744052584886,1.0
1732437744062861806,1.0
1732437744062861806,1.0
1732437744073204259,1.0
1732437744073204259,1.0
1732437744083655283,1.0
1732437744083655283,1.0
1732437744093815244,1.0
1732437744093815244,1.0
1732437744107181546,1.0
1732437744107181546,1.0
1732437744117275215,1.0
1732437744117275215,1.0
1732437744127890041,1.0
1732437744127890041,1.0
1732437744138213662,1.0
1732437744138213662,1.0
1732437744148896688,1.0
1732437744148896688,1.0
1732437744159426530,1.0
1732437744159426530,1.0
1732437744169859290,1.0
1732437744169859290,1.0
1732437744180327676,1.0
1732437744180327676,1.0
1732437744190403341,1.0
1732437744190403341,1.0
1732437744200600773,1.0
1732437744200600773,1.0
1732437744211088586,1.0
1732437744211088586,1.0
1732437744221940237,1.0
1732437744221940237,1.0
1732437744232543845,1.0
1732437744232543845,1.0
1732437744242817290,1.0
1732437744242817290,1.0
1732437744255416032,1.0
1732437744255416032,1.0
1732437744265942827,1.0
1732437744265942827,1.0
1732437744276518873,1.0
1732437744276518873,1.0
1732437744286824406,1.0
1732437744286824406,1.0
1732437744297004416,1.0
1732437744297004416,1.0
1732437744307290423,1.0
1732437744307290423,1.0
1732437744317319513,1.0
1732437744317319513,1.0
1732437744327563110,1.0
1732437744327563110,1.0
1732437744337739785,1.0
1732437744337739785,1.0
1732437744348417481,1.0
1732437744348417481,1.0
1732437744358663865,1.0
1732437744358663865,1.0
1732437744369448590,1.0
1732437744369448590,1.0
1732437744379786152,1.0
1732437744379786152,1.0
1732437744390196010,1.0
1732437744390196010,1.0
1732437744400539614,1.0
1732437744400539614,1.0
1732437744411676285,1.0
1732437744411676285,1.0
1732437744422108444,1.0
1732437744422108444,1.0
1732437744432843808,1.0
1732437744432843808,1.0
1732437744442949330,1.0
1732437744442949330,1.0
1732437744453136242,1.0
1732437744453136242,1.0
1732437744464055658,1.0
1732437744464055658,1.0
1732437744474489586,1.0
1732437744474489586,1.0
1732437744484772792,1.0
1732437744484772792,1.0
1732437744495018844,1.0
1732437744495018844,1.0
1732437744505176183,1.0
1732437744505176183,1.0
1732437744515394524,1.0
1732437744515394524,1.0
1732437744525592868,1.0
1732437744525592868,1.0
1732437744536114293,1.0
1732437744536114293,1.0
1732437744546458960,1.0
1732437744546458960,1.0
1732437744557030248,1.0
1732437744557030248,1.0
1732437744567878741,1.0
1732437744567878741,1.0
1732437744578183714,1.0
1732437744578183714,1.0
1732437744588434847,1.0
1732437744588434847,1.0
1732437744588434847,1.0
1732437744588434847,1.0
1732437744609062164,1.0
1732437744609062164,1.0
1732437744619371264,1.0
1732437744619371264,1.0
1732437744629719938,1.0
1732437744629719938,1.0
1732437744640095641,1.0
1732437744640095641,1.0
1732437744650309925,1.0
1732437744650309925,1.0
1732437744665187810,1.0
1732437744665187810,1.0
1732437744675563634,1.0
1732437744675563634,1.0
1732437744689468959,1.0
1732437744689468959,1.0
1732437744700077887,1.0
1732437744700077887,1.0
1732437744710331804,1.0
1732437744710331804,1.0
1732437744720726253,1.0
1732437744720726253,1.0
1732437744731231347,1.0
1732437744731231347,1.0
1732437744741486959,1.0
1732437744741486959,1.0
1732437744751898951,1.0
1732437744751898951,1.0
1732437744762280105,1.0
1732437744762280105,1.0
1732437744772841414,1.0
1732437744772841414,1.0
1732437744783496709,1.0
1732437744783496709,1.0
1732437744793805759,1.0
1732437744793805759,1.0
1732437744804158299,1.0
1732437744804158299,1.0
1732437744814706363,1.0
1732437744814706363,1.0
1732437744824934043,1.0
1732437744824934043,1.0
1732437744835271766,1.0
1732437744835271766,1.0
1732437744845425698,1.0
1732437744845425698,1.0
1732437744855774401,1.0
1732437744855774401,1.0
1732437744866417754,1.0
1732437744866417754,1.0
1732437744877156423,1.0
1732437744877156423,1.0
1732437744887519703,1.0
1732437744887519703,1.0
1732437744897642456,1.0
1732437744897642456,1.0
1732437744907902836,1.0
1732437744907902836,1.0
1732437744917992087,1.0
1732437744917992087,1.0
1732437744928219435,1.0
1732437744928219435,1.0
1732437744938586724,1.0
1732437744938586724,1.0
1732437744949115272,1.0
1732437744949115272,1.0
1732437744959518628,1.0
1732437744959518628,1.0
1732437744969820974,1.0
1732437744969820974,1.0
1732437744980248936,1.0
1732437744980248936,1.0
1732437744990653261,1.0
1732437744990653261,1.0
1732437745005204742,1.0
1732437745005204742,1.0
1732437745015989908,1.0
1732437745015989908,1.0
1732437745026554930,1.0
1732437745026554930,1.0
1732437745037008152,1.0
1732437745037008152,1.0
1732437745047844885,1.0
1732437745047844885,1.0
1732437745059729098,1.0
1732437745059729098,1.0
1732437745069990048,1.0
1732437745069990048,1.0
1732437745080495404,1.0
1732437745080495404,1.0
1732437745090619910,1.0
1732437745090619910,1.0
1732437745101173011,1.0
1732437745101173011,1.0
1732437745111327816,1.0
1732437745111327816,1.0
1732437745121503829,1.0
1732437745121503829,1.0
1732437745131845440,1.0
1732437745131845440,1.0
1732437745142625837,1.0
1732437745142625837,1.0
1732437745153142013,1.0
1732437745153142013,1.0
1732437745163512778,1.0
1732437745163512778,1.0
1732437745174193220,1.0
1732437745174193220,1.0
1732437745184530863,1.0
1732437745184530863,1.0
1732437745194966669,1.0
1732437745194966669,1.0
1732437745205404108,1.0
1732437745205404108,1.0
1732437745216444160,1.0
1732437745216444160,1.0
1732437745226745335,1.0
1732437745226745335,1.0
1732437745236935853,1.0
1732437745236935853,1.0
1732437745247525994,1.0
1732437745247525994,1.0
1732437745257628153,1.0
1732437745257628153,1.0
1732437745267740025,1.0
1732437745267740025,1.0
1732437745278092967,1.0
1732437745278092967,1.0
1732437745288742521,1.0
1732437745288742521,1.0
1732437745298960141,1.0
1732437745298960141,1.0
1732437745309211424,1.0
1732437745309211424,1.0
1732437745321957260,1.0
1732437745321957260,1.0
1732437745332207610,1.0
1732437745332207610,1.0
1732437745342540476,1.0
1732437745342540476,1.0
1732437745353557112,1.0
1732437745353557112,1.0
1732437745364159308,1.0
1732437745364159308,1.0
1732437745374472917,1.0
1732437745374472917,1.0
1732437745384758384,1.0
1732437745384758384,1.0
1732437745395288565,1.0
1732437745395288565,1.0
1732437745408416552,1.0
1732437745408416552,1.0
1732437745418910065,1.0
1732437745418910065,1.0
1732437745429232070,1.0
1732437745429232070,1.0
1732437745439501947,1.0
1732437745439501947,1.0
1732437745449970595,1.0
1732437745449970595,1.0
1732437745460895942,1.0
1732437745460895942,1.0
1732437745471580700,1.0
1732437745471580700,1.0
1732437745482168541,1.0
1732437745482168541,1.0
1732437745492759524,1.0
1732437745492759524,1.0
1732437745503115462,1.0
1732437745503115462,1.0
1732437745513454979,1.0
1732437745513454979,1.0
1732437745523744302,1.0
1732437745523744302,1.0
1732437745534331941,1.0
1732437745534331941,1.0
1732437745545003196,1.0
1732437745545003196,1.0
1732437745555346390,1.0
1732437745555346390,1.0
1732437745565583426,1.0
1732437745565583426,1.0
1732437745576131210,1.0
1732437745576131210,1.0
1732437745586907771,1.0
1732437745586907771,1.0
1732437745597199148,1.0
1732437745597199148,1.0
1732437745607267481,1.0
1732437745607267481,1.0
1732437745617548555,1.0
1732437745617548555,1.0
1732437745627700595,1.0
1732437745627700595,1.0
1732437745637846581,1.0
1732437745637846581,1.0
1732437745648284652,1.0
1732437745648284652,1.0
1732437745658492123,1.0
1732437745658492123,1.0
1732437745669406857,1.0
1732437745669406857,1.0
1732437745680045464,1.0
1732437745680045464,1.0
1732437745690559052,1.0
1732437745690559052,1.0
1732437745701153627,1.0
1732437745701153627,1.0
1732437745712065890,1.0
1732437745712065890,1.0
1732437745722349292,1.0
1732437745722349292,1.0
1732437745732444705,1.0
1732437745732444705,1.0
1732437745742853993,1.0
1732437745742853993,1.0
1732437745753234281,1.0
1732437745753234281,1.0
1732437745763755649,1.0
1732437745763755649,1.0
1732437745774295699,1.0
1732437745774295699,1.0
1732437745784952648,1.0
1732437745784952648,1.0
1732437745795583226,1.0
1732437745795583226,1.0
1732437745806078733,1.0
1732437745806078733,1.0
1732437745816274271,1.0
1732437745816274271,1.0
1732437745826378708,1.0
1732437745826378708,1.0
1732437745836632428,1.0
1732437745836632428,1.0
1732437745846983227,1.0
1732437745846983227,1.0
1732437745857387533,1.0
1732437745857387533,1.0
1732437745867756522,1.0
1732437745867756522,1.0
1732437745878055333,1.0
1732437745878055333,1.0
1732437745888214778,1.0
1732437745888214778,1.0
1732437745898455111,1.0
1732437745898455111,1.0
1732437745908698809,1.0
1732437745908698809,1.0
1732437745918912297,1.0
1732437745918912297,1.0
1732437745929317469,1.0
1732437745929317469,1.0
1732437745939960672,1.0
1732437745939960672,1.0
1732437745950149835,1.0
1732437745950149835,1.0
1732437745960723892,1.0
1732437745960723892,1.0
1732437745971292566,1.0
1732437745971292566,1.0
1732437745981768686,1.0
1732437745981768686,1.0
1732437745992293899,1.0
1732437745992293899,1.0
1732437746002445737,1.0
1732437746002445737,1.0
1732437746012872616,1.0
1732437746012872616,1.0
1732437746023376880,1.0
1732437746023376880,1.0
1732437746033750450,1.0
1732437746033750450,1.0
1732437746044179923,1.0
1732437746044179923,1.0
1732437746054348892,1.0
1732437746054348892,1.0
1732437746064482372,1.0
1732437746064482372,1.0
1732437746074690929,1.0
1732437746074690929,1.0
1732437746085127824,1.0
1732437746085127824,1.0
1732437746095236234,1.0
1732437746095236234,1.0
1732437746105456936,1.0
1732437746105456936,1.0
1732437746115855867,1.0
1732437746115855867,1.0
1732437746126420393,1.0
1732437746126420393,1.0
1732437746137176676,1.0
1732437746137176676,1.0
1732437746147311832,1.0
1732437746147311832,1.0
1732437746157627946,1.0
1732437746157627946,1.0
1732437746167898315,1.0
1732437746167898315,1.0
1732437746178328932,1.0
1732437746178328932,1.0
1732437746188547674,1.0
1732437746188547674,1.0
1732437746198925662,1.0
1732437746198925662,1.0
1732437746209562459,1.0
1732437746209562459,1.0
1732437746219806282,1.0
1732437746219806282,1.0
1732437746230927855,1.0
1732437746230927855,1.0
1732437746241255169,1.0
1732437746241255169,1.0
1732437746252500732,1.0
1732437746252500732,1.0
1732437746263329370,1.0
1732437746263329370,1.0
1732437746273949936,1.0
1732437746273949936,1.0
1732437746284631564,1.0
1732437746284631564,1.0
1732437746295918921,1.0
1732437746295918921,1.0
1732437746306394055,1.0
1732437746306394055,1.0
1732437746317299224,1.0
1732437746317299224,1.0
1732437746327398995,1.0
1732437746327398995,1.0
1732437746337506129,1.0
1732437746337506129,1.0
1732437746347973964,1.0
1732437746347973964,1.0
1732437746358556324,1.0
1732437746358556324,1.0
1732437746369043445,1.0
1732437746369043445,1.0
1732437746379355657,1.0
1732437746379355657,1.0
1732437746389972264,1.0
1732437746389972264,1.0
1732437746400316379,1.0
1732437746400316379,1.0
1732437746410574604,1.0
1732437746410574604,1.0
1732437746421014669,1.0
1732437746421014669,1.0
1732437746431437179,1.0
1732437746431437179,1.0
1732437746441774692,1.0
1732437746441774692,1.0
1732437746451989809,1.0
1732437746451989809,1.0
1732437746462401209,1.0
1732437746462401209,1.0
1732437746473043770,1.0
1732437746473043770,1.0
1732437746483385912,1.0
1732437746483385912,1.0
1732437746494054551,1.0
1732437746494054551,1.0
1732437746504419486,1.0
1732437746504419486,1.0
1732437746514625494,1.0
1732437746514625494,1.0
1732437746525168450,1.0
1732437746525168450,1.0
1732437746535375030,1.0
1732437746535375030,1.0
1732437746545618928,1.0
1732437746545618928,1.0
1732437746555869320,1.0
1732437746555869320,1.0
1732437746566015904,1.0
1732437746566015904,1.0
1732437746576582287,1.0
1732437746576582287,1.0
1732437746586784354,1.0
1732437746586784354,1.0
1732437746597026143,1.0
1732437746597026143,1.0
1732437746607169975,1.0
1732437746607169975,1.0
1732437746617372036,1.0
1732437746617372036,1.0
1732437746627550330,1.0
1732437746627550330,1.0
1732437746637918830,1.0
1732437746637918830,1.0
1732437746648216539,1.0
1732437746648216539,1.0
1732437746658654363,1.0
1732437746658654363,1.0
1732437746669038402,1.0
1732437746669038402,1.0
1732437746679515205,1.0
1732437746679515205,1.0
1732437746689827221,1.0
1732437746689827221,1.0
1732437746700424818,1.0
1732437746700424818,1.0
1732437746710955039,1.0
1732437746710955039,1.0
1732437746721524041,1.0
1732437746721524041,1.0
1732437746732099990,1.0
1732437746732099990,1.0
1732437746742809355,1.0
1732437746742809355,1.0
1732437746755324994,1.0
1732437746755324994,1.0
1732437746765653076,1.0
1732437746765653076,1.0
1732437746775977618,1.0
1732437746775977618,1.0
1732437746786734027,1.0
1732437746786734027,1.0
1732437746796851274,1.0
1732437746796851274,1.0
1732437746807294523,1.0
1732437746807294523,1.0
1732437746818163766,1.0
1732437746818163766,1.0
1732437746828608510,1.0
1732437746828608510,1.0
1732437746839040909,1.0
1732437746839040909,1.0
1732437746849222161,1.0
1732437746849222161,1.0
1732437746859841870,1.0
1732437746859841870,1.0
1732437746870213116,1.0
1732437746870213116,1.0
1732437746880348513,1.0
1732437746880348513,1.0
1732437746890855652,1.0
1732437746890855652,1.0
1732437746901061891,1.0
1732437746901061891,1.0
1732437746911865071,1.0
1732437746911865071,1.0
1732437746922312028,1.0
1732437746922312028,1.0
1732437746932572278,1.0
1732437746932572278,1.0
1732437746943078385,1.0
1732437746943078385,1.0
1732437746953235331,1.0
1732437746953235331,1.0
1732437746963392370,1.0
1732437746963392370,1.0
1732437746973731075,1.0
1732437746973731075,1.0
1732437746984365028,1.0
1732437746984365028,1.0
1732437746995259718,1.0
1732437746995259718,1.0
1732437747006244947,1.0
1732437747006244947,1.0
1732437747016759216,1.0
1732437747016759216,1.0
1732437747026852337,1.0
1732437747026852337,1.0
1732437747037005046,1.0
1732437747037005046,1.0
1732437747047107713,1.0
1732437747047107713,1.0
1732437747057278632,1.0
1732437747057278632,1.0
1732437747067538224,1.0
1732437747067538224,1.0
1732437747078161249,1.0
1732437747078161249,1.0
1732437747088694797,1.0
1732437747088694797,1.0
1732437747099200313,1.0
1732437747099200313,1.0
1732437747109654934,1.0
1732437747109654934,1.0
1732437747119995784,1.0
1732437747119995784,1.0
1732437747130355328,1.0
1732437747130355328,1.0
1732437747140541086,1.0
1732437747140541086,1.0
1732437747150665086,1.0
1732437747150665086,1.0
1732437747161080312,1.0
1732437747161080312,1.0
1732437747171306930,1.0
1732437747171306930,1.0
1732437747181417009,1.0
1732437747181417009,1.0
1732437747191867343,1.0
1732437747191867343,1.0
1732437747202672136,1.0
1732437747202672136,1.0
1732437747212931014,1.0
1732437747212931014,1.0
1732437747223202002,1.0
1732437747223202002,1.0
1732437747233629293,1.0
1732437747233629293,1.0
1732437747244418086,1.0
1732437747244418086,1.0
1732437747254834076,1.0
1732437747254834076,1.0
1732437747265236851,1.0
1732437747265236851,1.0
1732437747275685848,1.0
1732437747275685848,1.0
1732437747286110937,1.0
1732437747286110937,1.0
1732437747296621503,1.0
1732437747296621503,1.0
1732437747307674798,1.0
1732437747307674798,1.0
1732437747318821268,1.0
1732437747318821268,1.0
1732437747328964970,1.0
1732437747328964970,1.0
1732437747339411907,1.0
1732437747339411907,1.0
1732437747353325528,1.0
1732437747353325528,1.0
1732437747353325528,1.0
1732437747363679872,1.0
1732437747374053291,1.0
1732437747374053291,1.0
1732437747384361491,1.0
1732437747384361491,1.0
1732437747394763574,1.0
1732437747394763574,1.0
1732437747405154988,1.0
1732437747405154988,1.0
1732437747415581025,1.0
1732437747415581025,1.0
1732437747426042140,1.0
1732437747426042140,1.0
1732437747436228330,1.0
1732437747436228330,1.0
1732437747446288497,1.0
1732437747446288497,1.0
1732437747456918065,1.0
1732437747456918065,1.0
1732437747456918065,1.0
1732437747456918065,1.0
1732437747477233432,1.0
1732437747477233432,1.0
1732437747487810731,1.0
1732437747487810731,1.0
1732437747497962239,1.0
1732437747497962239,1.0
1732437747508660874,1.0
1732437747508660874,1.0
1732437747518826728,1.0
1732437747518826728,1.0
1732437747529365565,1.0
1732437747529365565,1.0
1732437747539732212,1.0
1732437747539732212,1.0
1732437747550944855,1.0
1732437747550944855,1.0
1732437747563562853,1.0
1732437747563562853,1.0
1732437747573891271,1.0
1732437747573891271,1.0
1732437747584116555,1.0
1732437747584116555,1.0
1732437747594654291,1.0
1732437747594654291,1.0
1732437747604853247,1.0
1732437747604853247,1.0
1732437747615359053,1.0
1732437747615359053,1.0
1732437747625601456,1.0
1732437747625601456,1.0
1732437747636245784,1.0
1732437747636245784,1.0
1732437747646758373,1.0
1732437747646758373,1.0
1732437747657178480,1.0
1732437747657178480,1.0
1732437747667310641,1.0
1732437747667310641,1.0
1732437747677878854,1.0
1732437747677878854,1.0
1732437747688067870,1.0
1732437747688067870,1.0
1732437747698415754,1.0
1732437747698415754,1.0
1732437747708889376,1.0
1732437747708889376,1.0
1732437747719428138,1.0
1732437747719428138,1.0
1732437747729647561,1.0
1732437747729647561,1.0
1732437747739839365,1.0
1732437747739839365,1.0
1732437747750246107,1.0
1732437747750246107,1.0
1732437747760468596,1.0
1732437747760468596,1.0
1732437747771086111,1.0
1732437747771086111,1.0
1732437747781325410,1.0
1732437747781325410,1.0
1732437747791845851,1.0
1732437747791845851,1.0
1732437747802078354,1.0
1732437747802078354,1.0
1732437747812696349,1.0
1732437747812696349,1.0
1732437747823028172,1.0
1732437747823028172,1.0
1732437747833815482,1.0
1732437747833815482,1.0
1732437747844242452,1.0
1732437747844242452,1.0
1732437747854334859,1.0
1732437747854334859,1.0
1732437747864493760,1.0
1732437747864493760,1.0
1732437747874592435,1.0
1732437747874592435,1.0
1732437747884952975,1.0
1732437747884952975,1.0
1732437747895206062,1.0
1732437747895206062,1.0
1732437747905371814,1.0
1732437747905371814,1.0
1732437747915819803,1.0
1732437747915819803,1.0
1732437747926191260,1.0
1732437747926191260,1.0
1732437747936647344,1.0
1732437747936647344,1.0
1732437747947163049,1.0
1732437747947163049,1.0
1732437747957395897,1.0
1732437747957395897,1.0
1732437747967694559,1.0
1732437747967694559,1.0
1732437747977859310,1.0
1732437747977859310,1.0
1732437747988407145,1.0
1732437747988407145,1.0
1732437747998979826,1.0
1732437747998979826,1.0
1732437748009043699,1.0
1732437748009043699,1.0
1732437748019535551,1.0
1732437748019535551,1.0
1732437748029818812,1.0
1732437748029818812,1.0
1732437748040115527,1.0
1732437748040115527,1.0
1732437748050158605,1.0
1732437748050158605,1.0
1732437748061150797,1.0
1732437748061150797,1.0
1732437748071508829,1.0
1732437748071508829,1.0
1732437748081705369,1.0
1732437748081705369,1.0
1732437748092277801,1.0
1732437748092277801,1.0
1732437748102465554,1.0
1732437748102465554,1.0
1732437748112662236,1.0
1732437748112662236,1.0
1732437748123032970,1.0
1732437748123032970,1.0
1732437748133690631,1.0
1732437748133690631,1.0
1732437748144233345,1.0
1732437748144233345,1.0
1732437748155104763,1.0
1732437748155104763,1.0
1732437748165917259,1.0
1732437748165917259,1.0
1732437748176254502,1.0
1732437748176254502,1.0
1732437748186520952,1.0
1732437748186520952,1.0
1732437748196935980,1.0
1732437748196935980,1.0
1732437748207391363,1.0
1732437748207391363,1.0
1732437748217680676,1.0
1732437748217680676,1.0
1732437748228012118,1.0
1732437748228012118,1.0
1732437748238523164,1.0
1732437748238523164,1.0
1732437748249718574,1.0
1732437748249718574,1.0
1732437748260066837,1.0
1732437748260066837,1.0
1732437748270462776,1.0
1732437748270462776,1.0
1732437748281133634,1.0
1732437748281133634,1.0
1732437748291686749,1.0
1732437748291686749,1.0
1732437748303212945,1.0
1732437748303212945,1.0
1732437748313879922,1.0
1732437748313879922,1.0
1732437748323982197,1.0
1732437748323982197,1.0
1732437748334543526,1.0
1732437748334543526,1.0
1732437748344985995,1.0
1732437748344985995,1.0
1732437748355606736,1.0
1732437748355606736,1.0
1732437748365918691,1.0
1732437748365918691,1.0
1732437748376281031,1.0
1732437748376281031,1.0
1732437748386719578,1.0
1732437748386719578,1.0
1732437748396892249,1.0
1732437748396892249,1.0
1732437748407088349,1.0
1732437748407088349,1.0
1732437748417304066,1.0
1732437748417304066,1.0
1732437748427554046,1.0
1732437748427554046,1.0
1732437748438684677,1.0
1732437748438684677,1.0
1732437748448794656,1.0
1732437748448794656,1.0
1732437748458884169,1.0
1732437748458884169,1.0
1732437748469319082,1.0
1732437748469319082,1.0
1732437748479880102,1.0
1732437748479880102,1.0
1732437748490848159,1.0
1732437748490848159,1.0
1732437748504051157,1.0
1732437748504051157,1.0
1732437748514680433,1.0
1732437748514680433,1.0
1732437748525029096,1.0
1732437748525029096,1.0
1732437748535208836,1.0
1732437748535208836,1.0
1732437748545525381,1.0
1732437748545525381,1.0
1732437748556176808,1.0
1732437748556176808,1.0
1732437748566322064,1.0
1732437748566322064,1.0
1732437748576670777,1.0
1732437748576670777,1.0
1732437748586779375,1.0
1732437748586779375,1.0
1732437748597835666,1.0
1732437748597835666,1.0
1732437748607989017,1.0
1732437748607989017,1.0
1732437748618170439,1.0
1732437748618170439,1.0
1732437748628743021,1.0
1732437748628743021,1.0
1732437748639256752,1.0
1732437748639256752,1.0
1732437748649340112,1.0
1732437748649340112,1.0
1732437748659992081,1.0
1732437748659992081,1.0
1732437748670202975,1.0
1732437748670202975,1.0
1732437748680540341,1.0
1732437748680540341,1.0
1732437748690957803,1.0
1732437748690957803,1.0
1732437748701286049,1.0
1732437748701286049,1.0
1732437748711625793,1.0
1732437748711625793,1.0
1732437748722380406,1.0
1732437748722380406,1.0
1732437748732670342,1.0
1732437748732670342,1.0
1732437748742982417,1.0
1732437748742982417,1.0
1732437748753253909,1.0
1732437748753253909,1.0
1732437748763683763,1.0
1732437748763683763,1.0
1732437748774251526,1.0
1732437748774251526,1.0
1732437748784818886,1.0
1732437748784818886,1.0
1732437748795389644,1.0
1732437748795389644,1.0
1732437748805759758,1.0
1732437748805759758,1.0
1732437748816297975,1.0
1732437748816297975,1.0
1732437748826530554,1.0
1732437748826530554,1.0
1732437748836998199,1.0
1732437748836998199,1.0
1732437748847320744,1.0
1732437748847320744,1.0
1732437748857555086,1.0
1732437748857555086,1.0
1732437748867766775,1.0
1732437748867766775,1.0
1732437748877948605,1.0
1732437748877948605,1.0
1732437748888181808,1.0
1732437748888181808,1.0
1732437748898406349,1.0
1732437748898406349,1.0
1732437748909012549,1.0
1732437748909012549,1.0
1732437748919140553,1.0
1732437748919140553,1.0
1732437748929415775,1.0
1732437748929415775,1.0
1732437748939942590,1.0
1732437748939942590,1.0
1732437748950699164,1.0
1732437748950699164,1.0
1732437748960838498,1.0
1732437748960838498,1.0
1732437748971379821,1.0
1732437748971379821,1.0
1732437748981733325,1.0
1732437748981733325,1.0
1732437748992218513,1.0
1732437748992218513,1.0
1732437749002765907,1.0
1732437749002765907,1.0
1732437749013243381,1.0
1732437749013243381,1.0
1732437749023542924,1.0
1732437749023542924,1.0
1732437749033861842,1.0
1732437749033861842,1.0
1732437749044022306,1.0
1732437749044022306,1.0
1732437749054424720,1.0
1732437749054424720,1.0
1732437749065069063,1.0
1732437749065069063,1.0
1732437749075429500,1.0
1732437749075429500,1.0
1732437749086013772,1.0
1732437749086013772,1.0
1732437749096632480,1.0
1732437749096632480,1.0
1732437749107407647,1.0
1732437749107407647,1.0
1732437749107407647,1.0
1732437749107407647,1.0
1732437749129789371,1.0
1732437749129789371,1.0
1732437749140253350,1.0
1732437749140253350,1.0
1732437749150456042,1.0
1732437749150456042,1.0
1732437749160832519,1.0
1732437749160832519,1.0
1732437749171584744,1.0
1732437749171584744,1.0
1732437749182143961,1.0
1732437749182143961,1.0
1732437749192514024,1.0
1732437749192514024,1.0
1732437749202760900,1.0
1732437749202760900,1.0
1732437749213399724,1.0
1732437749213399724,1.0
1732437749223548126,1.0
1732437749223548126,1.0
1732437749234103954,1.0
1732437749234103954,1.0
1732437749244182004,1.0
1732437749244182004,1.0
1732437749254255477,1.0
1732437749254255477,1.0
1732437749264748019,1.0
1732437749264748019,1.0
1732437749275244118,1.0
1732437749275244118,1.0
1732437749285634059,1.0
1732437749285634059,1.0
1732437749295996839,1.0
1732437749295996839,1.0
1732437749306184024,1.0
1732437749306184024,1.0
1732437749316553695,1.0
1732437749316553695,1.0
1732437749327146664,1.0
1732437749327146664,1.0
1732437749337360426,1.0
1732437749337360426,1.0
1732437749347781181,1.0
1732437749347781181,1.0
1732437749357984458,1.0
1732437749357984458,1.0
1732437749368643429,1.0
1732437749368643429,1.0
1732437749378924825,1.0
1732437749378924825,1.0
1732437749389417021,1.0
1732437749389417021,1.0
1732437749399751968,1.0
1732437749399751968,1.0
1732437749410468435,1.0
1732437749410468435,1.0
1732437749420728767,1.0
1732437749420728767,1.0
1732437749431045268,1.0
1732437749431045268,1.0
1732437749441385079,1.0
1732437749441385079,1.0
1732437749451794156,1.0
1732437749451794156,1.0
1732437749462266740,1.0
1732437749462266740,1.0
1732437749472577624,1.0
1732437749472577624,1.0
1732437749483082840,1.0
1732437749483082840,1.0
1732437749493466169,1.0
1732437749493466169,1.0
1732437749503552674,1.0
1732437749503552674,1.0
1732437749513813707,1.0
1732437749513813707,1.0
1732437749524146891,1.0
1732437749524146891,1.0
1732437749534767121,1.0
1732437749534767121,1.0
1732437749545364397,1.0
1732437749545364397,1.0
1732437749555731516,1.0
1732437749555731516,1.0
1732437749566083556,1.0
1732437749566083556,1.0
1732437749576538838,1.0
1732437749576538838,1.0
1732437749587135374,1.0
1732437749587135374,1.0
1732437749597154446,1.0
1732437749597154446,1.0
1732437749608013941,1.0
1732437749608013941,1.0
1732437749620869251,1.0
1732437749620869251,1.0
1732437749631406426,1.0
1732437749631406426,1.0
1732437749642172778,1.0
1732437749642172778,1.0
1732437749652351105,1.0
1732437749652351105,1.0
1732437749662599311,1.0
1732437749662599311,1.0
1732437749673031241,1.0
1732437749673031241,1.0
1732437749683412896,1.0
1732437749683412896,1.0
1732437749693740662,1.0
1732437749693740662,1.0
1732437749704303626,1.0
1732437749704303626,1.0
1732437749714450545,1.0
1732437749714450545,1.0
1732437749725059143,1.0
1732437749725059143,1.0
1732437749749106567,1.0
1732437749749106567,1.0
1732437749749106567,1.0
1732437749749106567,1.0
1732437749759835750,1.0
1732437749759835750,1.0
1732437749770563981,1.0
1732437749770563981,1.0
1732437749780645188,1.0
1732437749780645188,1.0
1732437749791068587,1.0
1732437749791068587,1.0
1732437749801644296,1.0
1732437749811858451,1.0
1732437749822138718,1.0
1732437749822138718,1.0
1732437749832652329,1.0
1732437749832652329,1.0
1732437749843015130,1.0
1732437749843015130,1.0
1732437749853168662,1.0
1732437749853168662,1.0
1732437749863285503,1.0
1732437749863285503,1.0
1732437749873782094,1.0
1732437749873782094,1.0
1732437749884392795,1.0
1732437749884392795,1.0
1732437749894733454,1.0
1732437749894733454,1.0
1732437749905247546,1.0
1732437749915721243,1.0
1732437749915721243,1.0
1732437749926280379,1.0
1732437749926280379,1.0
1732437749926280379,1.0
1732437749936886262,1.0
1732437749936886262,1.0
1732437749947228023,1.0
1732437749947228023,1.0
1732437749957751483,1.0
1732437749957751483,1.0
1732437749967920543,1.0
1732437749967920543,1.0
1732437749978170563,1.0
1732437749978170563,1.0
1732437749988421786,1.0
1732437749988421786,1.0
1732437749999254150,1.0
1732437749999254150,1.0
1732437750009662966,1.0
1732437750009662966,1.0
1732437750019971556,1.0
1732437750019971556,1.0
1732437750030479586,1.0
1732437750030479586,1.0
1732437750040832568,1.0
1732437750040832568,1.0
1732437750055550898,1.0
1732437750055550898,1.0
1732437750066112608,1.0
1732437750066112608,1.0
1732437750076460952,1.0
1732437750076460952,1.0
1732437750087099586,1.0
1732437750087099586,1.0
1732437750097301858,1.0
1732437750097301858,1.0
1732437750107403973,1.0
1732437750107403973,1.0
1732437750117986263,1.0
1732437750117986263,1.0
1732437750128092987,1.0
1732437750128092987,1.0
1732437750138288416,1.0
1732437750138288416,1.0
1732437750148479396,1.0
1732437750148479396,1.0
1732437750158976115,1.0
1732437750158976115,1.0
1732437750169596455,1.0
1732437750169596455,1.0
1732437750180276537,1.0
1732437750180276537,1.0
1732437750190676187,1.0
1732437750190676187,1.0
1732437750201133262,1.0
1732437750201133262,1.0
1732437750211607029,1.0
1732437750211607029,1.0
1732437750222186613,1.0
1732437750222186613,1.0
1732437750233093426,1.0
1732437750233093426,1.0
1732437750243267125,1.0
1732437750243267125,1.0
1732437750253458507,1.0
1732437750253458507,1.0
1732437750263953292,1.0
1732437750263953292,1.0
1732437750274451425,1.0
1732437750274451425,1.0
1732437750284986887,1.0
1732437750284986887,1.0
1732437750295398268,1.0
1732437750295398268,1.0
1732437750305776337,1.0
1732437750305776337,1.0
1732437750315988758,1.0
1732437750315988758,1.0
1732437750326184476,1.0
1732437750326184476,1.0
1732437750336696986,1.0
1732437750336696986,1.0
1732437750347101295,1.0
1732437750347101295,1.0
1732437750357210453,1.0
1732437750357210453,1.0
1732437750367307929,1.0
1732437750367307929,1.0
1732437750377538804,1.0
1732437750377538804,1.0
1732437750387694970,1.0
1732437750387694970,1.0
1732437750397971278,1.0
1732437750397971278,1.0
1732437750397971278,1.0
1732437750408188028,1.0
1732437750418353502,1.0
1732437750418353502,1.0
1732437750428762928,1.0
1732437750428762928,1.0
1732437750439032806,1.0
1732437750439032806,1.0
1732437750449476697,1.0
1732437750449476697,1.0
1732437750460004265,1.0
1732437750470133430,1.0
1732437750470133430,1.0
1732437750470133430,1.0
1732437750480514746,1.0
1732437750480514746,1.0
1732437750490970460,1.0
1732437750490970460,1.0
1732437750503778973,1.0
1732437750503778973,1.0
1732437750514298254,1.0
1732437750514298254,1.0
1732437750524616342,1.0
1732437750524616342,1.0
1732437750535196558,1.0
1732437750535196558,1.0
1732437750545794197,1.0
1732437750545794197,1.0
1732437750556282461,1.0
1732437750556282461,1.0
1732437750566582304,1.0
1732437750566582304,1.0
1732437750577571040,1.0
1732437750577571040,1.0
1732437750587827761,1.0
1732437750587827761,1.0
1732437750598325011,1.0
1732437750598325011,1.0
1732437750608922756,1.0
1732437750608922756,1.0
1732437750619352285,1.0
1732437750619352285,1.0
1732437750629763835,1.0
1732437750629763835,1.0
1732437750640010289,1.0
1732437750640010289,1.0
1732437750650568383,1.0
1732437750650568383,1.0
1732437750660776616,1.0
1732437750660776616,1.0
1732437750671249601,1.0
1732437750671249601,1.0
1732437750681758752,1.0
1732437750681758752,1.0
1732437750692271039,1.0
1732437750692271039,1.0
1732437750702856886,1.0
1732437750702856886,1.0
1732437750713005471,1.0
1732437750713005471,1.0
1732437750723390252,1.0
1732437750723390252,1.0
1732437750734286863,1.0
1732437750734286863,1.0
1732437750744750752,1.0
1732437750744750752,1.0
1732437750755993956,1.0
1732437750755993956,1.0
1732437750766931125,1.0
1732437750766931125,1.0
1732437750777107749,1.0
1732437750777107749,1.0
1732437750788639615,1.0
1732437750788639615,1.0
1732437750799777307,1.0
1732437750799777307,1.0
1732437750810750044,1.0
1732437750810750044,1.0
1732437750821288421,1.0
1732437750821288421,1.0
1732437750831419179,1.0
1732437750831419179,1.0
1732437750841922407,1.0
1732437750841922407,1.0
1732437750852354196,1.0
1732437750852354196,1.0
1732437750862596161,1.0
1732437750862596161,1.0
1732437750872710363,1.0
1732437750872710363,1.0
1732437750883301730,1.0
1732437750883301730,1.0
1732437750893765077,1.0
1732437750893765077,1.0
1732437750905114695,1.0
1732437750905114695,1.0
1732437750915485277,1.0
1732437750915485277,1.0
1732437750926260778,1.0
1732437750926260778,1.0
1732437750936765834,1.0
1732437750936765834,1.0
1732437750947005236,1.0
1732437750947005236,1.0
1732437750957261968,1.0
1732437750957261968,1.0
1732437750967802389,1.0
1732437750967802389,1.0
1732437750977965137,1.0
1732437750977965137,1.0
1732437750988371449,1.0
1732437750988371449,1.0
1732437750998686189,1.0
1732437750998686189,1.0
1732437751009365720,1.0
1732437751009365720,1.0
1732437751019777652,1.0
1732437751019777652,1.0
1732437751030488617,1.0
1732437751030488617,1.0
1732437751041067632,1.0
1732437751041067632,1.0
1732437751051600589,1.0
1732437751051600589,1.0
1732437751062081949,1.0
1732437751062081949,1.0
1732437751072303197,1.0
1732437751072303197,1.0
1732437751082521449,1.0
1732437751082521449,1.0
1732437751093113025,1.0
1732437751093113025,1.0
1732437751103175918,1.0
1732437751103175918,1.0
1732437751113502420,1.0
1732437751113502420,1.0
1732437751123598605,1.0
1732437751123598605,1.0
1732437751133940014,1.0
1732437751133940014,1.0
1732437751144045237,1.0
1732437751144045237,1.0
1732437751158724803,1.0
1732437751158724803,1.0
1732437751168904724,1.0
1732437751168904724,1.0
1732437751178946688,1.0
1732437751178946688,1.0
1732437751189202999,1.0
1732437751189202999,1.0
1732437751199999718,1.0
1732437751199999718,1.0
1732437751210415787,1.0
1732437751210415787,1.0
1732437751221024186,1.0
1732437751221024186,1.0
1732437751231466964,1.0
1732437751231466964,1.0
1732437751241744688,1.0
1732437751241744688,1.0
1732437751252189480,1.0
1732437751252189480,1.0
1732437751262256320,1.0
1732437751262256320,1.0
1732437751272657281,1.0
1732437751272657281,1.0
1732437751283508301,1.0
1732437751283508301,1.0
1732437751294131807,1.0
1732437751294131807,1.0
1732437751305213957,1.0
1732437751305213957,1.0
1732437751315794673,1.0
1732437751315794673,1.0
1732437751326295249,1.0
1732437751326295249,1.0
1732437751336933142,1.0
1732437751336933142,1.0
1732437751347020390,1.0
1732437751347020390,1.0
1732437751357126913,1.0
1732437751357126913,1.0
1732437751367290162,1.0
1732437751367290162,1.0
1732437751377637413,1.0
1732437751377637413,1.0
1732437751387900849,1.0
1732437751387900849,1.0
1732437751398720751,1.0
1732437751398720751,1.0
1732437751409146890,1.0
1732437751409146890,1.0
1732437751419496926,1.0
1732437751419496926,1.0
1732437751430589304,1.0
1732437751430589304,1.0
1732437751441227629,1.0
1732437751441227629,1.0
1732437751455102537,1.0
1732437751455102537,1.0
1732437751465305840,1.0
1732437751465305840,1.0
1732437751475476784,1.0
1732437751475476784,1.0
1732437751486294371,1.0
1732437751486294371,1.0
1732437751496945970,1.0
1732437751496945970,1.0
1732437751507250782,1.0
1732437751507250782,1.0
1732437751518001705,1.0
1732437751518001705,1.0
1732437751528301519,1.0
1732437751528301519,1.0
1732437751538714009,1.0
1732437751538714009,1.0
1732437751549237913,1.0
1732437751549237913,1.0
1732437751559646318,1.0
1732437751559646318,1.0
1732437751570249386,1.0
1732437751570249386,1.0
1732437751580549681,1.0
1732437751580549681,1.0
1732437751594150068,1.0
1732437751594150068,1.0
1732437751604463906,1.0
1732437751604463906,1.0
1732437751614573947,1.0
1732437751614573947,1.0
1732437751624841411,1.0
1732437751624841411,1.0
1732437751635779152,1.0
1732437751635779152,1.0
1732437751646225288,1.0
1732437751646225288,1.0
1732437751656854032,1.0
1732437751656854032,1.0
1732437751667277165,1.0
1732437751667277165,1.0
1732437751677717601,1.0
1732437751677717601,1.0
1732437751688111549,1.0
1732437751688111549,1.0
1732437751698442100,1.0
1732437751698442100,1.0
1732437751709083028,1.0
1732437751709083028,1.0
1732437751719609584,1.0
1732437751719609584,1.0
1732437751730092367,1.0
1732437751730092367,1.0
1732437751740957603,1.0
1732437751740957603,1.0
1732437751751444415,1.0
1732437751751444415,1.0
1732437751761635936,1.0
1732437751761635936,1.0
1732437751772267253,1.0
1732437751772267253,1.0
1732437751782949972,1.0
1732437751782949972,1.0
1732437751793757282,1.0
1732437751793757282,1.0
1732437751803971051,1.0
1732437751803971051,1.0
1732437751814457545,1.0
1732437751814457545,1.0
1732437751824711523,1.0
1732437751824711523,1.0
1732437751835148371,1.0
1732437751835148371,1.0
1732437751845409553,1.0
1732437751857065260,1.0
1732437751857065260,1.0
1732437751857065260,1.0
1732437751867148751,1.0
1732437751867148751,1.0
1732437751877333677,1.0
1732437751877333677,1.0
1732437751887869854,1.0
1732437751887869854,1.0
1732437751897987726,1.0
1732437751897987726,1.0
1732437751908569237,1.0
1732437751908569237,1.0
1732437751918981930,1.0
1732437751918981930,1.0
1732437751929101447,1.0
1732437751929101447,1.0
1732437751939665332,1.0
1732437751939665332,1.0
1732437751949891047,1.0
1732437751949891047,1.0
1732437751959989404,1.0
1732437751959989404,1.0
1732437751970200874,1.0
1732437751970200874,1.0
1732437751980556791,1.0
1732437751980556791,1.0
1732437751990843620,1.0
1732437751990843620,1.0
1732437752001111083,1.0
1732437752001111083,1.0
1732437752011527600,1.0
1732437752011527600,1.0
1732437752021797111,1.0
1732437752021797111,1.0
1732437752031978765,1.0
1732437752031978765,1.0
1732437752042510841,1.0
1732437752042510841,1.0
1732437752052859850,1.0
1732437752052859850,1.0
1732437752063364929,1.0
1732437752063364929,1.0
1732437752073677156,1.0
1732437752073677156,1.0
1732437752083811652,1.0
1732437752083811652,1.0
1732437752094381659,1.0
1732437752094381659,1.0
1732437752104578910,1.0
1732437752104578910,1.0
1732437752115127025,1.0
1732437752115127025,1.0
1732437752125680953,1.0
1732437752125680953,1.0
1732437752136040015,1.0
1732437752136040015,1.0
1732437752146574605,1.0
1732437752146574605,1.0
1732437752156859351,1.0
1732437752156859351,1.0
1732437752167113339,1.0
1732437752167113339,1.0
1732437752177290504,1.0
1732437752177290504,1.0
1732437752187622738,1.0
1732437752187622738,1.0
1732437752197792549,1.0
1732437752197792549,1.0
1732437752207965893,1.0
1732437752207965893,1.0
1732437752218473287,1.0
1732437752218473287,1.0
1732437752228568115,1.0
1732437752228568115,1.0
1732437752238656589,1.0
1732437752238656589,1.0
1732437752249277970,1.0
1732437752249277970,1.0
1732437752259732802,1.0
1732437752259732802,1.0
1732437752270327116,1.0
1732437752270327116,1.0
1732437752280658117,1.0
1732437752280658117,1.0
1732437752290914710,1.0
1732437752290914710,1.0
1732437752301352321,1.0
1732437752301352321,1.0
1732437752311880235,1.0
1732437752311880235,1.0
1732437752322364085,1.0
1732437752322364085,1.0
1732437752332885681,1.0
1732437752332885681,1.0
1732437752343359808,1.0
1732437752343359808,1.0
1732437752353797279,1.0
1732437752353797279,1.0
1732437752364156583,1.0
1732437752364156583,1.0
1732437752374453921,1.0
1732437752374453921,1.0
1732437752384845112,1.0
1732437752384845112,1.0
1732437752395256743,1.0
1732437752395256743,1.0
1732437752405581186,1.0
1732437752405581186,1.0
1732437752415893790,1.0
1732437752415893790,1.0
1732437752426682996,1.0
1732437752426682996,1.0
1732437752436919382,1.0
1732437752436919382,1.0
1732437752447354708,1.0
1732437752447354708,1.0
1732437752457404485,1.0
1732437752457404485,1.0
1732437752467686215,1.0
1732437752467686215,1.0
1732437752478076677,1.0
1732437752478076677,1.0
1732437752488862847,1.0
1732437752488862847,1.0
1732437752499071501,1.0
1732437752499071501,1.0
1732437752509360034,1.0
1732437752509360034,1.0
1732437752519862215,1.0
1732437752519862215,1.0
1732437752530245124,1.0
1732437752530245124,1.0
1732437752540504642,1.0
1732437752540504642,1.0
1732437752551136725,1.0
1732437752551136725,1.0
1732437752561440136,1.0
1732437752561440136,1.0
1732437752571918090,1.0
1732437752571918090,1.0
1732437752582323091,1.0
1732437752582323091,1.0
1732437752592825080,1.0
1732437752592825080,1.0
1732437752603049743,1.0
1732437752603049743,1.0
1732437752613618367,1.0
1732437752613618367,1.0
1732437752624173545,1.0
1732437752624173545,1.0
1732437752636600335,1.0
1732437752636600335,1.0
1732437752647375256,1.0
1732437752647375256,1.0
1732437752657939699,1.0
1732437752657939699,1.0
1732437752668056406,1.0
1732437752668056406,1.0
1732437752678243297,1.0
1732437752678243297,1.0
1732437752688515008,1.0
1732437752688515008,1.0
1732437752698877454,1.0
1732437752698877454,1.0
1732437752709183964,1.0
1732437752709183964,1.0
1732437752719321225,1.0
1732437752719321225,1.0
1732437752730912711,1.0
1732437752730912711,1.0
1732437752741227102,1.0
1732437752741227102,1.0
1732437752741227102,1.0
1732437752751632546,1.0
1732437752765069097,1.0
1732437752765069097,1.0
1732437752778418287,1.0
1732437752778418287,1.0
1732437752789521605,1.0
1732437752789521605,1.0
1732437752799978592,1.0
1732437752799978592,1.0
1732437752810303400,1.0
1732437752810303400,1.0
1732437752821057039,1.0
1732437752821057039,1.0
1732437752831668602,1.0
1732437752831668602,1.0
1732437752842392364,1.0
1732437752842392364,1.0
1732437752852569189,1.0
1732437752852569189,1.0
1732437752863503524,1.0
1732437752863503524,1.0
1732437752873811061,1.0
1732437752873811061,1.0
1732437752884961339,1.0
1732437752884961339,1.0
1732437752895603790,1.0
1732437752895603790,1.0
1732437752906024778,1.0
1732437752906024778,1.0
1732437752916180082,1.0
1732437752916180082,1.0
1732437752926984795,1.0
1732437752926984795,1.0
1732437752937863347,1.0
1732437752937863347,1.0
1732437752949832689,1.0
1732437752949832689,1.0
1732437752960400852,1.0
1732437752960400852,1.0
1732437752971194425,1.0
1732437752971194425,1.0
1732437752981497424,1.0
1732437752981497424,1.0
1732437752992111652,1.0
1732437752992111652,1.0
1732437753003773380,1.0
1732437753003773380,1.0
1732437753013943692,1.0
1732437753013943692,1.0
1732437753024227369,1.0
1732437753024227369,1.0
1732437753034820147,1.0
1732437753034820147,1.0
1732437753047284113,1.0
1732437753047284113,1.0
1732437753057597190,1.0
1732437753057597190,1.0
1732437753068119688,1.0
1732437753068119688,1.0
1732437753078826931,1.0
1732437753078826931,1.0
1732437753089219129,1.0
1732437753089219129,1.0
1732437753099372319,1.0
1732437753099372319,1.0
1732437753111020513,1.0
1732437753111020513,1.0
1732437753121243534,1.0
1732437753121243534,1.0
1732437753131567752,1.0
1732437753131567752,1.0
1732437753142215553,1.0
1732437753142215553,1.0
1732437753152266613,1.0
1732437753152266613,1.0
1732437753162738158,1.0
1732437753162738158,1.0
1732437753173346325,1.0
1732437753173346325,1.0
1732437753183661938,1.0
1732437753183661938,1.0
1732437753194131969,1.0
1732437753194131969,1.0
1732437753204697176,1.0
1732437753204697176,1.0
1732437753215964621,1.0
1732437753215964621,1.0
1732437753226137838,1.0
1732437753226137838,1.0
1732437753236898410,1.0
1732437753236898410,1.0
1732437753247045900,1.0
1732437753247045900,1.0
1732437753257558759,1.0
1732437753257558759,1.0
1732437753267628816,1.0
1732437753267628816,1.0
1732437753277797135,1.0
1732437753277797135,1.0
1732437753289334381,1.0
1732437753289334381,1.0
1732437753299616432,1.0
1732437753299616432,1.0
1732437753310048011,1.0
1732437753310048011,1.0
1732437753320196824,1.0
1732437753320196824,1.0
1732437753330559824,1.0
1732437753330559824,1.0
1732437753341076822,1.0
1732437753341076822,1.0
1732437753351530593,1.0
1732437753351530593,1.0
1732437753361654419,1.0
1732437753361654419,1.0
1732437753372315896,1.0
1732437753372315896,1.0
1732437753382390871,1.0
1732437753382390871,1.0
1732437753392666946,1.0
1732437753392666946,1.0
1732437753403306275,1.0
1732437753403306275,1.0
1732437753413934399,1.0
1732437753413934399,1.0
1732437753424219785,1.0
1732437753424219785,1.0
1732437753434354121,1.0
1732437753434354121,1.0
1732437753444862074,1.0
1732437753444862074,1.0
1732437753454969549,1.0
1732437753454969549,1.0
1732437753465303467,1.0
1732437753465303467,1.0
1732437753476001061,1.0
1732437753476001061,1.0
1732437753486929704,1.0
1732437753486929704,1.0
1732437753497496275,1.0
1732437753497496275,1.0
1732437753507722772,1.0
1732437753507722772,1.0
1732437753517886231,1.0
1732437753517886231,1.0
1732437753528278277,1.0
1732437753528278277,1.0
1732437753538400991,1.0
1732437753538400991,1.0
1732437753548776625,1.0
1732437753548776625,1.0
1732437753559347484,1.0
1732437753559347484,1.0
1732437753569620380,1.0
1732437753569620380,1.0
1732437753579765523,1.0
1732437753579765523,1.0
1732437753590395002,1.0
1732437753590395002,1.0
1732437753600959246,1.0
1732437753600959246,1.0
1732437753611052285,1.0
1732437753611052285,1.0
1732437753621319945,1.0
1732437753621319945,1.0
1732437753631614252,1.0
1732437753631614252,1.0
1732437753641751893,1.0
1732437753641751893,1.0
1732437753652031450,1.0
1732437753652031450,1.0
1732437753662495029,1.0
1732437753662495029,1.0
1732437753672978474,1.0
1732437753672978474,1.0
1732437753683127708,1.0
1732437753683127708,1.0
1732437753693406485,1.0
1732437753693406485,1.0
1732437753704315052,1.0
1732437753704315052,1.0
1732437753714476298,1.0
1732437753714476298,1.0
1732437753724729444,1.0
1732437753724729444,1.0
1732437753735261522,1.0
1732437753735261522,1.0
1732437753745834374,1.0
1732437753745834374,1.0
1732437753756253800,1.0
1732437753756253800,1.0
1732437753766566608,1.0
1732437753766566608,1.0
1732437753776995797,1.0
1732437753776995797,1.0
1732437753787102106,1.0
1732437753787102106,1.0
1732437753797348640,1.0
1732437753797348640,1.0
1732437753807534051,1.0
1732437753807534051,1.0
1732437753817679915,1.0
1732437753817679915,1.0
1732437753828258180,1.0
1732437753828258180,1.0
1732437753838697423,1.0
1732437753838697423,1.0
1732437753849527233,1.0
1732437753849527233,1.0
1732437753860410533,1.0
1732437753860410533,1.0
1732437753870810893,1.0
1732437753870810893,1.0
1732437753881130886,1.0
1732437753881130886,1.0
1732437753891708377,1.0
1732437753891708377,1.0
1732437753902202482,1.0
1732437753902202482,1.0
1732437753912796724,1.0
1732437753912796724,1.0
1732437753923314643,1.0
1732437753923314643,1.0
1732437753933504261,1.0
1732437753933504261,1.0
1732437753943552256,1.0
1732437753943552256,1.0
1732437753959220273,1.0
1732437753959220273,1.0
1732437753969773357,1.0
1732437753969773357,1.0
1732437753980170222,1.0
1732437753980170222,1.0
1732437753990401298,1.0
1732437753990401298,1.0
1732437754000792832,1.0
1732437754000792832,1.0
1732437754011074261,1.0
1732437754011074261,1.0
1732437754021365890,1.0
1732437754021365890,1.0
1732437754031858502,1.0
1732437754031858502,1.0
1732437754042502807,1.0
1732437754042502807,1.0
1732437754052716110,1.0
1732437754052716110,1.0
1732437754063132039,1.0
1732437754063132039,1.0
1732437754073660398,1.0
1732437754073660398,1.0
1732437754084765050,1.0
1732437754084765050,1.0
1732437754095338684,1.0
1732437754095338684,1.0
1732437754105913248,1.0
1732437754105913248,1.0
1732437754105913248,1.0
1732437754105913248,1.0
1732437754127073509,1.0
1732437754127073509,1.0
1732437754127073509,1.0
1732437754127073509,1.0
1732437754148409433,1.0
1732437754148409433,1.0
1732437754158698199,1.0
1732437754158698199,1.0
1732437754170515597,1.0
1732437754170515597,1.0
1732437754180654451,1.0
1732437754180654451,1.0
1732437754191342297,1.0
1732437754191342297,1.0
1732437754201779866,1.0
1732437754201779866,1.0
1732437754214331292,1.0
1732437754214331292,1.0
1732437754224472850,1.0
1732437754224472850,1.0
1732437754235155707,1.0
1732437754235155707,1.0
1732437754245799020,1.0
1732437754245799020,1.0
1732437754256346014,1.0
1732437754256346014,1.0
1732437754266995857,1.0
1732437754266995857,1.0
1732437754277244946,1.0
1732437754277244946,1.0
1732437754287796108,1.0
1732437754287796108,1.0
1732437754297939461,1.0
1732437754297939461,1.0
1732437754308295741,1.0
1732437754308295741,1.0
1732437754308295741,1.0
1732437754308295741,1.0
1732437754329258234,1.0
1732437754329258234,1.0
1732437754339798988,1.0
1732437754339798988,1.0
1732437754350233331,1.0
1732437754350233331,1.0
1732437754360864292,1.0
1732437754360864292,1.0
1732437754374391734,1.0
1732437754374391734,1.0
1732437754384585058,1.0
1732437754384585058,1.0
1732437754395070385,1.0
1732437754395070385,1.0
1732437754405452803,1.0
1732437754405452803,1.0
1732437754415783513,1.0
1732437754415783513,1.0
1732437754426466460,1.0
1732437754426466460,1.0
1732437754437088483,1.0
1732437754437088483,1.0
1732437754447669880,1.0
1732437754447669880,1.0
1732437754447669880,1.0
1732437754447669880,1.0
1732437754468082258,1.0
1732437754468082258,1.0
1732437754478486276,1.0
1732437754478486276,1.0
1732437754488670806,1.0
1732437754488670806,1.0
1732437754499098177,1.0
1732437754499098177,1.0
1732437754510033172,1.0
1732437754510033172,1.0
1732437754520684508,1.0
1732437754520684508,1.0
1732437754530938530,1.0
1732437754530938530,1.0
1732437754541197819,1.0
1732437754541197819,1.0
1732437754551715127,1.0
1732437754551715127,1.0
1732437754562386562,1.0
1732437754562386562,1.0
1732437754572663703,1.0
1732437754572663703,1.0
1732437754583003491,1.0
1732437754583003491,1.0
1732437754593221563,1.0
1732437754593221563,1.0
1732437754603555960,1.0
1732437754603555960,1.0
1732437754613938057,1.0
1732437754613938057,1.0
1732437754624199189,1.0
1732437754624199189,1.0
1732437754634623485,1.0
1732437754634623485,1.0
1732437754645219199,1.0
1732437754645219199,1.0
1732437754655559879,1.0
1732437754655559879,1.0
1732437754666309708,1.0
1732437754666309708,1.0
1732437754676507947,1.0
1732437754676507947,1.0
1732437754686640739,1.0
1732437754686640739,1.0
1732437754697020942,1.0
1732437754697020942,1.0
1732437754707552137,1.0
1732437754707552137,1.0
1732437754718323380,1.0
1732437754718323380,1.0
1732437754729334797,1.0
1732437754729334797,1.0
1732437754739570422,1.0
1732437754739570422,1.0
1732437754750364746,1.0
1732437754750364746,1.0
1732437754760553102,1.0
1732437754760553102,1.0
1732437754771092883,1.0
1732437754771092883,1.0
1732437754781649344,1.0
1732437754781649344,1.0
1732437754792356345,1.0
1732437754792356345,1.0
1732437754802879442,1.0
1732437754802879442,1.0
1732437754813223960,1.0
1732437754813223960,1.0
1732437754823673201,1.0
1732437754823673201,1.0
1732437754837107560,1.0
1732437754837107560,1.0
1732437754847652019,1.0
1732437754847652019,1.0
1732437754857917089,1.0
1732437754857917089,1.0
1732437754870298435,1.0
1732437754870298435,1.0
1732437754880556353,1.0
1732437754880556353,1.0
1732437754891162497,1.0
1732437754891162497,1.0
1732437754901396408,1.0
1732437754901396408,1.0
1732437754912819173,1.0
1732437754912819173,1.0
1732437754923268566,1.0
1732437754923268566,1.0
1732437754933505532,1.0
1732437754933505532,1.0
1732437754943755353,1.0
1732437754943755353,1.0
1732437754954134522,1.0
1732437754954134522,1.0
1732437754964453333,1.0
1732437754964453333,1.0
1732437754974565748,1.0
1732437754974565748,1.0
1732437754988017120,1.0
1732437754988017120,1.0
1732437754998165412,1.0
1732437754998165412,1.0
1732437755008841194,1.0
1732437755008841194,1.0
1732437755022820719,1.0
1732437755022820719,1.0
1732437755033528283,1.0
1732437755033528283,1.0
1732437755044070775,1.0
1732437755044070775,1.0
1732437755065212504,1.0
1732437755065212504,1.0
1732437755065212504,1.0
1732437755065212504,1.0
1732437755075777076,1.0
1732437755075777076,1.0
1732437755086225166,1.0
1732437755086225166,1.0
1732437755096314071,1.0
1732437755096314071,1.0
1732437755106719242,1.0
1732437755106719242,1.0
1732437755117097010,1.0
1732437755117097010,1.0
1732437755127528068,1.0
1732437755127528068,1.0
1732437755138345926,1.0
1732437755138345926,1.0
1732437755148500108,1.0
1732437755148500108,1.0
1732437755158727207,1.0
1732437755158727207,1.0
1732437755169648595,1.0
1732437755169648595,1.0
1732437755179936147,1.0
1732437755179936147,1.0
1732437755190375841,1.0
1732437755190375841,1.0
1732437755201446672,1.0
1732437755201446672,1.0
1732437755211969951,1.0
1732437755211969951,1.0
1732437755222833264,1.0
1732437755222833264,1.0
1732437755233961590,1.0
1732437755233961590,1.0
1732437755244391425,1.0
1732437755244391425,1.0
1732437755254529567,1.0
1732437755254529567,1.0
1732437755264721269,1.0
1732437755264721269,1.0
1732437755274928399,1.0
1732437755274928399,1.0
1732437755285026157,1.0
1732437755285026157,1.0
1732437755295486288,1.0
1732437755295486288,1.0
1732437755307149921,1.0
1732437755307149921,1.0
1732437755317811548,1.0
1732437755317811548,1.0
1732437755328053163,1.0
1732437755328053163,1.0
1732437755338385767,1.0
1732437755338385767,1.0
1732437755356301258,1.0
1732437755356301258,1.0
1732437755369689982,1.0
1732437755369689982,1.0
1732437755380204203,1.0
1732437755380204203,1.0
1732437755390461279,1.0
1732437755390461279,1.0
1732437755400849256,1.0
1732437755400849256,1.0
1732437755411049212,1.0
1732437755411049212,1.0
1732437755421205019,1.0
1732437755421205019,1.0
1732437755431874669,1.0
1732437755431874669,1.0
1732437755442387640,1.0
1732437755442387640,1.0
1732437755452598517,1.0
1732437755452598517,1.0
1732437755462866610,1.0
1732437755462866610,1.0
1732437755473484626,1.0
1732437755473484626,1.0
1732437755483886111,1.0
1732437755483886111,1.0
1732437755494152844,1.0
1732437755494152844,1.0
1732437755504705900,1.0
1732437755504705900,1.0
1732437755514983170,1.0
1732437755514983170,1.0
1732437755525622416,1.0
1732437755525622416,1.0
1732437755535715593,1.0
1732437755535715593,1.0
1732437755546199700,1.0
1732437755546199700,1.0
1732437755556644694,1.0
1732437755556644694,1.0
1732437755567108854,1.0
1732437755567108854,1.0
1732437755577430978,1.0
1732437755577430978,1.0
1732437755587793488,1.0
1732437755587793488,1.0
1732437755598458875,1.0
1732437755598458875,1.0
1732437755608817146,1.0
1732437755608817146,1.0
1732437755619457985,1.0
1732437755619457985,1.0
1732437755629871467,1.0
1732437755629871467,1.0
1732437755640180898,1.0
1732437755640180898,1.0
1732437755650346101,1.0
1732437755650346101,1.0
1732437755660703621,1.0
1732437755660703621,1.0
1732437755670821364,1.0
1732437755670821364,1.0
1732437755681443880,1.0
1732437755681443880,1.0
1732437755691570401,1.0
1732437755691570401,1.0
1732437755702207238,1.0
1732437755702207238,1.0
1732437755712829588,1.0
1732437755712829588,1.0
1732437755723231731,1.0
1732437755723231731,1.0
1732437755733594613,1.0
1732437755733594613,1.0
1732437755744215225,1.0
1732437755744215225,1.0
1732437755757652529,1.0
1732437755757652529,1.0
1732437755767796024,1.0
1732437755767796024,1.0
1732437755777994978,1.0
1732437755777994978,1.0
1732437755788496006,1.0
1732437755788496006,1.0
1732437755798921644,1.0
1732437755798921644,1.0
1732437755809410518,1.0
1732437755809410518,1.0
1732437755819606689,1.0
1732437755819606689,1.0
1732437755829692037,1.0
1732437755829692037,1.0
1732437755840171699,1.0
1732437755840171699,1.0
1732437755850806329,1.0
1732437755850806329,1.0
1732437755861281648,1.0
1732437755861281648,1.0
1732437755871728305,1.0
1732437755871728305,1.0
1732437755882233862,1.0
1732437755882233862,1.0
1732437755892671653,1.0
1732437755892671653,1.0
1732437755902871872,1.0
1732437755902871872,1.0
1732437755913174009,1.0
1732437755913174009,1.0
1732437755924400115,1.0
1732437755924400115,1.0
1732437755934856713,1.0
1732437755934856713,1.0
1732437755945131780,1.0
1732437755945131780,1.0
1732437755955255646,1.0
1732437755955255646,1.0
1732437755965741764,1.0
1732437755965741764,1.0
1732437755976158145,1.0
1732437755976158145,1.0
1732437755989065451,1.0
1732437755989065451,1.0
1732437755999318898,1.0
1732437755999318898,1.0
1732437756010048362,1.0
1732437756010048362,1.0
1732437756020282564,1.0
1732437756020282564,1.0
1732437756030725324,1.0
1732437756030725324,1.0
1732437756040962941,1.0
1732437756040962941,1.0
1732437756051192698,1.0
1732437756051192698,1.0
1732437756061758772,1.0
1732437756061758772,1.0
1732437756072188228,1.0
1732437756072188228,1.0
1732437756082663125,1.0
1732437756082663125,1.0
1732437756093232212,1.0
1732437756093232212,1.0
1732437756103858423,1.0
1732437756103858423,1.0
1732437756114114392,1.0
1732437756114114392,1.0
1732437756124242447,1.0
1732437756124242447,1.0
1732437756134415955,1.0
1732437756134415955,1.0
1732437756144694288,1.0
1732437756144694288,1.0
1732437756155207008,1.0
1732437756155207008,1.0
1732437756165619831,1.0
1732437756165619831,1.0
1732437756176239860,1.0
1732437756176239860,1.0
1732437756186715299,1.0
1732437756186715299,1.0
1732437756196910718,1.0
1732437756196910718,1.0
1732437756207210602,1.0
1732437756207210602,1.0
1732437756217566670,1.0
1732437756217566670,1.0
1732437756228102943,1.0
1732437756228102943,1.0
1732437756238421038,1.0
1732437756238421038,1.0
1732437756248690445,1.0
1732437756248690445,1.0
1732437756259224663,1.0
1732437756259224663,1.0
1732437756269723259,1.0
1732437756269723259,1.0
1732437756280082574,1.0
1732437756280082574,1.0
1732437756290226835,1.0
1732437756290226835,1.0
1732437756300972092,1.0
1732437756300972092,1.0
1732437756311236901,1.0
1732437756311236901,1.0
1732437756321704128,1.0
1732437756321704128,1.0
1732437756332233575,1.0
1732437756332233575,1.0
1732437756342777516,1.0
1732437756342777516,1.0
1732437756352870156,1.0
1732437756352870156,1.0
1732437756363385010,1.0
1732437756363385010,1.0
1732437756373693872,1.0
1732437756373693872,1.0
1732437756384009765,1.0
1732437756384009765,1.0
1732437756394570886,1.0
1732437756394570886,1.0
1732437756405985634,1.0
1732437756405985634,1.0
1732437756416474160,1.0
1732437756416474160,1.0
1732437756426578110,1.0
1732437756426578110,1.0
1732437756437038722,1.0
1732437756437038722,1.0
1732437756447069883,1.0
1732437756447069883,1.0
1732437756470452523,1.0
1732437756470452523,1.0
1732437756481053434,1.0
1732437756481053434,1.0
1732437756492003338,1.0
1732437756492003338,1.0
1732437756502631964,1.0
1732437756502631964,1.0
1732437756513098385,1.0
1732437756513098385,1.0
1732437756523301388,1.0
1732437756523301388,1.0
1732437756535287447,1.0
1732437756535287447,1.0
1732437756545810700,1.0
1732437756545810700,1.0
1732437756555963457,1.0
1732437756555963457,1.0
1732437756566325055,1.0
1732437756566325055,1.0
1732437756576589597,1.0
1732437756576589597,1.0
1732437756586993817,1.0
1732437756586993817,1.0
1732437756597155323,1.0
1732437756597155323,1.0
1732437756607771065,1.0
1732437756607771065,1.0
1732437756618220547,1.0
1732437756618220547,1.0
1732437756628337311,1.0
1732437756628337311,1.0
1732437756638846089,1.0
1732437756638846089,1.0
1732437756649103646,1.0
1732437756649103646,1.0
1732437756659401116,1.0
1732437756659401116,1.0
1732437756669670404,1.0
1732437756669670404,1.0
1732437756680164831,1.0
1732437756680164831,1.0
1732437756691085920,1.0
1732437756691085920,1.0
1732437756701235135,1.0
1732437756701235135,1.0
1732437756711456283,1.0
1732437756711456283,1.0
1732437756721931060,1.0
1732437756721931060,1.0
1732437756732490658,1.0
1732437756732490658,1.0
1732437756742689165,1.0
1732437756742689165,1.0
1732437756752777826,1.0
1732437756752777826,1.0
1732437756763051852,1.0
1732437756763051852,1.0
1732437756773436043,1.0
1732437756773436043,1.0
1732437756785001533,1.0
1732437756785001533,1.0
1732437756795236857,1.0
1732437756795236857,1.0
1732437756805844595,1.0
1732437756805844595,1.0
1732437756818750681,1.0
1732437756818750681,1.0
1732437756829079298,1.0
1732437756829079298,1.0
1732437756839561340,1.0
1732437756839561340,1.0
1732437756850340619,1.0
1732437756850340619,1.0
1732437756860565243,1.0
1732437756860565243,1.0
1732437756870837846,1.0
1732437756870837846,1.0
1732437756881161225,1.0
1732437756881161225,1.0
1732437756891698640,1.0
1732437756891698640,1.0
1732437756901860686,1.0
1732437756901860686,1.0
1732437756912151113,1.0
1732437756912151113,1.0
1732437756922522931,1.0
1732437756922522931,1.0
1732437756932665612,1.0
1732437756932665612,1.0
1732437756942970154,1.0
1732437756942970154,1.0
1732437756953496220,1.0
1732437756953496220,1.0
1732437756963928960,1.0
1732437756963928960,1.0
1732437756974107387,1.0
1732437756974107387,1.0
1732437756984495682,1.0
1732437756984495682,1.0
1732437756995044081,1.0
1732437756995044081,1.0
1732437757005331571,1.0
1732437757005331571,1.0
1732437757015597060,1.0
1732437757015597060,1.0
1732437757026931099,1.0
1732437757026931099,1.0
1732437757037658990,1.0
1732437757037658990,1.0
1732437757047662108,1.0
1732437757047662108,1.0
1732437757057989385,1.0
1732437757057989385,1.0
1732437757068261595,1.0
1732437757068261595,1.0
1732437757078518148,1.0
1732437757078518148,1.0
1732437757089048687,1.0
1732437757089048687,1.0
1732437757099315332,1.0
1732437757099315332,1.0
1732437757109685956,1.0
1732437757109685956,1.0
1732437757119902928,1.0
1732437757119902928,1.0
1732437757130546932,1.0
1732437757130546932,1.0
1732437757140820198,1.0
1732437757140820198,1.0
1732437757151327224,1.0
1732437757151327224,1.0
1732437757162014715,1.0
1732437757162014715,1.0
1732437757172572357,1.0
1732437757172572357,1.0
1732437757182720529,1.0
1732437757182720529,1.0
1732437757193169511,1.0
1732437757193169511,1.0
1732437757203390118,1.0
1732437757203390118,1.0
1732437757213618216,1.0
1732437757213618216,1.0
1732437757224267853,1.0
1732437757224267853,1.0
1732437757234772879,1.0
1732437757234772879,1.0
1732437757245321135,1.0
1732437757245321135,1.0
1732437757256016464,1.0
1732437757256016464,1.0
1732437757266237651,1.0
1732437757266237651,1.0
1732437757276752014,1.0
1732437757276752014,1.0
1732437757287864601,1.0
1732437757287864601,1.0
1732437757298020296,1.0
1732437757298020296,1.0
1732437757308721137,1.0
1732437757308721137,1.0
1732437757319271799,1.0
1732437757319271799,1.0
1732437757329550731,1.0
1732437757329550731,1.0
1732437757339870584,1.0
1732437757339870584,1.0
1732437757350199122,1.0
1732437757350199122,1.0
1732437757360449834,1.0
1732437757360449834,1.0
1732437757370582348,1.0
1732437757370582348,1.0
1732437757381151340,1.0
1732437757381151340,1.0
1732437757391712082,1.0
1732437757391712082,1.0
1732437757405063734,1.0
1732437757405063734,1.0
1732437757415511146,1.0
1732437757415511146,1.0
1732437757426131806,1.0
1732437757426131806,1.0
1732437757436443834,1.0
1732437757436443834,1.0
1732437757447062893,1.0
1732437757447062893,1.0
1732437757458935275,1.0
1732437757458935275,1.0
1732437757469339412,1.0
1732437757469339412,1.0
1732437757479423995,1.0
1732437757479423995,1.0
1732437757491477413,1.0
1732437757491477413,1.0
1732437757501853689,1.0
1732437757501853689,1.0
1732437757512084825,1.0
1732437757512084825,1.0
1732437757522368487,1.0
1732437757522368487,1.0
1732437757532996552,1.0
1732437757532996552,1.0
1732437757544033777,1.0
1732437757544033777,1.0
1732437757554633822,1.0
1732437757554633822,1.0
1732437757564925384,1.0
1732437757564925384,1.0
1732437757575025712,1.0
1732437757575025712,1.0
1732437757585275721,1.0
1732437757585275721,1.0
1732437757596033110,1.0
1732437757596033110,1.0
1732437757607266087,1.0
1732437757607266087,1.0
1732437757620479078,1.0
1732437757620479078,1.0
1732437757630840327,1.0
1732437757630840327,1.0
1732437757640998616,1.0
1732437757640998616,1.0
1732437757651427151,1.0
1732437757651427151,1.0
1732437757661571374,1.0
1732437757661571374,1.0
1732437757674078515,1.0
1732437757674078515,1.0
1732437757684454722,1.0
1732437757684454722,1.0
1732437757694517303,1.0
1732437757694517303,1.0
1732437757704963468,1.0
1732437757704963468,1.0
1732437757715127062,1.0
1732437757715127062,1.0
1732437757726859133,1.0
1732437757726859133,1.0
1732437757736894963,1.0
1732437757736894963,1.0
1732437757747201083,1.0
1732437757747201083,1.0
1732437757757626240,1.0
1732437757757626240,1.0
1732437757773052071,1.0
1732437757773052071,1.0
1732437757783663630,1.0
1732437757783663630,1.0
1732437757794282478,1.0
1732437757794282478,1.0
1732437757804792504,1.0
1732437757804792504,1.0
1732437757815184288,1.0
1732437757825388084,1.0
1732437757825388084,1.0
1732437757825388084,1.0
1732437757835812218,1.0
1732437757835812218,1.0
1732437757856456469,1.0
1732437757856456469,1.0
1732437757856456469,1.0
1732437757856456469,1.0
1732437757867974583,1.0
1732437757867974583,1.0
1732437757878430739,1.0
1732437757878430739,1.0
1732437757888905458,1.0
1732437757888905458,1.0
1732437757899470476,1.0
1732437757899470476,1.0
1732437757909733480,1.0
1732437757909733480,1.0
1732437757920149159,1.0
1732437757920149159,1.0
1732437757931165486,1.0
1732437757931165486,1.0
1732437757941704644,1.0
1732437757941704644,1.0
1732437757952242151,1.0
1732437757952242151,1.0
1732437757962558254,1.0
1732437757962558254,1.0
1732437757973044617,1.0
1732437757973044617,1.0
1732437757983892781,1.0
1732437757983892781,1.0
1732437757994599674,1.0
1732437757994599674,1.0
1732437758005156243,1.0
1732437758005156243,1.0
1732437758016112098,1.0
1732437758016112098,1.0
1732437758026183737,1.0
1732437758026183737,1.0
1732437758037436555,1.0
1732437758037436555,1.0
1732437758048112767,1.0
1732437758048112767,1.0
1732437758058340708,1.0
1732437758058340708,1.0
1732437758068790962,1.0
1732437758068790962,1.0
1732437758079507138,1.0
1732437758079507138,1.0
1732437758090188151,1.0
1732437758090188151,1.0
1732437758100698917,1.0
1732437758100698917,1.0
1732437758111309834,1.0
1732437758111309834,1.0
1732437758122016967,1.0
1732437758122016967,1.0
1732437758132378154,1.0
1732437758132378154,1.0
1732437758142791326,1.0
1732437758142791326,1.0
1732437758152922961,1.0
1732437758152922961,1.0
1732437758163101585,1.0
1732437758163101585,1.0
1732437758173637149,1.0
1732437758173637149,1.0
1732437758183800843,1.0
1732437758183800843,1.0
1732437758193891448,1.0
1732437758193891448,1.0
1732437758204384300,1.0
1732437758204384300,1.0
1732437758214914221,1.0
1732437758214914221,1.0
1732437758225226078,1.0
1732437758225226078,1.0
1732437758235703354,1.0
1732437758235703354,1.0
1732437758246289329,1.0
1732437758246289329,1.0
1732437758256461855,1.0
1732437758256461855,1.0
1732437758266773160,1.0
1732437758266773160,1.0
1732437758277192205,1.0
1732437758277192205,1.0
1732437758287453060,1.0
1732437758287453060,1.0
1732437758297625255,1.0
1732437758297625255,1.0
1732437758307981254,1.0
1732437758307981254,1.0
1732437758318119588,1.0
1732437758318119588,1.0
1732437758328488732,1.0
1732437758328488732,1.0
1732437758339094294,1.0
1732437758339094294,1.0
1732437758349871487,1.0
1732437758349871487,1.0
1732437758360069012,1.0
1732437758360069012,1.0
1732437758370657242,1.0
1732437758370657242,1.0
1732437758381240822,1.0
1732437758381240822,1.0
1732437758391430032,1.0
1732437758391430032,1.0
1732437758401539294,1.0
1732437758401539294,1.0
1732437758411750353,1.0
1732437758411750353,1.0
1732437758422268664,1.0
1732437758422268664,1.0
1732437758432835234,1.0
1732437758432835234,1.0
1732437758443651305,1.0
1732437758443651305,1.0
1732437758464829063,1.0
1732437758464829063,1.0
1732437758475519423,1.0
1732437758475519423,1.0
1732437758485982752,1.0
1732437758485982752,1.0
1732437758496250160,1.0
1732437758496250160,1.0
1732437758506338324,1.0
1732437758506338324,1.0
1732437758516881530,1.0
1732437758516881530,1.0
1732437758527325502,1.0
1732437758527325502,1.0
1732437758537698833,1.0
1732437758537698833,1.0
1732437758547870029,1.0
1732437758547870029,1.0
1732437758558440636,1.0
1732437758558440636,1.0
1732437758568887495,1.0
1732437758568887495,1.0
1732437758579571382,1.0
1732437758579571382,1.0
1732437758589659191,1.0
1732437758589659191,1.0
1732437758599987539,1.0
1732437758599987539,1.0
1732437758610555733,1.0
1732437758610555733,1.0
1732437758620897816,1.0
1732437758620897816,1.0
1732437758631525760,1.0
1732437758631525760,1.0
1732437758641829871,1.0
1732437758641829871,1.0
1732437758652162012,1.0
1732437758652162012,1.0
1732437758662618283,1.0
1732437758662618283,1.0
1732437758673601647,1.0
1732437758673601647,1.0
1732437758683878850,1.0
1732437758683878850,1.0
1732437758694355011,1.0
1732437758694355011,1.0
1732437758704464932,1.0
1732437758704464932,1.0
1732437758714884037,1.0
1732437758714884037,1.0
1732437758725339069,1.0
1732437758725339069,1.0
1732437758736023259,1.0
1732437758736023259,1.0
1732437758747407390,1.0
1732437758747407390,1.0
1732437758757596759,1.0
1732437758757596759,1.0
1732437758767758948,1.0
1732437758767758948,1.0
1732437758777893845,1.0
1732437758777893845,1.0
1732437758789723214,1.0
1732437758789723214,1.0
1732437758800613696,1.0
1732437758800613696,1.0
1732437758810946493,1.0
1732437758810946493,1.0
1732437758821303263,1.0
1732437758821303263,1.0
1732437758831575006,1.0
1732437758831575006,1.0
1732437758841692016,1.0
1732437758841692016,1.0
1732437758851997343,1.0
1732437758851997343,1.0
1732437758864244192,1.0
1732437758864244192,1.0
1732437758874575756,1.0
1732437758874575756,1.0
1732437758886821962,1.0
1732437758886821962,1.0
1732437758896851501,1.0
1732437758896851501,1.0
1732437758906881743,1.0
1732437758906881743,1.0
1732437758917482738,1.0
1732437758917482738,1.0
1732437758927576790,1.0
1732437758927576790,1.0
1732437758937580603,1.0
1732437758937580603,1.0
1732437758947678441,1.0
1732437758947678441,1.0
1732437758957791939,1.0
1732437758957791939,1.0
1732437758967931245,1.0
1732437758967931245,1.0
1732437758978493687,1.0
1732437758978493687,1.0
1732437758988817698,1.0
1732437758988817698,1.0
1732437758999039956,1.0
1732437758999039956,1.0
1732437759009616706,1.0
1732437759009616706,1.0
1732437759019973546,1.0
1732437759019973546,1.0
1732437759030338437,1.0
1732437759030338437,1.0
1732437759040857854,1.0
1732437759040857854,1.0
1732437759051610752,1.0
1732437759051610752,1.0
1732437759061915035,1.0
1732437759061915035,1.0
1732437759072369046,1.0
1732437759072369046,1.0
1732437759082556109,1.0
1732437759082556109,1.0
1732437759092998468,1.0
1732437759092998468,1.0
1732437759103160434,1.0
1732437759103160434,1.0
1732437759113855123,1.0
1732437759113855123,1.0
1732437759127046492,1.0
1732437759127046492,1.0
1732437759137184944,1.0
1732437759137184944,1.0
1732437759147325343,1.0
1732437759147325343,1.0
1732437759157446274,1.0
1732437759157446274,1.0
1732437759167663253,1.0
1732437759167663253,1.0
1732437759177847431,1.0
1732437759177847431,1.0
1732437759189189717,1.0
1732437759189189717,1.0
1732437759199497777,1.0
1732437759199497777,1.0
1732437759210140298,1.0
1732437759210140298,1.0
1732437759220449120,1.0
1732437759220449120,1.0
1732437759230945389,1.0
1732437759230945389,1.0
1732437759241464572,1.0
1732437759241464572,1.0
1732437759255784248,1.0
1732437759265895389,1.0
1732437759265895389,1.0
1732437759265895389,1.0
1732437759276231582,1.0
1732437759276231582,1.0
1732437759286358313,1.0
1732437759286358313,1.0
1732437759296763100,1.0
1732437759296763100,1.0
1732437759306845267,1.0
1732437759306845267,1.0
1732437759319928634,1.0
1732437759319928634,1.0
1732437759330101973,1.0
1732437759330101973,1.0
1732437759340262896,1.0
1732437759340262896,1.0
1732437759350526435,1.0
1732437759350526435,1.0
1732437759361018375,1.0
1732437759361018375,1.0
1732437759371772897,1.0
1732437759371772897,1.0
1732437759382097376,1.0
1732437759382097376,1.0
1732437759392745870,1.0
1732437759392745870,1.0
1732437759403512622,1.0
1732437759403512622,1.0
1732437759413698184,1.0
1732437759413698184,1.0
1732437759424366202,1.0
1732437759424366202,1.0
1732437759434495640,1.0
1732437759434495640,1.0
1732437759444651317,1.0
1732437759444651317,1.0
1732437759455010880,1.0
1732437759455010880,1.0
1732437759465298402,1.0
1732437759465298402,1.0
1732437759475407612,1.0
1732437759475407612,1.0
1732437759485793201,1.0
1732437759485793201,1.0
1732437759496318450,1.0
1732437759496318450,1.0
1732437759506715795,1.0
1732437759506715795,1.0
1732437759517575717,1.0
1732437759517575717,1.0
1732437759527923755,1.0
1732437759527923755,1.0
1732437759538417156,1.0
1732437759538417156,1.0
1732437759548709366,1.0
1732437759548709366,1.0
1732437759559260541,1.0
1732437759559260541,1.0
1732437759569818478,1.0
1732437759569818478,1.0
1732437759580480705,1.0
1732437759580480705,1.0
1732437759590606605,1.0
1732437759590606605,1.0
1732437759602018700,1.0
1732437759602018700,1.0
1732437759612593225,1.0
1732437759612593225,1.0
1732437759623239430,1.0
1732437759623239430,1.0
1732437759633587997,1.0
1732437759633587997,1.0
1732437759643722705,1.0
1732437759643722705,1.0
1732437759653967013,1.0
1732437759653967013,1.0
1732437759664290345,1.0
1732437759664290345,1.0
1732437759674994067,1.0
1732437759674994067,1.0
1732437759685518110,1.0
1732437759685518110,1.0
1732437759696108797,1.0
1732437759696108797,1.0
1732437759706315287,1.0
1732437759706315287,1.0
1732437759719267127,1.0
1732437759719267127,1.0
1732437759729602688,1.0
1732437759729602688,1.0
1732437759740329266,1.0
1732437759740329266,1.0
1732437759750664865,1.0
1732437759750664865,1.0
1732437759761116864,1.0
1732437759761116864,1.0
1732437759771323593,1.0
1732437759771323593,1.0
1732437759781669846,1.0
1732437759781669846,1.0
1732437759792187142,1.0
1732437759792187142,1.0
1732437759802487479,1.0
1732437759802487479,1.0
1732437759812846248,1.0
1732437759812846248,1.0
1732437759823032055,1.0
1732437759823032055,1.0
1732437759833324566,1.0
1732437759833324566,1.0
1732437759843630171,1.0
1732437759843630171,1.0
1732437759853954859,1.0
1732437759853954859,1.0
1732437759864515751,1.0
1732437759864515751,1.0
1732437759874732580,1.0
1732437759874732580,1.0
1732437759885356728,1.0
1732437759885356728,1.0
1732437759896149439,1.0
1732437759896149439,1.0
1732437759906403269,1.0
1732437759906403269,1.0
1732437759917443239,1.0
1732437759917443239,1.0
1732437759927987459,1.0
1732437759927987459,1.0
1732437759938850056,1.0
1732437759938850056,1.0
1732437759949280105,1.0
1732437759949280105,1.0
1732437759959764370,1.0
1732437759959764370,1.0
1732437759970463561,1.0
1732437759970463561,1.0
1732437759980569233,1.0
1732437759980569233,1.0
1732437759990725187,1.0
1732437759990725187,1.0
1732437759990725187,1.0
1732437759990725187,1.0
1732437760011705544,1.0
1732437760021970838,1.0
1732437760021970838,1.0
1732437760021970838,1.0
1732437760021970838,1.0
1732437760021970838,1.0
1732437760043286705,1.0
1732437760043286705,1.0
1732437760053671727,1.0
1732437760053671727,1.0
1732437760064271219,1.0
1732437760064271219,1.0
1732437760075292319,1.0
1732437760075292319,1.0
1732437760085763422,1.0
1732437760085763422,1.0
1732437760096440359,1.0
1732437760096440359,1.0
1732437760107391435,1.0
1732437760107391435,1.0
1732437760107391435,1.0
1732437760107391435,1.0
1732437760127953894,1.0
1732437760127953894,1.0
1732437760138562890,1.0
1732437760138562890,1.0
1732437760138562890,1.0
1732437760152396455,1.0
1732437760162925086,1.0
1732437760162925086,1.0
1732437760173389926,1.0
1732437760173389926,1.0
1732437760183910432,1.0
1732437760183910432,1.0
1732437760194245100,1.0
1732437760194245100,1.0
1732437760205002062,1.0
1732437760205002062,1.0
1732437760215459038,1.0
1732437760215459038,1.0
1732437760225900992,1.0
1732437760225900992,1.0
1732437760236460674,1.0
1732437760236460674,1.0
1732437760249175398,1.0
1732437760249175398,1.0
1732437760259760864,1.0
1732437760259760864,1.0
1732437760270638113,1.0
1732437760270638113,1.0
1732437760281472813,1.0
1732437760281472813,1.0
1732437760291623770,1.0
1732437760291623770,1.0
1732437760291623770,1.0
1732437760291623770,1.0
1732437760317461547,1.0
1732437760317461547,1.0
1732437760327597418,1.0
1732437760327597418,1.0
1732437760339934822,1.0
1732437760339934822,1.0
1732437760350489843,1.0
1732437760350489843,1.0
1732437760361396659,1.0
1732437760361396659,1.0
1732437760372793001,1.0
1732437760372793001,1.0
1732437760382921029,1.0
1732437760382921029,1.0
1732437760393318141,1.0
1732437760393318141,1.0
1732437760406362834,1.0
1732437760406362834,1.0
1732437760416629561,1.0
1732437760416629561,1.0
1732437760426899728,1.0
1732437760426899728,1.0
1732437760437180527,1.0
1732437760437180527,1.0
1732437760447597826,1.0
1732437760447597826,1.0
1732437760458294312,1.0
1732437760458294312,1.0
1732437760468797254,1.0
1732437760468797254,1.0
1732437760479635962,1.0
1732437760479635962,1.0
1732437760489889840,1.0
1732437760489889840,1.0
1732437760500003167,1.0
1732437760500003167,1.0
1732437760510610935,1.0
1732437760510610935,1.0
1732437760520918694,1.0
1732437760520918694,1.0
1732437760531541278,1.0
1732437760531541278,1.0
1732437760541769480,1.0
1732437760541769480,1.0
1732437760552259177,1.0
1732437760552259177,1.0
1732437760562508136,1.0
1732437760562508136,1.0
1732437760572892016,1.0
1732437760572892016,1.0
1732437760583400771,1.0
1732437760583400771,1.0
1732437760593609814,1.0
1732437760593609814,1.0
1732437760603885605,1.0
1732437760603885605,1.0
1732437760614264522,1.0
1732437760614264522,1.0
1732437760624789586,1.0
1732437760624789586,1.0
1732437760635308511,1.0
1732437760635308511,1.0
1732437760645731295,1.0
1732437760645731295,1.0
1732437760656388683,1.0
1732437760656388683,1.0
1732437760666497102,1.0
1732437760666497102,1.0
1732437760677061759,1.0
1732437760677061759,1.0
1732437760687442553,1.0
1732437760687442553,1.0
1732437760697823198,1.0
1732437760697823198,1.0
1732437760708267780,1.0
1732437760708267780,1.0
1732437760718483619,1.0
1732437760718483619,1.0
1732437760728780237,1.0
1732437760728780237,1.0
1732437760739284471,1.0
1732437760739284471,1.0
1732437760749951588,1.0
1732437760749951588,1.0
1732437760760483364,1.0
1732437760760483364,1.0
1732437760770873456,1.0
1732437760770873456,1.0
1732437760781045270,1.0
1732437760781045270,1.0
1732437760791425175,1.0
1732437760791425175,1.0
1732437760801906096,1.0
1732437760801906096,1.0
1732437760812322286,1.0
1732437760812322286,1.0
1732437760822469327,1.0
1732437760822469327,1.0
1732437760832812081,1.0
1732437760832812081,1.0
1732437760843051834,1.0
1732437760843051834,1.0
1732437760853119286,1.0
1732437760853119286,1.0
1732437760863674965,1.0
1732437760863674965,1.0
1732437760874517606,1.0
1732437760874517606,1.0
1732437760884847090,1.0
1732437760884847090,1.0
1732437760895179454,1.0
1732437760895179454,1.0
1732437760906144416,1.0
1732437760906144416,1.0
1732437760917076648,1.0
1732437760917076648,1.0
1732437760927486828,1.0
1732437760927486828,1.0
1732437760938334492,1.0
1732437760938334492,1.0
1732437760948795887,1.0
1732437760948795887,1.0
1732437760959158487,1.0
1732437760959158487,1.0
1732437760970018913,1.0
1732437760970018913,1.0
1732437760980659493,1.0
1732437760980659493,1.0
1732437760991475705,1.0
1732437760991475705,1.0
1732437761002130482,1.0
1732437761002130482,1.0
1732437761012528169,1.0
1732437761012528169,1.0
1732437761023272823,1.0
1732437761023272823,1.0
1732437761033487317,1.0
1732437761033487317,1.0
1732437761043579826,1.0
1732437761043579826,1.0
1732437761054042632,1.0
1732437761054042632,1.0
1732437761065203139,1.0
1732437761065203139,1.0
1732437761075433684,1.0
1732437761075433684,1.0
1732437761085933942,1.0
1732437761085933942,1.0
1732437761096184584,1.0
1732437761096184584,1.0
1732437761106947350,1.0
1732437761106947350,1.0
1732437761116995255,1.0
1732437761116995255,1.0
1732437761127128569,1.0
1732437761127128569,1.0
1732437761138022820,1.0
1732437761138022820,1.0
1732437761148457002,1.0
1732437761148457002,1.0
1732437761159027633,1.0
1732437761159027633,1.0
1732437761169638176,1.0
1732437761169638176,1.0
1732437761169638176,1.0
1732437761169638176,1.0
1732437761190878636,1.0
1732437761190878636,1.0
1732437761201174563,1.0
1732437761201174563,1.0
1732437761211527025,1.0
1732437761211527025,1.0
1732437761221881261,1.0
1732437761221881261,1.0
1732437761232076781,1.0
1732437761232076781,1.0
1732437761242409386,1.0
1732437761242409386,1.0
1732437761253102463,1.0
1732437761253102463,1.0
1732437761263424599,1.0
1732437761263424599,1.0
1732437761273860044,1.0
1732437761273860044,1.0
1732437761284216824,1.0
1732437761284216824,1.0
1732437761295219777,1.0
1732437761295219777,1.0
1732437761306394357,1.0
1732437761306394357,1.0
1732437761317202081,1.0
1732437761317202081,1.0
1732437761327307813,1.0
1732437761327307813,1.0
1732437761327307813,1.0
1732437761327307813,1.0
1732437761347771408,1.0
1732437761347771408,1.0
1732437761357887470,1.0
1732437761357887470,1.0
1732437761368472993,1.0
1732437761368472993,1.0
1732437761378905419,1.0
1732437761378905419,1.0
1732437761389180485,1.0
1732437761389180485,1.0
1732437761399279547,1.0
1732437761399279547,1.0
1732437761409407817,1.0
1732437761409407817,1.0
1732437761419833009,1.0
1732437761419833009,1.0
1732437761430512250,1.0
1732437761430512250,1.0
1732437761440920474,1.0
1732437761440920474,1.0
1732437761451259292,1.0
1732437761451259292,1.0
1732437761461780899,1.0
1732437761461780899,1.0
1732437761471974915,1.0
1732437761471974915,1.0
1732437761482139014,1.0
1732437761482139014,1.0
1732437761492642260,1.0
1732437761492642260,1.0
1732437761502952444,1.0
1732437761502952444,1.0
1732437761513203036,1.0
1732437761513203036,1.0
1732437761523497219,1.0
1732437761523497219,1.0
1732437761533871112,1.0
1732437761533871112,1.0
1732437761544264570,1.0
1732437761544264570,1.0
1732437761554740552,1.0
1732437761554740552,1.0
1732437761565043061,1.0
1732437761565043061,1.0
1732437761575577523,1.0
1732437761575577523,1.0
1732437761585882075,1.0
1732437761585882075,1.0
1732437761596257978,1.0
1732437761596257978,1.0
1732437761606350806,1.0
1732437761606350806,1.0
1732437761617063803,1.0
1732437761617063803,1.0
1732437761627174175,1.0
1732437761627174175,1.0
1732437761637653873,1.0
1732437761637653873,1.0
1732437761648303038,1.0
1732437761648303038,1.0
1732437761669972998,1.0
1732437761669972998,1.0
1732437761669972998,1.0
1732437761669972998,1.0
1732437761680261151,1.0
1732437761680261151,1.0
1732437761690951923,1.0
1732437761690951923,1.0
1732437761703320338,1.0
1732437761703320338,1.0
1732437761713594044,1.0
1732437761713594044,1.0
1732437761724122754,1.0
1732437761724122754,1.0
1732437761734370781,1.0
1732437761734370781,1.0
1732437761746280002,1.0
1732437761746280002,1.0
1732437761756754201,1.0
1732437761756754201,1.0
1732437761769580316,1.0
1732437761769580316,1.0
1732437761779670902,1.0
1732437761779670902,1.0
1732437761789914160,1.0
1732437761789914160,1.0
1732437761803142953,1.0
1732437761803142953,1.0
1732437761814689902,1.0
1732437761814689902,1.0
1732437761825009174,1.0
1732437761825009174,1.0
1732437761835203521,1.0
1732437761835203521,1.0
1732437761845541135,1.0
1732437761845541135,1.0
1732437761857953282,1.0
1732437761857953282,1.0
1732437761868181282,1.0
1732437761868181282,1.0
1732437761878368377,1.0
1732437761878368377,1.0
1732437761888700481,1.0
1732437761888700481,1.0
1732437761898803990,1.0
1732437761898803990,1.0
1732437761909376342,1.0
1732437761909376342,1.0
1732437761920944055,1.0
1732437761920944055,1.0
1732437761932102849,1.0
1732437761932102849,1.0
1732437761942381403,1.0
1732437761942381403,1.0
1732437761952626325,1.0
1732437761952626325,1.0
1732437761963188808,1.0
1732437761963188808,1.0
1732437761973372515,1.0
1732437761973372515,1.0
1732437761983714219,1.0
1732437761983714219,1.0
1732437761993842212,1.0
1732437761993842212,1.0
1732437762004181189,1.0
1732437762004181189,1.0
1732437762014691515,1.0
1732437762014691515,1.0
1732437762025119869,1.0
1732437762025119869,1.0
1732437762035773262,1.0
1732437762035773262,1.0
1732437762046115494,1.0
1732437762046115494,1.0
1732437762056874834,1.0
1732437762056874834,1.0
1732437762067375292,1.0
1732437762067375292,1.0
1732437762077642395,1.0
1732437762077642395,1.0
1732437762087655966,1.0
1732437762087655966,1.0
1732437762097949238,1.0
1732437762097949238,1.0
1732437762109627375,1.0
1732437762109627375,1.0
1732437762119827848,1.0
1732437762119827848,1.0
1732437762130978144,1.0
1732437762130978144,1.0
1732437762141625416,1.0
1732437762141625416,1.0
1732437762151977618,1.0
1732437762151977618,1.0
1732437762162518442,1.0
1732437762162518442,1.0
1732437762172621759,1.0
1732437762172621759,1.0
1732437762183018615,1.0
1732437762183018615,1.0
1732437762193347770,1.0
1732437762193347770,1.0
1732437762203758795,1.0
1732437762203758795,1.0
1732437762213895946,1.0
1732437762213895946,1.0
1732437762224346471,1.0
1732437762224346471,1.0
1732437762234898815,1.0
1732437762234898815,1.0
1732437762245210821,1.0
1732437762245210821,1.0
1732437762257532780,1.0
1732437762257532780,1.0
1732437762267931138,1.0
1732437762267931138,1.0
1732437762278445842,1.0
1732437762278445842,1.0
1732437762288974182,1.0
1732437762288974182,1.0
1732437762299465102,1.0
1732437762299465102,1.0
1732437762310032825,1.0
1732437762310032825,1.0
1732437762320237569,1.0
1732437762320237569,1.0
1732437762330684801,1.0
1732437762330684801,1.0
1732437762341341690,1.0
1732437762341341690,1.0
1732437762351531467,1.0
1732437762351531467,1.0
1732437762361919778,1.0
1732437762361919778,1.0
1732437762372611523,1.0
1732437762372611523,1.0
1732437762382750387,1.0
1732437762382750387,1.0
1732437762393093342,1.0
1732437762393093342,1.0
1732437762403246493,1.0
1732437762403246493,1.0
1732437762413637256,1.0
1732437762413637256,1.0
1732437762424049467,1.0
1732437762424049467,1.0
1732437762434523378,1.0
1732437762434523378,1.0
1732437762444737042,1.0
1732437762444737042,1.0
1732437762455409941,1.0
1732437762455409941,1.0
1732437762466304813,1.0
1732437762466304813,1.0
1732437762476615684,1.0
1732437762476615684,1.0
1732437762487134759,1.0
1732437762487134759,1.0
1732437762497225074,1.0
1732437762497225074,1.0
1732437762507529196,1.0
1732437762507529196,1.0
1732437762517690312,1.0
1732437762517690312,1.0
1732437762527826974,1.0
1732437762527826974,1.0
1732437762538047460,1.0
1732437762538047460,1.0
1732437762548394773,1.0
1732437762548394773,1.0
1732437762558981201,1.0
1732437762558981201,1.0
1732437762569504001,1.0
1732437762569504001,1.0
1732437762579778226,1.0
1732437762579778226,1.0
1732437762590289515,1.0
1732437762590289515,1.0
1732437762602206129,1.0
1732437762602206129,1.0
1732437762612847879,1.0
1732437762612847879,1.0
1732437762623380727,1.0
1732437762623380727,1.0
1732437762634386255,1.0
1732437762634386255,1.0
1732437762644712308,1.0
1732437762644712308,1.0
1732437762656611136,1.0
1732437762656611136,1.0
1732437762667808404,1.0
1732437762667808404,1.0
1732437762678114991,1.0
1732437762678114991,1.0
1732437762688444250,1.0
1732437762688444250,1.0
1732437762698545925,1.0
1732437762698545925,1.0
1732437762708976313,1.0
1732437762708976313,1.0
1732437762719405938,1.0
1732437762719405938,1.0
1732437762729757709,1.0
1732437762729757709,1.0
1732437762740053576,1.0
1732437762740053576,1.0
1732437762750685258,1.0
1732437762750685258,1.0
1732437762761200579,1.0
1732437762761200579,1.0
1732437762771955284,1.0
1732437762771955284,1.0
1732437762782233197,1.0
1732437762782233197,1.0
1732437762792692689,1.0
1732437762792692689,1.0
1732437762802992904,1.0
1732437762802992904,1.0
1732437762813210204,1.0
1732437762813210204,1.0
1732437762823505491,1.0
1732437762823505491,1.0
1732437762833827607,1.0
1732437762833827607,1.0
1732437762844389225,1.0
1732437762844389225,1.0
1732437762854932816,1.0
1732437762854932816,1.0
1732437762865695832,1.0
1732437762865695832,1.0
1732437762876949844,1.0
1732437762876949844,1.0
1732437762887107312,1.0
1732437762887107312,1.0
1732437762897781142,1.0
1732437762897781142,1.0
1732437762908929543,1.0
1732437762908929543,1.0
1732437762919313027,1.0
1732437762919313027,1.0
1732437762929432786,1.0
1732437762929432786,1.0
1732437762939957769,1.0
1732437762939957769,1.0
1732437762950074860,1.0
1732437762950074860,1.0
1732437762960327460,1.0
1732437762960327460,1.0
1732437762972483730,1.0
1732437762972483730,1.0
1732437762984465796,1.0
1732437762984465796,1.0
1732437762994678628,1.0
1732437762994678628,1.0
1732437763004792587,1.0
1732437763004792587,1.0
1732437763015931844,1.0
1732437763015931844,1.0
1732437763026874364,1.0
1732437763026874364,1.0
1732437763037427490,1.0
1732437763037427490,1.0
1732437763048160029,1.0
1732437763048160029,1.0
1732437763058722613,1.0
1732437763058722613,1.0
1732437763069016135,1.0
1732437763069016135,1.0
1732437763079583667,1.0
1732437763079583667,1.0
1732437763090311625,1.0
1732437763090311625,1.0
1732437763100581016,1.0
1732437763100581016,1.0
1732437763110727887,1.0
1732437763110727887,1.0
1732437763121211383,1.0
1732437763121211383,1.0
1732437763131627780,1.0
1732437763131627780,1.0
1732437763142304971,1.0
1732437763142304971,1.0
1732437763152851290,1.0
1732437763152851290,1.0
1732437763163049058,1.0
1732437763163049058,1.0
1732437763173575023,1.0
1732437763173575023,1.0
1732437763183954897,1.0
1732437763183954897,1.0
1732437763194839007,1.0
1732437763194839007,1.0
1732437763205218647,1.0
1732437763205218647,1.0
1732437763215580872,1.0
1732437763215580872,1.0
1732437763226180184,1.0
1732437763226180184,1.0
1732437763236545300,1.0
1732437763236545300,1.0
1732437763247227476,1.0
1732437763247227476,1.0
1732437763257479932,1.0
1732437763257479932,1.0
1732437763267621391,1.0
1732437763267621391,1.0
1732437763277927764,1.0
1732437763277927764,1.0
1732437763288064014,1.0
1732437763288064014,1.0
1732437763298947384,1.0
1732437763298947384,1.0
1732437763309434608,1.0
1732437763309434608,1.0
1732437763319730335,1.0
1732437763319730335,1.0
1732437763330003139,1.0
1732437763330003139,1.0
1732437763340443856,1.0
1732437763340443856,1.0
1732437763352300107,1.0
1732437763352300107,1.0
1732437763362605271,1.0
1732437763362605271,1.0
1732437763373085906,1.0
1732437763373085906,1.0
1732437763383429187,1.0
1732437763383429187,1.0
1732437763393849960,1.0
1732437763393849960,1.0
1732437763404298451,1.0
1732437763404298451,1.0
1732437763414423108,1.0
1732437763414423108,1.0
1732437763425085328,1.0
1732437763425085328,1.0
1732437763435447199,1.0
1732437763435447199,1.0
1732437763446043291,1.0
1732437763446043291,1.0
1732437763457016653,1.0
1732437763457016653,1.0
1732437763467443283,1.0
1732437763467443283,1.0
1732437763477885622,1.0
1732437763477885622,1.0
1732437763488215002,1.0
1732437763488215002,1.0
1732437763498268708,1.0
1732437763498268708,1.0
1732437763508644313,1.0
1732437763508644313,1.0
1732437763519309397,1.0
1732437763519309397,1.0
1732437763529660085,1.0
1732437763529660085,1.0
1732437763539838835,1.0
1732437763539838835,1.0
1732437763550927819,1.0
1732437763550927819,1.0
1732437763561164957,1.0
1732437763561164957,1.0
1732437763572967729,1.0
1732437763572967729,1.0
1732437763583454861,1.0
1732437763583454861,1.0
1732437763593840582,1.0
1732437763593840582,1.0
1732437763604520618,1.0
1732437763604520618,1.0
1732437763614644194,1.0
1732437763614644194,1.0
1732437763625023316,1.0
1732437763625023316,1.0
1732437763635177219,1.0
1732437763635177219,1.0
1732437763645614248,1.0
1732437763645614248,1.0
1732437763656022024,1.0
1732437763656022024,1.0
1732437763666477929,1.0
1732437763666477929,1.0
1732437763677031103,1.0
1732437763677031103,1.0
1732437763687248906,1.0
1732437763687248906,1.0
1732437763706907924,1.0
1732437763706907924,1.0
1732437763717433668,1.0
1732437763717433668,1.0
1732437763728617538,1.0
1732437763728617538,1.0
1732437763738837794,1.0
1732437763738837794,1.0
1732437763749840868,1.0
1732437763749840868,1.0
1732437763760526381,1.0
1732437763760526381,1.0
1732437763770667981,1.0
1732437763770667981,1.0
1732437763780786035,1.0
1732437763780786035,1.0
1732437763794207992,1.0
1732437763794207992,1.0
1732437763804890649,1.0
1732437763804890649,1.0
1732437763815180015,1.0
1732437763815180015,1.0
1732437763825680012,1.0
1732437763825680012,1.0
1732437763836142448,1.0
1732437763836142448,1.0
1732437763846202092,1.0
1732437763846202092,1.0
1732437763856762074,1.0
1732437763856762074,1.0
1732437763866926155,1.0
1732437763866926155,1.0
1732437763877299537,1.0
1732437763877299537,1.0
1732437763887842583,1.0
1732437763887842583,1.0
1732437763898194394,1.0
1732437763898194394,1.0
1732437763908620384,1.0
1732437763908620384,1.0
1732437763918812509,1.0
1732437763918812509,1.0
1732437763929091966,1.0
1732437763929091966,1.0
1732437763939411836,1.0
1732437763939411836,1.0
1732437763949846381,1.0
1732437763949846381,1.0
1732437763960294351,1.0
1732437763960294351,1.0
1732437763970405003,1.0
1732437763970405003,1.0
1732437763980954533,1.0
1732437763980954533,1.0
1732437763991739850,1.0
1732437763991739850,1.0
1732437764002255406,1.0
1732437764002255406,1.0
1732437764012724536,1.0
1732437764012724536,1.0
1732437764023079875,1.0
1732437764023079875,1.0
1732437764033248475,1.0
1732437764033248475,1.0
1732437764043409361,1.0
1732437764043409361,1.0
1732437764054068173,1.0
1732437764054068173,1.0
1732437764069390168,1.0
1732437764069390168,1.0
1732437764079664824,1.0
1732437764079664824,1.0
1732437764090246112,1.0
1732437764090246112,1.0
1732437764100630053,1.0
1732437764100630053,1.0
1732437764111029359,1.0
1732437764111029359,1.0
1732437764121597296,1.0
1732437764121597296,1.0
1732437764132689315,1.0
1732437764132689315,1.0
1732437764142728314,1.0
1732437764142728314,1.0
1732437764152971633,1.0
1732437764152971633,1.0
1732437764163482881,1.0
1732437764163482881,1.0
1732437764173762398,1.0
1732437764173762398,1.0
1732437764184106645,1.0
1732437764184106645,1.0
1732437764194427538,1.0
1732437764194427538,1.0
1732437764206234358,1.0
1732437764206234358,1.0
1732437764216478900,1.0
1732437764216478900,1.0
1732437764226799711,1.0
1732437764226799711,1.0
1732437764236971961,1.0
1732437764236971961,1.0
1732437764247321978,1.0
1732437764247321978,1.0
1732437764257898007,1.0
1732437764257898007,1.0
1732437764268460520,1.0
1732437764268460520,1.0
1732437764268460520,1.0
1732437764268460520,1.0
1732437764289185162,1.0
1732437764289185162,1.0
1732437764299527305,1.0
1732437764299527305,1.0
1732437764309894125,1.0
1732437764309894125,1.0
1732437764320118037,1.0
1732437764320118037,1.0
1732437764330469728,1.0
1732437764330469728,1.0
1732437764341032892,1.0
1732437764341032892,1.0
1732437764354728649,1.0
1732437764354728649,1.0
1732437764364913829,1.0
1732437764364913829,1.0
1732437764377163394,1.0
1732437764377163394,1.0
1732437764387560779,1.0
1732437764387560779,1.0
1732437764397832090,1.0
1732437764397832090,1.0
1732437764408118070,1.0
1732437764408118070,1.0
1732437764418333387,1.0
1732437764418333387,1.0
1732437764428463545,1.0
1732437764428463545,1.0
1732437764438653324,1.0
1732437764438653324,1.0
1732437764452300131,1.0
1732437764452300131,1.0
1732437764462456397,1.0
1732437764462456397,1.0
1732437764472845027,1.0
1732437764472845027,1.0
1732437764483193842,1.0
1732437764483193842,1.0
1732437764493619888,1.0
1732437764493619888,1.0
1732437764504064443,1.0
1732437764504064443,1.0
1732437764516892126,1.0
1732437764516892126,1.0
1732437764527035436,1.0
1732437764527035436,1.0
1732437764537070731,1.0
1732437764537070731,1.0
1732437764547620781,1.0
1732437764547620781,1.0
1732437764557782007,1.0
1732437764557782007,1.0
1732437764568144038,1.0
1732437764568144038,1.0
1732437764578521608,1.0
1732437764578521608,1.0
1732437764589039007,1.0
1732437764589039007,1.0
1732437764599620455,1.0
1732437764599620455,1.0
1732437764609786226,1.0
1732437764609786226,1.0
1732437764620124815,1.0
1732437764620124815,1.0
1732437764630711103,1.0
1732437764630711103,1.0
1732437764641023908,1.0
1732437764641023908,1.0
1732437764651243317,1.0
1732437764651243317,1.0
1732437764661524417,1.0
1732437764661524417,1.0
1732437764671907926,1.0
1732437764671907926,1.0
1732437764682376855,1.0
1732437764682376855,1.0
1732437764692766647,1.0
1732437764692766647,1.0
1732437764703141251,1.0
1732437764703141251,1.0
1732437764713325700,1.0
1732437764713325700,1.0
1732437764713325700,1.0
1732437764713325700,1.0
1732437764734105476,1.0
1732437764734105476,1.0
1732437764744717641,1.0
1732437764769070477,1.0
1732437764769070477,1.0
1732437764769070477,1.0
1732437764769070477,1.0
1732437764782627505,1.0
1732437764782627505,1.0
1732437764792894218,1.0
1732437764792894218,1.0
1732437764803965759,1.0
1732437764803965759,1.0
1732437764814138176,1.0
1732437764814138176,1.0
1732437764825025404,1.0
1732437764825025404,1.0
1732437764835632780,1.0
1732437764835632780,1.0
1732437764846040565,1.0
1732437764846040565,1.0
1732437764857266594,1.0
1732437764857266594,1.0
1732437764868132091,1.0
1732437764868132091,1.0
1732437764878362286,1.0
1732437764878362286,1.0
1732437764889171619,1.0
1732437764889171619,1.0
1732437764899692692,1.0
1732437764899692692,1.0
1732437764910088839,1.0
1732437764910088839,1.0
1732437764923239080,1.0
1732437764923239080,1.0
1732437764933614205,1.0
1732437764933614205,1.0
1732437764947381574,1.0
1732437764947381574,1.0
1732437764957735238,1.0
1732437764957735238,1.0
1732437764967769921,1.0
1732437764967769921,1.0
1732437764977812091,1.0
1732437764977812091,1.0
1732437764988046076,1.0
1732437764988046076,1.0
1732437764998290297,1.0
1732437764998290297,1.0
1732437765012339552,1.0
1732437765012339552,1.0
1732437765022956637,1.0
1732437765022956637,1.0
1732437765033331511,1.0
1732437765033331511,1.0
1732437765043912067,1.0
1732437765043912067,1.0
1732437765054623928,1.0
1732437765054623928,1.0
1732437765064866296,1.0
1732437765064866296,1.0
1732437765075393886,1.0
1732437765075393886,1.0
1732437765085744725,1.0
1732437765085744725,1.0
1732437765096891146,1.0
1732437765096891146,1.0
1732437765107201098,1.0
1732437765107201098,1.0
1732437765117908331,1.0
1732437765117908331,1.0
1732437765128585387,1.0
1732437765128585387,1.0
1732437765138920950,1.0
1732437765138920950,1.0
1732437765149163033,1.0
1732437765149163033,1.0
1732437765161425655,1.0
1732437765161425655,1.0
1732437765173925090,1.0
1732437765173925090,1.0
1732437765184033662,1.0
1732437765184033662,1.0
1732437765194454251,1.0
1732437765194454251,1.0
1732437765204689435,1.0
1732437765204689435,1.0
1732437765215060880,1.0
1732437765215060880,1.0
1732437765225313750,1.0
1732437765225313750,1.0
1732437765235824047,1.0
1732437765235824047,1.0
1732437765245880858,1.0
1732437765245880858,1.0
1732437765256048135,1.0
1732437765256048135,1.0
1732437765266450540,1.0
1732437765266450540,1.0
1732437765276600544,1.0
1732437765276600544,1.0
1732437765286863343,1.0
1732437765286863343,1.0
1732437765297013078,1.0
1732437765297013078,1.0
1732437765307320436,1.0
1732437765307320436,1.0
1732437765317970468,1.0
1732437765317970468,1.0
1732437765328251492,1.0
1732437765328251492,1.0
1732437765338724876,1.0
1732437765338724876,1.0
1732437765349024944,1.0
1732437765349024944,1.0
1732437765362161680,1.0
1732437765362161680,1.0
1732437765372222148,1.0
1732437765372222148,1.0
1732437765382675569,1.0
1732437765382675569,1.0
1732437765392900995,1.0
1732437765392900995,1.0
1732437765403341101,1.0
1732437765403341101,1.0
1732437765413795273,1.0
1732437765413795273,1.0
1732437765424241286,1.0
1732437765424241286,1.0
1732437765434735736,1.0
1732437765434735736,1.0
1732437765444871194,1.0
1732437765444871194,1.0
1732437765455364900,1.0
1732437765455364900,1.0
1732437765466115785,1.0
1732437765466115785,1.0
1732437765476461425,1.0
1732437765476461425,1.0
1732437765487259312,1.0
1732437765487259312,1.0
1732437765497454215,1.0
1732437765497454215,1.0
1732437765507658543,1.0
1732437765507658543,1.0
1732437765517937448,1.0
1732437765517937448,1.0
1732437765528070452,1.0
1732437765528070452,1.0
1732437765538408627,1.0
1732437765538408627,1.0
1732437765548509531,1.0
1732437765548509531,1.0
1732437765558827350,1.0
1732437765558827350,1.0
1732437765569219656,1.0
1732437765569219656,1.0
1732437765579373018,1.0
1732437765579373018,1.0
1732437765589666320,1.0
1732437765589666320,1.0
1732437765599887307,1.0
1732437765599887307,1.0
1732437765610407832,1.0
1732437765610407832,1.0
1732437765620751750,1.0
1732437765620751750,1.0
1732437765630982937,1.0
1732437765630982937,1.0
1732437765641391543,1.0
1732437765641391543,1.0
1732437765651692410,1.0
1732437765651692410,1.0
1732437765662326156,1.0
1732437765662326156,1.0
1732437765672783814,1.0
1732437765672783814,1.0
1732437765683425205,1.0
1732437765683425205,1.0
1732437765693991084,1.0
1732437765693991084,1.0
1732437765704378001,1.0
1732437765704378001,1.0
1732437765714521594,1.0
1732437765714521594,1.0
1732437765724701225,1.0
1732437765724701225,1.0
1732437765735033761,1.0
1732437765735033761,1.0
1732437765745196570,1.0
1732437765745196570,1.0
1732437765755758352,1.0
1732437765755758352,1.0
1732437765766187587,1.0
1732437765766187587,1.0
1732437765776629146,1.0
1732437765776629146,1.0
1732437765786872306,1.0
1732437765786872306,1.0
1732437765796872833,1.0
1732437765796872833,1.0
1732437765806964910,1.0
1732437765806964910,1.0
1732437765817061486,1.0
1732437765817061486,1.0
1732437765827260513,1.0
1732437765827260513,1.0
1732437765837643610,1.0
1732437765837643610,1.0
1732437765847792777,1.0
1732437765847792777,1.0
1732437765858083584,1.0
1732437765858083584,1.0
1732437765869352803,1.0
1732437765869352803,1.0
1732437765879624805,1.0
1732437765879624805,1.0
1732437765889761806,1.0
1732437765889761806,1.0
1732437765899946828,1.0
1732437765899946828,1.0
1732437765910396723,1.0
1732437765910396723,1.0
1732437765920685215,1.0
1732437765920685215,1.0
1732437765931094603,1.0
1732437765931094603,1.0
1732437765941771650,1.0
1732437765941771650,1.0
1732437765952017875,1.0
1732437765952017875,1.0
1732437765962694792,1.0
1732437765962694792,1.0
1732437765973081047,1.0
1732437765973081047,1.0
1732437765983414534,1.0
1732437765983414534,1.0
1732437765993784659,1.0
1732437765993784659,1.0
1732437766004347069,1.0
1732437766004347069,1.0
1732437766014659802,1.0
1732437766014659802,1.0
1732437766025139079,1.0
1732437766025139079,1.0
1732437766025139079,1.0
1732437766025139079,1.0
1732437766046242607,1.0
1732437766046242607,1.0
1732437766056749126,1.0
1732437766056749126,1.0
1732437766068282668,1.0
1732437766068282668,1.0
1732437766079101168,1.0
1732437766079101168,1.0
1732437766089839759,1.0
1732437766089839759,1.0
1732437766100117993,1.0
1732437766100117993,1.0
1732437766110608031,1.0
1732437766110608031,1.0
1732437766123496601,1.0
1732437766123496601,1.0
1732437766134072294,1.0
1732437766134072294,1.0
1732437766144661768,1.0
1732437766144661768,1.0
1732437766155130706,1.0
1732437766155130706,1.0
1732437766165248893,1.0
1732437766165248893,1.0
1732437766175894201,1.0
1732437766175894201,1.0
1732437766187623186,1.0
1732437766187623186,1.0
1732437766198177003,1.0
1732437766198177003,1.0
1732437766208574960,1.0
1732437766208574960,1.0
1732437766219132645,1.0
1732437766219132645,1.0
1732437766229689364,1.0
1732437766229689364,1.0
1732437766240212839,1.0
1732437766240212839,1.0
1732437766250337036,1.0
1732437766250337036,1.0
1732437766260793081,1.0
1732437766260793081,1.0
1732437766270989954,1.0
1732437766270989954,1.0
1732437766281755196,1.0
1732437766281755196,1.0
1732437766292209348,1.0
1732437766292209348,1.0
1732437766302475656,1.0
1732437766302475656,1.0
1732437766312950208,1.0
1732437766312950208,1.0
1732437766323375174,1.0
1732437766323375174,1.0
1732437766333829178,1.0
1732437766333829178,1.0
1732437766344236072,1.0
1732437766344236072,1.0
1732437766354358736,1.0
1732437766354358736,1.0
1732437766364797840,1.0
1732437766364797840,1.0
1732437766375293540,1.0
1732437766375293540,1.0
1732437766385574459,1.0
1732437766385574459,1.0
1732437766396174011,1.0
1732437766396174011,1.0
1732437766409325615,1.0
1732437766409325615,1.0
1732437766419942860,1.0
1732437766419942860,1.0
1732437766430403343,1.0
1732437766430403343,1.0
1732437766440902460,1.0
1732437766440902460,1.0
1732437766458039141,1.0
1732437766458039141,1.0
1732437766468673229,1.0
1732437766468673229,1.0
1732437766479866667,1.0
1732437766490695577,1.0
1732437766490695577,1.0
1732437766504183516,1.0
1732437766504183516,1.0
1732437766515699034,1.0
1732437766515699034,1.0
1732437766526112921,1.0
1732437766526112921,1.0
1732437766536582321,1.0
1732437766536582321,1.0
1732437766550498278,1.0
1732437766550498278,1.0
1732437766560792672,1.0
1732437766560792672,1.0
1732437766571449280,1.0
1732437766571449280,1.0
1732437766581586000,1.0
1732437766581586000,1.0
1732437766592146591,1.0
1732437766592146591,1.0
1732437766604362664,1.0
1732437766604362664,1.0
1732437766614896383,1.0
1732437766614896383,1.0
1732437766625610649,1.0
1732437766625610649,1.0
1732437766636114955,1.0
1732437766636114955,1.0
1732437766646481874,1.0
1732437766646481874,1.0
1732437766657092638,1.0
1732437766657092638,1.0
1732437766667614145,1.0
1732437766667614145,1.0
1732437766678060512,1.0
1732437766678060512,1.0
1732437766688161937,1.0
1732437766688161937,1.0
1732437766698520101,1.0
1732437766698520101,1.0
1732437766708862014,1.0
1732437766708862014,1.0
1732437766719516428,1.0
1732437766719516428,1.0
1732437766729802934,1.0
1732437766729802934,1.0
1732437766740287783,1.0
1732437766740287783,1.0
1732437766750618730,1.0
1732437766750618730,1.0
1732437766760904498,1.0
1732437766760904498,1.0
1732437766771165490,1.0
1732437766771165490,1.0
1732437766781810898,1.0
1732437766781810898,1.0
1732437766792179801,1.0
1732437766792179801,1.0
1732437766812527070,1.0
1732437766812527070,1.0
1732437766812527070,1.0
1732437766822821942,1.0
1732437766822821942,1.0
1732437766833379556,1.0
1732437766833379556,1.0
1732437766843770606,1.0
1732437766843770606,1.0
1732437766854059288,1.0
1732437766854059288,1.0
1732437766864467193,1.0
1732437766864467193,1.0
1732437766875661333,1.0
1732437766875661333,1.0
1732437766886388280,1.0
1732437766886388280,1.0
1732437766896784517,1.0
1732437766896784517,1.0
1732437766906789352,1.0
1732437766906789352,1.0
1732437766917312188,1.0
1732437766917312188,1.0
1732437766927339050,1.0
1732437766927339050,1.0
1732437766937653350,1.0
1732437766937653350,1.0
1732437766948284030,1.0
1732437766948284030,1.0
1732437766958654706,1.0
1732437766958654706,1.0
1732437766969081237,1.0
1732437766969081237,1.0
1732437766979625987,1.0
1732437766979625987,1.0
1732437766990146353,1.0
1732437766990146353,1.0
1732437767000546614,1.0
1732437767000546614,1.0
1732437767010886873,1.0
1732437767010886873,1.0
1732437767023284774,1.0
1732437767023284774,1.0
1732437767034340597,1.0
1732437767034340597,1.0
1732437767044677280,1.0
1732437767044677280,1.0
1732437767055083442,1.0
1732437767055083442,1.0
1732437767065332161,1.0
1732437767065332161,1.0
1732437767075655360,1.0
1732437767075655360,1.0
1732437767085941879,1.0
1732437767085941879,1.0
1732437767096300142,1.0
1732437767096300142,1.0
1732437767106873687,1.0
1732437767106873687,1.0
1732437767117298344,1.0
1732437767117298344,1.0
1732437767127483075,1.0
1732437767127483075,1.0
1732437767138518639,1.0
1732437767138518639,1.0
1732437767148739034,1.0
1732437767148739034,1.0
1732437767159432423,1.0
1732437767159432423,1.0
1732437767169820672,1.0
1732437767169820672,1.0
1732437767179956501,1.0
1732437767179956501,1.0
1732437767190516836,1.0
1732437767190516836,1.0
1732437767206537104,1.0
1732437767206537104,1.0
1732437767217140484,1.0
1732437767217140484,1.0
1732437767227233975,1.0
1732437767227233975,1.0
1732437767238023872,1.0
1732437767238023872,1.0
1732437767257907679,1.0
1732437767257907679,1.0
1732437767267945285,1.0
1732437767267945285,1.0
1732437767278072137,1.0
1732437767278072137,1.0
1732437767288260945,1.0
1732437767288260945,1.0
1732437767298610119,1.0
1732437767298610119,1.0
1732437767309189417,1.0
1732437767309189417,1.0
1732437767319698100,1.0
1732437767319698100,1.0
1732437767330132064,1.0
1732437767330132064,1.0
1732437767340449933,1.0
1732437767340449933,1.0
1732437767350869821,1.0
1732437767350869821,1.0
1732437767361079798,1.0
1732437767361079798,1.0
1732437767371867281,1.0
1732437767371867281,1.0
1732437767382973457,1.0
1732437767382973457,1.0
1732437767393268282,1.0
1732437767393268282,1.0
1732437767403818072,1.0
1732437767403818072,1.0
1732437767414443694,1.0
1732437767414443694,1.0
1732437767424696561,1.0
1732437767424696561,1.0
1732437767435413822,1.0
1732437767435413822,1.0
1732437767446066784,1.0
1732437767446066784,1.0
1732437767456561471,1.0
1732437767456561471,1.0
1732437767467289193,1.0
1732437767467289193,1.0
1732437767477677361,1.0
1732437767477677361,1.0
1732437767487963199,1.0
1732437767487963199,1.0
1732437767498235721,1.0
1732437767498235721,1.0
1732437767508697059,1.0
1732437767508697059,1.0
1732437767518996152,1.0
1732437767518996152,1.0
1732437767529329135,1.0
1732437767529329135,1.0
1732437767539792218,1.0
1732437767539792218,1.0
1732437767550333411,1.0
1732437767550333411,1.0
1732437767560412254,1.0
1732437767560412254,1.0
1732437767570853833,1.0
1732437767570853833,1.0
1732437767581132338,1.0
1732437767581132338,1.0
1732437767591840553,1.0
1732437767591840553,1.0
1732437767602334288,1.0
1732437767602334288,1.0
1732437767612796324,1.0
1732437767612796324,1.0
1732437767623241290,1.0
1732437767623241290,1.0
1732437767633810696,1.0
1732437767633810696,1.0
1732437767643866937,1.0
1732437767643866937,1.0
1732437767654469877,1.0
1732437767654469877,1.0
1732437767664682879,1.0
1732437767664682879,1.0
1732437767675284475,1.0
1732437767675284475,1.0
1732437767685811453,1.0
1732437767685811453,1.0
1732437767696268631,1.0
1732437767696268631,1.0
1732437767706500478,1.0
1732437767706500478,1.0
1732437767716714123,1.0
1732437767716714123,1.0
1732437767729123064,1.0
1732437767729123064,1.0
1732437767739222185,1.0
1732437767739222185,1.0
1732437767749847456,1.0
1732437767749847456,1.0
1732437767760094080,1.0
1732437767760094080,1.0
1732437767770484864,1.0
1732437767770484864,1.0
1732437767780736470,1.0
1732437767780736470,1.0
1732437767791042105,1.0
1732437767791042105,1.0
1732437767801403404,1.0
1732437767801403404,1.0
1732437767811750356,1.0
1732437767811750356,1.0
1732437767822132114,1.0
1732437767822132114,1.0
1732437767832514933,1.0
1732437767832514933,1.0
1732437767843349322,1.0
1732437767843349322,1.0
1732437767853593574,1.0
1732437767853593574,1.0
1732437767863906372,1.0
1732437767863906372,1.0
1732437767874571617,1.0
1732437767874571617,1.0
1732437767884745468,1.0
1732437767884745468,1.0
1732437767895360870,1.0
1732437767895360870,1.0
1732437767905853870,1.0
1732437767905853870,1.0
1732437767916332968,1.0
1732437767916332968,1.0
1732437767927177450,1.0
1732437767927177450,1.0
1732437767937726891,1.0
1732437767937726891,1.0
1732437767952972593,1.0
1732437767952972593,1.0
1732437767963335775,1.0
1732437767963335775,1.0
1732437767973715858,1.0
1732437767973715858,1.0
1732437767984165733,1.0
1732437767984165733,1.0
1732437767994311691,1.0
1732437767994311691,1.0
1732437768004862342,1.0
1732437768004862342,1.0
1732437768015012267,1.0
1732437768015012267,1.0
1732437768025977380,1.0
1732437768025977380,1.0
1732437768036513105,1.0
1732437768036513105,1.0
1732437768046592849,1.0
1732437768046592849,1.0
1732437768057001466,1.0
1732437768057001466,1.0
1732437768067323089,1.0
1732437768067323089,1.0
1732437768077415541,1.0
1732437768077415541,1.0
1732437768087718130,1.0
1732437768087718130,1.0
1732437768097848198,1.0
1732437768097848198,1.0
1732437768108098939,1.0
1732437768108098939,1.0
1732437768118467144,1.0
1732437768118467144,1.0
1732437768128967062,1.0
1732437768128967062,1.0
1732437768139417878,1.0
1732437768139417878,1.0
1732437768150073634,1.0
1732437768150073634,1.0
1732437768160473835,1.0
1732437768160473835,1.0
1732437768170822793,1.0
1732437768170822793,1.0
1732437768181164556,1.0
1732437768181164556,1.0
1732437768191674227,1.0
1732437768191674227,1.0
1732437768204521494,1.0
1732437768204521494,1.0
1732437768214687634,1.0
1732437768214687634,1.0
1732437768225134682,1.0
1732437768225134682,1.0
1732437768235709849,1.0
1732437768235709849,1.0
1732437768246378962,1.0
1732437768246378962,1.0
1732437768256814636,1.0
1732437768256814636,1.0
1732437768267295257,1.0
1732437768267295257,1.0
1732437768277566532,1.0
1732437768277566532,1.0
1732437768287749089,1.0
1732437768287749089,1.0
1732437768298112150,1.0
1732437768298112150,1.0
1732437768308396206,1.0
1732437768308396206,1.0
1732437768318665744,1.0
1732437768318665744,1.0
1732437768329595742,1.0
1732437768329595742,1.0
1732437768339751668,1.0
1732437768339751668,1.0
1732437768350658554,1.0
1732437768350658554,1.0
1732437768361086677,1.0
1732437768361086677,1.0
1732437768371509530,1.0
1732437768371509530,1.0
1732437768382159458,1.0
1732437768382159458,1.0
1732437768392292091,1.0
1732437768392292091,1.0
1732437768402415884,1.0
1732437768402415884,1.0
1732437768412538141,1.0
1732437768412538141,1.0
1732437768423191672,1.0
1732437768423191672,1.0
1732437768434166246,1.0
1732437768434166246,1.0
1732437768444266826,1.0
1732437768444266826,1.0
1732437768454675143,1.0
1732437768454675143,1.0
1732437768465082711,1.0
1732437768465082711,1.0
1732437768475443138,1.0
1732437768475443138,1.0
1732437768486009550,1.0
1732437768486009550,1.0
1732437768496146932,1.0
1732437768496146932,1.0
1732437768506427731,1.0
1732437768506427731,1.0
1732437768520469402,1.0
1732437768520469402,1.0
1732437768530921601,1.0
1732437768530921601,1.0
1732437768541156350,1.0
1732437768541156350,1.0
1732437768551724037,1.0
1732437768551724037,1.0
1732437768561999017,1.0
1732437768561999017,1.0
1732437768572158920,1.0
1732437768572158920,1.0
1732437768582624012,1.0
1732437768582624012,1.0
1732437768593589876,1.0
1732437768593589876,1.0
1732437768604049128,1.0
1732437768604049128,1.0
1732437768614385410,1.0
1732437768614385410,1.0
1732437768624844391,1.0
1732437768624844391,1.0
1732437768635565050,1.0
1732437768635565050,1.0
1732437768646039720,1.0
1732437768646039720,1.0
1732437768656243576,1.0
1732437768656243576,1.0
1732437768666401377,1.0
1732437768666401377,1.0
1732437768677326345,1.0
1732437768677326345,1.0
1732437768687624335,1.0
1732437768687624335,1.0
1732437768697879655,1.0
1732437768697879655,1.0
1732437768708354980,1.0
1732437768708354980,1.0
1732437768719258954,1.0
1732437768719258954,1.0
1732437768733170272,1.0
1732437768733170272,1.0
1732437768743265821,1.0
1732437768743265821,1.0
1732437768753438629,1.0
1732437768753438629,1.0
1732437768763590639,1.0
1732437768763590639,1.0
1732437768773913828,1.0
1732437768773913828,1.0
1732437768788634451,1.0
1732437768788634451,1.0
1732437768799204700,1.0
1732437768799204700,1.0
1732437768809987533,1.0
1732437768809987533,1.0
1732437768820537954,1.0
1732437768820537954,1.0
1732437768830589828,1.0
1732437768830589828,1.0
1732437768841252477,1.0
1732437768841252477,1.0
1732437768853455975,1.0
1732437768853455975,1.0
1732437768864159562,1.0
1732437768864159562,1.0
1732437768874459758,1.0
1732437768874459758,1.0
1732437768885103503,1.0
1732437768885103503,1.0
1732437768895723975,1.0
1732437768895723975,1.0
1732437768905979547,1.0
1732437768905979547,1.0
1732437768917696139,1.0
1732437768917696139,1.0
1732437768928568169,1.0
1732437768928568169,1.0
1732437768938998577,1.0
1732437768938998577,1.0
1732437768949581869,1.0
1732437768949581869,1.0
1732437768960260849,1.0
1732437768960260849,1.0
1732437768970727976,1.0
1732437768970727976,1.0
1732437768981352034,1.0
1732437768981352034,1.0
1732437768991639926,1.0
1732437768991639926,1.0
1732437769002614947,1.0
1732437769002614947,1.0
1732437769012862786,1.0
1732437769012862786,1.0
1732437769023575879,1.0
1732437769023575879,1.0
1732437769033797558,1.0
1732437769033797558,1.0
1732437769043940871,1.0
1732437769043940871,1.0
1732437769054389043,1.0
1732437769054389043,1.0
1732437769064804358,1.0
1732437769064804358,1.0
1732437769075076726,1.0
1732437769075076726,1.0
1732437769085207636,1.0
1732437769085207636,1.0
1732437769095799304,1.0
1732437769095799304,1.0
1732437769106513628,1.0
1732437769106513628,1.0
1732437769116862166,1.0
1732437769116862166,1.0
1732437769127574979,1.0
1732437769127574979,1.0
1732437769137706241,1.0
1732437769137706241,1.0
1732437769147799380,1.0
1732437769147799380,1.0
1732437769158221352,1.0
1732437769158221352,1.0
1732437769169461108,1.0
1732437769169461108,1.0
1732437769180007621,1.0
1732437769180007621,1.0
1732437769190279483,1.0
1732437769190279483,1.0
1732437769200756409,1.0
1732437769200756409,1.0
1732437769211463071,1.0
1732437769211463071,1.0
1732437769221594401,1.0
1732437769221594401,1.0
1732437769231838713,1.0
1732437769231838713,1.0
1732437769242408931,1.0
1732437769242408931,1.0
1732437769252565239,1.0
1732437769252565239,1.0
1732437769263331162,1.0
1732437769263331162,1.0
1732437769273938919,1.0
1732437769273938919,1.0
1732437769285323159,1.0
1732437769285323159,1.0
1732437769295742922,1.0
1732437769295742922,1.0
1732437769306032226,1.0
1732437769306032226,1.0
1732437769316221836,1.0
1732437769316221836,1.0
1732437769326841687,1.0
1732437769326841687,1.0
1732437769336998355,1.0
1732437769336998355,1.0
1732437769347158059,1.0
1732437769347158059,1.0
1732437769357423039,1.0
1732437769357423039,1.0
1732437769367527940,1.0
1732437769367527940,1.0
1732437769377884101,1.0
1732437769377884101,1.0
1732437769388409395,1.0
1732437769388409395,1.0
1732437769398542148,1.0
1732437769398542148,1.0
1732437769409086048,1.0
1732437769409086048,1.0
1732437769419325029,1.0
1732437769419325029,1.0
1732437769429663926,1.0
1732437769429663926,1.0
1732437769440004537,1.0
1732437769440004537,1.0
1732437769450410179,1.0
1732437769450410179,1.0
1732437769460981128,1.0
1732437769460981128,1.0
1732437769471535047,1.0
1732437769471535047,1.0
1732437769481942711,1.0
1732437769481942711,1.0
1732437769492167356,1.0
1732437769492167356,1.0
1732437769502601668,1.0
1732437769502601668,1.0
1732437769513135231,1.0
1732437769513135231,1.0
1732437769524034191,1.0
1732437769524034191,1.0
1732437769534690239,1.0
1732437769534690239,1.0
1732437769544950610,1.0
1732437769544950610,1.0
1732437769555580440,1.0
1732437769555580440,1.0
1732437769565956697,1.0
1732437769565956697,1.0
1732437769576159026,1.0
1732437769576159026,1.0
1732437769586596663,1.0
1732437769586596663,1.0
1732437769598411446,1.0
1732437769598411446,1.0
1732437769608771904,1.0
1732437769608771904,1.0
1732437769619115661,1.0
1732437769619115661,1.0
1732437769629724471,1.0
1732437769629724471,1.0
1732437769639842142,1.0
1732437769639842142,1.0
1732437769650186791,1.0
1732437769650186791,1.0
1732437769660864482,1.0
1732437769660864482,1.0
1732437769671497303,1.0
1732437769671497303,1.0
1732437769681720891,1.0
1732437769681720891,1.0
1732437769692145884,1.0
1732437769692145884,1.0
1732437769702337621,1.0
1732437769702337621,1.0
1732437769713129502,1.0
1732437769713129502,1.0
1732437769723301298,1.0
1732437769733743798,1.0
1732437769733743798,1.0
1732437769733743798,1.0
1732437769746952289,1.0
1732437769746952289,1.0
1732437769757186768,1.0
1732437769757186768,1.0
1732437769767360450,1.0
1732437769767360450,1.0
1732437769777725618,1.0
1732437769777725618,1.0
1732437769788219784,1.0
1732437769788219784,1.0
1732437769798481247,1.0
1732437769798481247,1.0
1732437769808732342,1.0
1732437769808732342,1.0
1732437769820964734,1.0
1732437769820964734,1.0
1732437769831605683,1.0
1732437769831605683,1.0
1732437769841974878,1.0
1732437769841974878,1.0
1732437769852571421,1.0
1732437769852571421,1.0
1732437769862716100,1.0
1732437769862716100,1.0
1732437769873012225,1.0
1732437769873012225,1.0
1732437769883640334,1.0
1732437769883640334,1.0
1732437769893960136,1.0
1732437769893960136,1.0
1732437769904159013,1.0
1732437769904159013,1.0
1732437769914330198,1.0
1732437769914330198,1.0
1732437769924855963,1.0
1732437769924855963,1.0
1732437769935234916,1.0
1732437769935234916,1.0
1732437769945537956,1.0
1732437769945537956,1.0
1732437769955960791,1.0
1732437769955960791,1.0
1732437769966375650,1.0
1732437769966375650,1.0
1732437769978329753,1.0
1732437769978329753,1.0
1732437769988498874,1.0
1732437769988498874,1.0
1732437769999670753,1.0
1732437769999670753,1.0
1732437770012157449,1.0
1732437770012157449,1.0
1732437770023102755,1.0
1732437770023102755,1.0
1732437770033390168,1.0
1732437770033390168,1.0
1732437770057925543,1.0
1732437770057925543,1.0
1732437770057925543,1.0
1732437770057925543,1.0
1732437770068149957,1.0
1732437770068149957,1.0
1732437770078654234,1.0
1732437770078654234,1.0
1732437770088925715,1.0
1732437770088925715,1.0
1732437770100091513,1.0
1732437770100091513,1.0
1732437770110331642,1.0
1732437770110331642,1.0
1732437770126357702,1.0
1732437770126357702,1.0
1732437770136644692,1.0
1732437770136644692,1.0
1732437770147226943,1.0
1732437770147226943,1.0
1732437770157352172,1.0
1732437770157352172,1.0
1732437770157352172,1.0
1732437770157352172,1.0
1732437770178198140,1.0
1732437770178198140,1.0
1732437770188311799,1.0
1732437770188311799,1.0
1732437770198613103,1.0
1732437770198613103,1.0
1732437770213033051,1.0
1732437770213033051,1.0
1732437770223922724,1.0
1732437770223922724,1.0
1732437770234266872,1.0
1732437770234266872,1.0
1732437770244611420,1.0
1732437770244611420,1.0
1732437770255030127,1.0
1732437770255030127,1.0
1732437770265678540,1.0
1732437770265678540,1.0
1732437770276206279,1.0
1732437770276206279,1.0
1732437770286744198,1.0
1732437770286744198,1.0
1732437770297143848,1.0
1732437770297143848,1.0
1732437770307757136,1.0
1732437770307757136,1.0
1732437770318067090,1.0
1732437770318067090,1.0
1732437770332748929,1.0
1732437770332748929,1.0
1732437770343174410,1.0
1732437770343174410,1.0
1732437770353724182,1.0
1732437770353724182,1.0
1732437770364063486,1.0
1732437770364063486,1.0
1732437770374448069,1.0
1732437770374448069,1.0
1732437770384668289,1.0
1732437770384668289,1.0
1732437770398614251,1.0
1732437770398614251,1.0
1732437770408793242,1.0
1732437770408793242,1.0
1732437770419129073,1.0
1732437770419129073,1.0
1732437770429545104,1.0
1732437770429545104,1.0
1732437770439967738,1.0
1732437770439967738,1.0
1732437770450281284,1.0
1732437770450281284,1.0
1732437770470597901,1.0
1732437770470597901,1.0
1732437770470597901,1.0
1732437770470597901,1.0
1732437770480951836,1.0
1732437770480951836,1.0
1732437770491431857,1.0
1732437770491431857,1.0
1732437770502781025,1.0
1732437770502781025,1.0
1732437770513170487,1.0
1732437770513170487,1.0
1732437770523310003,1.0
1732437770523310003,1.0
1732437770533420301,1.0
1732437770533420301,1.0
1732437770543801792,1.0
1732437770543801792,1.0
1732437770554279517,1.0
1732437770554279517,1.0
1732437770564502970,1.0
1732437770564502970,1.0
1732437770574676390,1.0
1732437770574676390,1.0
1732437770585450477,1.0
1732437770585450477,1.0
1732437770596166047,1.0
1732437770596166047,1.0
1732437770608197334,1.0
1732437770608197334,1.0
1732437770618715555,1.0
1732437770618715555,1.0
1732437770628828543,1.0
1732437770628828543,1.0
1732437770640546026,1.0
1732437770640546026,1.0
1732437770651098630,1.0
1732437770651098630,1.0
1732437770661408897,1.0
1732437770661408897,1.0
1732437770671647366,1.0
1732437770671647366,1.0
1732437770682032481,1.0
1732437770682032481,1.0
1732437770693151562,1.0
1732437770693151562,1.0
1732437770703290746,1.0
1732437770703290746,1.0
1732437770713373108,1.0
1732437770713373108,1.0
1732437770723804837,1.0
1732437770723804837,1.0
1732437770734021959,1.0
1732437770734021959,1.0
1732437770744471762,1.0
1732437770744471762,1.0
1732437770754616688,1.0
1732437770754616688,1.0
1732437770764783666,1.0
1732437770764783666,1.0
1732437770775283820,1.0
1732437770775283820,1.0
1732437770786254669,1.0
1732437770786254669,1.0
1732437770796653598,1.0
1732437770796653598,1.0
1732437770807819173,1.0
1732437770807819173,1.0
1732437770818151109,1.0
1732437770818151109,1.0
1732437770828644123,1.0
1732437770828644123,1.0
1732437770839464698,1.0
1732437770839464698,1.0
1732437770854218755,1.0
1732437770854218755,1.0
1732437770866547667,1.0
1732437770866547667,1.0
1732437770877319981,1.0
1732437770877319981,1.0
1732437770887967844,1.0
1732437770887967844,1.0
1732437770898604837,1.0
1732437770898604837,1.0
1732437770908775762,1.0
1732437770908775762,1.0
1732437770919115761,1.0
1732437770919115761,1.0
1732437770929535449,1.0
1732437770929535449,1.0
1732437770940098043,1.0
1732437770940098043,1.0
1732437770950288103,1.0
1732437770950288103,1.0
1732437770960651056,1.0
1732437770960651056,1.0
1732437770971512256,1.0
1732437770971512256,1.0
1732437770982373292,1.0
1732437770982373292,1.0
1732437770992648905,1.0
1732437770992648905,1.0
1732437771002836368,1.0
1732437771002836368,1.0
1732437771013229780,1.0
1732437771013229780,1.0
1732437771023635833,1.0
1732437771023635833,1.0
1732437771034092219,1.0
1732437771034092219,1.0
1732437771044197521,1.0
1732437771044197521,1.0
1732437771054697910,1.0
1732437771054697910,1.0
1732437771065193926,1.0
1732437771065193926,1.0
1732437771075920731,1.0
1732437771075920731,1.0
1732437771086101840,1.0
1732437771086101840,1.0
1732437771097057769,1.0
1732437771097057769,1.0
1732437771107327109,1.0
1732437771107327109,1.0
1732437771117555650,1.0
1732437771117555650,1.0
1732437771127864602,1.0
1732437771127864602,1.0
1732437771138281134,1.0
1732437771138281134,1.0
1732437771150818435,1.0
1732437771150818435,1.0
1732437771161310989,1.0
1732437771161310989,1.0
1732437771171730495,1.0
1732437771171730495,1.0
1732437771182834689,1.0
1732437771182834689,1.0
1732437771193182192,1.0
1732437771193182192,1.0
1732437771203397240,1.0
1732437771203397240,1.0
1732437771213748229,1.0
1732437771213748229,1.0
1732437771224182485,1.0
1732437771224182485,1.0
1732437771234499643,1.0
1732437771234499643,1.0
1732437771244817751,1.0
1732437771244817751,1.0
1732437771255215769,1.0
1732437771255215769,1.0
1732437771265815311,1.0
1732437771265815311,1.0
1732437771276296344,1.0
1732437771276296344,1.0
1732437771287880676,1.0
1732437771287880676,1.0
1732437771297976265,1.0
1732437771297976265,1.0
1732437771308421491,1.0
1732437771308421491,1.0
1732437771318878938,1.0
1732437771318878938,1.0
1732437771329502546,1.0
1732437771329502546,1.0
1732437771339916814,1.0
1732437771339916814,1.0
1732437771350833689,1.0
1732437771350833689,1.0
1732437771361247505,1.0
1732437771361247505,1.0
1732437771371515030,1.0
1732437771371515030,1.0
1732437771382044522,1.0
1732437771382044522,1.0
1732437771392602247,1.0
1732437771392602247,1.0
1732437771402632771,1.0
1732437771402632771,1.0
1732437771413227585,1.0
1732437771413227585,1.0
1732437771423488738,1.0
1732437771423488738,1.0
1732437771433592077,1.0
1732437771433592077,1.0
1732437771443746341,1.0
1732437771443746341,1.0
1732437771454220371,1.0
1732437771454220371,1.0
1732437771465083484,1.0
1732437771465083484,1.0
1732437771475857501,1.0
1732437771475857501,1.0
1732437771486160612,1.0
1732437771486160612,1.0
1732437771497054985,1.0
1732437771497054985,1.0
1732437771507098011,1.0
1732437771507098011,1.0
1732437771517252456,1.0
1732437771517252456,1.0
1732437771527354712,1.0
1732437771527354712,1.0
1732437771537695062,1.0
1732437771537695062,1.0
1732437771547844568,1.0
1732437771547844568,1.0
1732437771558291663,1.0
1732437771558291663,1.0
1732437771568853230,1.0
1732437771568853230,1.0
1732437771579513294,1.0
1732437771579513294,1.0
1732437771589710279,1.0
1732437771589710279,1.0
1732437771600046821,1.0
1732437771600046821,1.0
1732437771610182291,1.0
1732437771610182291,1.0
1732437771620492886,1.0
1732437771620492886,1.0
1732437771630777962,1.0
1732437771630777962,1.0
1732437771641091343,1.0
1732437771641091343,1.0
1732437771651905425,1.0
1732437771651905425,1.0
1732437771662786824,1.0
1732437771662786824,1.0
1732437771673096075,1.0
1732437771673096075,1.0
1732437771683839035,1.0
1732437771683839035,1.0
1732437771694097113,1.0
1732437771694097113,1.0
1732437771704692003,1.0
1732437771704692003,1.0
1732437771714934946,1.0
1732437771714934946,1.0
1732437771725343362,1.0
1732437771725343362,1.0
1732437771725343362,1.0
1732437771725343362,1.0
1732437771746178721,1.0
1732437771746178721,1.0
1732437771757608471,1.0
1732437771757608471,1.0
1732437771768132993,1.0
1732437771768132993,1.0
1732437771778240990,1.0
1732437771778240990,1.0
1732437771790548383,1.0
1732437771790548383,1.0
1732437771800902719,1.0
1732437771800902719,1.0
1732437771811289597,1.0
1732437771811289597,1.0
1732437771822876488,1.0
1732437771822876488,1.0
1732437771833584498,1.0
1732437771833584498,1.0
1732437771846307108,1.0
1732437771846307108,1.0
1732437771857147104,1.0
1732437771857147104,1.0
1732437771867616630,1.0
1732437771867616630,1.0
1732437771877939687,1.0
1732437771877939687,1.0
1732437771888737179,1.0
1732437771888737179,1.0
1732437771898802157,1.0
1732437771898802157,1.0
1732437771909259364,1.0
1732437771909259364,1.0
1732437771919652564,1.0
1732437771919652564,1.0
1732437771930490730,1.0
1732437771930490730,1.0
1732437771940626110,1.0
1732437771940626110,1.0
1732437771950718758,1.0
1732437771950718758,1.0
1732437771960938012,1.0
1732437771960938012,1.0
1732437771971363933,1.0
1732437771971363933,1.0
1732437771981612342,1.0
1732437771981612342,1.0
1732437771992230229,1.0
1732437771992230229,1.0
1732437772003222883,1.0
1732437772003222883,1.0
1732437772014264891,1.0
1732437772014264891,1.0
1732437772024964339,1.0
1732437772024964339,1.0
1732437772035230652,1.0
1732437772035230652,1.0
1732437772045338108,1.0
1732437772045338108,1.0
1732437772055798311,1.0
1732437772055798311,1.0
1732437772065925025,1.0
1732437772065925025,1.0
1732437772076601871,1.0
1732437772076601871,1.0
1732437772087276834,1.0
1732437772087276834,1.0
1732437772097508402,1.0
1732437772097508402,1.0
1732437772107508891,1.0
1732437772107508891,1.0
1732437772117913069,1.0
1732437772117913069,1.0
1732437772128193779,1.0
1732437772128193779,1.0
1732437772138756513,1.0
1732437772138756513,1.0
1732437772148912750,1.0
1732437772148912750,1.0
1732437772159034484,1.0
1732437772159034484,1.0
1732437772169159263,1.0
1732437772169159263,1.0
1732437772179674459,1.0
1732437772179674459,1.0
1732437772189862492,1.0
1732437772189862492,1.0
1732437772200456429,1.0
1732437772200456429,1.0
1732437772210944043,1.0
1732437772210944043,1.0
1732437772221735123,1.0
1732437772221735123,1.0
1732437772231899936,1.0
1732437772231899936,1.0
1732437772242266826,1.0
1732437772242266826,1.0
1732437772253084444,1.0
1732437772253084444,1.0
1732437772263419593,1.0
1732437772263419593,1.0
1732437772273883205,1.0
1732437772273883205,1.0
1732437772284777534,1.0
1732437772284777534,1.0
1732437772295148725,1.0
1732437772295148725,1.0
1732437772305451726,1.0
1732437772305451726,1.0
1732437772315875021,1.0
1732437772315875021,1.0
1732437772326068348,1.0
1732437772326068348,1.0
1732437772336603941,1.0
1732437772336603941,1.0
1732437772347102147,1.0
1732437772347102147,1.0
1732437772357189766,1.0
1732437772357189766,1.0
1732437772367376681,1.0
1732437772367376681,1.0
1732437772377479239,1.0
1732437772377479239,1.0
1732437772387609137,1.0
1732437772387609137,1.0
1732437772397899825,1.0
1732437772397899825,1.0
1732437772408545955,1.0
1732437772408545955,1.0
1732437772423339663,1.0
1732437772423339663,1.0
1732437772433939298,1.0
1732437772433939298,1.0
1732437772444179163,1.0
1732437772444179163,1.0
1732437772454471363,1.0
1732437772454471363,1.0
1732437772454471363,1.0
1732437772454471363,1.0
1732437772475228586,1.0
1732437772475228586,1.0
1732437772488079778,1.0
1732437772488079778,1.0
1732437772498377192,1.0
1732437772498377192,1.0
1732437772508637463,1.0
1732437772508637463,1.0
1732437772521595146,1.0
1732437772521595146,1.0
1732437772532176635,1.0
1732437772532176635,1.0
1732437772542396793,1.0
1732437772542396793,1.0
1732437772554503411,1.0
1732437772554503411,1.0
1732437772565289268,1.0
1732437772565289268,1.0
1732437772575429498,1.0
1732437772575429498,1.0
1732437772585733657,1.0
1732437772585733657,1.0
1732437772596405049,1.0
1732437772596405049,1.0
1732437772608319018,1.0
1732437772608319018,1.0
1732437772618864060,1.0
1732437772618864060,1.0
1732437772629278637,1.0
1732437772629278637,1.0
1732437772639740445,1.0
1732437772639740445,1.0
1732437772650383358,1.0
1732437772650383358,1.0
1732437772660736901,1.0
1732437772660736901,1.0
1732437772670864077,1.0
1732437772670864077,1.0
1732437772681317428,1.0
1732437772681317428,1.0
1732437772691822214,1.0
1732437772691822214,1.0
1732437772702156624,1.0
1732437772702156624,1.0
1732437772712400014,1.0
1732437772712400014,1.0
1732437772725359139,1.0
1732437772725359139,1.0
1732437772735866411,1.0
1732437772735866411,1.0
1732437772747225203,1.0
1732437772747225203,1.0
1732437772757749040,1.0
1732437772757749040,1.0
1732437772768192331,1.0
1732437772768192331,1.0
1732437772778574169,1.0
1732437772778574169,1.0
1732437772788834370,1.0
1732437772788834370,1.0
1732437772799293803,1.0
1732437772799293803,1.0
1732437772809545346,1.0
1732437772809545346,1.0
1732437772819879376,1.0
1732437772819879376,1.0
1732437772830258438,1.0
1732437772830258438,1.0
1732437772840689608,1.0
1732437772840689608,1.0
1732437772851184115,1.0
1732437772851184115,1.0
1732437772861775654,1.0
1732437772861775654,1.0
1732437772872020305,1.0
1732437772872020305,1.0
1732437772882458789,1.0
1732437772882458789,1.0
1732437772892975898,1.0
1732437772892975898,1.0
1732437772903404052,1.0
1732437772903404052,1.0
1732437772913605995,1.0
1732437772913605995,1.0
1732437772924980100,1.0
1732437772924980100,1.0
1732437772935115990,1.0
1732437772935115990,1.0
1732437772945365071,1.0
1732437772945365071,1.0
1732437772956007824,1.0
1732437772956007824,1.0
1732437772966849697,1.0
1732437772966849697,1.0
1732437772977183747,1.0
1732437772977183747,1.0
1732437772987440752,1.0
1732437772987440752,1.0
1732437772997486344,1.0
1732437772997486344,1.0
1732437773007689729,1.0
1732437773007689729,1.0
1732437773007689729,1.0
1732437773007689729,1.0
1732437773028299147,1.0
1732437773028299147,1.0
1732437773038726761,1.0
1732437773038726761,1.0
1732437773048959079,1.0
1732437773048959079,1.0
1732437773059253555,1.0
1732437773059253555,1.0
1732437773069549262,1.0
1732437773069549262,1.0
1732437773079967447,1.0
1732437773079967447,1.0
1732437773090535140,1.0
1732437773090535140,1.0
1732437773100957966,1.0
1732437773100957966,1.0
1732437773111312602,1.0
1732437773111312602,1.0
1732437773121739234,1.0
1732437773121739234,1.0
1732437773131969008,1.0
1732437773131969008,1.0
1732437773142517767,1.0
1732437773142517767,1.0
1732437773152643096,1.0
1732437773152643096,1.0
1732437773163163780,1.0
1732437773163163780,1.0
1732437773173347000,1.0
1732437773173347000,1.0
1732437773183921778,1.0
1732437773183921778,1.0
1732437773194443365,1.0
1732437773194443365,1.0
1732437773204660918,1.0
1732437773204660918,1.0
1732437773214954570,1.0
1732437773214954570,1.0
1732437773225877506,1.0
1732437773225877506,1.0
1732437773236456070,1.0
1732437773236456070,1.0
1732437773246942783,1.0
1732437773246942783,1.0
1732437773257246044,1.0
1732437773257246044,1.0
1732437773267326358,1.0
1732437773267326358,1.0
1732437773277784460,1.0
1732437773277784460,1.0
1732437773288436612,1.0
1732437773288436612,1.0
1732437773298695546,1.0
1732437773298695546,1.0
1732437773309112524,1.0
1732437773309112524,1.0
1732437773319841508,1.0
1732437773319841508,1.0
1732437773330324063,1.0
1732437773330324063,1.0
1732437773340621203,1.0
1732437773340621203,1.0
1732437773350746594,1.0
1732437773350746594,1.0
1732437773361064149,1.0
1732437773361064149,1.0
1732437773371685566,1.0
1732437773371685566,1.0
1732437773381911600,1.0
1732437773381911600,1.0
1732437773392072549,1.0
1732437773392072549,1.0
1732437773402409224,1.0
1732437773402409224,1.0
1732437773413064149,1.0
1732437773413064149,1.0
1732437773423622897,1.0
1732437773423622897,1.0
1732437773434439473,1.0
1732437773434439473,1.0
1732437773444666383,1.0
1732437773444666383,1.0
1732437773455777057,1.0
1732437773455777057,1.0
1732437773466129922,1.0
1732437773466129922,1.0
1732437773476695440,1.0
1732437773476695440,1.0
1732437773487458089,1.0
1732437773487458089,1.0
1732437773497757361,1.0
1732437773497757361,1.0
1732437773508188913,1.0
1732437773508188913,1.0
1732437773518844228,1.0
1732437773518844228,1.0
1732437773529472225,1.0
1732437773529472225,1.0
1732437773539867477,1.0
1732437773539867477,1.0
1732437773550232724,1.0
1732437773550232724,1.0
1732437773560564929,1.0
1732437773560564929,1.0
1732437773570967136,1.0
1732437773570967136,1.0
1732437773581575664,1.0
1732437773581575664,1.0
1732437773592066616,1.0
1732437773592066616,1.0
1732437773602469172,1.0
1732437773602469172,1.0
1732437773612726669,1.0
1732437773612726669,1.0
1732437773622966370,1.0
1732437773622966370,1.0
1732437773633221012,1.0
1732437773633221012,1.0
1732437773643754409,1.0
1732437773643754409,1.0
1732437773653983856,1.0
1732437773653983856,1.0
1732437773664234339,1.0
1732437773664234339,1.0
1732437773674322040,1.0
1732437773674322040,1.0
1732437773685315395,1.0
1732437773685315395,1.0
1732437773695489847,1.0
1732437773695489847,1.0
1732437773705809710,1.0
1732437773705809710,1.0
1732437773716149238,1.0
1732437773716149238,1.0
1732437773726405873,1.0
1732437773726405873,1.0
1732437773736991770,1.0
1732437773736991770,1.0
1732437773747515994,1.0
1732437773747515994,1.0
1732437773757676519,1.0
1732437773757676519,1.0
1732437773767777364,1.0
1732437773767777364,1.0
1732437773778013229,1.0
1732437773778013229,1.0
1732437773788563752,1.0
1732437773788563752,1.0
1732437773798835855,1.0
1732437773798835855,1.0
1732437773809427303,1.0
1732437773809427303,1.0
1732437773819661111,1.0
1732437773819661111,1.0
1732437773830348048,1.0
1732437773830348048,1.0
1732437773840644750,1.0
1732437773840644750,1.0
1732437773851560252,1.0
1732437773851560252,1.0
1732437773861997301,1.0
1732437773861997301,1.0
1732437773872641599,1.0
1732437773872641599,1.0
1732437773883013818,1.0
1732437773883013818,1.0
1732437773893519687,1.0
1732437773893519687,1.0
1732437773904224421,1.0
1732437773904224421,1.0
1732437773914615120,1.0
1732437773914615120,1.0
1732437773924907291,1.0
1732437773924907291,1.0
1732437773935110566,1.0
1732437773935110566,1.0
1732437773945776042,1.0
1732437773945776042,1.0
1732437773960932896,1.0
1732437773960932896,1.0
1732437773971332801,1.0
1732437773971332801,1.0
1732437773981720429,1.0
1732437773981720429,1.0
1732437773992259619,1.0
1732437773992259619,1.0
1732437774002544588,1.0
1732437774002544588,1.0
1732437774013494171,1.0
1732437774013494171,1.0
1732437774024057237,1.0
1732437774024057237,1.0
1732437774034605033,1.0
1732437774034605033,1.0
1732437774044930944,1.0
1732437774044930944,1.0
1732437774056161264,1.0
1732437774056161264,1.0
1732437774066465357,1.0
1732437774066465357,1.0
1732437774077123445,1.0
1732437774077123445,1.0
1732437774087243510,1.0
1732437774087243510,1.0
1732437774097475378,1.0
1732437774097475378,1.0
1732437774107652124,1.0
1732437774107652124,1.0
1732437774117826877,1.0
1732437774117826877,1.0
1732437774128190140,1.0
1732437774128190140,1.0
1732437774138356557,1.0
1732437774138356557,1.0
1732437774148607570,1.0
1732437774148607570,1.0
1732437774159157061,1.0
1732437774159157061,1.0
1732437774169361648,1.0
1732437774169361648,1.0
1732437774179634433,1.0
1732437774179634433,1.0
1732437774189905365,1.0
1732437774189905365,1.0
1732437774200169363,1.0
1732437774200169363,1.0
1732437774210311205,1.0
1732437774210311205,1.0
1732437774220827278,1.0
1732437774220827278,1.0
1732437774231622820,1.0
1732437774231622820,1.0
1732437774242014045,1.0
1732437774242014045,1.0
1732437774252648974,1.0
1732437774252648974,1.0
1732437774262970759,1.0
1732437774262970759,1.0
1732437774273223377,1.0
1732437774273223377,1.0
1732437774283618520,1.0
1732437774283618520,1.0
1732437774293842604,1.0
1732437774293842604,1.0
1732437774304123796,1.0
1732437774304123796,1.0
1732437774314416005,1.0
1732437774314416005,1.0
1732437774324719438,1.0
1732437774324719438,1.0
1732437774335307379,1.0
1732437774335307379,1.0
1732437774345731175,1.0
1732437774345731175,1.0
1732437774356123012,1.0
1732437774356123012,1.0
1732437774366681054,1.0
1732437774366681054,1.0
1732437774376918016,1.0
1732437774376918016,1.0
1732437774387670052,1.0
1732437774387670052,1.0
1732437774397763444,1.0
1732437774397763444,1.0
1732437774408331287,1.0
1732437774408331287,1.0
1732437774418899031,1.0
1732437774418899031,1.0
1732437774428984647,1.0
1732437774428984647,1.0
1732437774439281077,1.0
1732437774439281077,1.0
1732437774449855923,1.0
1732437774449855923,1.0
1732437774460382631,1.0
1732437774460382631,1.0
1732437774470543144,1.0
1732437774470543144,1.0
1732437774480858161,1.0
1732437774480858161,1.0
1732437774491441333,1.0
1732437774491441333,1.0
1732437774501984861,1.0
1732437774501984861,1.0
1732437774512787353,1.0
1732437774512787353,1.0
1732437774523135367,1.0
1732437774523135367,1.0
1732437774533251671,1.0
1732437774533251671,1.0
1732437774543476948,1.0
1732437774543476948,1.0
1732437774553707974,1.0
1732437774553707974,1.0
1732437774564193997,1.0
1732437774564193997,1.0
1732437774574449839,1.0
1732437774574449839,1.0
1732437774585222855,1.0
1732437774585222855,1.0
1732437774595664490,1.0
1732437774595664490,1.0
1732437774605880864,1.0
1732437774605880864,1.0
1732437774616303669,1.0
1732437774616303669,1.0
1732437774627411538,1.0
1732437774627411538,1.0
1732437774637493463,1.0
1732437774637493463,1.0
1732437774648541375,1.0
1732437774648541375,1.0
1732437774659083471,1.0
1732437774659083471,1.0
1732437774669677694,1.0
1732437774669677694,1.0
1732437774680011033,1.0
1732437774680011033,1.0
1732437774690377000,1.0
1732437774690377000,1.0
1732437774701955387,1.0
1732437774701955387,1.0
1732437774712604010,1.0
1732437774712604010,1.0
1732437774723181302,1.0
1732437774723181302,1.0
1732437774733569698,1.0
1732437774733569698,1.0
1732437774743700362,1.0
1732437774743700362,1.0
1732437774754017059,1.0
1732437774754017059,1.0
1732437774764561128,1.0
1732437774764561128,1.0
1732437774774949479,1.0
1732437774774949479,1.0
1732437774785531188,1.0
1732437774785531188,1.0
1732437774796068934,1.0
1732437774796068934,1.0
1732437774806287089,1.0
1732437774806287089,1.0
1732437774816815180,1.0
1732437774816815180,1.0
1732437774827954098,1.0
1732437774827954098,1.0
1732437774839425955,1.0
1732437774839425955,1.0
1732437774849654458,1.0
1732437774849654458,1.0
1732437774860358133,1.0
1732437774860358133,1.0
1732437774870717760,1.0
1732437774870717760,1.0
1732437774880843581,1.0
1732437774880843581,1.0
1732437774891196065,1.0
1732437774891196065,1.0
1732437774891196065,1.0
1732437774901708555,1.0
1732437774912305701,1.0
1732437774912305701,1.0
1732437774922523767,1.0
1732437774922523767,1.0
1732437774932825957,1.0
1732437774932825957,1.0
1732437774943101517,1.0
1732437774943101517,1.0
1732437774953531694,1.0
1732437774953531694,1.0
1732437774964049326,1.0
1732437774964049326,1.0
1732437774974344481,1.0
1732437774974344481,1.0
1732437774984960876,1.0
1732437774984960876,1.0
1732437774995230865,1.0
1732437774995230865,1.0
1732437775005693614,1.0
1732437775005693614,1.0
1732437775016191869,1.0
1732437775016191869,1.0
1732437775027021540,1.0
1732437775027021540,1.0
1732437775037315532,1.0
1732437775037315532,1.0
1732437775047486299,1.0
1732437775047486299,1.0
1732437775057753515,1.0
1732437775057753515,1.0
1732437775068130853,1.0
1732437775068130853,1.0
1732437775078503203,1.0
1732437775078503203,1.0
1732437775088896743,1.0
1732437775088896743,1.0
1732437775099747674,1.0
1732437775099747674,1.0
1732437775110266318,1.0
1732437775110266318,1.0
1732437775120866421,1.0
1732437775120866421,1.0
1732437775131095625,1.0
1732437775131095625,1.0
1732437775141608727,1.0
1732437775141608727,1.0
1732437775152118099,1.0
1732437775152118099,1.0
1732437775162773631,1.0
1732437775162773631,1.0
1732437775172997283,1.0
1732437775172997283,1.0
1732437775183350598,1.0
1732437775183350598,1.0
1732437775193721976,1.0
1732437775193721976,1.0
1732437775204365752,1.0
1732437775204365752,1.0
1732437775214795449,1.0
1732437775214795449,1.0
1732437775225454322,1.0
1732437775225454322,1.0
1732437775235649093,1.0
1732437775235649093,1.0
1732437775246585311,1.0
1732437775246585311,1.0
1732437775257249807,1.0
1732437775257249807,1.0
1732437775267393541,1.0
1732437775267393541,1.0
1732437775277862962,1.0
1732437775277862962,1.0
1732437775288038306,1.0
1732437775288038306,1.0
1732437775298401074,1.0
1732437775298401074,1.0
1732437775308596409,1.0
1732437775308596409,1.0
1732437775320255064,1.0
1732437775320255064,1.0
1732437775331046233,1.0
1732437775331046233,1.0
1732437775341574715,1.0
1732437775341574715,1.0
1732437775352174247,1.0
1732437775352174247,1.0
1732437775362705874,1.0
1732437775362705874,1.0
1732437775373025335,1.0
1732437775373025335,1.0
1732437775383508562,1.0
1732437775383508562,1.0
1732437775393986139,1.0
1732437775393986139,1.0
1732437775404212226,1.0
1732437775404212226,1.0
1732437775414596108,1.0
1732437775414596108,1.0
1732437775414596108,1.0
1732437775414596108,1.0
1732437775435851339,1.0
1732437775435851339,1.0
1732437775446124946,1.0
1732437775446124946,1.0
1732437775456430490,1.0
1732437775456430490,1.0
1732437775467002543,1.0
1732437775467002543,1.0
1732437775477386725,1.0
1732437775477386725,1.0
1732437775487661865,1.0
1732437775487661865,1.0
1732437775498042067,1.0
1732437775498042067,1.0
1732437775508274890,1.0
1732437775508274890,1.0
1732437775518342003,1.0
1732437775518342003,1.0
1732437775528512607,1.0
1732437775528512607,1.0
1732437775539044400,1.0
1732437775539044400,1.0
1732437775551194975,1.0
1732437775551194975,1.0
1732437775562294468,1.0
1732437775562294468,1.0
1732437775572648174,1.0
1732437775572648174,1.0
1732437775582777351,1.0
1732437775582777351,1.0
1732437775593044906,1.0
1732437775593044906,1.0
1732437775603544444,1.0
1732437775603544444,1.0
1732437775614268759,1.0
1732437775614268759,1.0
1732437775624689980,1.0
1732437775624689980,1.0
1732437775634807846,1.0
1732437775634807846,1.0
1732437775645615397,1.0
1732437775645615397,1.0
1732437775655880057,1.0
1732437775655880057,1.0
1732437775666338026,1.0
1732437775666338026,1.0
1732437775676484747,1.0
1732437775676484747,1.0
1732437775687285804,1.0
1732437775687285804,1.0
1732437775697598895,1.0
1732437775697598895,1.0
1732437775708379185,1.0
1732437775708379185,1.0
1732437775718662339,1.0
1732437775718662339,1.0
1732437775728887281,1.0
1732437775728887281,1.0
1732437775739103944,1.0
1732437775739103944,1.0
1732437775749419549,1.0
1732437775749419549,1.0
1732437775759896765,1.0
1732437775759896765,1.0
1732437775770077268,1.0
1732437775770077268,1.0
1732437775780315058,1.0
1732437775780315058,1.0
1732437775790563182,1.0
1732437775790563182,1.0
1732437775800797300,1.0
1732437775800797300,1.0
1732437775811440955,1.0
1732437775811440955,1.0
1732437775821777535,1.0
1732437775821777535,1.0
1732437775832306792,1.0
1732437775832306792,1.0
1732437775842459598,1.0
1732437775842459598,1.0
1732437775852994755,1.0
1732437775852994755,1.0
1732437775863508430,1.0
1732437775863508430,1.0
1732437775874147996,1.0
1732437775874147996,1.0
1732437775884765383,1.0
1732437775884765383,1.0
1732437775895116520,1.0
1732437775895116520,1.0
1732437775905752485,1.0
1732437775905752485,1.0
1732437775915899747,1.0
1732437775915899747,1.0
1732437775926106428,1.0
1732437775926106428,1.0
1732437775936488597,1.0
1732437775936488597,1.0
1732437775967153015,1.0
1732437775967153015,1.0
1732437775967153015,1.0
1732437775967153015,1.0
1732437775967153015,1.0
1732437775967153015,1.0
1732437775977549759,1.0
1732437775977549759,1.0
1732437775988163260,1.0
1732437775988163260,1.0
1732437775998542051,1.0
1732437775998542051,1.0
1732437776008958042,1.0
1732437776008958042,1.0
1732437776019455316,1.0
1732437776019455316,1.0
1732437776029897466,1.0
1732437776029897466,1.0
1732437776040047833,1.0
1732437776040047833,1.0
1732437776050230599,1.0
1732437776050230599,1.0
1732437776060502263,1.0
1732437776060502263,1.0
1732437776071026887,1.0
1732437776071026887,1.0
1732437776081761230,1.0
1732437776081761230,1.0
1732437776092371113,1.0
1732437776092371113,1.0
1732437776102590390,1.0
1732437776102590390,1.0
1732437776113322729,1.0
1732437776113322729,1.0
1732437776123846402,1.0
1732437776123846402,1.0
1732437776134286894,1.0
1732437776134286894,1.0
1732437776144617862,1.0
1732437776144617862,1.0
1732437776155149880,1.0
1732437776155149880,1.0
1732437776165634528,1.0
1732437776165634528,1.0
1732437776175794089,1.0
1732437776175794089,1.0
1732437776186809822,1.0
1732437776186809822,1.0
1732437776198412851,1.0
1732437776198412851,1.0
1732437776209334225,1.0
1732437776209334225,1.0
1732437776219721824,1.0
1732437776219721824,1.0
1732437776229984570,1.0
1732437776229984570,1.0
1732437776240709066,1.0
1732437776240709066,1.0
1732437776250914584,1.0
1732437776250914584,1.0
1732437776261490514,1.0
1732437776261490514,1.0
1732437776271983430,1.0
1732437776271983430,1.0
1732437776282496572,1.0
1732437776282496572,1.0
1732437776293051038,1.0
1732437776293051038,1.0
1732437776303126810,1.0
1732437776303126810,1.0
1732437776313678062,1.0
1732437776313678062,1.0
1732437776326805673,1.0
1732437776326805673,1.0
1732437776337422608,1.0
1732437776337422608,1.0
1732437776347958523,1.0
1732437776347958523,1.0
1732437776358922316,1.0
1732437776358922316,1.0
1732437776369157469,1.0
1732437776369157469,1.0
1732437776380227269,1.0
1732437776380227269,1.0
1732437776390615760,1.0
1732437776390615760,1.0
1732437776401328933,1.0
1732437776401328933,1.0
1732437776411816949,1.0
1732437776411816949,1.0
1732437776423312771,1.0
1732437776423312771,1.0
1732437776433618017,1.0
1732437776433618017,1.0
1732437776443912302,1.0
1732437776443912302,1.0
1732437776454289079,1.0
1732437776454289079,1.0
1732437776464794008,1.0
1732437776464794008,1.0
1732437776475079917,1.0
1732437776475079917,1.0
1732437776485656072,1.0
1732437776485656072,1.0
1732437776496200698,1.0
1732437776496200698,1.0
1732437776508054783,1.0
1732437776508054783,1.0
1732437776518055931,1.0
1732437776518055931,1.0
1732437776528289718,1.0
1732437776528289718,1.0
1732437776538638684,1.0
1732437776538638684,1.0
1732437776548934799,1.0
1732437776548934799,1.0
1732437776559412219,1.0
1732437776559412219,1.0
1732437776570086049,1.0
1732437776570086049,1.0
1732437776580829327,1.0
1732437776580829327,1.0
1732437776591254751,1.0
1732437776591254751,1.0
1732437776602149052,1.0
1732437776602149052,1.0
1732437776612632429,1.0
1732437776612632429,1.0
1732437776622982104,1.0
1732437776622982104,1.0
1732437776633296910,1.0
1732437776633296910,1.0
1732437776643531695,1.0
1732437776643531695,1.0
1732437776653929141,1.0
1732437776653929141,1.0
1732437776666757565,1.0
1732437776666757565,1.0
1732437776677007728,1.0
1732437776677007728,1.0
1732437776687089086,1.0
1732437776687089086,1.0
1732437776697108249,1.0
1732437776697108249,1.0
1732437776707524121,1.0
1732437776707524121,1.0
1732437776717552430,1.0
1732437776717552430,1.0
1732437776727741659,1.0
1732437776727741659,1.0
1732437776738153213,1.0
1732437776738153213,1.0
1732437776748745158,1.0
1732437776748745158,1.0
1732437776759388026,1.0
1732437776759388026,1.0
1732437776769854641,1.0
1732437776769854641,1.0
1732437776780237241,1.0
1732437776780237241,1.0
1732437776790317598,1.0
1732437776790317598,1.0
1732437776800964575,1.0
1732437776800964575,1.0
1732437776811093295,1.0
1732437776811093295,1.0
1732437776821565669,1.0
1732437776821565669,1.0
1732437776832192085,1.0
1732437776832192085,1.0
1732437776842738790,1.0
1732437776842738790,1.0
1732437776853029689,1.0
1732437776853029689,1.0
1732437776863603664,1.0
1732437776863603664,1.0
1732437776873979542,1.0
1732437776873979542,1.0
1732437776884099262,1.0
1732437776884099262,1.0
1732437776894707306,1.0
1732437776894707306,1.0
1732437776905886092,1.0
1732437776905886092,1.0
1732437776916594073,1.0
1732437776916594073,1.0
1732437776927218703,1.0
1732437776927218703,1.0
1732437776937357593,1.0
1732437776937357593,1.0
1732437776947607074,1.0
1732437776947607074,1.0
1732437776957861144,1.0
1732437776957861144,1.0
1732437776968397621,1.0
1732437776968397621,1.0
1732437776979030315,1.0
1732437776979030315,1.0
1732437776989468117,1.0
1732437776989468117,1.0
1732437776999946145,1.0
1732437776999946145,1.0
1732437777010210983,1.0
1732437777010210983,1.0
1732437777021043842,1.0
1732437777021043842,1.0
1732437777031544450,1.0
1732437777031544450,1.0
1732437777042561501,1.0
1732437777042561501,1.0
1732437777059465522,1.0
1732437777059465522,1.0
1732437777070084611,1.0
1732437777070084611,1.0
1732437777080521171,1.0
1732437777080521171,1.0
1732437777090797611,1.0
1732437777090797611,1.0
1732437777101076088,1.0
1732437777101076088,1.0
1732437777112286669,1.0
1732437777112286669,1.0
1732437777122534456,1.0
1732437777122534456,1.0
1732437777133179465,1.0
1732437777133179465,1.0
1732437777143672511,1.0
1732437777143672511,1.0
1732437777153961186,1.0
1732437777153961186,1.0
1732437777164433140,1.0
1732437777164433140,1.0
1732437777174687422,1.0
1732437777174687422,1.0
1732437777188275960,1.0
1732437777188275960,1.0
1732437777198660793,1.0
1732437777198660793,1.0
1732437777209186329,1.0
1732437777209186329,1.0
1732437777219379135,1.0
1732437777219379135,1.0
1732437777229798322,1.0
1732437777229798322,1.0
1732437777240260821,1.0
1732437777240260821,1.0
1732437777250654291,1.0
1732437777250654291,1.0
1732437777261271115,1.0
1732437777261271115,1.0
1732437777271675215,1.0
1732437777271675215,1.0
1732437777282290880,1.0
1732437777282290880,1.0
1732437777292881825,1.0
1732437777292881825,1.0
1732437777302884508,1.0
1732437777302884508,1.0
1732437777313564662,1.0
1732437777313564662,1.0
1732437777324152482,1.0
1732437777324152482,1.0
1732437777334641848,1.0
1732437777334641848,1.0
1732437777344905500,1.0
1732437777344905500,1.0
1732437777355200034,1.0
1732437777355200034,1.0
1732437777365716242,1.0
1732437777365716242,1.0
1732437777375989078,1.0
1732437777375989078,1.0
1732437777396538935,1.0
1732437777396538935,1.0
1732437777396538935,1.0
1732437777396538935,1.0
1732437777406935852,1.0
1732437777406935852,1.0
1732437777417068215,1.0
1732437777417068215,1.0
1732437777427077039,1.0
1732437777427077039,1.0
1732437777437175777,1.0
1732437777437175777,1.0
1732437777447776085,1.0
1732437777447776085,1.0
1732437777458184613,1.0
1732437777458184613,1.0
1732437777468329470,1.0
1732437777468329470,1.0
1732437777478475299,1.0
1732437777478475299,1.0
1732437777488944114,1.0
1732437777488944114,1.0
1732437777499329643,1.0
1732437777499329643,1.0
1732437777509758269,1.0
1732437777509758269,1.0
1732437777519947086,1.0
1732437777519947086,1.0
1732437777530275351,1.0
1732437777530275351,1.0
1732437777540564227,1.0
1732437777540564227,1.0
1732437777551025826,1.0
1732437777551025826,1.0
1732437777561232799,1.0
1732437777561232799,1.0
1732437777571425595,1.0
1732437777571425595,1.0
1732437777582221443,1.0
1732437777582221443,1.0
1732437777592489630,1.0
1732437777592489630,1.0
1732437777602627134,1.0
1732437777602627134,1.0
1732437777613078821,1.0
1732437777613078821,1.0
1732437777623162611,1.0
1732437777623162611,1.0
1732437777633710629,1.0
1732437777633710629,1.0
1732437777656288646,1.0
1732437777656288646,1.0
1732437777656288646,1.0
1732437777656288646,1.0
1732437777666832807,1.0
1732437777666832807,1.0
1732437777677086497,1.0
1732437777677086497,1.0
1732437777687095479,1.0
1732437777687095479,1.0
1732437777697342246,1.0
1732437777697342246,1.0
1732437777709780273,1.0
1732437777709780273,1.0
1732437777720052295,1.0
1732437777720052295,1.0
1732437777730534972,1.0
1732437777730534972,1.0
1732437777741098198,1.0
1732437777741098198,1.0
1732437777751236071,1.0
1732437777751236071,1.0
1732437777761730125,1.0
1732437777761730125,1.0
1732437777771941790,1.0
1732437777771941790,1.0
1732437777782093058,1.0
1732437777782093058,1.0
1732437777792344023,1.0
1732437777792344023,1.0
1732437777809734909,1.0
1732437777809734909,1.0
1732437777820382211,1.0
1732437777820382211,1.0
1732437777830680234,1.0
1732437777830680234,1.0
1732437777841096195,1.0
1732437777841096195,1.0
1732437777851344380,1.0
1732437777851344380,1.0
1732437777861955759,1.0
1732437777861955759,1.0
1732437777872273910,1.0
1732437777872273910,1.0
1732437777882441678,1.0
1732437777882441678,1.0
1732437777894035233,1.0
1732437777894035233,1.0
1732437777904760020,1.0
1732437777904760020,1.0
1732437777915384248,1.0
1732437777915384248,1.0
1732437777925720001,1.0
1732437777925720001,1.0
1732437777936180326,1.0
1732437777936180326,1.0
1732437777946428152,1.0
1732437777946428152,1.0
1732437777957187394,1.0
1732437777957187394,1.0
1732437777967473545,1.0
1732437777967473545,1.0
1732437777977595386,1.0
1732437777977595386,1.0
1732437777988450036,1.0
1732437777988450036,1.0
1732437777998808811,1.0
1732437777998808811,1.0
1732437778009106071,1.0
1732437778009106071,1.0
1732437778019455670,1.0
1732437778019455670,1.0
1732437778030159157,1.0
1732437778030159157,1.0
1732437778053323963,1.0
1732437778053323963,1.0
1732437778053323963,1.0
1732437778053323963,1.0
1732437778063761425,1.0
1732437778063761425,1.0
1732437778073979116,1.0
1732437778073979116,1.0
1732437778084226154,1.0
1732437778084226154,1.0
1732437778094708218,1.0
1732437778094708218,1.0
1732437778115632503,1.0
1732437778115632503,1.0
1732437778137666796,1.0
1732437778137666796,1.0
1732437778149850768,1.0
1732437778149850768,1.0
1732437778160591895,1.0
1732437778160591895,1.0
1732437778170803758,1.0
1732437778170803758,1.0
1732437778191541154,1.0
1732437778191541154,1.0
1732437778191541154,1.0
1732437778191541154,1.0
1732437778202154845,1.0
1732437778202154845,1.0
1732437778212588119,1.0
1732437778212588119,1.0
1732437778233309626,1.0
1732437778233309626,1.0
1732437778233309626,1.0
1732437778233309626,1.0
1732437778244115734,1.0
1732437778244115734,1.0
1732437778266854316,1.0
1732437778266854316,1.0
1732437778279720661,1.0
1732437778279720661,1.0
1732437778279720661,1.0
1732437778279720661,1.0
1732437778301876529,1.0
1732437778301876529,1.0
1732437778301876529,1.0
1732437778301876529,1.0
1732437778312939936,1.0
1732437778312939936,1.0
1732437778323501599,1.0
1732437778323501599,1.0
1732437778338899535,1.0
1732437778338899535,1.0
1732437778350902822,1.0
1732437778350902822,1.0
1732437778361201616,1.0
1732437778361201616,1.0
1732437778372594536,1.0
1732437778372594536,1.0
1732437778383024374,1.0
1732437778383024374,1.0
1732437778394040683,1.0
1732437778394040683,1.0
1732437778404374272,1.0
1732437778404374272,1.0
1732437778415287107,1.0
1732437778415287107,1.0
1732437778426860695,1.0
1732437778426860695,1.0
1732437778440665947,1.0
1732437778440665947,1.0
1732437778451237657,1.0
1732437778451237657,1.0
1732437778461693500,1.0
1732437778461693500,1.0
1732437778472130385,1.0
1732437778472130385,1.0
1732437778483386161,1.0
1732437778483386161,1.0
1732437778494413139,1.0
1732437778494413139,1.0
1732437778507232786,1.0
1732437778507232786,1.0
1732437778518467793,1.0
1732437778518467793,1.0
1732437778528878733,1.0
1732437778528878733,1.0
1732437778539296259,1.0
1732437778539296259,1.0
1732437778549933493,1.0
1732437778549933493,1.0
1732437778560241232,1.0
1732437778560241232,1.0
1732437778571313055,1.0
1732437778571313055,1.0
1732437778582408659,1.0
1732437778582408659,1.0
1732437778592790511,1.0
1732437778592790511,1.0
1732437778602843906,1.0
1732437778602843906,1.0
1732437778613092436,1.0
1732437778613092436,1.0
1732437778623555807,1.0
1732437778623555807,1.0
1732437778633935942,1.0
1732437778633935942,1.0
1732437778644309765,1.0
1732437778644309765,1.0
1732437778654866179,1.0
1732437778654866179,1.0
1732437778665465753,1.0
1732437778665465753,1.0
1732437778676149171,1.0
1732437778676149171,1.0
1732437778686446462,1.0
1732437778686446462,1.0
1732437778697114042,1.0
1732437778697114042,1.0
1732437778707370356,1.0
1732437778707370356,1.0
1732437778717737463,1.0
1732437778717737463,1.0
1732437778727884013,1.0
1732437778727884013,1.0
1732437778738158676,1.0
1732437778738158676,1.0
1732437778748917265,1.0
1732437778748917265,1.0
1732437778759082489,1.0
1732437778759082489,1.0
1732437778769755260,1.0
1732437778769755260,1.0
1732437778780329015,1.0
1732437778780329015,1.0
1732437778790893041,1.0
1732437778790893041,1.0
1732437778801363735,1.0
1732437778801363735,1.0
1732437778811914288,1.0
1732437778811914288,1.0
1732437778822395006,1.0
1732437778822395006,1.0
1732437778832732986,1.0
1732437778832732986,1.0
1732437778842862956,1.0
1732437778842862956,1.0
1732437778853644369,1.0
1732437778853644369,1.0
1732437778864250042,1.0
1732437778864250042,1.0
1732437778874353343,1.0
1732437778874353343,1.0
1732437778890327393,1.0
1732437778890327393,1.0
1732437778900444796,1.0
1732437778900444796,1.0
1732437778910583943,1.0
1732437778910583943,1.0
1732437778921207061,1.0
1732437778921207061,1.0
1732437778931542844,1.0
1732437778931542844,1.0
1732437778942198461,1.0
1732437778942198461,1.0
1732437778942198461,1.0
1732437778942198461,1.0
1732437778963346059,1.0
1732437778963346059,1.0
1732437778973781780,1.0
1732437778973781780,1.0
1732437778983989013,1.0
1732437778983989013,1.0
1732437778994258573,1.0
1732437778994258573,1.0
1732437779004355331,1.0
1732437779004355331,1.0
1732437779014518039,1.0
1732437779014518039,1.0
1732437779024685088,1.0
1732437779024685088,1.0
1732437779035013387,1.0
1732437779035013387,1.0
1732437779045675307,1.0
1732437779045675307,1.0
1732437779066883420,1.0
1732437779066883420,1.0
1732437779077428703,1.0
1732437779077428703,1.0
1732437779088243946,1.0
1732437779088243946,1.0
1732437779098359169,1.0
1732437779098359169,1.0
1732437779108720629,1.0
1732437779108720629,1.0
1732437779119268426,1.0
1732437779119268426,1.0
1732437779129957275,1.0
1732437779129957275,1.0
1732437779140288279,1.0
1732437779140288279,1.0
1732437779150894947,1.0
1732437779150894947,1.0
1732437779161035826,1.0
1732437779161035826,1.0
1732437779171164052,1.0
1732437779171164052,1.0
1732437779181857910,1.0
1732437779181857910,1.0
1732437779192418081,1.0
1732437779192418081,1.0
1732437779204029649,1.0
1732437779204029649,1.0
1732437779214753835,1.0
1732437779214753835,1.0
1732437779225420202,1.0
1732437779225420202,1.0
1732437779235909671,1.0
1732437779235909671,1.0
1732437779246854898,1.0
1732437779246854898,1.0
1732437779257852183,1.0
1732437779257852183,1.0
1732437779268600432,1.0
1732437779268600432,1.0
1732437779279083159,1.0
1732437779279083159,1.0
1732437779289133109,1.0
1732437779289133109,1.0
1732437779299491985,1.0
1732437779299491985,1.0
1732437779309894100,1.0
1732437779309894100,1.0
1732437779319999604,1.0
1732437779319999604,1.0
1732437779319999604,1.0
1732437779319999604,1.0
1732437779341379138,1.0
1732437779341379138,1.0
1732437779351802271,1.0
1732437779351802271,1.0
1732437779362517931,1.0
1732437779362517931,1.0
1732437779372825692,1.0
1732437779372825692,1.0
1732437779383075271,1.0
1732437779383075271,1.0
1732437779393787418,1.0
1732437779393787418,1.0
1732437779404073617,1.0
1732437779404073617,1.0
1732437779414272595,1.0
1732437779414272595,1.0
1732437779424443711,1.0
1732437779424443711,1.0
1732437779434871375,1.0
1732437779434871375,1.0
1732437779445002465,1.0
1732437779445002465,1.0
1732437779455363284,1.0
1732437779455363284,1.0
1732437779465552945,1.0
1732437779465552945,1.0
1732437779476145075,1.0
1732437779476145075,1.0
1732437779486437045,1.0
1732437779486437045,1.0
1732437779496738463,1.0
1732437779496738463,1.0
1732437779507205280,1.0
1732437779507205280,1.0
1732437779517206681,1.0
1732437779517206681,1.0
1732437779527522897,1.0
1732437779527522897,1.0
1732437779537943717,1.0
1732437779537943717,1.0
1732437779552498064,1.0
1732437779552498064,1.0
1732437779562985748,1.0
1732437779562985748,1.0
1732437779573942897,1.0
1732437779573942897,1.0
1732437779584127779,1.0
1732437779584127779,1.0
1732437779594906316,1.0
1732437779594906316,1.0
1732437779605064087,1.0
1732437779605064087,1.0
1732437779615400431,1.0
1732437779615400431,1.0
1732437779625552330,1.0
1732437779625552330,1.0
1732437779635850654,1.0
1732437779635850654,1.0
1732437779646400284,1.0
1732437779646400284,1.0
1732437779657115754,1.0
1732437779657115754,1.0
1732437779667188325,1.0
1732437779667188325,1.0
1732437779677424171,1.0
1732437779677424171,1.0
1732437779687992578,1.0
1732437779687992578,1.0
1732437779698629989,1.0
1732437779698629989,1.0
1732437779709093538,1.0
1732437779709093538,1.0
1732437779719239290,1.0
1732437779719239290,1.0
1732437779729551509,1.0
1732437779729551509,1.0
1732437779740370121,1.0
1732437779740370121,1.0
1732437779752170198,1.0
1732437779752170198,1.0
1732437779762718928,1.0
1732437779762718928,1.0
1732437779772858345,1.0
1732437779772858345,1.0
1732437779783465573,1.0
1732437779783465573,1.0
1732437779793684787,1.0
1732437779793684787,1.0
1732437779803945897,1.0
1732437779803945897,1.0
1732437779814129801,1.0
1732437779814129801,1.0
1732437779824703697,1.0
1732437779824703697,1.0
1732437779834847583,1.0
1732437779834847583,1.0
1732437779845358239,1.0
1732437779845358239,1.0
1732437779855653066,1.0
1732437779855653066,1.0
1732437779866166209,1.0
1732437779866166209,1.0
1732437779876792883,1.0
1732437779876792883,1.0
1732437779887272112,1.0
1732437779887272112,1.0
1732437779897428090,1.0
1732437779897428090,1.0
1732437779907889506,1.0
1732437779907889506,1.0
1732437779918396057,1.0
1732437779918396057,1.0
1732437779928905592,1.0
1732437779928905592,1.0
1732437779939449642,1.0
1732437779939449642,1.0
1732437779949856918,1.0
1732437779960506465,1.0
1732437779960506465,1.0
1732437779960506465,1.0
1732437779970836706,1.0
1732437779970836706,1.0
1732437779981059358,1.0
1732437779981059358,1.0
1732437779991581588,1.0
1732437779991581588,1.0
1732437780001835158,1.0
1732437780001835158,1.0
1732437780012782338,1.0
1732437780012782338,1.0
1732437780023805340,1.0
1732437780023805340,1.0
1732437780034096038,1.0
1732437780034096038,1.0
1732437780044327397,1.0
1732437780044327397,1.0
1732437780055135378,1.0
1732437780055135378,1.0
1732437780065579211,1.0
1732437780065579211,1.0
1732437780078797530,1.0
1732437780078797530,1.0
1732437780088866116,1.0
1732437780088866116,1.0
1732437780099195787,1.0
1732437780099195787,1.0
1732437780109328627,1.0
1732437780109328627,1.0
1732437780119489574,1.0
1732437780119489574,1.0
1732437780130724455,1.0
1732437780130724455,1.0
1732437780141043636,1.0
1732437780141043636,1.0
1732437780151683756,1.0
1732437780151683756,1.0
1732437780161880228,1.0
1732437780161880228,1.0
1732437780172076140,1.0
1732437780172076140,1.0
1732437780182294534,1.0
1732437780182294534,1.0
1732437780192559084,1.0
1732437780192559084,1.0
1732437780203117332,1.0
1732437780203117332,1.0
1732437780213635212,1.0
1732437780213635212,1.0
1732437780224272998,1.0
1732437780224272998,1.0
1732437780234589861,1.0
1732437780234589861,1.0
1732437780245036374,1.0
1732437780245036374,1.0
1732437780265886120,1.0
1732437780265886120,1.0
1732437780275995682,1.0
1732437780275995682,1.0
1732437780275995682,1.0
1732437780275995682,1.0
1732437780297231047,1.0
1732437780297231047,1.0
1732437780297231047,1.0
1732437780297231047,1.0
1732437780307331231,1.0
1732437780307331231,1.0
1732437780318342406,1.0
1732437780318342406,1.0
1732437780328645722,1.0
1732437780328645722,1.0
1732437780338768759,1.0
1732437780338768759,1.0
1732437780350720490,1.0
1732437780350720490,1.0
1732437780362375088,1.0
1732437780362375088,1.0
1732437780372931992,1.0
1732437780372931992,1.0
1732437780372931992,1.0
1732437780372931992,1.0
1732437780394297839,1.0
1732437780394297839,1.0
1732437780405190359,1.0
1732437780405190359,1.0
1732437780415630826,1.0
1732437780415630826,1.0
1732437780426281584,1.0
1732437780426281584,1.0
1732437780437017392,1.0
1732437780437017392,1.0
1732437780447084244,1.0
1732437780447084244,1.0
1732437780458019102,1.0
1732437780458019102,1.0
1732437780468104208,1.0
1732437780468104208,1.0
1732437780478456772,1.0
1732437780478456772,1.0
1732437780489075456,1.0
1732437780489075456,1.0
1732437780503042443,1.0
1732437780503042443,1.0
1732437780513653579,1.0
1732437780513653579,1.0
1732437780523821419,1.0
1732437780523821419,1.0
1732437780534397828,1.0
1732437780534397828,1.0
1732437780544936749,1.0
1732437780544936749,1.0
1732437780555237737,1.0
1732437780555237737,1.0
1732437780565597084,1.0
1732437780565597084,1.0
1732437780576247262,1.0
1732437780576247262,1.0
1732437780586395645,1.0
1732437780586395645,1.0
1732437780596516788,1.0
1732437780596516788,1.0
1732437780607137842,1.0
1732437780607137842,1.0
1732437780617433971,1.0
1732437780617433971,1.0
1732437780627819416,1.0
1732437780627819416,1.0
1732437780638192669,1.0
1732437780638192669,1.0
1732437780649668673,1.0
1732437780649668673,1.0
1732437780659998925,1.0
1732437780659998925,1.0
1732437780670888155,1.0
1732437780670888155,1.0
1732437780681379030,1.0
1732437780681379030,1.0
1732437780691499070,1.0
1732437780691499070,1.0
1732437780701776804,1.0
1732437780701776804,1.0
1732437780712162099,1.0
1732437780712162099,1.0
1732437780722849546,1.0
1732437780722849546,1.0
1732437780733286869,1.0
1732437780733286869,1.0
1732437780743678745,1.0
1732437780743678745,1.0
1732437780754125122,1.0
1732437780754125122,1.0
1732437780764478799,1.0
1732437780764478799,1.0
1732437780775388089,1.0
1732437780775388089,1.0
1732437780786344388,1.0
1732437780786344388,1.0
1732437780796649092,1.0
1732437780796649092,1.0
1732437780807359661,1.0
1732437780807359661,1.0
1732437780817507985,1.0
1732437780817507985,1.0
1732437780828239114,1.0
1732437780828239114,1.0
1732437780838728984,1.0
1732437780838728984,1.0
1732437780849219575,1.0
1732437780849219575,1.0
1732437780859389868,1.0
1732437780859389868,1.0
1732437780869850403,1.0
1732437780869850403,1.0
1732437780880392410,1.0
1732437780880392410,1.0
1732437780890920130,1.0
1732437780890920130,1.0
1732437780901433473,1.0
1732437780901433473,1.0
1732437780911648220,1.0
1732437780911648220,1.0
1732437780921868437,1.0
1732437780921868437,1.0
1732437780932326675,1.0
1732437780932326675,1.0
1732437780942864256,1.0
1732437780942864256,1.0
1732437780952933764,1.0
1732437780952933764,1.0
1732437780963392594,1.0
1732437780963392594,1.0
1732437780974284883,1.0
1732437780974284883,1.0
1732437780984409863,1.0
1732437780984409863,1.0
1732437780994908610,1.0
1732437780994908610,1.0
1732437781005040684,1.0
1732437781005040684,1.0
1732437781015409886,1.0
1732437781015409886,1.0
1732437781025774422,1.0
1732437781025774422,1.0
1732437781036218597,1.0
1732437781036218597,1.0
1732437781046424719,1.0
1732437781046424719,1.0
1732437781067095953,1.0
1732437781067095953,1.0
1732437781077275324,1.0
1732437781077275324,1.0
1732437781089059423,1.0
1732437781089059423,1.0
1732437781099401217,1.0
1732437781099401217,1.0
1732437781109812901,1.0
1732437781109812901,1.0
1732437781119912534,1.0
1732437781119912534,1.0
1732437781130442507,1.0
1732437781130442507,1.0
1732437781140630214,1.0
1732437781140630214,1.0
1732437781151448295,1.0
1732437781151448295,1.0
1732437781161922686,1.0
1732437781161922686,1.0
1732437781172505930,1.0
1732437781172505930,1.0
1732437781183011659,1.0
1732437781183011659,1.0
1732437781193397802,1.0
1732437781193397802,1.0
1732437781203746931,1.0
1732437781203746931,1.0
1732437781214138928,1.0
1732437781214138928,1.0
1732437781224581420,1.0
1732437781224581420,1.0
1732437781234891585,1.0
1732437781234891585,1.0
1732437781245056250,1.0
1732437781245056250,1.0
1732437781255580323,1.0
1732437781255580323,1.0
1732437781265787265,1.0
1732437781265787265,1.0
1732437781275954122,1.0
1732437781275954122,1.0
1732437781286155986,1.0
1732437781286155986,1.0
1732437781296778282,1.0
1732437781296778282,1.0
1732437781307148530,1.0
1732437781307148530,1.0
1732437781317714558,1.0
1732437781317714558,1.0
1732437781328218457,1.0
1732437781328218457,1.0
1732437781338299951,1.0
1732437781338299951,1.0
1732437781348841250,1.0
1732437781348841250,1.0
1732437781359432629,1.0
1732437781359432629,1.0
1732437781370150473,1.0
1732437781370150473,1.0
1732437781380412538,1.0
1732437781380412538,1.0
1732437781391061575,1.0
1732437781391061575,1.0
1732437781401279123,1.0
1732437781401279123,1.0
1732437781411857390,1.0
1732437781411857390,1.0
1732437781422432178,1.0
1732437781422432178,1.0
1732437781432530358,1.0
1732437781432530358,1.0
1732437781442564160,1.0
1732437781442564160,1.0
1732437781452616003,1.0
1732437781452616003,1.0
1732437781463163527,1.0
1732437781463163527,1.0
1732437781473330337,1.0
1732437781473330337,1.0
1732437781485046670,1.0
1732437781485046670,1.0
1732437781495257550,1.0
1732437781495257550,1.0
1732437781505568757,1.0
1732437781505568757,1.0
1732437781515832286,1.0
1732437781515832286,1.0
1732437781526140316,1.0
1732437781526140316,1.0
1732437781536474442,1.0
1732437781536474442,1.0
1732437781546534574,1.0
1732437781546534574,1.0
1732437781557022620,1.0
1732437781557022620,1.0
1732437781568000499,1.0
1732437781568000499,1.0
1732437781578239438,1.0
1732437781578239438,1.0
1732437781588716066,1.0
1732437781588716066,1.0
1732437781598799690,1.0
1732437781609081620,1.0
1732437781609081620,1.0
1732437781609081620,1.0
1732437781619867598,1.0
1732437781619867598,1.0
1732437781630132212,1.0
1732437781630132212,1.0
1732437781640651957,1.0
1732437781640651957,1.0
1732437781651010312,1.0
1732437781651010312,1.0
1732437781661473238,1.0
1732437781661473238,1.0
1732437781671896275,1.0
1732437781671896275,1.0
1732437781682191733,1.0
1732437781682191733,1.0
1732437781692963387,1.0
1732437781692963387,1.0
1732437781703037103,1.0
1732437781703037103,1.0
1732437781713661713,1.0
1732437781713661713,1.0
1732437781724054392,1.0
1732437781724054392,1.0
1732437781734609092,1.0
1732437781734609092,1.0
1732437781744697249,1.0
1732437781744697249,1.0
1732437781757896205,1.0
1732437781757896205,1.0
1732437781768420680,1.0
1732437781768420680,1.0
1732437781779242498,1.0
1732437781779242498,1.0
1732437781789669260,1.0
1732437781789669260,1.0
1732437781789669260,1.0
1732437781789669260,1.0
1732437781810580990,1.0
1732437781810580990,1.0
1732437781821181196,1.0
1732437781821181196,1.0
1732437781831535283,1.0
1732437781831535283,1.0
1732437781842110799,1.0
1732437781842110799,1.0
1732437781852716788,1.0
1732437781852716788,1.0
1732437781863216576,1.0
1732437781863216576,1.0
1732437781863216576,1.0
1732437781863216576,1.0
1732437781884045372,1.0
1732437781884045372,1.0
1732437781894549319,1.0
1732437781894549319,1.0
1732437781904865445,1.0
1732437781904865445,1.0
1732437781915339906,1.0
1732437781915339906,1.0
1732437781925670740,1.0
1732437781925670740,1.0
1732437781944368178,1.0
1732437781944368178,1.0
1732437781954706977,1.0
1732437781954706977,1.0
1732437781966367706,1.0
1732437781966367706,1.0
1732437781976916335,1.0
1732437781976916335,1.0
1732437781987237902,1.0
1732437781987237902,1.0
1732437781998280400,1.0
1732437781998280400,1.0
1732437782008833056,1.0
1732437782008833056,1.0
1732437782019324368,1.0
1732437782019324368,1.0
1732437782029551518,1.0
1732437782029551518,1.0
1732437782039924621,1.0
1732437782039924621,1.0
1732437782050433215,1.0
1732437782050433215,1.0
1732437782061553605,1.0
1732437782061553605,1.0
1732437782075000564,1.0
1732437782075000564,1.0
1732437782085345201,1.0
1732437782085345201,1.0
1732437782095585133,1.0
1732437782095585133,1.0
1732437782106897377,1.0
1732437782106897377,1.0
1732437782117291138,1.0
1732437782117291138,1.0
1732437782127470740,1.0
1732437782127470740,1.0
1732437782138206407,1.0
1732437782138206407,1.0
1732437782148402279,1.0
1732437782148402279,1.0
1732437782158638547,1.0
1732437782158638547,1.0
1732437782170422485,1.0
1732437782170422485,1.0
1732437782180818159,1.0
1732437782180818159,1.0
1732437782191642682,1.0
1732437782191642682,1.0
1732437782207956535,1.0
1732437782207956535,1.0
1732437782218576867,1.0
1732437782218576867,1.0
1732437782229250315,1.0
1732437782229250315,1.0
1732437782239711885,1.0
1732437782239711885,1.0
1732437782250084567,1.0
1732437782250084567,1.0
1732437782260337814,1.0
1732437782260337814,1.0
1732437782270560537,1.0
1732437782270560537,1.0
1732437782280956953,1.0
1732437782280956953,1.0
1732437782291123350,1.0
1732437782291123350,1.0
1732437782301661780,1.0
1732437782301661780,1.0
1732437782311792241,1.0
1732437782311792241,1.0
1732437782322048075,1.0
1732437782322048075,1.0
1732437782332415196,1.0
1732437782332415196,1.0
1732437782342467471,1.0
1732437782342467471,1.0
1732437782352633646,1.0
1732437782352633646,1.0
1732437782363288483,1.0
1732437782363288483,1.0
1732437782373501037,1.0
1732437782373501037,1.0
1732437782383841368,1.0
1732437782383841368,1.0
1732437782394227685,1.0
1732437782394227685,1.0
1732437782404623991,1.0
1732437782404623991,1.0
1732437782415290639,1.0
1732437782415290639,1.0
1732437782425840150,1.0
1732437782425840150,1.0
1732437782436430106,1.0
1732437782436430106,1.0
1732437782447077107,1.0
1732437782447077107,1.0
1732437782457358228,1.0
1732437782457358228,1.0
1732437782467491424,1.0
1732437782467491424,1.0
1732437782477693948,1.0
1732437782477693948,1.0
1732437782488276351,1.0
1732437782488276351,1.0
1732437782498501918,1.0
1732437782498501918,1.0
1732437782508869080,1.0
1732437782508869080,1.0
1732437782519479995,1.0
1732437782519479995,1.0
1732437782530134311,1.0
1732437782530134311,1.0
1732437782540532979,1.0
1732437782540532979,1.0
1732437782552677629,1.0
1732437782552677629,1.0
1732437782565174475,1.0
1732437782565174475,1.0
1732437782576609234,1.0
1732437782576609234,1.0
1732437782589852771,1.0
1732437782589852771,1.0
1732437782600028836,1.0
1732437782600028836,1.0
1732437782610681185,1.0
1732437782610681185,1.0
1732437782624244950,1.0
1732437782624244950,1.0
1732437782634350584,1.0
1732437782634350584,1.0
1732437782645398002,1.0
1732437782645398002,1.0
1732437782655883853,1.0
1732437782655883853,1.0
1732437782666240415,1.0
1732437782666240415,1.0
1732437782676854617,1.0
1732437782676854617,1.0
1732437782687143201,1.0
1732437782687143201,1.0
1732437782697580093,1.0
1732437782697580093,1.0
1732437782707611198,1.0
1732437782707611198,1.0
1732437782718135928,1.0
1732437782718135928,1.0
1732437782728608640,1.0
1732437782728608640,1.0
1732437782739290516,1.0
1732437782739290516,1.0
1732437782750082148,1.0
1732437782750082148,1.0
1732437782760563291,1.0
1732437782760563291,1.0
1732437782770726580,1.0
1732437782770726580,1.0
1732437782780902939,1.0
1732437782780902939,1.0
1732437782792269230,1.0
1732437782792269230,1.0
1732437782802751305,1.0
1732437782802751305,1.0
1732437782813123394,1.0
1732437782813123394,1.0
1732437782823668587,1.0
1732437782823668587,1.0
1732437782833885158,1.0
1732437782833885158,1.0
1732437782844307101,1.0
1732437782844307101,1.0
1732437782856811822,1.0
1732437782856811822,1.0
1732437782868347820,1.0
1732437782868347820,1.0
1732437782878405084,1.0
1732437782878405084,1.0
1732437782888811489,1.0
1732437782888811489,1.0
1732437782898989728,1.0
1732437782898989728,1.0
1732437782909252633,1.0
1732437782909252633,1.0
1732437782919666371,1.0
1732437782919666371,1.0
1732437782929856042,1.0
1732437782929856042,1.0
1732437782940251205,1.0
1732437782940251205,1.0
1732437782950817168,1.0
1732437782950817168,1.0
1732437782961345609,1.0
1732437782961345609,1.0
1732437782971611958,1.0
1732437782971611958,1.0
1732437782982093826,1.0
1732437782982093826,1.0
1732437782992470485,1.0
1732437782992470485,1.0
1732437783002634267,1.0
1732437783002634267,1.0
1732437783013113196,1.0
1732437783013113196,1.0
1732437783023435083,1.0
1732437783023435083,1.0
1732437783033971099,1.0
1732437783033971099,1.0
1732437783044216774,1.0
1732437783044216774,1.0
1732437783054517853,1.0
1732437783054517853,1.0
1732437783064990951,1.0
1732437783064990951,1.0
1732437783075647220,1.0
1732437783075647220,1.0
1732437783087129556,1.0
1732437783087129556,1.0
1732437783097543394,1.0
1732437783097543394,1.0
1732437783108277889,1.0
1732437783108277889,1.0
1732437783108277889,1.0
1732437783108277889,1.0
1732437783129222453,1.0
1732437783129222453,1.0
1732437783139654135,1.0
1732437783139654135,1.0
1732437783150107807,1.0
1732437783160548755,1.0
1732437783160548755,1.0
1732437783160548755,1.0
1732437783171061247,1.0
1732437783171061247,1.0
1732437783181250254,1.0
1732437783181250254,1.0
1732437783202183380,1.0
1732437783202183380,1.0
1732437783202183380,1.0
1732437783202183380,1.0
1732437783212771031,1.0
1732437783212771031,1.0
1732437783223900492,1.0
1732437783223900492,1.0
1732437783235663640,1.0
1732437783235663640,1.0
1732437783246248517,1.0
1732437783246248517,1.0
1732437783256813657,1.0
1732437783256813657,1.0
1732437783269838513,1.0
1732437783269838513,1.0
1732437783280044414,1.0
1732437783280044414,1.0
1732437783290550979,1.0
1732437783290550979,1.0
1732437783300925961,1.0
1732437783300925961,1.0
1732437783311349040,1.0
1732437783311349040,1.0
1732437783321837173,1.0
1732437783321837173,1.0
1732437783332028941,1.0
1732437783332028941,1.0
1732437783342292039,1.0
1732437783342292039,1.0
1732437783352684387,1.0
1732437783352684387,1.0
1732437783363401820,1.0
1732437783363401820,1.0
1732437783373858777,1.0
1732437783373858777,1.0
1732437783384373673,1.0
1732437783384373673,1.0
1732437783394458185,1.0
1732437783394458185,1.0
1732437783406843116,1.0
1732437783406843116,1.0
1732437783417086226,1.0
1732437783417086226,1.0
1732437783427497707,1.0
1732437783427497707,1.0
1732437783437812684,1.0
1732437783437812684,1.0
1732437783448139952,1.0
1732437783448139952,1.0
1732437783458816008,1.0
1732437783458816008,1.0
1732437783469280627,1.0
1732437783469280627,1.0
1732437783479682857,1.0
1732437783479682857,1.0
1732437783490186713,1.0
1732437783490186713,1.0
1732437783500402913,1.0
1732437783500402913,1.0
1732437783510853390,1.0
1732437783510853390,1.0
1732437783520974681,1.0
1732437783520974681,1.0
1732437783531114990,1.0
1732437783531114990,1.0
1732437783541508030,1.0
1732437783541508030,1.0
1732437783552127070,1.0
1732437783552127070,1.0
1732437783562651884,1.0
1732437783562651884,1.0
1732437783572872032,1.0
1732437783572872032,1.0
1732437783583306759,1.0
1732437783583306759,1.0
1732437783593655847,1.0
1732437783593655847,1.0
1732437783604343722,1.0
1732437783604343722,1.0
1732437783615316534,1.0
1732437783615316534,1.0
1732437783626305583,1.0
1732437783626305583,1.0
1732437783636548773,1.0
1732437783636548773,1.0
1732437783647027379,1.0
1732437783647027379,1.0
1732437783657154423,1.0
1732437783657154423,1.0
1732437783657154423,1.0
1732437783657154423,1.0
1732437783677355615,1.0
1732437783677355615,1.0
1732437783688493300,1.0
1732437783688493300,1.0
1732437783699023195,1.0
1732437783699023195,1.0
1732437783709343509,1.0
1732437783709343509,1.0
1732437783720097100,1.0
1732437783720097100,1.0
1732437783730480761,1.0
1732437783730480761,1.0
1732437783741508723,1.0
1732437783741508723,1.0
1732437783751898156,1.0
1732437783751898156,1.0
1732437783762668618,1.0
1732437783762668618,1.0
1732437783772888431,1.0
1732437783772888431,1.0
1732437783783258843,1.0
1732437783783258843,1.0
1732437783793347966,1.0
1732437783793347966,1.0
1732437783803694447,1.0
1732437783803694447,1.0
1732437783813888987,1.0
1732437783813888987,1.0
1732437783824271076,1.0
1732437783824271076,1.0
1732437783834465886,1.0
1732437783834465886,1.0
1732437783846243179,1.0
1732437783846243179,1.0
1732437783856807020,1.0
1732437783856807020,1.0
1732437783867200079,1.0
1732437783867200079,1.0
1732437783877384872,1.0
1732437783877384872,1.0
1732437783887923632,1.0
1732437783887923632,1.0
1732437783898382214,1.0
1732437783898382214,1.0
1732437783908580180,1.0
1732437783908580180,1.0
1732437783918817129,1.0
1732437783918817129,1.0
1732437783929306317,1.0
1732437783929306317,1.0
1732437783939712662,1.0
1732437783939712662,1.0
1732437783960824666,1.0
1732437783960824666,1.0
1732437783971192277,1.0
1732437783971192277,1.0
1732437783981355609,1.0
1732437783981355609,1.0
1732437783991692214,1.0
1732437783991692214,1.0
1732437784002399127,1.0
1732437784002399127,1.0
1732437784012851598,1.0
1732437784012851598,1.0
1732437784023016312,1.0
1732437784023016312,1.0
1732437784033715872,1.0
1732437784033715872,1.0
1732437784043912546,1.0
1732437784043912546,1.0
1732437784054357923,1.0
1732437784054357923,1.0
1732437784065020584,1.0
1732437784065020584,1.0
1732437784075561048,1.0
1732437784075561048,1.0
1732437784085845816,1.0
1732437784085845816,1.0
1732437784096331017,1.0
1732437784096331017,1.0
1732437784106965044,1.0
1732437784106965044,1.0
1732437784117165194,1.0
1732437784117165194,1.0
1732437784127307967,1.0
1732437784127307967,1.0
1732437784138371295,1.0
1732437784138371295,1.0
1732437784148713520,1.0
1732437784148713520,1.0
1732437784159321085,1.0
1732437784159321085,1.0
1732437784169703518,1.0
1732437784169703518,1.0
1732437784179926922,1.0
1732437784179926922,1.0
1732437784190228331,1.0
1732437784190228331,1.0
1732437784200674309,1.0
1732437784200674309,1.0
1732437784211141236,1.0
1732437784211141236,1.0
1732437784221729779,1.0
1732437784221729779,1.0
1732437784232132607,1.0
1732437784232132607,1.0
1732437784242514907,1.0
1732437784242514907,1.0
1732437784252667498,1.0
1732437784265972639,1.0
1732437784265972639,1.0
1732437784265972639,1.0
1732437784276209489,1.0
1732437784276209489,1.0
1732437784286580487,1.0
1732437784286580487,1.0
1732437784296933411,1.0
1732437784296933411,1.0
1732437784307047902,1.0
1732437784307047902,1.0
1732437784317168865,1.0
1732437784317168865,1.0
1732437784327458321,1.0
1732437784327458321,1.0
1732437784337598661,1.0
1732437784337598661,1.0
1732437784348148151,1.0
1732437784348148151,1.0
1732437784358641077,1.0
1732437784358641077,1.0
1732437784368820929,1.0
1732437784368820929,1.0
1732437784379354620,1.0
1732437784379354620,1.0
1732437784389827529,1.0
1732437784389827529,1.0
1732437784400641282,1.0
1732437784400641282,1.0
1732437784411276983,1.0
1732437784411276983,1.0
1732437784424508967,1.0
1732437784424508967,1.0
1732437784435138101,1.0
1732437784435138101,1.0
1732437784445531185,1.0
1732437784445531185,1.0
1732437784456187564,1.0
1732437784456187564,1.0
1732437784466776799,1.0
1732437784466776799,1.0
1732437784477092574,1.0
1732437784477092574,1.0
1732437784487315688,1.0
1732437784487315688,1.0
1732437784497519916,1.0
1732437784497519916,1.0
1732437784507994758,1.0
1732437784507994758,1.0
1732437784518150986,1.0
1732437784518150986,1.0
1732437784528321932,1.0
1732437784528321932,1.0
1732437784538635904,1.0
1732437784538635904,1.0
1732437784549046858,1.0
1732437784549046858,1.0
1732437784559211451,1.0
1732437784559211451,1.0
1732437784569852883,1.0
1732437784569852883,1.0
1732437784579930595,1.0
1732437784579930595,1.0
1732437784590263162,1.0
1732437784590263162,1.0
1732437784600702895,1.0
1732437784600702895,1.0
1732437784611176658,1.0
1732437784611176658,1.0
1732437784621740085,1.0
1732437784621740085,1.0
1732437784632052695,1.0
1732437784632052695,1.0
1732437784642216297,1.0
1732437784642216297,1.0
1732437784652687849,1.0
1732437784652687849,1.0
1732437784663061316,1.0
1732437784663061316,1.0
1732437784673373862,1.0
1732437784673373862,1.0
1732437784683522720,1.0
1732437784683522720,1.0
1732437784694083973,1.0
1732437784694083973,1.0
1732437784704247646,1.0
1732437784704247646,1.0
1732437784714499378,1.0
1732437784714499378,1.0
1732437784724782366,1.0
1732437784724782366,1.0
1732437784734966156,1.0
1732437784734966156,1.0
1732437784745083643,1.0
1732437784745083643,1.0
1732437784758503756,1.0
1732437784758503756,1.0
1732437784758503756,1.0
1732437784758503756,1.0
1732437784779716759,1.0
1732437784779716759,1.0
1732437784790138503,1.0
1732437784790138503,1.0
1732437784800653269,1.0
1732437784800653269,1.0
1732437784810830997,1.0
1732437784810830997,1.0
1732437784821172080,1.0
1732437784821172080,1.0
1732437784831440414,1.0
1732437784831440414,1.0
1732437784842412144,1.0
1732437784842412144,1.0
1732437784852770119,1.0
1732437784852770119,1.0
1732437784863387806,1.0
1732437784863387806,1.0
1732437784873494082,1.0
1732437784873494082,1.0
1732437784884030288,1.0
1732437784884030288,1.0
1732437784894590625,1.0
1732437784894590625,1.0
1732437784905493467,1.0
1732437784905493467,1.0
1732437784915784226,1.0
1732437784915784226,1.0
1732437784926285006,1.0
1732437784926285006,1.0
1732437784937421680,1.0
1732437784937421680,1.0
1732437784947694345,1.0
1732437784947694345,1.0
1732437784957798587,1.0
1732437784957798587,1.0
1732437784968286553,1.0
1732437784968286553,1.0
1732437784978691195,1.0
1732437784978691195,1.0
1732437784988946377,1.0
1732437784988946377,1.0
1732437784999191642,1.0
1732437784999191642,1.0
1732437785009986619,1.0
1732437785009986619,1.0
1732437785020188994,1.0
1732437785020188994,1.0
1732437785030740154,1.0
1732437785030740154,1.0
1732437785041008214,1.0
1732437785041008214,1.0
1732437785051207924,1.0
1732437785051207924,1.0
1732437785061763246,1.0
1732437785061763246,1.0
1732437785071930304,1.0
1732437785071930304,1.0
1732437785082523837,1.0
1732437785082523837,1.0
1732437785093006564,1.0
1732437785093006564,1.0
1732437785103336395,1.0
1732437785103336395,1.0
1732437785113667591,1.0
1732437785113667591,1.0
1732437785124398861,1.0
1732437785124398861,1.0
1732437785134483837,1.0
1732437785134483837,1.0
1732437785144845679,1.0
1732437785144845679,1.0
1732437785154998741,1.0
1732437785154998741,1.0
1732437785165678234,1.0
1732437785165678234,1.0
1732437785176353796,1.0
1732437785176353796,1.0
1732437785176353796,1.0
1732437785176353796,1.0
1732437785196796449,1.0
1732437785196796449,1.0
1732437785206920714,1.0
1732437785206920714,1.0
1732437785217168777,1.0
1732437785217168777,1.0
1732437785227589258,1.0
1732437785227589258,1.0
1732437785237702566,1.0
1732437785237702566,1.0
1732437785248496870,1.0
1732437785248496870,1.0
1732437785258922653,1.0
1732437785258922653,1.0
1732437785269236946,1.0
1732437785269236946,1.0
1732437785284478289,1.0
1732437785284478289,1.0
1732437785294764212,1.0
1732437785294764212,1.0
1732437785305216683,1.0
1732437785305216683,1.0
1732437785315540693,1.0
1732437785315540693,1.0
1732437785325715476,1.0
1732437785325715476,1.0
1732437785336505451,1.0
1732437785336505451,1.0
1732437785347024800,1.0
1732437785347024800,1.0
1732437785358467443,1.0
1732437785358467443,1.0
1732437785371692772,1.0
1732437785371692772,1.0
1732437785381988233,1.0
1732437785381988233,1.0
1732437785392380328,1.0
1732437785392380328,1.0
1732437785403019739,1.0
1732437785403019739,1.0
1732437785413532251,1.0
1732437785413532251,1.0
1732437785423884254,1.0
1732437785423884254,1.0
1732437785434548959,1.0
1732437785434548959,1.0
1732437785445037176,1.0
1732437785445037176,1.0
1732437785455269246,1.0
1732437785455269246,1.0
1732437785465885250,1.0
1732437785465885250,1.0
1732437785476678234,1.0
1732437785476678234,1.0
1732437785487397462,1.0
1732437785487397462,1.0
1732437785498202428,1.0
1732437785498202428,1.0
1732437785508825295,1.0
1732437785508825295,1.0
1732437785519287924,1.0
1732437785519287924,1.0
1732437785529805862,1.0
1732437785529805862,1.0
1732437785539960291,1.0
1732437785539960291,1.0
1732437785550083829,1.0
1732437785550083829,1.0
1732437785560679836,1.0
1732437785560679836,1.0
1732437785571595929,1.0
1732437785571595929,1.0
1732437785581906085,1.0
1732437785581906085,1.0
1732437785592250734,1.0
1732437785592250734,1.0
1732437785602365836,1.0
1732437785602365836,1.0
1732437785612982709,1.0
1732437785612982709,1.0
1732437785623502137,1.0
1732437785623502137,1.0
1732437785633810749,1.0
1732437785633810749,1.0
1732437785644363883,1.0
1732437785644363883,1.0
1732437785654894282,1.0
1732437785654894282,1.0
1732437785665491441,1.0
1732437785665491441,1.0
1732437785675842252,1.0
1732437785675842252,1.0
1732437785687382267,1.0
1732437785687382267,1.0
1732437785697994815,1.0
1732437785697994815,1.0
1732437785708223248,1.0
1732437785708223248,1.0
1732437785718664357,1.0
1732437785718664357,1.0
1732437785729037170,1.0
1732437785729037170,1.0
1732437785739201993,1.0
1732437785739201993,1.0
1732437785750571341,1.0
1732437785750571341,1.0
1732437785760984799,1.0
1732437785760984799,1.0
1732437785772017780,1.0
1732437785772017780,1.0
1732437785788238565,1.0
1732437785788238565,1.0
1732437785798295603,1.0
1732437785798295603,1.0
1732437785808957232,1.0
1732437785808957232,1.0
1732437785819180616,1.0
1732437785819180616,1.0
1732437785830070019,1.0
1732437785830070019,1.0
1732437785840584936,1.0
1732437785840584936,1.0
1732437785851200168,1.0
1732437785851200168,1.0
1732437785861800454,1.0
1732437785861800454,1.0
1732437785872219208,1.0
1732437785872219208,1.0
1732437785882485284,1.0
1732437785882485284,1.0
1732437785892817287,1.0
1732437785892817287,1.0
1732437785902847534,1.0
1732437785902847534,1.0
1732437785913134437,1.0
1732437785913134437,1.0
1732437785923345677,1.0
1732437785923345677,1.0
1732437785934174698,1.0
1732437785934174698,1.0
1732437785944901649,1.0
1732437785944901649,1.0
1732437785955579660,1.0
1732437785955579660,1.0
1732437785965872071,1.0
1732437785965872071,1.0
1732437785976261194,1.0
1732437785976261194,1.0
1732437785987286637,1.0
1732437785987286637,1.0
1732437785997844627,1.0
1732437785997844627,1.0
1732437786008146383,1.0
1732437786008146383,1.0
1732437786018718359,1.0
1732437786018718359,1.0
1732437786029204352,1.0
1732437786029204352,1.0
1732437786039710582,1.0
1732437786039710582,1.0
1732437786052958487,1.0
1732437786052958487,1.0
1732437786063435753,1.0
1732437786063435753,1.0
1732437786073887371,1.0
1732437786073887371,1.0
1732437786086146114,1.0
1732437786086146114,1.0
1732437786096498188,1.0
1732437786096498188,1.0
1732437786106616936,1.0
1732437786106616936,1.0
1732437786116944374,1.0
1732437786116944374,1.0
1732437786127301829,1.0
1732437786127301829,1.0
1732437786137764338,1.0
1732437786137764338,1.0
1732437786147942647,1.0
1732437786147942647,1.0
1732437786158168836,1.0
1732437786158168836,1.0
1732437786168334983,1.0
1732437786168334983,1.0
1732437786178898239,1.0
1732437786178898239,1.0
1732437786189033489,1.0
1732437786189033489,1.0
1732437786201678360,1.0
1732437786201678360,1.0
1732437786211928154,1.0
1732437786211928154,1.0
1732437786222160344,1.0
1732437786222160344,1.0
1732437786232615950,1.0
1732437786232615950,1.0
1732437786243120296,1.0
1732437786243120296,1.0
1732437786253382662,1.0
1732437786253382662,1.0
1732437786263541155,1.0
1732437786263541155,1.0
1732437786274115783,1.0
1732437786274115783,1.0
1732437786284381241,1.0
1732437786284381241,1.0
1732437786294923482,1.0
1732437786294923482,1.0
1732437786305423821,1.0
1732437786305423821,1.0
1732437786315997417,1.0
1732437786315997417,1.0
1732437786326542719,1.0
1732437786326542719,1.0
1732437786336933776,1.0
1732437786336933776,1.0
1732437786347802923,1.0
1732437786347802923,1.0
1732437786358077572,1.0
1732437786358077572,1.0
1732437786368484347,1.0
1732437786368484347,1.0
1732437786378898716,1.0
1732437786378898716,1.0
1732437786389414064,1.0
1732437786389414064,1.0
1732437786399753413,1.0
1732437786399753413,1.0
1732437786410069245,1.0
1732437786410069245,1.0
1732437786420431270,1.0
1732437786420431270,1.0
1732437786431034050,1.0
1732437786431034050,1.0
1732437786441584312,1.0
1732437786441584312,1.0
1732437786452092606,1.0
1732437786452092606,1.0
1732437786462390305,1.0
1732437786462390305,1.0
1732437786472866232,1.0
1732437786472866232,1.0
1732437786483527702,1.0
1732437786483527702,1.0
1732437786494032219,1.0
1732437786494032219,1.0
1732437786504660222,1.0
1732437786504660222,1.0
1732437786515062793,1.0
1732437786515062793,1.0
1732437786525255098,1.0
1732437786525255098,1.0
1732437786535603735,1.0
1732437786535603735,1.0
1732437786546268146,1.0
1732437786546268146,1.0
1732437786556808763,1.0
1732437786556808763,1.0
1732437786566930931,1.0
1732437786566930931,1.0
1732437786576976754,1.0
1732437786576976754,1.0
1732437786587127132,1.0
1732437786587127132,1.0
1732437786597173626,1.0
1732437786597173626,1.0
1732437786607401408,1.0
1732437786607401408,1.0
1732437786617721051,1.0
1732437786617721051,1.0
1732437786628172996,1.0
1732437786628172996,1.0
1732437786638464451,1.0
1732437786638464451,1.0
1732437786649032472,1.0
1732437786649032472,1.0
1732437786659290473,1.0
1732437786659290473,1.0
1732437786669431113,1.0
1732437786669431113,1.0
1732437786679939377,1.0
1732437786679939377,1.0
1732437786690357173,1.0
1732437786690357173,1.0
1732437786703060390,1.0
1732437786703060390,1.0
1732437786723565275,1.0
1732437786723565275,1.0
1732437786723565275,1.0
1732437786734003452,1.0
1732437786734003452,1.0
1732437786744622108,1.0
1732437786744622108,1.0
1732437786755235287,1.0
1732437786755235287,1.0
1732437786765604865,1.0
1732437786765604865,1.0
1732437786775864867,1.0
1732437786775864867,1.0
1732437786786358237,1.0
1732437786786358237,1.0
1732437786796880407,1.0
1732437786796880407,1.0
1732437786806942330,1.0
1732437786806942330,1.0
1732437786828248798,1.0
1732437786828248798,1.0
1732437786838664269,1.0
1732437786838664269,1.0
1732437786849155601,1.0
1732437786849155601,1.0
1732437786859550384,1.0
1732437786859550384,1.0
1732437786870361342,1.0
1732437786870361342,1.0
1732437786880718363,1.0
1732437786880718363,1.0
1732437786891696673,1.0
1732437786891696673,1.0
1732437786902562583,1.0
1732437786902562583,1.0
1732437786913195339,1.0
1732437786913195339,1.0
1732437786923345847,1.0
1732437786923345847,1.0
1732437786933809889,1.0
1732437786933809889,1.0
1732437786943960517,1.0
1732437786943960517,1.0
1732437786955080279,1.0
1732437786955080279,1.0
1732437786966041897,1.0
1732437786966041897,1.0
1732437786976421141,1.0
1732437786976421141,1.0
1732437786987020095,1.0
1732437786987020095,1.0
1732437786997406452,1.0
1732437786997406452,1.0
1732437787008012708,1.0
1732437787008012708,1.0
1732437787018705897,1.0
1732437787018705897,1.0
1732437787028859100,1.0
1732437787028859100,1.0
1732437787039267438,1.0
1732437787039267438,1.0
1732437787049883412,1.0
1732437787049883412,1.0
1732437787060068233,1.0
1732437787060068233,1.0
1732437787070654383,1.0
1732437787070654383,1.0
1732437787081284614,1.0
1732437787081284614,1.0
1732437787091560966,1.0
1732437787091560966,1.0
1732437787102051667,1.0
1732437787112246277,1.0
1732437787112246277,1.0
1732437787112246277,1.0
1732437787122708826,1.0
1732437787122708826,1.0
1732437787133148452,1.0
1732437787133148452,1.0
1732437787144067423,1.0
1732437787144067423,1.0
1732437787154440505,1.0
1732437787154440505,1.0
1732437787164682003,1.0
1732437787164682003,1.0
1732437787175082125,1.0
1732437787175082125,1.0
1732437787185689764,1.0
1732437787185689764,1.0
1732437787196335935,1.0
1732437787196335935,1.0
1732437787206405483,1.0
1732437787206405483,1.0
1732437787216966290,1.0
1732437787216966290,1.0
1732437787227069744,1.0
1732437787227069744,1.0
1732437787237153959,1.0
1732437787237153959,1.0
1732437787248091612,1.0
1732437787248091612,1.0
1732437787258327090,1.0
1732437787258327090,1.0
1732437787268564310,1.0
1732437787268564310,1.0
1732437787278694620,1.0
1732437787278694620,1.0
1732437787289121428,1.0
1732437787289121428,1.0
1732437787299289653,1.0
1732437787299289653,1.0
1732437787309367245,1.0
1732437787309367245,1.0
1732437787319463452,1.0
1732437787319463452,1.0
1732437787330094795,1.0
1732437787330094795,1.0
1732437787340598747,1.0
1732437787340598747,1.0
1732437787354515331,1.0
1732437787354515331,1.0
1732437787365687731,1.0
1732437787365687731,1.0
1732437787376258002,1.0
1732437787376258002,1.0
1732437787387002636,1.0
1732437787387002636,1.0
1732437787397064008,1.0
1732437787397064008,1.0
1732437787407282242,1.0
1732437787407282242,1.0
1732437787417504233,1.0
1732437787417504233,1.0
1732437787427895349,1.0
1732437787427895349,1.0
1732437787438638891,1.0
1732437787438638891,1.0
1732437787449044674,1.0
1732437787449044674,1.0
1732437787459365640,1.0
1732437787459365640,1.0
1732437787469672038,1.0
1732437787469672038,1.0
1732437787480138834,1.0
1732437787480138834,1.0
1732437787490411191,1.0
1732437787490411191,1.0
1732437787503178778,1.0
1732437787503178778,1.0
1732437787503178778,1.0
1732437787513474981,1.0
1732437787523930216,1.0
1732437787523930216,1.0
1732437787534337682,1.0
1732437787534337682,1.0
1732437787544942687,1.0
1732437787544942687,1.0
1732437787555299144,1.0
1732437787555299144,1.0
1732437787565596840,1.0
1732437787565596840,1.0
1732437787576159374,1.0
1732437787576159374,1.0
1732437787586247636,1.0
1732437787586247636,1.0
1732437787596595458,1.0
1732437787596595458,1.0
1732437787607119828,1.0
1732437787607119828,1.0
1732437787617884569,1.0
1732437787617884569,1.0
1732437787628523687,1.0
1732437787628523687,1.0
1732437787638978441,1.0
1732437787638978441,1.0
1732437787649159596,1.0
1732437787649159596,1.0
1732437787660055452,1.0
1732437787660055452,1.0
1732437787670479185,1.0
1732437787670479185,1.0
1732437787680733630,1.0
1732437787680733630,1.0
1732437787691214753,1.0
1732437787691214753,1.0
1732437787702194846,1.0
1732437787702194846,1.0
1732437787712663573,1.0
1732437787712663573,1.0
1732437787726314182,1.0
1732437787726314182,1.0
1732437787736435185,1.0
1732437787736435185,1.0
1732437787746956995,1.0
1732437787746956995,1.0
1732437787758383427,1.0
1732437787758383427,1.0
1732437787769681953,1.0
1732437787769681953,1.0
1732437787781451465,1.0
1732437787781451465,1.0
1732437787791699494,1.0
1732437787791699494,1.0
1732437787802466731,1.0
1732437787802466731,1.0
1732437787812608392,1.0
1732437787812608392,1.0
1732437787822959791,1.0
1732437787822959791,1.0
1732437787833529973,1.0
1732437787833529973,1.0
1732437787843710649,1.0
1732437787843710649,1.0
1732437787854299674,1.0
1732437787854299674,1.0
1732437787864791968,1.0
1732437787864791968,1.0
1732437787875010913,1.0
1732437787875010913,1.0
1732437787885448255,1.0
1732437787885448255,1.0
1732437787895694301,1.0
1732437787895694301,1.0
1732437787905774097,1.0
1732437787905774097,1.0
1732437787916262885,1.0
1732437787916262885,1.0
1732437787926715325,1.0
1732437787926715325,1.0
1732437787937054394,1.0
1732437787937054394,1.0
1732437787947464596,1.0
1732437787947464596,1.0
1732437787957725380,1.0
1732437787957725380,1.0
1732437787968237141,1.0
1732437787968237141,1.0
1732437787978286691,1.0
1732437787978286691,1.0
1732437787988492672,1.0
1732437787988492672,1.0
1732437787998887194,1.0
1732437787998887194,1.0
1732437788009309858,1.0
1732437788009309858,1.0
1732437788019594636,1.0
1732437788019594636,1.0
1732437788030219468,1.0
1732437788030219468,1.0
1732437788040642223,1.0
1732437788040642223,1.0
1732437788058327899,1.0
1732437788058327899,1.0
1732437788068764981,1.0
1732437788068764981,1.0
1732437788079179442,1.0
1732437788079179442,1.0
1732437788089464090,1.0
1732437788089464090,1.0
1732437788099786537,1.0
1732437788099786537,1.0
1732437788110035629,1.0
1732437788110035629,1.0
1732437788120249685,1.0
1732437788120249685,1.0
1732437788130616215,1.0
1732437788130616215,1.0
1732437788141140238,1.0
1732437788141140238,1.0
1732437788152395554,1.0
1732437788152395554,1.0
1732437788162937512,1.0
1732437788162937512,1.0
1732437788173577648,1.0
1732437788173577648,1.0
1732437788183872208,1.0
1732437788183872208,1.0
1732437788194092732,1.0
1732437788194092732,1.0
1732437788204324264,1.0
1732437788204324264,1.0
1732437788204324264,1.0
1732437788204324264,1.0
1732437788224835782,1.0
1732437788224835782,1.0
1732437788238215310,1.0
1732437788238215310,1.0
1732437788248431991,1.0
1732437788248431991,1.0
1732437788258558429,1.0
1732437788258558429,1.0
1732437788269056974,1.0
1732437788269056974,1.0
1732437788279563541,1.0
1732437788279563541,1.0
1732437788290222760,1.0
1732437788290222760,1.0
1732437788300395720,1.0
1732437788300395720,1.0
1732437788310562153,1.0
1732437788310562153,1.0
1732437788320704562,1.0
1732437788320704562,1.0
1732437788331238032,1.0
1732437788331238032,1.0
1732437788341617516,1.0
1732437788341617516,1.0
1732437788357649334,1.0
1732437788357649334,1.0
1732437788368027656,1.0
1732437788368027656,1.0
1732437788378575965,1.0
1732437788378575965,1.0
1732437788389110107,1.0
1732437788389110107,1.0
1732437788399568791,1.0
1732437788399568791,1.0
1732437788410387783,1.0
1732437788410387783,1.0
1732437788421693268,1.0
1732437788421693268,1.0
1732437788432139897,1.0
1732437788432139897,1.0
1732437788442499678,1.0
1732437788442499678,1.0
1732437788452559317,1.0
1732437788452559317,1.0
1732437788463229863,1.0
1732437788463229863,1.0
1732437788473547151,1.0
1732437788473547151,1.0
1732437788484130677,1.0
1732437788484130677,1.0
1732437788494351055,1.0
1732437788494351055,1.0
1732437788505078347,1.0
1732437788505078347,1.0
1732437788515534774,1.0
1732437788515534774,1.0
1732437788526028167,1.0
1732437788526028167,1.0
1732437788536514594,1.0
1732437788536514594,1.0
1732437788546801997,1.0
1732437788546801997,1.0
1732437788557290866,1.0
1732437788557290866,1.0
1732437788567473584,1.0
1732437788567473584,1.0
1732437788577626026,1.0
1732437788577626026,1.0
1732437788588594066,1.0
1732437788588594066,1.0
1732437788599134840,1.0
1732437788599134840,1.0
1732437788609727071,1.0
1732437788609727071,1.0
1732437788620027057,1.0
1732437788620027057,1.0
1732437788630382146,1.0
1732437788630382146,1.0
1732437788640530001,1.0
1732437788640530001,1.0
1732437788651548635,1.0
1732437788651548635,1.0
1732437788662115338,1.0
1732437788662115338,1.0
1732437788672567437,1.0
1732437788672567437,1.0
1732437788683113772,1.0
1732437788683113772,1.0
1732437788693547557,1.0
1732437788693547557,1.0
1732437788703862151,1.0
1732437788703862151,1.0
1732437788714034269,1.0
1732437788714034269,1.0
1732437788724572061,1.0
1732437788724572061,1.0
1732437788734916509,1.0
1732437788734916509,1.0
1732437788745719612,1.0
1732437788745719612,1.0
1732437788756159599,1.0
1732437788756159599,1.0
1732437788766457141,1.0
1732437788766457141,1.0
1732437788778158796,1.0
1732437788778158796,1.0
1732437788788299031,1.0
1732437788788299031,1.0
1732437788798868134,1.0
1732437788798868134,1.0
1732437788808943071,1.0
1732437788808943071,1.0
1732437788819690521,1.0
1732437788819690521,1.0
1732437788830173938,1.0
1732437788830173938,1.0
1732437788840723099,1.0
1732437788840723099,1.0
1732437788851292667,1.0
1732437788851292667,1.0
1732437788861409191,1.0
1732437788861409191,1.0
1732437788873042289,1.0
1732437788873042289,1.0
1732437788885281547,1.0
1732437788885281547,1.0
1732437788895755447,1.0
1732437788895755447,1.0
1732437788906014757,1.0
1732437788906014757,1.0
1732437788916589906,1.0
1732437788916589906,1.0
1732437788926973268,1.0
1732437788926973268,1.0
1732437788937262934,1.0
1732437788937262934,1.0
1732437788947434088,1.0
1732437788947434088,1.0
1732437788957514520,1.0
1732437788957514520,1.0
1732437788968014448,1.0
1732437788968014448,1.0
1732437788978393943,1.0
1732437788978393943,1.0
1732437788988805457,1.0
1732437788988805457,1.0
1732437788999154915,1.0
1732437788999154915,1.0
1732437789009654934,1.0
1732437789009654934,1.0
1732437789019790684,1.0
1732437789019790684,1.0
1732437789030161392,1.0
1732437789030161392,1.0
1732437789040418219,1.0
1732437789040418219,1.0
1732437789050990112,1.0
1732437789050990112,1.0
1732437789061261986,1.0
1732437789061261986,1.0
1732437789071609140,1.0
1732437789071609140,1.0
1732437789082314638,1.0
1732437789082314638,1.0
1732437789092680256,1.0
1732437789092680256,1.0
1732437789102747102,1.0
1732437789102747102,1.0
1732437789112955840,1.0
1732437789112955840,1.0
1732437789123545736,1.0
1732437789123545736,1.0
1732437789134008295,1.0
1732437789134008295,1.0
1732437789144219826,1.0
1732437789144219826,1.0
1732437789154575443,1.0
1732437789154575443,1.0
1732437789164917237,1.0
1732437789164917237,1.0
1732437789175209744,1.0
1732437789175209744,1.0
1732437789185690948,1.0
1732437789185690948,1.0
1732437789196029282,1.0
1732437789196029282,1.0
1732437789206546155,1.0
1732437789206546155,1.0
1732437789217130952,1.0
1732437789217130952,1.0
1732437789227312277,1.0
1732437789227312277,1.0
1732437789237777042,1.0
1732437789237777042,1.0
1732437789248292068,1.0
1732437789248292068,1.0
1732437789258441070,1.0
1732437789258441070,1.0
1732437789269032282,1.0
1732437789269032282,1.0
1732437789279164586,1.0
1732437789279164586,1.0
1732437789289660868,1.0
1732437789289660868,1.0
1732437789300274940,1.0
1732437789300274940,1.0
1732437789310649545,1.0
1732437789310649545,1.0
1732437789320892024,1.0
1732437789320892024,1.0
1732437789331330098,1.0
1732437789331330098,1.0
1732437789341582933,1.0
1732437789341582933,1.0
1732437789355901912,1.0
1732437789355901912,1.0
1732437789366444545,1.0
1732437789366444545,1.0
1732437789377138775,1.0
1732437789377138775,1.0
1732437789387386253,1.0
1732437789387386253,1.0
1732437789397845757,1.0
1732437789397845757,1.0
1732437789408457303,1.0
1732437789408457303,1.0
1732437789418959457,1.0
1732437789418959457,1.0
1732437789429322972,1.0
1732437789429322972,1.0
1732437789440623471,1.0
1732437789440623471,1.0
1732437789450720479,1.0
1732437789450720479,1.0
1732437789461223874,1.0
1732437789461223874,1.0
1732437789471440816,1.0
1732437789471440816,1.0
1732437789481488234,1.0
1732437789481488234,1.0
1732437789492010383,1.0
1732437789492010383,1.0
1732437789502477821,1.0
1732437789502477821,1.0
1732437789514312235,1.0
1732437789514312235,1.0
1732437789525286265,1.0
1732437789525286265,1.0
1732437789535823203,1.0
1732437789535823203,1.0
1732437789546335847,1.0
1732437789546335847,1.0
1732437789556714860,1.0
1732437789556714860,1.0
1732437789567824504,1.0
1732437789567824504,1.0
1732437789578144597,1.0
1732437789578144597,1.0
1732437789588899280,1.0
1732437789588899280,1.0
1732437789599315313,1.0
1732437789599315313,1.0
1732437789609640257,1.0
1732437789609640257,1.0
1732437789620188786,1.0
1732437789620188786,1.0
1732437789630581464,1.0
1732437789630581464,1.0
1732437789641114125,1.0
1732437789641114125,1.0
1732437789652696208,1.0
1732437789652696208,1.0
1732437789663149591,1.0
1732437789663149591,1.0
1732437789673406227,1.0
1732437789673406227,1.0
1732437789684266656,1.0
1732437789684266656,1.0
1732437789694723020,1.0
1732437789694723020,1.0
1732437789705166506,1.0
1732437789705166506,1.0
1732437789716619489,1.0
1732437789716619489,1.0
1732437789726835291,1.0
1732437789726835291,1.0
1732437789737155935,1.0
1732437789737155935,1.0
1732437789747220704,1.0
1732437789759663219,1.0
1732437789759663219,1.0
1732437789759663219,1.0
1732437789769972383,1.0
1732437789769972383,1.0
1732437789780530990,1.0
1732437789780530990,1.0
1732437789800811319,1.0
1732437789800811319,1.0
1732437789813559313,1.0
1732437789813559313,1.0
1732437789823906107,1.0
1732437789823906107,1.0
1732437789834256437,1.0
1732437789834256437,1.0
1732437789845869616,1.0
1732437789845869616,1.0
1732437789856319685,1.0
1732437789856319685,1.0
1732437789866513293,1.0
1732437789866513293,1.0
1732437789877053426,1.0
1732437789877053426,1.0
1732437789890213056,1.0
1732437789890213056,1.0
1732437789900778517,1.0
1732437789900778517,1.0
1732437789910940087,1.0
1732437789910940087,1.0
1732437789921188417,1.0
1732437789921188417,1.0
1732437789931601394,1.0
1732437789931601394,1.0
1732437789942188665,1.0
1732437789942188665,1.0
1732437789952522003,1.0
1732437789952522003,1.0
1732437789962630242,1.0
1732437789962630242,1.0
1732437789972804817,1.0
1732437789972804817,1.0
1732437789983211422,1.0
1732437789983211422,1.0
1732437789993334719,1.0
1732437789993334719,1.0
1732437790003561159,1.0
1732437790003561159,1.0
1732437790014334476,1.0
1732437790014334476,1.0
1732437790024615316,1.0
1732437790024615316,1.0
1732437790035049444,1.0
1732437790035049444,1.0
1732437790049475242,1.0
1732437790049475242,1.0
1732437790059668930,1.0
1732437790059668930,1.0
1732437790073217615,1.0
1732437790073217615,1.0
1732437790084094675,1.0
1732437790084094675,1.0
1732437790094166930,1.0
1732437790094166930,1.0
1732437790115256493,1.0
1732437790115256493,1.0
1732437790115256493,1.0
1732437790115256493,1.0
1732437790125516786,1.0
1732437790125516786,1.0
1732437790135971500,1.0
1732437790135971500,1.0
1732437790146443148,1.0
1732437790146443148,1.0
1732437790156905352,1.0
1732437790156905352,1.0
1732437790167052838,1.0
1732437790167052838,1.0
1732437790177297541,1.0
1732437790177297541,1.0
1732437790187489667,1.0
1732437790187489667,1.0
1732437790198092996,1.0
1732437790198092996,1.0
1732437790208351428,1.0
1732437790208351428,1.0
1732437790218884198,1.0
1732437790218884198,1.0
1732437790229328553,1.0
1732437790229328553,1.0
1732437790239902731,1.0
1732437790239902731,1.0
1732437790250047145,1.0
1732437790250047145,1.0
1732437790260504387,1.0
1732437790260504387,1.0
1732437790270745600,1.0
1732437790270745600,1.0
1732437790280922320,1.0
1732437790280922320,1.0
1732437790291203681,1.0
1732437790291203681,1.0
1732437790301320038,1.0
1732437790301320038,1.0
1732437790311855964,1.0
1732437790311855964,1.0
1732437790322348909,1.0
1732437790322348909,1.0
1732437790333056074,1.0
1732437790333056074,1.0
1732437790343237792,1.0
1732437790343237792,1.0
1732437790354373193,1.0
1732437790364805787,1.0
1732437790364805787,1.0
1732437790364805787,1.0
1732437790375406733,1.0
1732437790375406733,1.0
1732437790386109930,1.0
1732437790386109930,1.0
1732437790396806763,1.0
1732437790396806763,1.0
1732437790407343454,1.0
1732437790407343454,1.0
1732437790417361915,1.0
1732437790417361915,1.0
1732437790427881060,1.0
1732437790427881060,1.0
1732437790438255537,1.0
1732437790438255537,1.0
1732437790448372639,1.0
1732437790448372639,1.0
1732437790458524172,1.0
1732437790458524172,1.0
1732437790468988655,1.0
1732437790468988655,1.0
1732437790479640613,1.0
1732437790479640613,1.0
1732437790490315262,1.0
1732437790490315262,1.0
1732437790500843794,1.0
1732437790500843794,1.0
1732437790511109225,1.0
1732437790511109225,1.0
1732437790521988791,1.0
1732437790521988791,1.0
1732437790532591520,1.0
1732437790532591520,1.0
1732437790542702417,1.0
1732437790542702417,1.0
1732437790552955716,1.0
1732437790552955716,1.0
1732437790563289915,1.0
1732437790563289915,1.0
1732437790573843374,1.0
1732437790573843374,1.0
1732437790584092806,1.0
1732437790584092806,1.0
1732437790594680259,1.0
1732437790594680259,1.0
1732437790605957091,1.0
1732437790605957091,1.0
1732437790616372826,1.0
1732437790616372826,1.0
1732437790626981473,1.0
1732437790626981473,1.0
1732437790637266948,1.0
1732437790637266948,1.0
1732437790647685865,1.0
1732437790647685865,1.0
1732437790658555772,1.0
1732437790658555772,1.0
1732437790669168080,1.0
1732437790669168080,1.0
1732437790679974640,1.0
1732437790679974640,1.0
1732437790690169408,1.0
1732437790690169408,1.0
1732437790700372207,1.0
1732437790700372207,1.0
1732437790710542081,1.0
1732437790710542081,1.0
1732437790721045787,1.0
1732437790721045787,1.0
1732437790731368385,1.0
1732437790731368385,1.0
1732437790742012875,1.0
1732437790742012875,1.0
1732437790752519596,1.0
1732437790752519596,1.0
1732437790766431296,1.0
1732437790766431296,1.0
1732437790776519338,1.0
1732437790776519338,1.0
1732437790787208741,1.0
1732437790787208741,1.0
1732437790797734728,1.0
1732437790797734728,1.0
1732437790807939787,1.0
1732437790807939787,1.0
1732437790819866181,1.0
1732437790819866181,1.0
1732437790830574755,1.0
1732437790830574755,1.0
1732437790840891026,1.0
1732437790840891026,1.0
1732437790851564257,1.0
1732437790851564257,1.0
1732437790861664421,1.0
1732437790861664421,1.0
1732437790871936716,1.0
1732437790871936716,1.0
1732437790882596855,1.0
1732437790882596855,1.0
1732437790893254227,1.0
1732437790893254227,1.0
1732437790904723149,1.0
1732437790904723149,1.0
1732437790904723149,1.0
1732437790904723149,1.0
1732437790925407118,1.0
1732437790925407118,1.0
1732437790935491131,1.0
1732437790935491131,1.0
1732437790946860992,1.0
1732437790946860992,1.0
1732437790956958591,1.0
1732437790956958591,1.0
1732437790967470362,1.0
1732437790967470362,1.0
1732437790977948837,1.0
1732437790977948837,1.0
1732437790987978165,1.0
1732437790987978165,1.0
1732437790998345116,1.0
1732437790998345116,1.0
1732437791008609977,1.0
1732437791008609977,1.0
1732437791019116684,1.0
1732437791019116684,1.0
1732437791029547908,1.0
1732437791029547908,1.0
1732437791039914359,1.0
1732437791039914359,1.0
1732437791050107908,1.0
1732437791050107908,1.0
1732437791060372859,1.0
1732437791060372859,1.0
1732437791075579430,1.0
1732437791075579430,1.0
1732437791087834198,1.0
1732437791087834198,1.0
1732437791098332963,1.0
1732437791098332963,1.0
1732437791108591853,1.0
1732437791108591853,1.0
1732437791119053271,1.0
1732437791119053271,1.0
1732437791130137559,1.0
1732437791130137559,1.0
1732437791140492446,1.0
1732437791140492446,1.0
1732437791151141764,1.0
1732437791151141764,1.0
1732437791161531347,1.0
1732437791161531347,1.0
1732437791172542047,1.0
1732437791172542047,1.0
1732437791182647161,1.0
1732437791182647161,1.0
1732437791193268144,1.0
1732437791193268144,1.0
1732437791204291468,1.0
1732437791204291468,1.0
1732437791225517698,1.0
1732437791225517698,1.0
1732437791225517698,1.0
1732437791225517698,1.0
1732437791241983503,1.0
1732437791241983503,1.0
1732437791252544207,1.0
1732437791252544207,1.0
1732437791263241890,1.0
1732437791263241890,1.0
1732437791273942051,1.0
1732437791273942051,1.0
1732437791286755801,1.0
1732437791286755801,1.0
1732437791297306676,1.0
1732437791297306676,1.0
1732437791307733979,1.0
1732437791307733979,1.0
1732437791317882500,1.0
1732437791317882500,1.0
1732437791328162943,1.0
1732437791328162943,1.0
1732437791338322620,1.0
1732437791338322620,1.0
1732437791350499080,1.0
1732437791350499080,1.0
1732437791377163875,1.0
1732437791377163875,1.0
1732437791377163875,1.0
1732437791377163875,1.0
1732437791389389828,1.0
1732437791389389828,1.0
1732437791399540907,1.0
1732437791399540907,1.0
1732437791410175296,1.0
1732437791410175296,1.0
1732437791420639620,1.0
1732437791420639620,1.0
1732437791431334681,1.0
1732437791431334681,1.0
1732437791441714095,1.0
1732437791451992130,1.0
1732437791451992130,1.0
1732437791451992130,1.0
1732437791462114879,1.0
1732437791462114879,1.0
1732437791472712429,1.0
1732437791472712429,1.0
1732437791483177111,1.0
1732437791483177111,1.0
1732437791493462090,1.0
1732437791493462090,1.0
1732437791503702617,1.0
1732437791503702617,1.0
1732437791514028031,1.0
1732437791514028031,1.0
1732437791524667449,1.0
1732437791524667449,1.0
1732437791536462489,1.0
1732437791536462489,1.0
1732437791546621544,1.0
1732437791546621544,1.0
1732437791556893759,1.0
1732437791556893759,1.0
1732437791567153271,1.0
1732437791567153271,1.0
1732437791577321972,1.0
1732437791577321972,1.0
1732437791587340366,1.0
1732437791587340366,1.0
1732437791597404853,1.0
1732437791597404853,1.0
1732437791607906735,1.0
1732437791607906735,1.0
1732437791618441118,1.0
1732437791618441118,1.0
1732437791629133546,1.0
1732437791629133546,1.0
1732437791639557844,1.0
1732437791639557844,1.0
1732437791649942919,1.0
1732437791649942919,1.0
1732437791660362828,1.0
1732437791660362828,1.0
1732437791671142409,1.0
1732437791671142409,1.0
1732437791681362837,1.0
1732437791681362837,1.0
1732437791691793737,1.0
1732437791691793737,1.0
1732437791702345953,1.0
1732437791702345953,1.0
1732437791712570160,1.0
1732437791712570160,1.0
1732437791724898503,1.0
1732437791724898503,1.0
1732437791735643547,1.0
1732437791735643547,1.0
1732437791758260376,1.0
1732437791758260376,1.0
1732437791768500461,1.0
1732437791768500461,1.0
1732437791778659876,1.0
1732437791778659876,1.0
1732437791799236847,1.0
1732437791799236847,1.0
1732437791799236847,1.0
1732437791799236847,1.0
1732437791809774044,1.0
1732437791809774044,1.0
1732437791820681529,1.0
1732437791820681529,1.0
1732437791831071948,1.0
1732437791831071948,1.0
1732437791841522204,1.0
1732437791841522204,1.0
1732437791852271106,1.0
1732437791852271106,1.0
1732437791862643848,1.0
1732437791862643848,1.0
1732437791872819383,1.0
1732437791872819383,1.0
1732437791883361110,1.0
1732437791883361110,1.0
1732437791893685793,1.0
1732437791893685793,1.0
1732437791904439153,1.0
1732437791904439153,1.0
1732437791914834659,1.0
1732437791914834659,1.0
1732437791925345246,1.0
1732437791925345246,1.0
1732437791936782170,1.0
1732437791936782170,1.0
1732437791947995566,1.0
1732437791947995566,1.0
1732437791958079492,1.0
1732437791958079492,1.0
1732437791968171922,1.0
1732437791968171922,1.0
1732437791978904344,1.0
1732437791978904344,1.0
1732437791989454516,1.0
1732437791989454516,1.0
1732437791999983787,1.0
1732437791999983787,1.0
1732437792010311568,1.0
1732437792010311568,1.0
1732437792020663671,1.0
1732437792020663671,1.0
1732437792030992322,1.0
1732437792030992322,1.0
1732437792041517929,1.0
1732437792041517929,1.0
1732437792056357407,1.0
1732437792056357407,1.0
1732437792066743964,1.0
1732437792066743964,1.0
1732437792090829678,1.0
1732437792090829678,1.0
1732437792090829678,1.0
1732437792090829678,1.0
1732437792101411179,1.0
1732437792101411179,1.0
1732437792111931886,1.0
1732437792111931886,1.0
1732437792122375291,1.0
1732437792122375291,1.0
1732437792132751740,1.0
1732437792132751740,1.0
1732437792142881028,1.0
1732437792142881028,1.0
1732437792153288035,1.0
1732437792153288035,1.0
1732437792163919979,1.0
1732437792163919979,1.0
1732437792174325021,1.0
1732437792174325021,1.0
1732437792184534649,1.0
1732437792184534649,1.0
1732437792195052603,1.0
1732437792195052603,1.0
1732437792205398445,1.0
1732437792205398445,1.0
1732437792215797285,1.0
1732437792215797285,1.0
1732437792226125215,1.0
1732437792226125215,1.0
1732437792236391468,1.0
1732437792236391468,1.0
1732437792246516479,1.0
1732437792246516479,1.0
1732437792257152091,1.0
1732437792257152091,1.0
1732437792267417423,1.0
1732437792267417423,1.0
1732437792277782230,1.0
1732437792277782230,1.0
1732437792287902499,1.0
1732437792287902499,1.0
1732437792298022905,1.0
1732437792298022905,1.0
1732437792308230507,1.0
1732437792308230507,1.0
1732437792318287965,1.0
1732437792318287965,1.0
1732437792328456336,1.0
1732437792328456336,1.0
1732437792338555140,1.0
1732437792338555140,1.0
1732437792348649232,1.0
1732437792348649232,1.0
1732437792359093658,1.0
1732437792359093658,1.0
1732437792369518137,1.0
1732437792369518137,1.0
1732437792379980376,1.0
1732437792379980376,1.0
1732437792390808926,1.0
1732437792390808926,1.0
1732437792401285180,1.0
1732437792401285180,1.0
1732437792411596770,1.0
1732437792411596770,1.0
1732437792422271173,1.0
1732437792422271173,1.0
1732437792432487193,1.0
1732437792432487193,1.0
1732437792453610111,1.0
1732437792453610111,1.0
1732437792453610111,1.0
1732437792453610111,1.0
1732437792453610111,1.0
1732437792453610111,1.0
1732437792476390851,1.0
1732437792476390851,1.0
1732437792486615492,1.0
1732437792486615492,1.0
1732437792497401302,1.0
1732437792497401302,1.0
1732437792507646346,1.0
1732437792507646346,1.0
1732437792518774236,1.0
1732437792518774236,1.0
1732437792529191140,1.0
1732437792529191140,1.0
1732437792539437956,1.0
1732437792539437956,1.0
1732437792549659378,1.0
1732437792549659378,1.0
1732437792559982688,1.0
1732437792559982688,1.0
1732437792570405754,1.0
1732437792570405754,1.0
1732437792581075277,1.0
1732437792581075277,1.0
1732437792591587300,1.0
1732437792591587300,1.0
1732437792601900978,1.0
1732437792601900978,1.0
1732437792612204124,1.0
1732437792612204124,1.0
1732437792622386493,1.0
1732437792622386493,1.0
1732437792632997007,1.0
1732437792632997007,1.0
1732437792643102331,1.0
1732437792643102331,1.0
1732437792654581263,1.0
1732437792654581263,1.0
1732437792665360603,1.0
1732437792665360603,1.0
1732437792675826458,1.0
1732437792675826458,1.0
1732437792686276363,1.0
1732437792686276363,1.0
1732437792696845232,1.0
1732437792696845232,1.0
1732437792706937491,1.0
1732437792706937491,1.0
1732437792717072260,1.0
1732437792717072260,1.0
1732437792727215805,1.0
1732437792727215805,1.0
1732437792737466922,1.0
1732437792737466922,1.0
1732437792747811100,1.0
1732437792747811100,1.0
1732437792760380562,1.0
1732437792760380562,1.0
1732437792773529624,1.0
1732437792773529624,1.0
1732437792783936249,1.0
1732437792783936249,1.0
1732437792794438101,1.0
1732437792794438101,1.0
1732437792805437241,1.0
1732437792805437241,1.0
1732437792818149488,1.0
1732437792818149488,1.0
1732437792828378993,1.0
1732437792828378993,1.0
1732437792838452309,1.0
1732437792838452309,1.0
1732437792848818338,1.0
1732437792848818338,1.0
1732437792859071176,1.0
1732437792859071176,1.0
1732437792871417625,1.0
1732437792871417625,1.0
1732437792881855728,1.0
1732437792881855728,1.0
1732437792892419366,1.0
1732437792892419366,1.0
1732437792903007919,1.0
1732437792903007919,1.0
1732437792913337542,1.0
1732437792913337542,1.0
1732437792923981359,1.0
1732437792923981359,1.0
1732437792934570984,1.0
1732437792934570984,1.0
1732437792944909914,1.0
1732437792944909914,1.0
1732437792955661171,1.0
1732437792955661171,1.0
1732437792965854689,1.0
1732437792965854689,1.0
1732437792976127856,1.0
1732437792976127856,1.0
1732437792986494447,1.0
1732437792986494447,1.0
1732437792997239642,1.0
1732437792997239642,1.0
1732437793007396091,1.0
1732437793007396091,1.0
1732437793017619657,1.0
1732437793017619657,1.0
1732437793028096943,1.0
1732437793028096943,1.0
1732437793038614425,1.0
1732437793038614425,1.0
1732437793049015490,1.0
1732437793049015490,1.0
1732437793059474884,1.0
1732437793059474884,1.0
1732437793069683199,1.0
1732437793069683199,1.0
1732437793080051008,1.0
1732437793080051008,1.0
1732437793090557675,1.0
1732437793090557675,1.0
1732437793102945718,1.0
1732437793102945718,1.0
1732437793113304090,1.0
1732437793113304090,1.0
1732437793123976285,1.0
1732437793123976285,1.0
1732437793134371417,1.0
1732437793134371417,1.0
1732437793144632578,1.0
1732437793144632578,1.0
1732437793154719984,1.0
1732437793154719984,1.0
1732437793164987726,1.0
1732437793164987726,1.0
1732437793175413300,1.0
1732437793175413300,1.0
1732437793185570933,1.0
1732437793185570933,1.0
1732437793196164345,1.0
1732437793196164345,1.0
1732437793206295307,1.0
1732437793206295307,1.0
1732437793216816076,1.0
1732437793216816076,1.0
1732437793227101155,1.0
1732437793227101155,1.0
1732437793237464419,1.0
1732437793237464419,1.0
1732437793247910659,1.0
1732437793247910659,1.0
1732437793259938442,1.0
1732437793259938442,1.0
1732437793270402293,1.0
1732437793270402293,1.0
1732437793280866838,1.0
1732437793280866838,1.0
1732437793291524720,1.0
1732437793291524720,1.0
1732437793301758092,1.0
1732437793301758092,1.0
1732437793312090852,1.0
1732437793312090852,1.0
1732437793322515450,1.0
1732437793322515450,1.0
1732437793333034874,1.0
1732437793333034874,1.0
1732437793343704591,1.0
1732437793343704591,1.0
1732437793354329753,1.0
1732437793354329753,1.0
1732437793364935698,1.0
1732437793364935698,1.0
1732437793375535895,1.0
1732437793375535895,1.0
1732437793385996210,1.0
1732437793385996210,1.0
1732437793396720286,1.0
1732437793396720286,1.0
1732437793407096887,1.0
1732437793407096887,1.0
1732437793417195648,1.0
1732437793417195648,1.0
1732437793427399956,1.0
1732437793427399956,1.0
1732437793437704813,1.0
1732437793437704813,1.0
1732437793447863473,1.0
1732437793447863473,1.0
1732437793458345151,1.0
1732437793458345151,1.0
1732437793468680014,1.0
1732437793468680014,1.0
1732437793479012591,1.0
1732437793479012591,1.0
1732437793489557259,1.0
1732437793489557259,1.0
1732437793499971704,1.0
1732437793499971704,1.0
1732437793510333435,1.0
1732437793510333435,1.0
1732437793521011745,1.0
1732437793521011745,1.0
1732437793532103017,1.0
1732437793532103017,1.0
1732437793542838293,1.0
1732437793542838293,1.0
1732437793553241231,1.0
1732437793553241231,1.0
1732437793563419913,1.0
1732437793563419913,1.0
1732437793573786143,1.0
1732437793573786143,1.0
1732437793584659557,1.0
1732437793584659557,1.0
1732437793595091120,1.0
1732437793595091120,1.0
1732437793605690003,1.0
1732437793605690003,1.0
1732437793616219145,1.0
1732437793616219145,1.0
1732437793626352263,1.0
1732437793626352263,1.0
1732437793637145467,1.0
1732437793637145467,1.0
1732437793647282330,1.0
1732437793647282330,1.0
1732437793657778684,1.0
1732437793657778684,1.0
1732437793668115588,1.0
1732437793668115588,1.0
1732437793678235410,1.0
1732437793678235410,1.0
1732437793688704963,1.0
1732437793688704963,1.0
1732437793699370610,1.0
1732437793699370610,1.0
1732437793709684762,1.0
1732437793709684762,1.0
1732437793720388669,1.0
1732437793720388669,1.0
1732437793730707955,1.0
1732437793730707955,1.0
1732437793741014714,1.0
1732437793741014714,1.0
1732437793754709372,1.0
1732437793754709372,1.0
1732437793765090349,1.0
1732437793765090349,1.0
1732437793775446881,1.0
1732437793775446881,1.0
1732437793785969493,1.0
1732437793785969493,1.0
1732437793796473936,1.0
1732437793796473936,1.0
1732437793807073133,1.0
1732437793807073133,1.0
1732437793817316115,1.0
1732437793817316115,1.0
1732437793827435565,1.0
1732437793827435565,1.0
1732437793837949536,1.0
1732437793837949536,1.0
1732437793848209971,1.0
1732437793848209971,1.0
1732437793858679777,1.0
1732437793858679777,1.0
1732437793868954446,1.0
1732437793868954446,1.0
1732437793879498218,1.0
1732437793879498218,1.0
1732437793889843284,1.0
1732437793889843284,1.0
1732437793900449664,1.0
1732437793900449664,1.0
1732437793910803302,1.0
1732437793910803302,1.0
1732437793922390885,1.0
1732437793922390885,1.0
1732437793933095205,1.0
1732437793933095205,1.0
1732437793943231568,1.0
1732437793943231568,1.0
1732437793954316997,1.0
1732437793954316997,1.0
1732437793964940886,1.0
1732437793964940886,1.0
1732437793975412984,1.0
1732437793975412984,1.0
1732437793986034308,1.0
1732437793986034308,1.0
1732437793996511575,1.0
1732437793996511575,1.0
1732437794006955150,1.0
1732437794006955150,1.0
1732437794017722837,1.0
1732437794017722837,1.0
1732437794027999350,1.0
1732437794027999350,1.0
1732437794038116487,1.0
1732437794038116487,1.0
1732437794050380621,1.0
1732437794050380621,1.0
1732437794060852247,1.0
1732437794060852247,1.0
1732437794074444965,1.0
1732437794074444965,1.0
1732437794084862820,1.0
1732437794084862820,1.0
1732437794096451138,1.0
1732437794096451138,1.0
1732437794109894255,1.0
1732437794109894255,1.0
1732437794120068929,1.0
1732437794120068929,1.0
1732437794130822621,1.0
1732437794130822621,1.0
1732437794142145171,1.0
1732437794142145171,1.0
1732437794153168195,1.0
1732437794153168195,1.0
1732437794163313703,1.0
1732437794163313703,1.0
1732437794174410583,1.0
1732437794174410583,1.0
1732437794185098384,1.0
1732437794185098384,1.0
1732437794195549682,1.0
1732437794195549682,1.0
1732437794205872461,1.0
1732437794205872461,1.0
1732437794216436761,1.0
1732437794216436761,1.0
1732437794226579524,1.0
1732437794226579524,1.0
1732437794239644660,1.0
1732437794239644660,1.0
1732437794249873604,1.0
1732437794249873604,1.0
1732437794260480602,1.0
1732437794260480602,1.0
1732437794271485593,1.0
1732437794271485593,1.0
1732437794282152351,1.0
1732437794282152351,1.0
1732437794292627605,1.0
1732437794292627605,1.0
1732437794303558155,1.0
1732437794303558155,1.0
1732437794314324289,1.0
1732437794314324289,1.0
1732437794329360876,1.0
1732437794329360876,1.0
1732437794342422514,1.0
1732437794342422514,1.0
1732437794352954614,1.0
1732437794352954614,1.0
1732437794364021068,1.0
1732437794364021068,1.0
1732437794378685331,1.0
1732437794378685331,1.0
1732437794389685861,1.0
1732437794389685861,1.0
1732437794400338534,1.0
1732437794400338534,1.0
1732437794410508460,1.0
1732437794410508460,1.0
1732437794421445503,1.0
1732437794421445503,1.0
1732437794432950894,1.0
1732437794432950894,1.0
1732437794443359443,1.0
1732437794464274160,1.0
1732437794464274160,1.0
1732437794464274160,1.0
1732437794464274160,1.0
1732437794485537722,1.0
1732437794485537722,1.0
1732437794485537722,1.0
1732437794485537722,1.0
1732437794495932235,1.0
1732437794495932235,1.0
1732437794507102151,1.0
1732437794507102151,1.0
1732437794517691959,1.0
1732437794528802120,1.0
1732437794544098332,1.0
1732437794544098332,1.0
1732437794544098332,1.0
1732437794566546477,1.0
1732437794566546477,1.0
1732437794589057910,1.0
1732437794589057910,1.0
1732437794589057910,1.0
1732437794589057910,1.0
1732437794603760364,1.0
1732437794603760364,1.0
1732437794614496112,1.0
1732437794614496112,1.0
1732437794638655383,1.0
1732437794638655383,1.0
1732437794638655383,1.0
1732437794638655383,1.0
1732437794648998399,1.0
1732437794648998399,1.0
1732437794659575934,1.0
1732437794659575934,1.0
1732437794669722504,1.0
1732437794669722504,1.0
1732437794680091966,1.0
1732437794680091966,1.0
1732437794690568423,1.0
1732437794690568423,1.0
1732437794701108720,1.0
1732437794701108720,1.0
1732437794711620522,1.0
1732437794711620522,1.0
1732437794723136513,1.0
1732437794733581940,1.0
1732437794733581940,1.0
1732437794744001981,1.0
1732437794744001981,1.0
1732437794754602136,1.0
1732437794754602136,1.0
1732437794764759858,1.0
1732437794764759858,1.0
1732437794775073571,1.0
1732437794775073571,1.0
1732437794785433439,1.0
1732437794785433439,1.0
1732437794795966690,1.0
1732437794806236631,1.0
1732437794816945569,1.0
1732437794816945569,1.0
1732437794816945569,1.0
1732437794816945569,1.0
1732437794827091080,1.0
1732437794827091080,1.0
1732437794837395634,1.0
1732437794837395634,1.0
1732437794847853284,1.0
1732437794857862240,1.0
1732437794857862240,1.0
1732437794857862240,1.0
1732437794868202511,1.0
1732437794868202511,1.0
1732437794878808688,1.0
1732437794878808688,1.0
1732437794889192802,1.0
1732437794889192802,1.0
1732437794899587154,1.0
1732437794899587154,1.0
1732437794910358508,1.0
1732437794910358508,1.0
1732437794920724048,1.0
1732437794920724048,1.0
1732437794931271665,1.0
1732437794931271665,1.0
1732437794941956499,1.0
1732437794941956499,1.0
1732437794952566985,1.0
1732437794952566985,1.0
1732437794962851662,1.0
1732437794962851662,1.0
1732437794973240285,1.0
1732437794973240285,1.0
1732437794984178560,1.0
1732437794984178560,1.0
1732437794994644776,1.0
1732437794994644776,1.0
1732437795005325763,1.0
1732437795005325763,1.0
1732437795015495807,1.0
1732437795015495807,1.0
1732437795026161045,1.0
1732437795026161045,1.0
1732437795036833154,1.0
1732437795036833154,1.0
1732437795047248695,1.0
1732437795047248695,1.0
1732437795057514600,1.0
1732437795057514600,1.0
1732437795068445821,1.0
1732437795068445821,1.0
1732437795078663033,1.0
1732437795078663033,1.0
1732437795089120845,1.0
1732437795089120845,1.0
1732437795099404982,1.0
1732437795099404982,1.0
1732437795110072544,1.0
1732437795110072544,1.0
1732437795120760663,1.0
1732437795120760663,1.0
1732437795131449374,1.0
1732437795131449374,1.0
1732437795142141572,1.0
1732437795142141572,1.0
1732437795152717762,1.0
1732437795152717762,1.0
1732437795163525676,1.0
1732437795163525676,1.0
1732437795184368482,1.0
1732437795184368482,1.0
1732437795184368482,1.0
1732437795184368482,1.0
1732437795194847913,1.0
1732437795194847913,1.0
1732437795205487191,1.0
1732437795205487191,1.0
1732437795215679685,1.0
1732437795215679685,1.0
1732437795226237541,1.0
1732437795226237541,1.0
1732437795236823682,1.0
1732437795236823682,1.0
1732437795247445801,1.0
1732437795247445801,1.0
1732437795258038855,1.0
1732437795258038855,1.0
1732437795268295290,1.0
1732437795268295290,1.0
1732437795278801240,1.0
1732437795278801240,1.0
1732437795289492356,1.0
1732437795289492356,1.0
1732437795299929598,1.0
1732437795299929598,1.0
1732437795310363475,1.0
1732437795310363475,1.0
1732437795320729745,1.0
1732437795320729745,1.0
1732437795331220737,1.0
1732437795331220737,1.0
1732437795341736867,1.0
1732437795341736867,1.0
1732437795352466443,1.0
1732437795352466443,1.0
1732437795363077550,1.0
1732437795363077550,1.0
1732437795373350276,1.0
1732437795373350276,1.0
1732437795383596723,1.0
1732437795383596723,1.0
1732437795394627170,1.0
1732437795394627170,1.0
1732437795405090461,1.0
1732437795405090461,1.0
1732437795415673365,1.0
1732437795415673365,1.0
1732437795425828572,1.0
1732437795425828572,1.0
1732437795436674195,1.0
1732437795436674195,1.0
1732437795447263330,1.0
1732437795470344224,1.0
1732437795470344224,1.0
1732437795470344224,1.0
1732437795490696917,1.0
1732437795490696917,1.0
1732437795500983144,1.0
1732437795500983144,1.0
1732437795511460691,1.0
1732437795511460691,1.0
1732437795521975659,1.0
1732437795521975659,1.0
1732437795532491000,1.0
1732437795532491000,1.0
1732437795542751324,1.0
1732437795542751324,1.0
1732437795552804541,1.0
1732437795552804541,1.0
1732437795563475388,1.0
1732437795563475388,1.0
1732437795574169891,1.0
1732437795574169891,1.0
1732437795584680108,1.0
1732437795584680108,1.0
1732437795594948548,1.0
1732437795594948548,1.0
1732437795605223597,1.0
1732437795605223597,1.0
1732437795615691618,1.0
1732437795615691618,1.0
1732437795626228315,1.0
1732437795626228315,1.0
1732437795636696474,1.0
1732437795636696474,1.0
1732437795646784869,1.0
1732437795646784869,1.0
1732437795657325994,1.0
1732437795657325994,1.0
1732437795667620171,1.0
1732437795667620171,1.0
1732437795677903707,1.0
1732437795677903707,1.0
1732437795688439913,1.0
1732437795688439913,1.0
1732437795698920096,1.0
1732437795698920096,1.0
1732437795709331740,1.0
1732437795709331740,1.0
1732437795719748886,1.0
1732437795719748886,1.0
1732437795730317743,1.0
1732437795730317743,1.0
1732437795740946809,1.0
1732437795740946809,1.0
1732437795751034684,1.0
1732437795751034684,1.0
1732437795761788075,1.0
1732437795761788075,1.0
1732437795772003345,1.0
1732437795772003345,1.0
1732437795782470634,1.0
1732437795782470634,1.0
1732437795793121510,1.0
1732437795793121510,1.0
1732437795803531602,1.0
1732437795803531602,1.0
1732437795813928933,1.0
1732437795813928933,1.0
1732437795825130850,1.0
1732437795825130850,1.0
1732437795835315572,1.0
1732437795835315572,1.0
1732437795845783141,1.0
1732437795856110980,1.0
1732437795856110980,1.0
1732437795856110980,1.0
1732437795879031104,1.0
1732437795879031104,1.0
1732437795879031104,1.0
1732437795879031104,1.0
1732437795889772352,1.0
1732437795889772352,1.0
1732437795900254488,1.0
1732437795900254488,1.0
1732437795911512999,1.0
1732437795911512999,1.0
1732437795933083030,1.0
1732437795933083030,1.0
1732437795933083030,1.0
1732437795933083030,1.0
1732437795954415588,1.0
1732437795954415588,1.0
1732437795964619175,1.0
1732437795964619175,1.0
1732437795975255585,1.0
1732437795975255585,1.0
1732437795985391158,1.0
1732437795985391158,1.0
1732437795995935507,1.0
1732437795995935507,1.0
1732437796006081301,1.0
1732437796006081301,1.0
1732437796016718094,1.0
1732437796016718094,1.0
1732437796026812961,1.0
1732437796026812961,1.0
1732437796037176826,1.0
1732437796037176826,1.0
1732437796047263757,1.0
1732437796047263757,1.0
1732437796057408945,1.0
1732437796057408945,1.0
1732437796068580333,1.0
1732437796068580333,1.0
1732437796079001798,1.0
1732437796079001798,1.0
1732437796089461251,1.0
1732437796089461251,1.0
1732437796100173146,1.0
1732437796100173146,1.0
1732437796110662912,1.0
1732437796110662912,1.0
1732437796121144661,1.0
1732437796121144661,1.0
1732437796131335635,1.0
1732437796131335635,1.0
1732437796141813774,1.0
1732437796141813774,1.0
1732437796153805010,1.0
1732437796153805010,1.0
1732437796163992347,1.0
1732437796163992347,1.0
1732437796174525318,1.0
1732437796174525318,1.0
1732437796185184002,1.0
1732437796185184002,1.0
1732437796195687559,1.0
1732437796195687559,1.0
1732437796206205567,1.0
1732437796206205567,1.0
1732437796216522891,1.0
1732437796216522891,1.0
1732437796226701061,1.0
1732437796226701061,1.0
1732437796237255732,1.0
1732437796237255732,1.0
1732437796247456204,1.0
1732437796247456204,1.0
1732437796258055419,1.0
1732437796258055419,1.0
1732437796268173175,1.0
1732437796268173175,1.0
1732437796278789040,1.0
1732437796278789040,1.0
1732437796288914433,1.0
1732437796288914433,1.0
1732437796299433717,1.0
1732437796299433717,1.0
1732437796309957912,1.0
1732437796309957912,1.0
1732437796321296542,1.0
1732437796321296542,1.0
1732437796333674169,1.0
1732437796333674169,1.0
1732437796345282591,1.0
1732437796345282591,1.0
1732437796355646579,1.0
1732437796355646579,1.0
1732437796365900670,1.0
1732437796365900670,1.0
1732437796376449270,1.0
1732437796376449270,1.0
1732437796386550176,1.0
1732437796386550176,1.0
1732437796397047020,1.0
1732437796397047020,1.0
1732437796407135493,1.0
1732437796407135493,1.0
1732437796417327538,1.0
1732437796417327538,1.0
1732437796427523442,1.0
1732437796427523442,1.0
1732437796437780168,1.0
1732437796437780168,1.0
1732437796448017259,1.0
1732437796448017259,1.0
1732437796458612805,1.0
1732437796458612805,1.0
1732437796469013070,1.0
1732437796469013070,1.0
1732437796479612644,1.0
1732437796479612644,1.0
1732437796490157418,1.0
1732437796490157418,1.0
1732437796500745701,1.0
1732437796500745701,1.0
1732437796511257792,1.0
1732437796511257792,1.0
1732437796521694665,1.0
1732437796521694665,1.0
1732437796533045327,1.0
1732437796533045327,1.0
1732437796543283941,1.0
1732437796543283941,1.0
1732437796553448866,1.0
1732437796553448866,1.0
1732437796567738271,1.0
1732437796567738271,1.0
1732437796578261202,1.0
1732437796578261202,1.0
1732437796594176635,1.0
1732437796594176635,1.0
1732437796604433301,1.0
1732437796604433301,1.0
1732437796615221498,1.0
1732437796615221498,1.0
1732437796625868380,1.0
1732437796625868380,1.0
1732437796636287780,1.0
1732437796636287780,1.0
1732437796646643540,1.0
1732437796646643540,1.0
1732437796657480358,1.0
1732437796657480358,1.0
1732437796667898344,1.0
1732437796667898344,1.0
1732437796678091121,1.0
1732437796678091121,1.0
1732437796688618531,1.0
1732437796688618531,1.0
1732437796698970246,1.0
1732437796698970246,1.0
1732437796709819274,1.0
1732437796709819274,1.0
1732437796720580530,1.0
1732437796720580530,1.0
1732437796731064701,1.0
1732437796731064701,1.0
1732437796741327764,1.0
1732437796741327764,1.0
1732437796751622576,1.0
1732437796751622576,1.0
1732437796761804693,1.0
1732437796761804693,1.0
1732437796771900060,1.0
1732437796771900060,1.0
1732437796782415507,1.0
1732437796782415507,1.0
1732437796793712411,1.0
1732437796793712411,1.0
1732437796804926065,1.0
1732437796804926065,1.0
1732437796815313125,1.0
1732437796815313125,1.0
1732437796825829448,1.0
1732437796825829448,1.0
1732437796836061890,1.0
1732437796836061890,1.0
1732437796846617302,1.0
1732437796846617302,1.0
1732437796856910305,1.0
1732437796856910305,1.0
1732437796867305682,1.0
1732437796867305682,1.0
1732437796878415155,1.0
1732437796878415155,1.0
1732437796888504871,1.0
1732437796888504871,1.0
1732437796898547117,1.0
1732437796898547117,1.0
1732437796908846564,1.0
1732437796908846564,1.0
1732437796919233819,1.0
1732437796919233819,1.0
1732437796929722382,1.0
1732437796929722382,1.0
1732437796940235515,1.0
1732437796940235515,1.0
1732437796950689027,1.0
1732437796950689027,1.0
1732437796961637823,1.0
1732437796961637823,1.0
1732437796972170804,1.0
1732437796972170804,1.0
1732437796982577670,1.0
1732437796982577670,1.0
1732437796993237797,1.0
1732437796993237797,1.0
1732437797005156558,1.0
1732437797005156558,1.0
1732437797016019028,1.0
1732437797016019028,1.0
1732437797026547225,1.0
1732437797026547225,1.0
1732437797037398478,1.0
1732437797037398478,1.0
1732437797047415789,1.0
1732437797047415789,1.0
1732437797057501426,1.0
1732437797057501426,1.0
1732437797067725663,1.0
1732437797067725663,1.0
1732437797077984880,1.0
1732437797077984880,1.0
1732437797088645903,1.0
1732437797088645903,1.0
1732437797098848779,1.0
1732437797098848779,1.0
1732437797109168853,1.0
1732437797109168853,1.0
1732437797119378111,1.0
1732437797119378111,1.0
1732437797130030424,1.0
1732437797130030424,1.0
1732437797140190322,1.0
1732437797140190322,1.0
1732437797150420254,1.0
1732437797150420254,1.0
1732437797161005356,1.0
1732437797161005356,1.0
1732437797171469709,1.0
1732437797171469709,1.0
1732437797182263686,1.0
1732437797182263686,1.0
1732437797192353040,1.0
1732437797192353040,1.0
1732437797202526352,1.0
1732437797202526352,1.0
1732437797213710274,1.0
1732437797213710274,1.0
1732437797224214823,1.0
1732437797224214823,1.0
1732437797234868294,1.0
1732437797234868294,1.0
1732437797245099758,1.0
1732437797245099758,1.0
1732437797262137630,1.0
1732437797262137630,1.0
1732437797272659480,1.0
1732437797272659480,1.0
1732437797293951603,1.0
1732437797293951603,1.0
1732437797293951603,1.0
1732437797293951603,1.0
1732437797304431845,1.0
1732437797304431845,1.0
1732437797314624459,1.0
1732437797314624459,1.0
1732437797324745673,1.0
1732437797324745673,1.0
1732437797335711974,1.0
1732437797335711974,1.0
1732437797346363134,1.0
1732437797346363134,1.0
1732437797356786953,1.0
1732437797356786953,1.0
1732437797366810585,1.0
1732437797366810585,1.0
1732437797376888219,1.0
1732437797376888219,1.0
1732437797387224503,1.0
1732437797387224503,1.0
1732437797397433621,1.0
1732437797397433621,1.0
1732437797410448742,1.0
1732437797410448742,1.0
1732437797420722121,1.0
1732437797420722121,1.0
1732437797431002120,1.0
1732437797431002120,1.0
1732437797441309732,1.0
1732437797441309732,1.0
1732437797451915789,1.0
1732437797451915789,1.0
1732437797462093328,1.0
1732437797462093328,1.0
1732437797472938199,1.0
1732437797472938199,1.0
1732437797483419003,1.0
1732437797483419003,1.0
1732437797493720332,1.0
1732437797493720332,1.0
1732437797506471233,1.0
1732437797506471233,1.0
1732437797516887046,1.0
1732437797516887046,1.0
1732437797527362990,1.0
1732437797527362990,1.0
1732437797538187399,1.0
1732437797538187399,1.0
1732437797552160078,1.0
1732437797552160078,1.0
1732437797562687370,1.0
1732437797562687370,1.0
1732437797572818839,1.0
1732437797572818839,1.0
1732437797583199281,1.0
1732437797583199281,1.0
1732437797593498716,1.0
1732437797593498716,1.0
1732437797606515151,1.0
1732437797606515151,1.0
1732437797617584199,1.0
1732437797617584199,1.0
1732437797628045257,1.0
1732437797628045257,1.0
1732437797638676981,1.0
1732437797638676981,1.0
1732437797649402798,1.0
1732437797649402798,1.0
1732437797659589267,1.0
1732437797659589267,1.0
1732437797670307092,1.0
1732437797670307092,1.0
1732437797680503756,1.0
1732437797680503756,1.0
1732437797691007143,1.0
1732437797691007143,1.0
1732437797701382977,1.0
1732437797701382977,1.0
1732437797711988567,1.0
1732437797711988567,1.0
1732437797722476383,1.0
1732437797722476383,1.0
1732437797732571109,1.0
1732437797732571109,1.0
1732437797742721186,1.0
1732437797742721186,1.0
1732437797755237111,1.0
1732437797755237111,1.0
1732437797765699739,1.0
1732437797765699739,1.0
1732437797775896936,1.0
1732437797775896936,1.0
1732437797786056741,1.0
1732437797786056741,1.0
1732437797796794223,1.0
1732437797796794223,1.0
1732437797808440706,1.0
1732437797808440706,1.0
1732437797818735224,1.0
1732437797818735224,1.0
1732437797829045269,1.0
1732437797829045269,1.0
1732437797839146397,1.0
1732437797839146397,1.0
1732437797849296924,1.0
1732437797849296924,1.0
1732437797859475407,1.0
1732437797859475407,1.0
1732437797869800576,1.0
1732437797869800576,1.0
1732437797880018073,1.0
1732437797880018073,1.0
1732437797890142794,1.0
1732437797890142794,1.0
1732437797890142794,1.0
1732437797890142794,1.0
1732437797910728027,1.0
1732437797910728027,1.0
1732437797921024071,1.0
1732437797921024071,1.0
1732437797931128744,1.0
1732437797931128744,1.0
1732437797941321260,1.0
1732437797941321260,1.0
1732437797951443147,1.0
1732437797951443147,1.0
1732437797961701695,1.0
1732437797961701695,1.0
1732437797971981062,1.0
1732437797971981062,1.0
1732437797982503886,1.0
1732437797982503886,1.0
1732437797992793686,1.0
1732437797992793686,1.0
1732437798003991674,1.0
1732437798003991674,1.0
1732437798014311799,1.0
1732437798014311799,1.0
1732437798025148064,1.0
1732437798025148064,1.0
1732437798035522567,1.0
1732437798035522567,1.0
1732437798046071480,1.0
1732437798046071480,1.0
1732437798056195750,1.0
1732437798056195750,1.0
1732437798066346866,1.0
1732437798066346866,1.0
1732437798077202261,1.0
1732437798077202261,1.0
1732437798088125037,1.0
1732437798088125037,1.0
1732437798098290501,1.0
1732437798098290501,1.0
1732437798108691039,1.0
1732437798108691039,1.0
1732437798119299471,1.0
1732437798119299471,1.0
1732437798129477730,1.0
1732437798129477730,1.0
1732437798140243315,1.0
1732437798140243315,1.0
1732437798153042335,1.0
1732437798153042335,1.0
1732437798163659723,1.0
1732437798163659723,1.0
1732437798174246565,1.0
1732437798174246565,1.0
1732437798184499373,1.0
1732437798184499373,1.0
1732437798194546902,1.0
1732437798194546902,1.0
1732437798204945100,1.0
1732437798204945100,1.0
1732437798215380000,1.0
1732437798215380000,1.0
1732437798226031450,1.0
1732437798226031450,1.0
1732437798236725932,1.0
1732437798236725932,1.0
1732437798247906068,1.0
1732437798247906068,1.0
1732437798258379108,1.0
1732437798258379108,1.0
1732437798268679963,1.0
1732437798268679963,1.0
1732437798278782436,1.0
1732437798278782436,1.0
1732437798289297684,1.0
1732437798289297684,1.0
1732437798289297684,1.0
1732437798289297684,1.0
1732437798310418589,1.0
1732437798310418589,1.0
1732437798320655528,1.0
1732437798320655528,1.0
1732437798330787302,1.0
1732437798330787302,1.0
1732437798342142460,1.0
1732437798342142460,1.0
1732437798352332843,1.0
1732437798352332843,1.0
1732437798362498633,1.0
1732437798362498633,1.0
1732437798372843125,1.0
1732437798372843125,1.0
1732437798383331221,1.0
1732437798383331221,1.0
1732437798393624396,1.0
1732437798393624396,1.0
1732437798406856943,1.0
1732437798406856943,1.0
1732437798416907405,1.0
1732437798416907405,1.0
1732437798426929915,1.0
1732437798426929915,1.0
1732437798437302398,1.0
1732437798437302398,1.0
1732437798447837750,1.0
1732437798447837750,1.0
1732437798458434524,1.0
1732437798458434524,1.0
1732437798470653064,1.0
1732437798470653064,1.0
1732437798481027699,1.0
1732437798481027699,1.0
1732437798492110434,1.0
1732437798492110434,1.0
1732437798502706291,1.0
1732437798502706291,1.0
1732437798512930507,1.0
1732437798512930507,1.0
1732437798523276199,1.0
1732437798523276199,1.0
1732437798533681283,1.0
1732437798533681283,1.0
1732437798543877206,1.0
1732437798543877206,1.0
1732437798554073761,1.0
1732437798554073761,1.0
1732437798565283973,1.0
1732437798565283973,1.0
1732437798575678896,1.0
1732437798575678896,1.0
1732437798586559354,1.0
1732437798586559354,1.0
1732437798596792957,1.0
1732437798596792957,1.0
1732437798607277940,1.0
1732437798607277940,1.0
1732437798617289670,1.0
1732437798617289670,1.0
1732437798630311735,1.0
1732437798630311735,1.0
1732437798640902001,1.0
1732437798640902001,1.0
1732437798652133604,1.0
1732437798652133604,1.0
1732437798662470580,1.0
1732437798662470580,1.0
1732437798672744966,1.0
1732437798672744966,1.0
1732437798683037242,1.0
1732437798683037242,1.0
1732437798693492979,1.0
1732437798693492979,1.0
1732437798705250230,1.0
1732437798705250230,1.0
1732437798715856747,1.0
1732437798715856747,1.0
1732437798726032801,1.0
1732437798726032801,1.0
1732437798736447494,1.0
1732437798736447494,1.0
1732437798749440106,1.0
1732437798749440106,1.0
1732437798760701814,1.0
1732437798760701814,1.0
1732437798774188944,1.0
1732437798774188944,1.0
1732437798784356726,1.0
1732437798784356726,1.0
1732437798794753473,1.0
1732437798794753473,1.0
1732437798805450690,1.0
1732437798805450690,1.0
1732437798815572575,1.0
1732437798815572575,1.0
1732437798825819424,1.0
1732437798825819424,1.0
1732437798836230507,1.0
1732437798836230507,1.0
1732437798846562144,1.0
1732437798846562144,1.0
1732437798856946247,1.0
1732437798856946247,1.0
1732437798867268336,1.0
1732437798867268336,1.0
1732437798877631911,1.0
1732437798877631911,1.0
1732437798888234983,1.0
1732437798888234983,1.0
1732437798898590562,1.0
1732437798898590562,1.0
1732437798908806795,1.0
1732437798908806795,1.0
1732437798919848933,1.0
1732437798919848933,1.0
1732437798930225353,1.0
1732437798930225353,1.0
1732437798941976122,1.0
1732437798941976122,1.0
1732437798952504233,1.0
1732437798952504233,1.0
1732437798963288683,1.0
1732437798963288683,1.0
1732437798973665071,1.0
1732437798973665071,1.0
1732437798983881223,1.0
1732437798983881223,1.0
1732437798994496206,1.0
1732437798994496206,1.0
1732437799004954589,1.0
1732437799004954589,1.0
1732437799015615839,1.0
1732437799015615839,1.0
1732437799026009927,1.0
1732437799026009927,1.0
1732437799036471790,1.0
1732437799036471790,1.0
1732437799046609585,1.0
1732437799046609585,1.0
1732437799057312673,1.0
1732437799057312673,1.0
1732437799067610996,1.0
1732437799067610996,1.0
1732437799077771133,1.0
1732437799077771133,1.0
1732437799087860278,1.0
1732437799087860278,1.0
1732437799098109812,1.0
1732437799098109812,1.0
1732437799108322996,1.0
1732437799108322996,1.0
1732437799118430927,1.0
1732437799118430927,1.0
1732437799128600721,1.0
1732437799128600721,1.0
1732437799139338614,1.0
1732437799139338614,1.0
1732437799149990836,1.0
1732437799149990836,1.0
1732437799160496677,1.0
1732437799160496677,1.0
1732437799170571706,1.0
1732437799170571706,1.0
1732437799180803175,1.0
1732437799180803175,1.0
1732437799190923235,1.0
1732437799190923235,1.0
1732437799201632326,1.0
1732437799201632326,1.0
1732437799212328097,1.0
1732437799212328097,1.0
1732437799222807731,1.0
1732437799222807731,1.0
1732437799233052497,1.0
1732437799233052497,1.0
1732437799243623007,1.0
1732437799243623007,1.0
1732437799254172499,1.0
1732437799254172499,1.0
1732437799264683029,1.0
1732437799264683029,1.0
1732437799275035624,1.0
1732437799275035624,1.0
1732437799285500118,1.0
1732437799285500118,1.0
1732437799296067663,1.0
1732437799296067663,1.0
1732437799306930488,1.0
1732437799306930488,1.0
1732437799319926245,1.0
1732437799319926245,1.0
1732437799330308695,1.0
1732437799330308695,1.0
1732437799340689935,1.0
1732437799340689935,1.0
1732437799350912416,1.0
1732437799350912416,1.0
1732437799361233444,1.0
1732437799361233444,1.0
1732437799372715952,1.0
1732437799372715952,1.0
1732437799383180596,1.0
1732437799383180596,1.0
1732437799393482568,1.0
1732437799393482568,1.0
1732437799403703022,1.0
1732437799403703022,1.0
1732437799413831074,1.0
1732437799413831074,1.0
1732437799424090655,1.0
1732437799424090655,1.0
1732437799434408916,1.0
1732437799434408916,1.0
1732437799444858623,1.0
1732437799444858623,1.0
1732437799455276398,1.0
1732437799455276398,1.0
1732437799465529816,1.0
1732437799465529816,1.0
1732437799476235341,1.0
1732437799476235341,1.0
1732437799486503109,1.0
1732437799486503109,1.0
1732437799496933745,1.0
1732437799496933745,1.0
1732437799507721681,1.0
1732437799507721681,1.0
1732437799518084379,1.0
1732437799518084379,1.0
1732437799528670008,1.0
1732437799528670008,1.0
1732437799539292847,1.0
1732437799539292847,1.0
1732437799549614764,1.0
1732437799549614764,1.0
1732437799561171862,1.0
1732437799561171862,1.0
1732437799571494401,1.0
1732437799571494401,1.0
1732437799582290683,1.0
1732437799582290683,1.0
1732437799592933758,1.0
1732437799592933758,1.0
1732437799603356274,1.0
1732437799603356274,1.0
1732437799613900968,1.0
1732437799613900968,1.0
1732437799624729908,1.0
1732437799624729908,1.0
1732437799635369138,1.0
1732437799635369138,1.0
1732437799645812052,1.0
1732437799645812052,1.0
1732437799655926303,1.0
1732437799655926303,1.0
1732437799666420071,1.0
1732437799666420071,1.0
1732437799678307102,1.0
1732437799678307102,1.0
1732437799689240900,1.0
1732437799689240900,1.0
1732437799700605931,1.0
1732437799700605931,1.0
1732437799710937145,1.0
1732437799710937145,1.0
1732437799721540959,1.0
1732437799721540959,1.0
1732437799732448286,1.0
1732437799732448286,1.0
1732437799742473764,1.0
1732437799742473764,1.0
1732437799752829490,1.0
1732437799752829490,1.0
1732437799764404825,1.0
1732437799764404825,1.0
1732437799774526650,1.0
1732437799774526650,1.0
1732437799787280787,1.0
1732437799787280787,1.0
1732437799797435245,1.0
1732437799797435245,1.0
1732437799808025060,1.0
1732437799808025060,1.0
1732437799818483173,1.0
1732437799818483173,1.0
1732437799828726655,1.0
1732437799828726655,1.0
1732437799839682670,1.0
1732437799839682670,1.0
1732437799849841625,1.0
1732437799849841625,1.0
1732437799860106870,1.0
1732437799860106870,1.0
1732437799870315038,1.0
1732437799870315038,1.0
1732437799880502324,1.0
1732437799880502324,1.0
1732437799890646762,1.0
1732437799890646762,1.0
1732437799902508272,1.0
1732437799902508272,1.0
1732437799913409990,1.0
1732437799913409990,1.0
1732437799923670118,1.0
1732437799923670118,1.0
1732437799934263306,1.0
1732437799934263306,1.0
1732437799945396950,1.0
1732437799945396950,1.0
1732437799956143068,1.0
1732437799956143068,1.0
1732437799966213093,1.0
1732437799966213093,1.0
1732437799976914321,1.0
1732437799976914321,1.0
1732437799987100526,1.0
1732437799987100526,1.0
1732437799997107708,1.0
1732437799997107708,1.0
1732437800007539420,1.0
1732437800007539420,1.0
1732437800017561220,1.0
1732437800017561220,1.0
1732437800027955462,1.0
1732437800027955462,1.0
1732437800038531584,1.0
1732437800038531584,1.0
1732437800048795975,1.0
1732437800048795975,1.0
1732437800058914795,1.0
1732437800058914795,1.0
1732437800069464568,1.0
1732437800069464568,1.0
1732437800079800591,1.0
1732437800079800591,1.0
1732437800090074060,1.0
1732437800090074060,1.0
1732437800100189823,1.0
1732437800100189823,1.0
1732437800110629341,1.0
1732437800110629341,1.0
1732437800121047018,1.0
1732437800121047018,1.0
1732437800131733514,1.0
1732437800131733514,1.0
1732437800142923015,1.0
1732437800153060091,1.0
1732437800153060091,1.0
