%time,field.data
1732437687754559663,0
1732437687754559663,0
1732437687765234107,0
1732437687765234107,0
1732437687775860530,0
1732437687775860530,0
1732437687786013480,0
1732437687786013480,0
1732437687796184523,0
1732437687796184523,0
1732437687806494753,0
1732437687806494753,0
1732437687817133294,0
1732437687817133294,0
1732437687827328561,0
1732437687827328561,0
1732437687837379390,0
1732437687837379390,0
1732437687847484641,0
1732437687847484641,0
1732437687857948488,0
1732437687857948488,0
1732437687868089966,0
1732437687868089966,0
1732437687878653988,0
1732437687878653988,0
1732437687889123185,0
1732437687889123185,0
1732437687899566513,0
1732437687899566513,0
1732437687909822283,0
1732437687909822283,0
1732437687920478828,0
1732437687920478828,0
1732437687931061816,0
1732437687931061816,0
1732437687941200129,0
1732437687941200129,0
1732437687951651222,0
1732437687951651222,0
1732437687961996027,0
1732437687961996027,0
1732437687972637744,0
1732437687972637744,0
1732437687983158085,0
1732437687983158085,0
1732437687993632060,0
1732437687993632060,0
1732437688004017271,0
1732437688004017271,0
1732437688014212318,0
1732437688014212318,0
1732437688024627987,0
1732437688024627987,0
1732437688035119093,0
1732437688035119093,0
1732437688045733329,0
1732437688045733329,0
1732437688056011200,0
1732437688056011200,0
1732437688066992409,0
1732437688066992409,0
1732437688077251125,0
1732437688077251125,0
1732437688087686719,0
1732437688087686719,0
1732437688097783112,0
1732437688097783112,0
1732437688109188909,0
1732437688109188909,0
1732437688119931410,0
1732437688119931410,0
1732437688130085606,0
1732437688130085606,0
1732437688140591016,0
1732437688140591016,0
1732437688150664841,0
1732437688150664841,0
1732437688160871049,0
1732437688160871049,0
1732437688171390079,0
1732437688171390079,0
1732437688181665927,0
1732437688181665927,0
1732437688191979264,0
1732437688191979264,0
1732437688202596525,0
1732437688202596525,0
1732437688213215250,0
1732437688213215250,0
1732437688223897492,0
1732437688223897492,0
1732437688234137182,0
1732437688234137182,0
1732437688244291705,0
1732437688244291705,0
1732437688254810945,0
1732437688254810945,0
1732437688265140642,0
1732437688265140642,0
1732437688275688194,0
1732437688275688194,0
1732437688285864617,0
1732437688285864617,0
1732437688296353316,0
1732437688296353316,0
1732437688306621973,0
1732437688306621973,0
1732437688316900776,0
1732437688316900776,0
1732437688327255661,0
1732437688327255661,0
1732437688337545815,0
1732437688337545815,0
1732437688348063542,0
1732437688348063542,0
1732437688358577311,0
1732437688358577311,0
1732437688368929208,0
1732437688368929208,0
1732437688379432762,0
1732437688379432762,0
1732437688390226100,0
1732437688390226100,0
1732437688400729110,0
1732437688400729110,0
1732437688410844800,0
1732437688410844800,0
1732437688420948408,0
1732437688420948408,0
1732437688431425435,0
1732437688431425435,0
1732437688442226922,0
1732437688442226922,0
1732437688452824324,0
1732437688452824324,0
1732437688463611462,0
1732437688463611462,0
1732437688473946593,0
1732437688473946593,0
1732437688484172818,0
1732437688484172818,0
1732437688494577922,0
1732437688494577922,0
1732437688504863147,0
1732437688504863147,0
1732437688515110215,0
1732437688515110215,0
1732437688525263735,0
1732437688525263735,0
1732437688535817368,0
1732437688535817368,0
1732437688546037151,0
1732437688546037151,0
1732437688556356391,0
1732437688556356391,0
1732437688566642377,0
1732437688566642377,0
1732437688577427757,0
1732437688577427757,0
1732437688587828129,0
1732437688587828129,0
1732437688597982161,0
1732437688597982161,0
1732437688608330614,0
1732437688608330614,0
1732437688618819887,0
1732437688618819887,0
1732437688629385723,0
1732437688629385723,0
1732437688639790180,0
1732437688639790180,0
1732437688650332152,0
1732437688650332152,0
1732437688660683951,0
1732437688660683951,0
1732437688671238613,0
1732437688671238613,0
1732437688681640297,0
1732437688681640297,0
1732437688692322780,0
1732437688692322780,0
1732437688702829587,0
1732437688702829587,0
1732437688713553368,0
1732437688713553368,0
1732437688724231463,0
1732437688724231463,0
1732437688734679680,0
1732437688734679680,0
1732437688744960837,0
1732437688744960837,0
1732437688755101344,0
1732437688755101344,0
1732437688765618159,0
1732437688765618159,0
1732437688775946313,0
1732437688775946313,0
1732437688786042436,0
1732437688786042436,0
1732437688796427879,0
1732437688796427879,0
1732437688806855969,0
1732437688806855969,0
1732437688816912919,0
1732437688816912919,0
1732437688827084983,0
1732437688827084983,0
1732437688837311080,0
1732437688837311080,0
1732437688847966302,0
1732437688847966302,0
1732437688858193228,0
1732437688858193228,0
1732437688868831399,0
1732437688868831399,0
1732437688879302710,0
1732437688879302710,0
1732437688889904674,0
1732437688889904674,0
1732437688900148882,0
1732437688900148882,0
1732437688910540965,0
1732437688910540965,0
1732437688921038534,0
1732437688921038534,0
1732437688931300443,0
1732437688931300443,0
1732437688941567177,0
1732437688941567177,0
1732437688951843896,0
1732437688951843896,0
1732437688962451911,0
1732437688962451911,0
1732437688972780466,0
1732437688972780466,0
1732437688982936180,0
1732437688982936180,0
1732437688993019380,0
1732437688993019380,0
1732437689003481994,0
1732437689003481994,0
1732437689013936233,0
1732437689013936233,0
1732437689024814502,0
1732437689024814502,0
1732437689034954185,0
1732437689034954185,0
1732437689045313597,0
1732437689045313597,0
1732437689055661598,0
1732437689055661598,0
1732437689066087155,0
1732437689066087155,0
1732437689076210699,0
1732437689076210699,0
1732437689086604305,0
1732437689086604305,0
1732437689097588018,0
1732437689097588018,0
1732437689107950266,0
1732437689107950266,0
1732437689118192682,0
1732437689118192682,0
1732437689128462478,0
1732437689128462478,0
1732437689138692089,0
1732437689138692089,0
1732437689148997964,0
1732437689148997964,0
1732437689159328603,0
1732437689159328603,0
1732437689169672566,0
1732437689169672566,0
1732437689179956906,0
1732437689179956906,0
1732437689190323126,0
1732437689190323126,0
1732437689201427112,0
1732437689201427112,0
1732437689211935107,0
1732437689211935107,0
1732437689222441949,0
1732437689222441949,0
1732437689232689571,0
1732437689232689571,0
1732437689242868037,0
1732437689242868037,0
1732437689253375086,0
1732437689253375086,0
1732437689263821321,0
1732437689263821321,0
1732437689274545988,0
1732437689274545988,0
1732437689284866101,0
1732437689284866101,0
1732437689295135398,0
1732437689295135398,0
1732437689305759753,0
1732437689305759753,0
1732437689316264015,0
1732437689316264015,0
1732437689326554409,0
1732437689326554409,0
1732437689337435929,0
1732437689337435929,0
1732437689347675763,0
1732437689347675763,0
1732437689358383941,0
1732437689358383941,0
1732437689368932099,0
1732437689368932099,0
1732437689379222292,0
1732437689379222292,0
1732437689389631036,0
1732437689389631036,0
1732437689400073926,0
1732437689400073926,0
1732437689410370611,0
1732437689410370611,0
1732437689420804242,0
1732437689420804242,0
1732437689430920213,0
1732437689430920213,0
1732437689441245252,0
1732437689441245252,0
1732437689451570671,0
1732437689451570671,0
1732437689462503811,0
1732437689462503811,0
1732437689472913487,0
1732437689472913487,0
1732437689483510902,0
1732437689483510902,0
1732437689493785707,0
1732437689493785707,0
1732437689503817483,0
1732437689503817483,0
1732437689514197754,0
1732437689514197754,0
1732437689524881929,0
1732437689524881929,0
1732437689535099830,0
1732437689535099830,0
1732437689545224557,0
1732437689545224557,0
1732437689555964366,0
1732437689555964366,0
1732437689566738931,0
1732437689566738931,0
1732437689577152795,0
1732437689577152795,0
1732437689587400200,0
1732437689587400200,0
1732437689598026798,0
1732437689598026798,0
1732437689608137811,0
1732437689608137811,0
1732437689618639107,0
1732437689618639107,0
1732437689628967121,0
1732437689628967121,0
1732437689640000282,0
1732437689640000282,0
1732437689650441111,0
1732437689650441111,0
1732437689660768534,0
1732437689660768534,0
1732437689671209038,0
1732437689671209038,0
1732437689681620298,0
1732437689681620298,0
1732437689691998775,0
1732437689691998775,0
1732437689702615044,0
1732437689702615044,0
1732437689714215805,0
1732437689714215805,0
1732437689724762717,0
1732437689724762717,0
1732437689735236151,0
1732437689735236151,0
1732437689746098718,0
1732437689746098718,0
1732437689756553730,0
1732437689756553730,0
1732437689767363697,0
1732437689767363697,0
1732437689777683128,0
1732437689777683128,0
1732437689787853611,0
1732437689787853611,0
1732437689798304293,0
1732437689798304293,0
1732437689809695042,0
1732437689809695042,0
1732437689819800061,0
1732437689819800061,0
1732437689830313832,0
1732437689830313832,0
1732437689840988931,0
1732437689840988931,0
1732437689851097327,0
1732437689851097327,0
1732437689861541579,0
1732437689861541579,0
1732437689871914934,0
1732437689871914934,0
1732437689882333068,0
1732437689882333068,0
1732437689892822254,0
1732437689892822254,0
1732437689903246988,0
1732437689903246988,0
1732437689913571114,0
1732437689913571114,0
1732437689924284932,0
1732437689924284932,0
1732437689934513767,0
1732437689934513767,0
1732437689944702662,0
1732437689944702662,0
1732437689955242350,0
1732437689955242350,0
1732437689965869381,0
1732437689965869381,0
1732437689976478739,0
1732437689976478739,0
1732437689987115076,0
1732437689987115076,0
1732437689997306898,0
1732437689997306898,0
1732437690007545306,0
1732437690007545306,0
1732437690017611242,0
1732437690017611242,0
1732437690028170828,0
1732437690028170828,0
1732437690038587748,0
1732437690038587748,0
1732437690049163112,0
1732437690049163112,0
1732437690059626594,0
1732437690059626594,0
1732437690070197164,0
1732437690070197164,0
1732437690081182149,0
1732437690081182149,0
1732437690091819208,0
1732437690091819208,0
1732437690102263059,0
1732437690102263059,0
1732437690112684407,0
1732437690112684407,0
1732437690122877700,0
1732437690122877700,0
1732437690132938806,0
1732437690132938806,0
1732437690143443272,0
1732437690143443272,0
1732437690153672522,0
1732437690153672522,0
1732437690164500597,0
1732437690164500597,0
1732437690174765624,0
1732437690174765624,0
1732437690185126210,0
1732437690185126210,0
1732437690195529444,0
1732437690195529444,0
1732437690205837741,0
1732437690205837741,0
1732437690216396316,0
1732437690216396316,0
1732437690226934070,0
1732437690226934070,0
1732437690237468023,0
1732437690237468023,0
1732437690248020630,0
1732437690248020630,0
1732437690258262744,0
1732437690258262744,0
1732437690268487647,0
1732437690268487647,0
1732437690278704025,0
1732437690278704025,0
1732437690289313242,0
1732437690289313242,0
1732437690299557121,0
1732437690299557121,0
1732437690310353115,0
1732437690310353115,0
1732437690320613533,0
1732437690320613533,0
1732437690330859325,0
1732437690330859325,0
1732437690341157925,0
1732437690341157925,0
1732437690351495103,0
1732437690351495103,0
1732437690361902409,0
1732437690361902409,0
1732437690371994284,0
1732437690371994284,0
1732437690382196346,0
1732437690382196346,0
1732437690392464479,0
1732437690392464479,0
1732437690402621275,0
1732437690402621275,0
1732437690412744761,0
1732437690412744761,0
1732437690423080769,0
1732437690423080769,0
1732437690433182644,0
1732437690433182644,0
1732437690443608830,0
1732437690443608830,0
1732437690454046518,0
1732437690454046518,0
1732437690464557233,0
1732437690464557233,0
1732437690474807463,0
1732437690474807463,0
1732437690484848145,0
1732437690484848145,0
1732437690495247210,0
1732437690495247210,0
1732437690505559165,0
1732437690505559165,0
1732437690515854149,0
1732437690515854149,0
1732437690526287809,0
1732437690526287809,0
1732437690536993515,0
1732437690536993515,0
1732437690547109718,0
1732437690547109718,0
1732437690557378422,0
1732437690557378422,0
1732437690567667635,0
1732437690567667635,0
1732437690577993535,0
1732437690577993535,0
1732437690588383892,0
1732437690588383892,0
1732437690598502201,0
1732437690598502201,0
1732437690608878204,0
1732437690608878204,0
1732437690619079414,0
1732437690619079414,0
1732437690630582082,0
1732437690630582082,0
1732437690640900217,0
1732437690640900217,0
1732437690651235275,0
1732437690651235275,0
1732437690661527354,0
1732437690661527354,0
1732437690671810104,0
1732437690671810104,0
1732437690682131076,0
1732437690682131076,0
1732437690692503703,0
1732437690692503703,0
1732437690702821588,0
1732437690702821588,0
1732437690713196971,0
1732437690713196971,0
1732437690723660418,0
1732437690723660418,0
1732437690734106392,0
1732437690734106392,0
1732437690744545233,0
1732437690744545233,0
1732437690755140022,0
1732437690755140022,0
1732437690765814723,0
1732437690765814723,0
1732437690776345163,0
1732437690776345163,0
1732437690786922197,0
1732437690786922197,0
1732437690797034234,0
1732437690797034234,0
1732437690807294091,0
1732437690807294091,0
1732437690817577614,0
1732437690817577614,0
1732437690827951133,0
1732437690827951133,0
1732437690838943962,0
1732437690838943962,0
1732437690849250328,0
1732437690849250328,0
1732437690859381202,0
1732437690859381202,0
1732437690869884172,0
1732437690869884172,0
1732437690880571127,0
1732437690880571127,0
1732437690891156877,0
1732437690891156877,0
1732437690901910417,0
1732437690901910417,0
1732437690912515563,0
1732437690912515563,0
1732437690922902600,0
1732437690922902600,0
1732437690933378069,0
1732437690933378069,0
1732437690943944406,0
1732437690943944406,0
1732437690954038664,0
1732437690954038664,0
1732437690964914630,0
1732437690964914630,0
1732437690975151956,0
1732437690975151956,0
1732437690985650819,0
1732437690985650819,0
1732437690995859822,0
1732437690995859822,0
1732437691006056522,0
1732437691006056522,0
1732437691016733907,0
1732437691016733907,0
1732437691026954401,0
1732437691026954401,0
1732437691037037527,0
1732437691037037527,0
1732437691047187004,0
1732437691047187004,0
1732437691057246268,0
1732437691057246268,0
1732437691067384492,0
1732437691067384492,0
1732437691077827990,0
1732437691077827990,0
1732437691088089410,0
1732437691088089410,0
1732437691098472318,0
1732437691098472318,0
1732437691108652127,0
1732437691108652127,0
1732437691118776404,0
1732437691118776404,0
1732437691129287929,0
1732437691129287929,0
1732437691139489279,0
1732437691139489279,0
1732437691150093206,0
1732437691150093206,0
1732437691160344048,0
1732437691160344048,0
1732437691170581383,0
1732437691170581383,0
1732437691180983726,0
1732437691180983726,0
1732437691191488860,0
1732437691191488860,0
1732437691201751634,0
1732437691201751634,0
1732437691212068729,0
1732437691212068729,0
1732437691222513219,0
1732437691222513219,0
1732437691232946961,0
1732437691232946961,0
1732437691243112490,0
1732437691243112490,0
1732437691253460767,0
1732437691253460767,0
1732437691263558373,0
1732437691263558373,0
1732437691274101728,0
1732437691274101728,0
1732437691284631539,0
1732437691284631539,0
1732437691294817990,0
1732437691294817990,0
1732437691305201394,0
1732437691305201394,0
1732437691315569246,0
1732437691315569246,0
1732437691326082085,0
1732437691326082085,0
1732437691336611329,0
1732437691336611329,0
1732437691347216223,0
1732437691347216223,0
1732437691357320402,0
1732437691357320402,0
1732437691367415304,0
1732437691367415304,0
1732437691377531013,0
1732437691377531013,0
1732437691387639221,0
1732437691387639221,0
1732437691397727790,0
1732437691397727790,0
1732437691408055284,0
1732437691408055284,0
1732437691418306225,0
1732437691418306225,0
1732437691428804506,0
1732437691428804506,0
1732437691439894438,0
1732437691439894438,0
1732437691450666356,0
1732437691450666356,0
1732437691461431625,0
1732437691461431625,0
1732437691471861799,0
1732437691471861799,0
1732437691482278369,0
1732437691482278369,0
1732437691492422952,0
1732437691492422952,0
1732437691503422285,0
1732437691503422285,0
1732437691514017597,0
1732437691514017597,0
1732437691524578895,0
1732437691524578895,0
1732437691534948388,0
1732437691534948388,0
1732437691545243346,0
1732437691545243346,0
1732437691555779342,0
1732437691555779342,0
1732437691565935964,0
1732437691565935964,0
1732437691576553892,0
1732437691576553892,0
1732437691587275418,0
1732437691587275418,0
1732437691597557919,0
1732437691597557919,0
1732437691607764307,0
1732437691607764307,0
1732437691618087393,0
1732437691618087393,0
1732437691628783261,0
1732437691628783261,0
1732437691639383231,0
1732437691639383231,0
1732437691650343631,0
1732437691650343631,0
1732437691660891464,0
1732437691660891464,0
1732437691671069191,0
1732437691671069191,0
1732437691681179249,0
1732437691681179249,0
1732437691691576554,0
1732437691691576554,0
1732437691702038698,0
1732437691702038698,0
1732437691712545616,0
1732437691712545616,0
1732437691723249027,0
1732437691723249027,0
1732437691733423157,0
1732437691733423157,0
1732437691743729110,0
1732437691743729110,0
1732437691753993837,0
1732437691753993837,0
1732437691764528837,0
1732437691764528837,0
1732437691775034421,0
1732437691775034421,0
1732437691785209873,0
1732437691785209873,0
1732437691795616743,0
1732437691795616743,0
1732437691806021662,0
1732437691806021662,0
1732437691816423263,0
1732437691816423263,0
1732437691827191756,0
1732437691827191756,0
1732437691837420908,0
1732437691837420908,0
1732437691847546867,0
1732437691847546867,0
1732437691858021895,0
1732437691858021895,0
1732437691868413808,0
1732437691868413808,0
1732437691879082146,0
1732437691879082146,0
1732437691889206762,0
1732437691889206762,0
1732437691899574962,0
1732437691899574962,0
1732437691910078693,0
1732437691910078693,0
1732437691920198862,0
1732437691920198862,0
1732437691931066469,0
1732437691931066469,0
1732437691941763360,0
1732437691941763360,0
1732437691952374150,0
1732437691952374150,0
1732437691962830113,0
1732437691962830113,0
1732437691972867314,0
1732437691972867314,0
1732437691983286100,0
1732437691983286100,0
1732437691993762542,0
1732437691993762542,0
1732437692004304363,0
1732437692004304363,0
1732437692014946152,0
1732437692014946152,0
1732437692026458627,0
1732437692026458627,0
1732437692037261645,0
1732437692037261645,0
1732437692047717488,0
1732437692047717488,0
1732437692057867101,0
1732437692057867101,0
1732437692068243766,0
1732437692068243766,0
1732437692078848815,0
1732437692078848815,0
1732437692088968273,0
1732437692088968273,0
1732437692099156076,0
1732437692099156076,0
1732437692109492036,0
1732437692109492036,0
1732437692119931936,0
1732437692119931936,0
1732437692130456881,0
1732437692130456881,0
1732437692140816133,0
1732437692140816133,0
1732437692151290030,0
1732437692151290030,0
1732437692161779552,0
1732437692161779552,0
1732437692171945589,0
1732437692171945589,0
1732437692182229351,0
1732437692182229351,0
1732437692192923416,0
1732437692192923416,0
1732437692203309460,0
1732437692203309460,0
1732437692213673160,0
1732437692213673160,0
1732437692224240107,0
1732437692224240107,0
1732437692234632674,0
1732437692234632674,0
1732437692245108314,0
1732437692245108314,0
1732437692255536274,0
1732437692255536274,0
1732437692265784341,0
1732437692265784341,0
1732437692276038528,0
1732437692276038528,0
1732437692286369215,0
1732437692286369215,0
1732437692296707612,0
1732437692296707612,0
1732437692307292685,0
1732437692307292685,0
1732437692317411060,0
1732437692317411060,0
1732437692327691477,0
1732437692327691477,0
1732437692337908686,0
1732437692337908686,0
1732437692348143618,0
1732437692348143618,0
1732437692358636480,0
1732437692358636480,0
1732437692369426172,0
1732437692369426172,0
1732437692379935535,0
1732437692379935535,0
1732437692390471416,0
1732437692390471416,0
1732437692401114136,0
1732437692401114136,0
1732437692411690280,0
1732437692411690280,0
1732437692422047220,0
1732437692422047220,0
1732437692432580916,0
1732437692432580916,0
1732437692442732735,0
1732437692442732735,0
1732437692452856670,0
1732437692452856670,0
1732437692463324345,0
1732437692463324345,0
1732437692473737808,0
1732437692473737808,0
1732437692484061556,0
1732437692484061556,0
1732437692494416631,0
1732437692494416631,0
1732437692504712035,0
1732437692504712035,0
1732437692515024151,0
1732437692515024151,0
1732437692525386570,0
1732437692525386570,0
1732437692536046041,0
1732437692536046041,0
1732437692546235116,0
1732437692546235116,0
1732437692556908494,0
1732437692556908494,0
1732437692567138897,0
1732437692567138897,0
1732437692577352791,0
1732437692577352791,0
1732437692587635801,0
1732437692587635801,0
1732437692597805372,0
1732437692597805372,0
1732437692608294472,0
1732437692608294472,0
1732437692618674197,0
1732437692618674197,0
1732437692628943763,0
1732437692628943763,0
1732437692639137379,0
1732437692639137379,0
1732437692649228992,0
1732437692649228992,0
1732437692660162264,0
1732437692660162264,0
1732437692671049498,0
1732437692671049498,0
1732437692681368476,0
1732437692681368476,0
1732437692691884271,0
1732437692691884271,0
1732437692702393722,0
1732437692702393722,0
1732437692712860696,0
1732437692712860696,0
1732437692723320736,0
1732437692723320736,0
1732437692733920997,0
1732437692733920997,0
1732437692744134709,0
1732437692744134709,0
1732437692754699852,0
1732437692754699852,0
1732437692764908758,0
1732437692764908758,0
1732437692775175280,0
1732437692775175280,0
1732437692785736497,0
1732437692785736497,0
1732437692796300631,0
1732437692796300631,0
1732437692806938682,0
1732437692806938682,0
1732437692817030077,0
1732437692817030077,0
1732437692827243509,0
1732437692827243509,0
1732437692837701536,0
1732437692837701536,0
1732437692848282973,0
1732437692848282973,0
1732437692858622488,0
1732437692858622488,0
1732437692869064502,0
1732437692869064502,0
1732437692879308704,0
1732437692879308704,0
1732437692890015374,0
1732437692890015374,0
1732437692900238914,0
1732437692900238914,0
1732437692910628253,0
1732437692910628253,0
1732437692921221260,0
1732437692921221260,0
1732437692931602504,0
1732437692931602504,0
1732437692941834760,0
1732437692941834760,0
1732437692952473564,0
1732437692952473564,0
1732437692962775018,0
1732437692962775018,0
1732437692973198421,0
1732437692973198421,0
1732437692983663751,0
1732437692983663751,0
1732437692994124432,0
1732437692994124432,0
1732437693004704866,0
1732437693004704866,0
1732437693015010831,0
1732437693015010831,0
1732437693026124607,0
1732437693026124607,0
1732437693036525286,0
1732437693036525286,0
1732437693046933791,0
1732437693046933791,0
1732437693057056805,0
1732437693057056805,0
1732437693067445012,0
1732437693067445012,0
1732437693077902025,0
1732437693077902025,0
1732437693088217117,0
1732437693088217117,0
1732437693098481830,0
1732437693098481830,0
1732437693108957193,0
1732437693108957193,0
1732437693119371519,0
1732437693119371519,0
1732437693129613193,0
1732437693129613193,0
1732437693139997984,0
1732437693139997984,0
1732437693150646029,0
1732437693150646029,0
1732437693161144666,0
1732437693161144666,0
1732437693171240850,0
1732437693171240850,0
1732437693181775399,0
1732437693181775399,0
1732437693192238235,0
1732437693192238235,0
1732437693202808960,0
1732437693202808960,0
1732437693212883074,0
1732437693212883074,0
1732437693223280719,0
1732437693223280719,0
1732437693233882272,0
1732437693233882272,0
1732437693244164021,0
1732437693244164021,0
1732437693254365220,0
1732437693254365220,0
1732437693264596596,0
1732437693264596596,0
1732437693275119965,0
1732437693275119965,0
1732437693285749298,0
1732437693285749298,0
1732437693296210943,0
1732437693296210943,0
1732437693306617694,0
1732437693306617694,0
1732437693317210711,0
1732437693317210711,0
1732437693327366267,0
1732437693327366267,0
1732437693337654577,0
1732437693337654577,0
1732437693347797679,0
1732437693347797679,0
1732437693358034374,0
1732437693358034374,0
1732437693368647509,0
1732437693368647509,0
1732437693379102591,0
1732437693379102591,0
1732437693389264917,0
1732437693389264917,0
1732437693399688240,0
1732437693399688240,0
1732437693410299371,0
1732437693410299371,0
1732437693420853887,0
1732437693420853887,0
1732437693431162968,0
1732437693431162968,0
1732437693441193518,0
1732437693441193518,0
1732437693451690779,0
1732437693451690779,0
1732437693462149878,0
1732437693462149878,0
1732437693472524289,0
1732437693472524289,0
1732437693482971626,0
1732437693482971626,0
1732437693493574751,0
1732437693493574751,0
1732437693503802601,0
1732437693503802601,0
1732437693514015262,0
1732437693514015262,0
1732437693524482275,0
1732437693524482275,0
1732437693534764055,0
1732437693534764055,0
1732437693547133930,0
1732437693547133930,0
1732437693557781262,0
1732437693557781262,0
1732437693568285035,0
1732437693568285035,0
1732437693578547216,0
1732437693578547216,0
1732437693588823546,0
1732437693588823546,0
1732437693599232992,0
1732437693599232992,0
1732437693609908944,0
1732437693609908944,0
1732437693620067184,0
1732437693620067184,0
1732437693630481499,0
1732437693630481499,0
1732437693640963841,0
1732437693640963841,0
1732437693651505239,0
1732437693651505239,0
1732437693661637534,0
1732437693661637534,0
1732437693671955207,0
1732437693671955207,0
1732437693682552505,0
1732437693682552505,0
1732437693693022785,0
1732437693693022785,0
1732437693703402886,0
1732437693703402886,0
1732437693713927914,0
1732437693713927914,0
1732437693724310925,0
1732437693724310925,0
1732437693734765104,0
1732437693734765104,0
1732437693745023570,0
1732437693745023570,0
1732437693755524857,0
1732437693755524857,0
1732437693765779166,0
1732437693765779166,0
1732437693776236161,0
1732437693776236161,0
1732437693786830660,0
1732437693786830660,0
1732437693796918686,0
1732437693796918686,0
1732437693807602684,0
1732437693807602684,0
1732437693817904813,0
1732437693817904813,0
1732437693828223481,0
1732437693828223481,0
1732437693838530556,0
1732437693838530556,0
1732437693849176754,0
1732437693849176754,0
1732437693859578436,0
1732437693859578436,0
1732437693869944862,0
1732437693869944862,0
1732437693880220981,0
1732437693880220981,0
1732437693890496768,0
1732437693890496768,0
1732437693900828381,0
1732437693900828381,0
1732437693911634605,0
1732437693911634605,0
1732437693922430726,0
1732437693922430726,0
1732437693932805923,0
1732437693932805923,0
1732437693943377911,0
1732437693943377911,0
1732437693953454409,0
1732437693953454409,0
1732437693964065461,0
1732437693964065461,0
1732437693974629373,0
1732437693974629373,0
1732437693985158923,0
1732437693985158923,0
1732437693995653887,0
1732437693995653887,0
1732437694006882908,0
1732437694006882908,0
1732437694017015801,0
1732437694017015801,0
1732437694027130027,0
1732437694027130027,0
1732437694037297164,0
1732437694037297164,0
1732437694047393875,0
1732437694047393875,0
1732437694057520039,0
1732437694057520039,0
1732437694067960083,0
1732437694067960083,0
1732437694078661928,0
1732437694078661928,0
1732437694088720192,0
1732437694088720192,0
1732437694098879779,0
1732437694098879779,0
1732437694109489733,0
1732437694109489733,0
1732437694119833372,0
1732437694119833372,0
1732437694130152731,0
1732437694130152731,0
1732437694140493449,0
1732437694140493449,0
1732437694150790206,0
1732437694150790206,0
1732437694160864240,0
1732437694160864240,0
1732437694171117381,0
1732437694171117381,0
1732437694181774252,0
1732437694181774252,0
1732437694191982746,0
1732437694191982746,0
1732437694202183504,0
1732437694202183504,0
1732437694212807549,0
1732437694212807549,0
1732437694223132209,0
1732437694223132209,0
1732437694234014684,0
1732437694234014684,0
1732437694244340114,0
1732437694244340114,0
1732437694255133284,0
1732437694255133284,0
1732437694265765966,0
1732437694265765966,0
1732437694276119397,0
1732437694276119397,0
1732437694286562277,0
1732437694286562277,0
1732437694296933713,0
1732437694296933713,0
1732437694307156882,0
1732437694307156882,0
1732437694317458770,0
1732437694317458770,0
1732437694327783279,0
1732437694327783279,0
1732437694337987382,0
1732437694337987382,0
1732437694348361003,0
1732437694348361003,0
1732437694358628997,0
1732437694358628997,0
1732437694368884263,0
1732437694368884263,0
1732437694379185041,0
1732437694379185041,0
1732437694389568560,0
1732437694389568560,0
1732437694400190230,0
1732437694400190230,0
1732437694410628791,0
1732437694410628791,0
1732437694421105934,0
1732437694421105934,0
1732437694431851124,0
1732437694431851124,0
1732437694442230862,0
1732437694442230862,0
1732437694452447144,0
1732437694452447144,0
1732437694462828224,0
1732437694462828224,0
1732437694473065894,0
1732437694473065894,0
1732437694483537186,0
1732437694483537186,0
1732437694494071295,0
1732437694494071295,0
1732437694504182876,0
1732437694504182876,0
1732437694514544475,0
1732437694514544475,0
1732437694525158308,0
1732437694525158308,0
1732437694535412378,0
1732437694535412378,0
1732437694545494507,0
1732437694545494507,0
1732437694555684756,0
1732437694555684756,0
1732437694566103419,0
1732437694566103419,0
1732437694576276587,0
1732437694576276587,0
1732437694586895062,0
1732437694586895062,0
1732437694596972302,0
1732437694596972302,0
1732437694609065597,0
1732437694609065597,0
1732437694619390167,0
1732437694619390167,0
1732437694629777913,0
1732437694629777913,0
1732437694640948153,0
1732437694640948153,0
1732437694651515132,0
1732437694651515132,0
1732437694662110094,0
1732437694662110094,0
1732437694672682873,0
1732437694672682873,0
1732437694683430309,0
1732437694683430309,0
1732437694694128228,0
1732437694694128228,0
1732437694705462836,0
1732437694705462836,0
1732437694716016652,0
1732437694716016652,0
1732437694726617215,0
1732437694726617215,0
1732437694737454735,0
1732437694737454735,0
1732437694747673548,0
1732437694747673548,0
1732437694757904864,0
1732437694757904864,0
1732437694768731625,0
1732437694768731625,0
1732437694779016180,0
1732437694779016180,0
1732437694789104410,0
1732437694789104410,0
1732437694799884534,0
1732437694799884534,0
1732437694810561398,0
1732437694810561398,0
1732437694820976025,0
1732437694820976025,0
1732437694831574763,0
1732437694831574763,0
1732437694842037449,0
1732437694842037449,0
1732437694852188015,1
1732437694852188015,1
1732437694862754843,1
1732437694862754843,1
1732437694872870664,1
1732437694872870664,1
1732437694883081371,1
1732437694883081371,1
1732437694894838853,1
1732437694894838853,1
1732437694905055741,1
1732437694905055741,1
1732437694915332362,1
1732437694915332362,1
1732437694925737381,1
1732437694925737381,1
1732437694935995896,1
1732437694935995896,1
1732437694946160217,1
1732437694946160217,1
1732437694956292318,1
1732437694956292318,1
1732437694966586089,1
1732437694966586089,1
1732437694977059014,1
1732437694977059014,1
1732437694987644429,1
1732437694987644429,1
1732437694997934312,1
1732437694997934312,1
1732437695008243363,1
1732437695008243363,1
1732437695018438030,1
1732437695018438030,1
1732437695028882380,1
1732437695028882380,1
1732437695039209885,1
1732437695039209885,1
1732437695049874096,1
1732437695049874096,1
1732437695060512477,1
1732437695060512477,1
1732437695071027370,1
1732437695071027370,1
1732437695081207918,1
1732437695081207918,1
1732437695091374345,1
1732437695091374345,1
1732437695101711618,1
1732437695101711618,1
1732437695111888383,1
1732437695111888383,1
1732437695122468357,1
1732437695122468357,1
1732437695132832296,1
1732437695132832296,1
1732437695143311133,1
1732437695143311133,1
1732437695153683261,1
1732437695153683261,1
1732437695164275719,1
1732437695164275719,1
1732437695174738685,1
1732437695174738685,1
1732437695185281949,1
1732437695185281949,1
1732437695195831477,1
1732437695195831477,1
1732437695206359614,1
1732437695206359614,1
1732437695216963219,1
1732437695216963219,1
1732437695226988474,1
1732437695226988474,1
1732437695237184194,1
1732437695237184194,1
1732437695247688758,1
1732437695247688758,1
1732437695257933398,1
1732437695257933398,1
1732437695268465182,1
1732437695268465182,1
1732437695278532492,1
1732437695278532492,1
1732437695288793503,1
1732437695288793503,1
1732437695299424492,1
1732437695299424492,1
1732437695309803903,1
1732437695309803903,1
1732437695320285102,1
1732437695320285102,1
1732437695330449684,1
1732437695330449684,1
1732437695340961591,1
1732437695340961591,1
1732437695351255750,1
1732437695351255750,1
1732437695361500804,1
1732437695361500804,1
1732437695371924508,1
1732437695371924508,1
1732437695382203182,1
1732437695382203182,1
1732437695392726761,1
1732437695392726761,1
1732437695403528542,1
1732437695403528542,1
1732437695414073184,1
1732437695414073184,1
1732437695424287148,1
1732437695424287148,1
1732437695434805898,1
1732437695434805898,1
1732437695445140875,1
1732437695445140875,1
1732437695455579587,1
1732437695455579587,1
1732437695466181662,1
1732437695466181662,1
1732437695476958742,1
1732437695476958742,1
1732437695486997729,1
1732437695486997729,1
1732437695497197813,1
1732437695497197813,1
1732437695507426087,1
1732437695507426087,1
1732437695517561375,1
1732437695517561375,1
1732437695527943721,1
1732437695527943721,1
1732437695538501042,1
1732437695538501042,1
1732437695548972023,1
1732437695548972023,1
1732437695559587504,1
1732437695559587504,1
1732437695569858293,1
1732437695569858293,1
1732437695580251257,1
1732437695580251257,1
1732437695590596896,1
1732437695590596896,1
1732437695600948556,1
1732437695600948556,1
1732437695611255613,1
1732437695611255613,1
1732437695621631746,1
1732437695621631746,1
1732437695631952840,1
1732437695631952840,1
1732437695641995074,1
1732437695641995074,1
1732437695652233923,1
1732437695652233923,1
1732437695662366224,1
1732437695662366224,1
1732437695673071200,1
1732437695673071200,1
1732437695683306885,1
1732437695683306885,1
1732437695693558458,1
1732437695693558458,1
1732437695703973010,1
1732437695703973010,1
1732437695714194768,1
1732437695714194768,1
1732437695724371746,1
1732437695724371746,1
1732437695735209930,1
1732437695735209930,1
1732437695745681443,1
1732437695745681443,1
1732437695756132966,1
1732437695756132966,1
1732437695766408585,1
1732437695766408585,1
1732437695776817822,1
1732437695776817822,1
1732437695787626827,1
1732437695787626827,1
1732437695797800889,1
1732437695797800889,1
1732437695808383127,1
1732437695808383127,1
1732437695818934458,1
1732437695818934458,1
1732437695829258877,1
1732437695829258877,1
1732437695839612859,1
1732437695839612859,1
1732437695850059116,1
1732437695850059116,1
1732437695860617669,1
1732437695860617669,1
1732437695871102757,1
1732437695871102757,1
1732437695881717144,1
1732437695881717144,1
1732437695892456724,1
1732437695892456724,1
1732437695902930942,1
1732437695902930942,1
1732437695913171124,1
1732437695913171124,1
1732437695924332183,1
1732437695924332183,1
1732437695934497270,1
1732437695934497270,1
1732437695944612370,1
1732437695944612370,1
1732437695954820503,1
1732437695954820503,1
1732437695965297343,1
1732437695965297343,1
1732437695975594071,1
1732437695975594071,1
1732437695985808455,1
1732437695985808455,1
1732437695996004723,1
1732437695996004723,1
1732437696006229860,1
1732437696006229860,1
1732437696016823779,1
1732437696016823779,1
1732437696027334644,1
1732437696027334644,1
1732437696037549637,1
1732437696037549637,1
1732437696047701508,1
1732437696047701508,1
1732437696058016388,1
1732437696058016388,1
1732437696068513428,1
1732437696068513428,1
1732437696079206061,1
1732437696079206061,1
1732437696089682293,1
1732437696089682293,1
1732437696100053246,1
1732437696100053246,1
1732437696110375021,1
1732437696110375021,1
1732437696120597417,1
1732437696120597417,1
1732437696131465246,1
1732437696131465246,1
1732437696141840649,1
1732437696141840649,1
1732437696152418352,1
1732437696152418352,1
1732437696162586910,1
1732437696162586910,1
1732437696173247875,1
1732437696173247875,1
1732437696183730518,1
1732437696183730518,1
1732437696194280797,1
1732437696194280797,1
1732437696204821749,1
1732437696204821749,1
1732437696215255791,1
1732437696215255791,1
1732437696225638323,1
1732437696225638323,1
1732437696236238498,1
1732437696236238498,1
1732437696246961798,1
1732437696246961798,1
1732437696257210447,1
1732437696257210447,1
1732437696267513356,1
1732437696267513356,1
1732437696277650808,1
1732437696277650808,1
1732437696287776706,1
1732437696287776706,1
1732437696297965934,1
1732437696297965934,1
1732437696308457183,1
1732437696308457183,1
1732437696319070199,1
1732437696319070199,1
1732437696329660262,1
1732437696329660262,1
1732437696340303874,1
1732437696340303874,1
1732437696350649270,1
1732437696350649270,1
1732437696361303632,1
1732437696361303632,1
1732437696371670921,1
1732437696371670921,1
1732437696382960775,1
1732437696382960775,1
1732437696393951001,1
1732437696393951001,1
1732437696404348857,1
1732437696404348857,1
1732437696414501815,1
1732437696414501815,1
1732437696428240079,1
1732437696428240079,1
1732437696438571492,1
1732437696438571492,1
1732437696448906350,1
1732437696448906350,1
1732437696459076649,1
1732437696459076649,1
1732437696469319300,1
1732437696469319300,1
1732437696479669294,1
1732437696479669294,1
1732437696490340228,1
1732437696490340228,1
1732437696500779170,1
1732437696500779170,1
1732437696511054167,1
1732437696511054167,1
1732437696521428148,1
1732437696521428148,1
1732437696531959021,1
1732437696531959021,1
1732437696542269479,1
1732437696542269479,1
1732437696552622735,1
1732437696552622735,1
1732437696563281786,1
1732437696563281786,1
1732437696573626323,1
1732437696573626323,1
1732437696584172454,1
1732437696584172454,1
1732437696594602710,1
1732437696594602710,1
1732437696604809805,1
1732437696604809805,1
1732437696615201513,1
1732437696615201513,1
1732437696625460009,1
1732437696625460009,1
1732437696635966296,1
1732437696635966296,1
1732437696646302043,1
1732437696646302043,1
1732437696657034731,1
1732437696657034731,1
1732437696667156737,1
1732437696667156737,1
1732437696677440570,1
1732437696677440570,1
1732437696687638794,1
1732437696687638794,1
1732437696698051918,1
1732437696698051918,1
1732437696708811035,1
1732437696708811035,1
1732437696719340526,1
1732437696719340526,1
1732437696729822968,1
1732437696729822968,1
1732437696740231272,1
1732437696740231272,1
1732437696750381326,1
1732437696750381326,1
1732437696761416247,1
1732437696761416247,1
1732437696771781801,1
1732437696771781801,1
1732437696782339160,1
1732437696782339160,1
1732437696792818440,1
1732437696792818440,1
1732437696803422708,1
1732437696803422708,1
1732437696814350208,1
1732437696814350208,1
1732437696824720182,1
1732437696824720182,1
1732437696835496110,1
1732437696835496110,1
1732437696846086670,1
1732437696846086670,1
1732437696856336575,1
1732437696856336575,1
1732437696866890879,1
1732437696866890879,1
1732437696876915741,1
1732437696876915741,1
1732437696886961162,1
1732437696886961162,1
1732437696897029344,1
1732437696897029344,1
1732437696907573733,1
1732437696907573733,1
1732437696917706706,1
1732437696917706706,1
1732437696928094631,1
1732437696928094631,1
1732437696938225266,1
1732437696938225266,1
1732437696948731307,1
1732437696948731307,1
1732437696958909944,1
1732437696958909944,1
1732437696969493486,1
1732437696969493486,1
1732437696980016069,1
1732437696980016069,1
1732437696990518983,1
1732437696990518983,1
1732437697000887152,1
1732437697000887152,1
1732437697011380411,1
1732437697011380411,1
1732437697021976265,1
1732437697021976265,1
1732437697032516619,1
1732437697032516619,1
1732437697042825199,1
1732437697042825199,1
1732437697053195069,1
1732437697053195069,1
1732437697063800432,1
1732437697063800432,1
1732437697074260803,1
1732437697074260803,1
1732437697084754026,1
1732437697084754026,1
1732437697095108612,1
1732437697095108612,1
1732437697105437939,1
1732437697105437939,1
1732437697115803485,1
1732437697115803485,1
1732437697126404529,1
1732437697126404529,1
1732437697136932564,1
1732437697136932564,1
1732437697146991841,1
1732437697146991841,1
1732437697157430171,1
1732437697157430171,1
1732437697167829420,1
1732437697167829420,1
1732437697178562488,1
1732437697178562488,1
1732437697188751285,1
1732437697188751285,1
1732437697199357808,1
1732437697199357808,1
1732437697209768478,1
1732437697209768478,1
1732437697220170011,1
1732437697220170011,1
1732437697230750155,1
1732437697230750155,1
1732437697241107846,1
1732437697241107846,1
1732437697251494781,1
1732437697251494781,1
1732437697262133142,1
1732437697262133142,1
1732437697272658084,1
1732437697272658084,1
1732437697282932069,1
1732437697282932069,1
1732437697293266266,1
1732437697293266266,1
1732437697303657440,1
1732437697303657440,1
1732437697313874956,1
1732437697313874956,1
1732437697324407176,1
1732437697324407176,1
1732437697334823285,1
1732437697334823285,1
1732437697345126214,1
1732437697345126214,1
1732437697355370674,1
1732437697355370674,1
1732437697365553951,1
1732437697365553951,1
1732437697375987742,1
1732437697375987742,1
1732437697386515479,1
1732437697386515479,1
1732437697396963457,1
1732437697396963457,1
1732437697407007295,1
1732437697407007295,1
1732437697417155737,1
1732437697417155737,1
1732437697427608985,1
1732437697427608985,1
1732437697438020666,1
1732437697438020666,1
1732437697448673536,1
1732437697448673536,1
1732437697459458652,1
1732437697459458652,1
1732437697469708332,1
1732437697469708332,1
1732437697480083776,1
1732437697480083776,1
1732437697490324198,1
1732437697490324198,1
1732437697500978559,1
1732437697500978559,1
1732437697511527686,1
1732437697511527686,1
1732437697522058348,1
1732437697522058348,1
1732437697532274496,1
1732437697532274496,1
1732437697542414112,1
1732437697542414112,1
1732437697553067402,1
1732437697553067402,1
1732437697563544164,1
1732437697563544164,1
1732437697573954523,1
1732437697573954523,1
1732437697584508459,1
1732437697584508459,1
1732437697594929517,1
1732437697594929517,1
1732437697605408283,1
1732437697605408283,1
1732437697615810547,1
1732437697615810547,1
1732437697625977892,1
1732437697625977892,1
1732437697636786813,1
1732437697636786813,1
1732437697647291326,1
1732437697647291326,1
1732437697657299528,1
1732437697657299528,1
1732437697667528399,1
1732437697667528399,1
1732437697677687080,1
1732437697677687080,1
1732437697687947160,1
1732437697687947160,1
1732437697698305071,1
1732437697698305071,1
1732437697708745536,1
1732437697708745536,1
1732437697718885161,1
1732437697718885161,1
1732437697729354310,1
1732437697729354310,1
1732437697739958367,1
1732437697739958367,1
1732437697750348698,1
1732437697750348698,1
1732437697760845608,1
1732437697760845608,1
1732437697771136735,1
1732437697771136735,1
1732437697781931929,1
1732437697781931929,1
1732437697792044064,1
1732437697792044064,1
1732437697802635766,1
1732437697802635766,1
1732437697812996963,1
1732437697812996963,1
1732437697823427243,1
1732437697823427243,1
1732437697833982591,1
1732437697833982591,1
1732437697844534443,1
1732437697844534443,1
1732437697854814459,1
1732437697854814459,1
1732437697865145239,1
1732437697865145239,1
1732437697875427829,1
1732437697875427829,1
1732437697885944276,1
1732437697885944276,1
1732437697896383548,1
1732437697896383548,1
1732437697906938897,1
1732437697906938897,1
1732437697917537445,1
1732437697917537445,1
1732437697927692526,1
1732437697927692526,1
1732437697937960865,1
1732437697937960865,1
1732437697948585321,1
1732437697948585321,1
1732437697958821887,1
1732437697958821887,1
1732437697968964308,1
1732437697968964308,1
1732437697979563638,1
1732437697979563638,1
1732437697990000323,1
1732437697990000323,1
1732437698000418908,1
1732437698000418908,1
1732437698010764707,1
1732437698010764707,1
1732437698020800850,1
1732437698020800850,1
1732437698031139616,1
1732437698031139616,1
1732437698041483841,1
1732437698041483841,1
1732437698052003644,1
1732437698052003644,1
1732437698062276207,1
1732437698062276207,1
1732437698072513460,1
1732437698072513460,1
1732437698082755991,1
1732437698082755991,1
1732437698093273258,1
1732437698093273258,1
1732437698093273258,1
1732437698093273258,1
1732437698114172822,1
1732437698114172822,1
1732437698124545019,1
1732437698124545019,1
1732437698134683528,1
1732437698134683528,1
1732437698145211590,1
1732437698145211590,1
1732437698155550923,1
1732437698155550923,1
1732437698166078018,1
1732437698166078018,1
1732437698176373998,1
1732437698176373998,1
1732437698187019925,1
1732437698187019925,1
1732437698197242461,1
1732437698197242461,1
1732437698207581441,1
1732437698207581441,1
1732437698217799432,1
1732437698217799432,1
1732437698228312532,1
1732437698228312532,1
1732437698238561721,1
1732437698238561721,1
1732437698248946372,1
1732437698248946372,1
1732437698259279774,1
1732437698259279774,1
1732437698269555176,1
1732437698269555176,1
1732437698279964633,1
1732437698279964633,1
1732437698290194897,1
1732437698290194897,1
1732437698300789839,1
1732437698300789839,1
1732437698313400758,1
1732437698313400758,1
1732437698323792092,1
1732437698323792092,1
1732437698334215795,1
1732437698334215795,1
1732437698344866236,1
1732437698344866236,1
1732437698355096244,1
1732437698355096244,1
1732437698365500992,1
1732437698365500992,1
1732437698375586117,1
1732437698375586117,1
1732437698385781967,1
1732437698385781967,1
1732437698395990730,1
1732437698395990730,1
1732437698406395199,1
1732437698406395199,1
1732437698417113389,1
1732437698417113389,1
1732437698427349494,1
1732437698427349494,1
1732437698437551817,1
1732437698437551817,1
1732437698447646118,1
1732437698447646118,1
1732437698457983651,1
1732437698457983651,1
1732437698468236223,1
1732437698468236223,1
1732437698479073729,1
1732437698479073729,1
1732437698489668762,1
1732437698489668762,1
1732437698499955230,1
1732437698499955230,1
1732437698510129119,1
1732437698510129119,1
1732437698520355496,1
1732437698520355496,1
1732437698531105226,1
1732437698531105226,1
1732437698541134242,1
1732437698541134242,1
1732437698551320829,1
1732437698551320829,1
1732437698562564002,1
1732437698562564002,1
1732437698573063250,1
1732437698573063250,1
1732437698583773536,1
1732437698583773536,1
1732437698594119926,1
1732437698594119926,1
1732437698604741748,1
1732437698604741748,1
1732437698615058573,1
1732437698615058573,1
1732437698627244051,1
1732437698627244051,1
1732437698637706757,1
1732437698637706757,1
1732437698647910842,1
1732437698647910842,1
1732437698658220183,1
1732437698658220183,1
1732437698668530837,1
1732437698668530837,1
1732437698678875133,1
1732437698678875133,1
1732437698689216704,1
1732437698689216704,1
1732437698699948410,1
1732437698699948410,1
1732437698710519277,1
1732437698710519277,1
1732437698720824046,1
1732437698720824046,1
1732437698731076384,1
1732437698731076384,1
1732437698741962988,1
1732437698741962988,1
1732437698752712939,1
1732437698752712939,1
1732437698763374245,1
1732437698763374245,1
1732437698773692922,1
1732437698773692922,1
1732437698784328540,1
1732437698784328540,1
1732437698794783151,1
1732437698794783151,1
1732437698805246448,1
1732437698805246448,1
1732437698815527537,1
1732437698815527537,1
1732437698825893473,1
1732437698825893473,1
1732437698836042763,1
1732437698836042763,1
1732437698847097613,1
1732437698847097613,1
1732437698857232881,1
1732437698857232881,1
1732437698867526372,1
1732437698867526372,1
1732437698877800829,1
1732437698877800829,1
1732437698888121441,1
1732437698888121441,1
1732437698898384897,1
1732437698898384897,1
1732437698908892356,1
1732437698908892356,1
1732437698919528765,1
1732437698919528765,1
1732437698929985901,1
1732437698929985901,1
1732437698940325638,1
1732437698940325638,1
1732437698950868319,1
1732437698950868319,1
1732437698961339561,1
1732437698961339561,1
1732437698971553939,1
1732437698971553939,1
1732437698982035600,1
1732437698982035600,1
1732437698992296232,1
1732437698992296232,1
1732437699002711339,1
1732437699002711339,1
1732437699012803296,1
1732437699012803296,1
1732437699023021648,1
1732437699023021648,1
1732437699033149221,1
1732437699033149221,1
1732437699043627917,1
1732437699043627917,1
1732437699054186040,1
1732437699054186040,1
1732437699064515228,1
1732437699064515228,1
1732437699074978676,1
1732437699074978676,1
1732437699085072256,1
1732437699085072256,1
1732437699095317668,1
1732437699095317668,1
1732437699105747996,1
1732437699105747996,1
1732437699116507824,1
1732437699116507824,1
1732437699127470149,1
1732437699127470149,1
1732437699137550184,1
1732437699137550184,1
1732437699147870986,1
1732437699147870986,1
1732437699158134192,1
1732437699158134192,1
1732437699168516138,1
1732437699168516138,1
1732437699178844694,1
1732437699178844694,1
1732437699189425280,1
1732437699189425280,1
1732437699199950592,1
1732437699199950592,1
1732437699210111427,1
1732437699210111427,1
1732437699220490237,1
1732437699220490237,1
1732437699230997416,1
1732437699230997416,1
1732437699241489737,1
1732437699241489737,1
1732437699251850996,1
1732437699251850996,1
1732437699262231430,1
1732437699262231430,1
1732437699272472163,1
1732437699272472163,1
1732437699282733265,1
1732437699282733265,1
1732437699293132773,1
1732437699293132773,1
1732437699304235138,1
1732437699304235138,1
1732437699314747857,1
1732437699314747857,1
1732437699325112251,1
1732437699325112251,1
1732437699335752767,1
1732437699335752767,1
1732437699346207528,1
1732437699346207528,1
1732437699356773757,1
1732437699356773757,1
1732437699366931436,1
1732437699366931436,1
1732437699377026730,1
1732437699377026730,1
1732437699387186072,1
1732437699387186072,1
1732437699397499942,1
1732437699397499942,1
1732437699407730227,1
1732437699407730227,1
1732437699418311694,1
1732437699418311694,1
1732437699428522622,1
1732437699428522622,1
1732437699438855066,1
1732437699438855066,1
1732437699449033023,1
1732437699449033023,1
1732437699459751575,1
1732437699459751575,1
1732437699469939520,1
1732437699469939520,1
1732437699480133556,1
1732437699480133556,1
1732437699490428872,1
1732437699490428872,1
1732437699500929378,1
1732437699500929378,1
1732437699511256633,1
1732437699511256633,1
1732437699521799818,1
1732437699521799818,1
1732437699532055480,1
1732437699532055480,1
1732437699542256660,1
1732437699542256660,1
1732437699552711000,1
1732437699552711000,1
1732437699563603697,1
1732437699563603697,1
1732437699573891488,1
1732437699573891488,1
1732437699584192851,1
1732437699584192851,1
1732437699594840394,1
1732437699594840394,1
1732437699605152320,1
1732437699605152320,1
1732437699615844432,1
1732437699615844432,1
1732437699626834189,1
1732437699626834189,1
1732437699637027463,1
1732437699637027463,1
1732437699647311357,1
1732437699647311357,1
1732437699657418623,1
1732437699657418623,1
1732437699667516261,1
1732437699667516261,1
1732437699677942919,1
1732437699677942919,1
1732437699688525435,1
1732437699688525435,1
1732437699699124114,1
1732437699699124114,1
1732437699709666809,1
1732437699709666809,1
1732437699720161048,1
1732437699720161048,1
1732437699730349110,1
1732437699730349110,1
1732437699740463272,1
1732437699740463272,1
1732437699751088961,1
1732437699751088961,1
1732437699761790909,1
1732437699761790909,1
1732437699772219855,1
1732437699772219855,1
1732437699782529777,1
1732437699782529777,1
1732437699792946798,1
1732437699792946798,1
1732437699803688603,1
1732437699803688603,1
1732437699813807010,1
1732437699813807010,1
1732437699824101934,1
1732437699824101934,1
1732437699834306531,1
1732437699834306531,1
1732437699844680478,1
1732437699844680478,1
1732437699855581983,1
1732437699855581983,1
1732437699866035529,1
1732437699866035529,1
1732437699876519627,1
1732437699876519627,1
1732437699886778307,1
1732437699886778307,1
1732437699897698022,1
1732437699897698022,1
1732437699907912594,1
1732437699907912594,1
1732437699918379962,1
1732437699918379962,1
1732437699928807403,1
1732437699928807403,1
1732437699939152039,1
1732437699939152039,1
1732437699949697178,1
1732437699949697178,1
1732437699960125941,1
1732437699960125941,1
1732437699970817012,1
1732437699970817012,1
1732437699981232902,1
1732437699981232902,1
1732437699991631609,1
1732437699991631609,1
1732437700002180345,1
1732437700002180345,1
1732437700012571918,1
1732437700012571918,1
1732437700023062797,1
1732437700023062797,1
1732437700033451988,1
1732437700033451988,1
1732437700043754276,1
1732437700043754276,1
1732437700054049541,1
1732437700054049541,1
1732437700064863780,1
1732437700064863780,1
1732437700075530325,1
1732437700075530325,1
1732437700085837062,1
1732437700085837062,1
1732437700096326087,1
1732437700096326087,1
1732437700107009333,1
1732437700107009333,1
1732437700117235320,1
1732437700117235320,1
1732437700127341402,1
1732437700127341402,1
1732437700137518454,1
1732437700137518454,1
1732437700147647765,1
1732437700147647765,1
1732437700157872570,1
1732437700157872570,1
1732437700168418791,1
1732437700168418791,1
1732437700179031496,1
1732437700179031496,1
1732437700189588878,1
1732437700189588878,1
1732437700199868193,1
1732437700199868193,1
1732437700210353933,1
1732437700210353933,1
1732437700220620946,1
1732437700220620946,1
1732437700231156498,1
1732437700231156498,1
1732437700241360303,1
1732437700241360303,1
1732437700251688720,1
1732437700251688720,1
1732437700261964528,1
1732437700261964528,1
1732437700272463311,1
1732437700272463311,1
1732437700282725165,1
1732437700282725165,1
1732437700292838543,1
1732437700292838543,1
1732437700303250374,1
1732437700303250374,1
1732437700313417210,1
1732437700313417210,1
1732437700324105937,1
1732437700324105937,1
1732437700334523359,1
1732437700334523359,1
1732437700345128188,1
1732437700345128188,1
1732437700355575937,1
1732437700355575937,1
1732437700365802677,1
1732437700365802677,1
1732437700376019175,1
1732437700376019175,1
1732437700386293641,1
1732437700386293641,1
1732437700397001092,1
1732437700397001092,1
1732437700407006028,1
1732437700407006028,1
1732437700417311832,1
1732437700417311832,1
1732437700427489669,1
1732437700427489669,1
1732437700437779034,1
1732437700437779034,1
1732437700447975516,1
1732437700447975516,1
1732437700458219104,1
1732437700458219104,1
1732437700468383406,1
1732437700468383406,1
1732437700478652068,1
1732437700478652068,1
1732437700488719423,1
1732437700488719423,1
1732437700499153345,1
1732437700499153345,1
1732437700509664322,1
1732437700509664322,1
1732437700520033435,1
1732437700520033435,1
1732437700520033435,1
1732437700520033435,1
1732437700540653609,1
1732437700540653609,1
1732437700551129280,1
1732437700551129280,1
1732437700561211809,1
1732437700561211809,1
1732437700571847377,1
1732437700571847377,1
1732437700582448943,1
1732437700582448943,1
1732437700592719903,1
1732437700592719903,1
1732437700603364387,1
1732437700603364387,1
1732437700613698744,1
1732437700613698744,1
1732437700626027629,1
1732437700626027629,1
1732437700636773368,1
1732437700636773368,1
1732437700647434256,1
1732437700647434256,1
1732437700657576118,1
1732437700657576118,1
1732437700667734878,1
1732437700667734878,1
1732437700678270530,1
1732437700678270530,1
1732437700688502688,1
1732437700688502688,1
1732437700699042166,1
1732437700699042166,1
1732437700709600741,1
1732437700709600741,1
1732437700719819780,1
1732437700719819780,1
1732437700729945866,1
1732437700729945866,1
1732437700740489934,1
1732437700740489934,1
1732437700750806198,1
1732437700750806198,1
1732437700761032685,1
1732437700761032685,1
1732437700771690103,1
1732437700771690103,1
1732437700781980889,1
1732437700781980889,1
1732437700792338380,1
1732437700792338380,1
1732437700802862081,1
1732437700802862081,1
1732437700813176271,1
1732437700813176271,1
1732437700823636773,1
1732437700823636773,1
1732437700834636908,1
1732437700834636908,1
1732437700845121495,1
1732437700845121495,1
1732437700855528768,1
1732437700855528768,1
1732437700865919891,1
1732437700865919891,1
1732437700876114310,1
1732437700876114310,1
1732437700886458904,1
1732437700886458904,1
1732437700897029293,1
1732437700897029293,1
1732437700907238137,1
1732437700907238137,1
1732437700917412077,1
1732437700917412077,1
1732437700927887176,1
1732437700927887176,1
1732437700938014939,1
1732437700938014939,1
1732437700948642905,1
1732437700948642905,1
1732437700958775788,1
1732437700958775788,1
1732437700969387020,1
1732437700969387020,1
1732437700979700789,1
1732437700979700789,1
1732437700989853690,1
1732437700989853690,1
1732437701000434706,1
1732437701000434706,1
1732437701011073659,1
1732437701011073659,1
1732437701021185915,1
1732437701021185915,1
1732437701031502861,1
1732437701031502861,1
1732437701041668675,1
1732437701041668675,1
1732437701052082591,1
1732437701052082591,1
1732437701062725551,1
1732437701062725551,1
1732437701073215959,1
1732437701073215959,1
1732437701083602003,1
1732437701083602003,1
1732437701093739616,1
1732437701093739616,1
1732437701104550560,1
1732437701104550560,1
1732437701115080721,1
1732437701115080721,1
1732437701125503593,1
1732437701125503593,1
1732437701136095707,1
1732437701136095707,1
1732437701146600476,1
1732437701146600476,1
1732437701156893587,1
1732437701156893587,1
1732437701167006540,1
1732437701167006540,1
1732437701177283604,1
1732437701177283604,1
1732437701187376003,1
1732437701187376003,1
1732437701197745637,1
1732437701197745637,1
1732437701208312072,1
1732437701208312072,1
1732437701218494942,1
1732437701218494942,1
1732437701228719205,1
1732437701228719205,1
1732437701239051681,1
1732437701239051681,1
1732437701249529625,1
1732437701249529625,1
1732437701259686843,1
1732437701259686843,1
1732437701269941253,1
1732437701269941253,1
1732437701280193727,1
1732437701280193727,1
1732437701290781358,1
1732437701290781358,1
1732437701300941432,1
1732437701300941432,1
1732437701311296158,1
1732437701311296158,1
1732437701321841397,1
1732437701321841397,1
1732437701332023192,1
1732437701332023192,1
1732437701342364774,1
1732437701342364774,1
1732437701352721342,1
1732437701352721342,1
1732437701363144204,1
1732437701363144204,1
1732437701373258693,1
1732437701373258693,1
1732437701383668303,1
1732437701383668303,1
1732437701394066228,1
1732437701394066228,1
1732437701404383200,1
1732437701404383200,1
1732437701414765881,1
1732437701414765881,1
1732437701425139151,1
1732437701425139151,1
1732437701435444757,1
1732437701435444757,1
1732437701446146978,1
1732437701446146978,1
1732437701458088583,1
1732437701458088583,1
1732437701468701819,1
1732437701468701819,1
1732437701479352686,1
1732437701479352686,1
1732437701489729803,1
1732437701489729803,1
1732437701500011774,1
1732437701500011774,1
1732437701510344858,1
1732437701510344858,1
1732437701520975717,1
1732437701520975717,1
1732437701531562366,1
1732437701531562366,1
1732437701542398706,1
1732437701542398706,1
1732437701552886208,1
1732437701552886208,1
1732437701563168470,1
1732437701563168470,1
1732437701573640384,1
1732437701573640384,1
1732437701583986523,1
1732437701583986523,1
1732437701594391222,1
1732437701594391222,1
1732437701605010039,1
1732437701605010039,1
1732437701615619868,1
1732437701615619868,1
1732437701625940562,1
1732437701625940562,1
1732437701636205240,1
1732437701636205240,1
1732437701646784022,1
1732437701646784022,1
1732437701656901974,1
1732437701656901974,1
1732437701667080446,1
1732437701667080446,1
1732437701677081735,1
1732437701677081735,1
1732437701687307631,1
1732437701687307631,1
1732437701697392525,1
1732437701697392525,1
1732437701707672161,1
1732437701707672161,1
1732437701717839149,1
1732437701717839149,1
1732437701728370553,1
1732437701728370553,1
1732437701738471426,1
1732437701738471426,1
1732437701749055889,1
1732437701749055889,1
1732437701759703265,1
1732437701759703265,1
1732437701769905793,1
1732437701769905793,1
1732437701780087977,1
1732437701780087977,1
1732437701790367199,1
1732437701790367199,1
1732437701800815682,1
1732437701800815682,1
1732437701811472130,1
1732437701811472130,1
1732437701821791490,1
1732437701821791490,1
1732437701832349222,1
1732437701832349222,1
1732437701842435288,1
1732437701842435288,1
1732437701852700855,1
1732437701852700855,1
1732437701863276913,1
1732437701863276913,1
1732437701873837185,1
1732437701873837185,1
1732437701884543283,1
1732437701884543283,1
1732437701895185673,1
1732437701895185673,1
1732437701905709645,1
1732437701905709645,1
1732437701916383633,1
1732437701916383633,1
1732437701927053996,1
1732437701927053996,1
1732437701937205554,1
1732437701937205554,1
1732437701947280699,1
1732437701947280699,1
1732437701957640837,1
1732437701957640837,1
1732437701968210632,1
1732437701968210632,1
1732437701978495457,1
1732437701978495457,1
1732437701988846626,1
1732437701988846626,1
1732437701999013824,1
1732437701999013824,1
1732437702009534669,1
1732437702009534669,1
1732437702019743804,1
1732437702019743804,1
1732437702030096215,1
1732437702030096215,1
1732437702040403812,1
1732437702040403812,1
1732437702050774539,1
1732437702050774539,1
1732437702061355896,1
1732437702061355896,1
1732437702071761496,1
1732437702071761496,1
1732437702081936328,1
1732437702081936328,1
1732437702092511599,1
1732437702092511599,1
1732437702103339860,1
1732437702103339860,1
1732437702113562420,1
1732437702113562420,1
1732437702123638608,1
1732437702123638608,1
1732437702133831955,1
1732437702133831955,1
1732437702144254377,1
1732437702144254377,1
1732437702154553809,1
1732437702154553809,1
1732437702164955311,1
1732437702164955311,1
1732437702175049932,1
1732437702175049932,1
1732437702185934125,1
1732437702185934125,1
1732437702196330698,1
1732437702196330698,1
1732437702207115094,1
1732437702207115094,1
1732437702217493470,1
1732437702217493470,1
1732437702227931824,1
1732437702227931824,1
1732437702238079344,1
1732437702238079344,1
1732437702248841589,1
1732437702248841589,1
1732437702259071729,1
1732437702259071729,1
1732437702269200989,1
1732437702269200989,1
1732437702279590978,1
1732437702279590978,1
1732437702289703878,1
1732437702289703878,1
1732437702300061739,1
1732437702300061739,1
1732437702310900535,1
1732437702310900535,1
1732437702321558275,1
1732437702321558275,1
1732437702332783178,1
1732437702332783178,1
1732437702343030635,1
1732437702343030635,1
1732437702355725971,1
1732437702355725971,1
1732437702366228411,1
1732437702366228411,1
1732437702377067393,1
1732437702377067393,1
1732437702387341881,1
1732437702387341881,1
1732437702397867003,1
1732437702397867003,1
1732437702407967289,1
1732437702407967289,1
1732437702418412394,1
1732437702418412394,1
1732437702428564152,1
1732437702428564152,1
1732437702438893140,1
1732437702438893140,1
1732437702449212539,1
1732437702449212539,1
1732437702460034735,1
1732437702460034735,1
1732437702470402712,1
1732437702470402712,1
1732437702480674306,1
1732437702480674306,1
1732437702491106397,1
1732437702491106397,1
1732437702501704536,1
1732437702501704536,1
1732437702512090629,1
1732437702512090629,1
1732437702522625690,1
1732437702522625690,1
1732437702537291309,1
1732437702537291309,1
1732437702547966911,1
1732437702547966911,1
1732437702558128408,1
1732437702558128408,1
1732437702568414877,1
1732437702568414877,1
1732437702579115345,1
1732437702579115345,1
1732437702589257376,1
1732437702589257376,1
1732437702599706929,1
1732437702599706929,1
1732437702610870758,1
1732437702610870758,1
1732437702621438259,1
1732437702621438259,1
1732437702631611509,1
1732437702631611509,1
1732437702642589954,1
1732437702642589954,1
1732437702653002296,1
1732437702653002296,1
1732437702663192557,1
1732437702663192557,1
1732437702673957452,1
1732437702673957452,1
1732437702684389765,1
1732437702684389765,1
1732437702695039910,1
1732437702695039910,1
1732437702705389167,1
1732437702705389167,1
1732437702715654827,1
1732437702715654827,1
1732437702726065877,1
1732437702726065877,1
1732437702736745157,1
1732437702736745157,1
1732437702747060389,1
1732437702747060389,1
1732437702757394116,1
1732437702757394116,1
1732437702767497985,1
1732437702767497985,1
1732437702778085064,1
1732437702778085064,1
1732437702788731892,1
1732437702788731892,1
1732437702798927532,1
1732437702798927532,1
1732437702808979737,1
1732437702808979737,1
1732437702819711844,1
1732437702819711844,1
1732437702829962476,1
1732437702829962476,1
1732437702840154166,1
1732437702840154166,1
1732437702850458932,1
1732437702850458932,1
1732437702860963853,1
1732437702860963853,1
1732437702871354219,1
1732437702871354219,1
1732437702881734853,1
1732437702881734853,1
1732437702892857026,1
1732437702892857026,1
1732437702903500167,1
1732437702903500167,1
1732437702913909526,1
1732437702913909526,1
1732437702924161811,1
1732437702924161811,1
1732437702934516116,1
1732437702934516116,1
1732437702945049373,1
1732437702945049373,1
1732437702955547145,1
1732437702955547145,1
1732437702966255104,1
1732437702966255104,1
1732437702979364082,1
1732437702979364082,1
1732437702989905277,1
1732437702989905277,1
1732437703000375847,1
1732437703000375847,1
1732437703010581896,1
1732437703010581896,1
1732437703020841145,1
1732437703020841145,1
1732437703031246094,1
1732437703031246094,1
1732437703042259755,1
1732437703042259755,1
1732437703052350208,1
1732437703052350208,1
1732437703062881675,1
1732437703062881675,1
1732437703072950088,1
1732437703072950088,1
1732437703083578812,1
1732437703083578812,1
1732437703093931406,1
1732437703093931406,1
1732437703104332077,1
1732437703104332077,1
1732437703114785005,1
1732437703114785005,1
1732437703124875321,1
1732437703124875321,1
1732437703136082009,1
1732437703136082009,1
1732437703146294822,1
1732437703146294822,1
1732437703156778688,1
1732437703156778688,1
1732437703167039990,1
1732437703167039990,1
1732437703177132590,1
1732437703177132590,1
1732437703187341214,1
1732437703187341214,1
1732437703197457696,1
1732437703197457696,1
1732437703207785313,1
1732437703207785313,1
1732437703217936060,1
1732437703217936060,1
1732437703229120697,1
1732437703229120697,1
1732437703239728385,1
1732437703239728385,1
1732437703249996195,1
1732437703249996195,1
1732437703260103182,1
1732437703260103182,1
1732437703270334712,1
1732437703270334712,1
1732437703281259988,1
1732437703281259988,1
1732437703291720532,1
1732437703291720532,1
1732437703301963670,1
1732437703301963670,1
1732437703312139924,1
1732437703312139924,1
1732437703322431674,1
1732437703322431674,1
1732437703332961171,1
1732437703332961171,1
1732437703343228599,1
1732437703343228599,1
1732437703353477207,1
1732437703353477207,1
1732437703364088981,1
1732437703364088981,1
1732437703374801662,1
1732437703374801662,1
1732437703385166317,1
1732437703385166317,1
1732437703395743646,1
1732437703395743646,1
1732437703406263891,1
1732437703406263891,1
1732437703416950142,1
1732437703416950142,1
1732437703427169763,1
1732437703427169763,1
1732437703437391838,1
1732437703437391838,1
1732437703448043745,1
1732437703448043745,1
1732437703458389915,1
1732437703458389915,1
1732437703468712141,1
1732437703468712141,1
1732437703478988250,1
1732437703478988250,1
1732437703489266095,1
1732437703489266095,1
1732437703499486511,1
1732437703499486511,1
1732437703509986676,1
1732437703509986676,1
1732437703520168964,1
1732437703520168964,1
1732437703530339356,1
1732437703530339356,1
1732437703540727884,1
1732437703540727884,1
1732437703551314231,1
1732437703551314231,1
1732437703561693202,1
1732437703561693202,1
1732437703572061745,1
1732437703572061745,1
1732437703582362457,1
1732437703582362457,1
1732437703592606951,1
1732437703592606951,1
1732437703604463770,1
1732437703604463770,1
1732437703614850305,1
1732437703614850305,1
1732437703625171634,1
1732437703625171634,1
1732437703635449653,1
1732437703635449653,1
1732437703646952963,1
1732437703646952963,1
1732437703657078444,1
1732437703657078444,1
1732437703667236734,1
1732437703667236734,1
1732437703677352335,1
1732437703677352335,1
1732437703687764930,1
1732437703687764930,1
1732437703697982049,1
1732437703697982049,1
1732437703708388521,1
1732437703708388521,1
1732437703718887386,1
1732437703718887386,1
1732437703728974274,1
1732437703728974274,1
1732437703739383602,1
1732437703739383602,1
1732437703749656195,1
1732437703749656195,1
1732437703761282895,1
1732437703761282895,1
1732437703771823798,1
1732437703771823798,1
1732437703782174937,1
1732437703782174937,1
1732437703792608889,1
1732437703792608889,1
1732437703803462604,1
1732437703803462604,1
1732437703813955807,1
1732437703813955807,1
1732437703824177967,1
1732437703824177967,1
1732437703834839994,1
1732437703834839994,1
1732437703845290918,1
1732437703845290918,1
1732437703855698965,1
1732437703855698965,1
1732437703866220610,1
1732437703866220610,1
1732437703877030592,1
1732437703877030592,1
1732437703887272259,1
1732437703887272259,1
1732437703897588092,1
1732437703897588092,1
1732437703907759227,1
1732437703907759227,1
1732437703918102212,1
1732437703918102212,1
1732437703928693477,1
1732437703928693477,1
1732437703939126566,1
1732437703939126566,1
1732437703949266897,1
1732437703949266897,1
1732437703959476462,1
1732437703959476462,1
1732437703969932958,1
1732437703969932958,1
1732437703980064596,1
1732437703980064596,1
1732437703990757574,1
1732437703990757574,1
1732437704001105174,1
1732437704001105174,1
1732437704012370926,1
1732437704012370926,1
1732437704022650833,1
1732437704022650833,1
1732437704032968942,1
1732437704032968942,1
1732437704043171174,1
1732437704043171174,1
1732437704053414584,1
1732437704053414584,1
1732437704064120382,1
1732437704064120382,1
1732437704074477251,1
1732437704074477251,1
1732437704084783498,1
1732437704084783498,1
1732437704094943452,1
1732437704094943452,1
1732437704105460569,1
1732437704105460569,1
1732437704115750505,1
1732437704115750505,1
1732437704126312157,1
1732437704126312157,1
1732437704137628320,1
1732437704137628320,1
1732437704147902592,1
1732437704147902592,1
1732437704158139942,1
1732437704158139942,1
1732437704168514217,1
1732437704168514217,1
1732437704179038509,1
1732437704179038509,1
1732437704189668757,1
1732437704189668757,1
1732437704200162893,1
1732437704200162893,1
1732437704210467295,1
1732437704210467295,1
1732437704220657474,1
1732437704220657474,1
1732437704231054551,1
1732437704231054551,1
1732437704241684437,1
1732437704241684437,1
1732437704251818644,1
1732437704251818644,1
1732437704262272324,1
1732437704262272324,1
1732437704272553591,1
1732437704272553591,1
1732437704283211624,1
1732437704283211624,1
1732437704293640339,1
1732437704293640339,1
1732437704303678996,1
1732437704303678996,1
1732437704313972729,1
1732437704313972729,1
1732437704324630729,1
1732437704324630729,1
1732437704334843531,1
1732437704334843531,1
1732437704345055182,1
1732437704345055182,1
1732437704355134716,1
1732437704355134716,1
1732437704365215785,1
1732437704365215785,1
1732437704375631864,1
1732437704375631864,1
1732437704385941096,1
1732437704385941096,1
1732437704396586021,1
1732437704396586021,1
1732437704406879243,1
1732437704406879243,1
1732437704417130287,1
1732437704417130287,1
1732437704427326187,1
1732437704427326187,1
1732437704437668773,1
1732437704437668773,1
1732437704447879881,1
1732437704447879881,1
1732437704458220983,1
1732437704458220983,1
1732437704468482585,1
1732437704468482585,1
1732437704479081205,1
1732437704479081205,1
1732437704489482618,1
1732437704489482618,1
1732437704500045621,1
1732437704500045621,1
1732437704510493481,1
1732437704510493481,1
1732437704520888812,1
1732437704520888812,1
1732437704531177266,1
1732437704531177266,1
1732437704541694583,1
1732437704541694583,1
1732437704552422915,1
1732437704552422915,1
1732437704562690929,1
1732437704562690929,1
1732437704572763260,1
1732437704572763260,1
1732437704583198346,1
1732437704583198346,1
1732437704593721586,1
1732437704593721586,1
1732437704604400481,1
1732437704604400481,1
1732437704614824749,1
1732437704614824749,1
1732437704625079942,1
1732437704625079942,1
1732437704635468561,1
1732437704635468561,1
1732437704645677206,1
1732437704645677206,1
1732437704655909183,1
1732437704655909183,1
1732437704666058147,1
1732437704666058147,1
1732437704676329769,1
1732437704676329769,1
1732437704686668164,1
1732437704686668164,1
1732437704697109191,1
1732437704697109191,1
1732437704707202281,1
1732437704707202281,1
1732437704717497728,1
1732437704717497728,1
1732437704727557595,1
1732437704727557595,1
1732437704737851799,1
1732437704737851799,1
1732437704748070573,1
1732437704748070573,1
1732437704758546324,1
1732437704758546324,1
1732437704768735202,1
1732437704768735202,1
1732437704779277526,1
1732437704779277526,1
1732437704789758347,1
1732437704789758347,1
1732437704800104477,1
1732437704800104477,1
1732437704810335955,1
1732437704810335955,1
1732437704820747747,1
1732437704820747747,1
1732437704831130945,1
1732437704831130945,1
1732437704841245051,1
1732437704841245051,1
1732437704851690068,1
1732437704851690068,1
1732437704862220702,1
1732437704862220702,1
1732437704872957254,1
1732437704872957254,1
1732437704883512167,1
1732437704883512167,1
1732437704893898521,1
1732437704893898521,1
1732437704904380815,1
1732437704904380815,1
1732437704914750208,1
1732437704914750208,1
1732437704924879196,1
1732437704924879196,1
1732437704935288783,1
1732437704935288783,1
1732437704945445941,1
1732437704945445941,1
1732437704955992865,1
1732437704955992865,1
1732437704966221516,1
1732437704966221516,1
1732437704976611439,1
1732437704976611439,1
1732437704987486849,1
1732437704987486849,1
1732437704998151646,1
1732437704998151646,1
1732437705008850571,1
1732437705008850571,1
1732437705019131510,1
1732437705019131510,1
1732437705029294610,1
1732437705029294610,1
1732437705039841192,1
1732437705039841192,1
1732437705050124867,1
1732437705050124867,1
1732437705060612229,1
1732437705060612229,1
1732437705071253149,1
1732437705071253149,1
1732437705081712889,1
1732437705081712889,1
1732437705092723305,1
1732437705092723305,1
1732437705102867345,1
1732437705102867345,1
1732437705113220934,1
1732437705113220934,1
1732437705123555352,1
1732437705123555352,1
1732437705133851720,1
1732437705133851720,1
1732437705144307674,1
1732437705144307674,1
1732437705154541607,1
1732437705154541607,1
1732437705164864092,1
1732437705164864092,1
1732437705175987027,1
1732437705175987027,1
1732437705186184941,1
1732437705186184941,1
1732437705196740331,1
1732437705196740331,1
1732437705207201241,1
1732437705207201241,1
1732437705217226820,1
1732437705217226820,1
1732437705227494824,1
1732437705227494824,1
1732437705237909212,1
1732437705237909212,1
1732437705248022886,1
1732437705248022886,1
1732437705258489775,1
1732437705258489775,1
1732437705269173358,1
1732437705269173358,1
1732437705279715286,1
1732437705279715286,1
1732437705289845385,1
1732437705289845385,1
1732437705300225098,1
1732437705300225098,1
1732437705311771349,1
1732437705311771349,1
1732437705322175928,1
1732437705322175928,1
1732437705332665335,1
1732437705332665335,1
1732437705343023918,1
1732437705343023918,1
1732437705353505622,1
1732437705353505622,1
1732437705364092528,1
1732437705364092528,1
1732437705374576976,1
1732437705374576976,1
1732437705385020788,1
1732437705385020788,1
1732437705395338086,1
1732437705395338086,1
1732437705405705515,1
1732437705405705515,1
1732437705416333370,1
1732437705416333370,1
1732437705426757033,1
1732437705426757033,1
1732437705437069022,1
1732437705437069022,1
1732437705447104042,1
1732437705447104042,1
1732437705457521302,1
1732437705457521302,1
1732437705468144801,1
1732437705468144801,1
1732437705478829381,1
1732437705478829381,1
1732437705489185308,1
1732437705489185308,1
1732437705499609755,1
1732437705499609755,1
1732437705510086198,1
1732437705510086198,1
1732437705520375503,1
1732437705520375503,1
1732437705530638568,1
1732437705530638568,1
1732437705542591665,1
1732437705542591665,1
1732437705553074711,1
1732437705553074711,1
1732437705563338678,1
1732437705563338678,1
1732437705573715156,1
1732437705573715156,1
1732437705584006623,1
1732437705584006623,1
1732437705594488627,1
1732437705594488627,1
1732437705604774615,1
1732437705604774615,1
1732437705615416536,1
1732437705615416536,1
1732437705625729994,1
1732437705625729994,1
1732437705636263525,1
1732437705636263525,1
1732437705646431092,1
1732437705646431092,1
1732437705657454703,1
1732437705657454703,1
1732437705667577808,1
1732437705667577808,1
1732437705677895887,1
1732437705677895887,1
1732437705688453746,1
1732437705688453746,1
1732437705699085171,1
1732437705699085171,1
1732437705709281008,1
1732437705709281008,1
1732437705719893006,1
1732437705719893006,1
1732437705730360883,1
1732437705730360883,1
1732437705740918246,1
1732437705740918246,1
1732437705751203473,1
1732437705751203473,1
1732437705761624131,1
1732437705761624131,1
1732437705771911033,1
1732437705771911033,1
1732437705782399397,1
1732437705782399397,1
1732437705792876972,1
1732437705792876972,1
1732437705803504545,1
1732437705803504545,1
1732437705813827874,1
1732437705813827874,1
1732437705824552096,1
1732437705824552096,1
1732437705835184519,1
1732437705835184519,1
1732437705845274502,1
1732437705845274502,1
1732437705855683571,1
1732437705855683571,1
1732437705865844426,1
1732437705865844426,1
1732437705876059383,1
1732437705876059383,1
1732437705886507482,1
1732437705886507482,1
1732437705897200815,1
1732437705897200815,1
1732437705907504048,1
1732437705907504048,1
1732437705918498575,1
1732437705918498575,1
1732437705928753675,1
1732437705928753675,1
1732437705939026119,1
1732437705939026119,1
1732437705949349166,1
1732437705949349166,1
1732437705959928491,1
1732437705959928491,1
1732437705970141513,1
1732437705970141513,1
1732437705980540639,1
1732437705980540639,1
1732437705990699243,1
1732437705990699243,1
1732437706001605866,1
1732437706001605866,1
1732437706012091626,1
1732437706012091626,1
1732437706022653848,1
1732437706022653848,1
1732437706033429598,1
1732437706033429598,1
1732437706043584111,1
1732437706043584111,1
1732437706053825457,1
1732437706053825457,1
1732437706064139969,1
1732437706064139969,1
1732437706074550179,1
1732437706074550179,1
1732437706085072094,1
1732437706085072094,1
1732437706095725417,1
1732437706095725417,1
1732437706105871014,1
1732437706105871014,1
1732437706117750454,1
1732437706117750454,1
1732437706127998723,1
1732437706127998723,1
1732437706138725721,1
1732437706138725721,1
1732437706149038731,1
1732437706149038731,1
1732437706159471361,1
1732437706159471361,1
1732437706169851045,1
1732437706169851045,1
1732437706180407867,1
1732437706180407867,1
1732437706190625568,1
1732437706190625568,1
1732437706200888956,1
1732437706200888956,1
1732437706211438874,1
1732437706211438874,1
1732437706222016055,1
1732437706222016055,1
1732437706232561536,1
1732437706232561536,1
1732437706243229534,1
1732437706243229534,1
1732437706253481601,1
1732437706253481601,1
1732437706264013375,1
1732437706264013375,1
1732437706274450286,1
1732437706274450286,1
1732437706284862247,1
1732437706284862247,1
1732437706295376842,1
1732437706295376842,1
1732437706305469512,1
1732437706305469512,1
1732437706315771439,1
1732437706315771439,1
1732437706326224810,1
1732437706326224810,1
1732437706336768797,1
1732437706336768797,1
1732437706347000446,1
1732437706347000446,1
1732437706357051565,1
1732437706357051565,1
1732437706367452139,1
1732437706367452139,1
1732437706377940665,1
1732437706377940665,1
1732437706388397169,1
1732437706388397169,1
1732437706398921121,1
1732437706398921121,1
1732437706409545146,1
1732437706409545146,1
1732437706419939869,1
1732437706419939869,1
1732437706430130211,1
1732437706430130211,1
1732437706440446144,1
1732437706440446144,1
1732437706450947604,1
1732437706450947604,1
1732437706461399862,1
1732437706461399862,1
1732437706471683626,1
1732437706471683626,1
1732437706482224900,1
1732437706482224900,1
1732437706492442019,1
1732437706492442019,1
1732437706502592568,1
1732437706502592568,1
1732437706512928810,1
1732437706512928810,1
1732437706523477232,1
1732437706523477232,1
1732437706533738339,1
1732437706533738339,1
1732437706544600637,1
1732437706544600637,1
1732437706554731830,1
1732437706554731830,1
1732437706565103466,1
1732437706565103466,1
1732437706575682811,1
1732437706575682811,1
1732437706586193408,1
1732437706586193408,1
1732437706596324518,1
1732437706596324518,1
1732437706606703220,1
1732437706606703220,1
1732437706617109702,1
1732437706617109702,1
1732437706627470220,1
1732437706627470220,1
1732437706637578208,1
1732437706637578208,1
1732437706648049941,1
1732437706648049941,1
1732437706658477414,1
1732437706658477414,1
1732437706668919221,1
1732437706668919221,1
1732437706679533761,1
1732437706679533761,1
1732437706689857471,1
1732437706689857471,1
1732437706700230640,1
1732437706700230640,1
1732437706710784798,1
1732437706710784798,1
1732437706721228339,1
1732437706721228339,1
1732437706731814746,1
1732437706731814746,1
1732437706742525595,1
1732437706742525595,1
1732437706753116480,1
1732437706753116480,1
1732437706763708959,1
1732437706763708959,1
1732437706774025664,1
1732437706774025664,1
1732437706784673064,1
1732437706784673064,1
1732437706795291372,1
1732437706795291372,1
1732437706805507069,1
1732437706805507069,1
1732437706815670361,1
1732437706815670361,1
1732437706826081231,1
1732437706826081231,1
1732437706836442459,1
1732437706836442459,1
1732437706846854412,1
1732437706846854412,1
1732437706857314370,1
1732437706857314370,1
1732437706867586447,1
1732437706867586447,1
1732437706877962213,1
1732437706877962213,1
1732437706888256748,1
1732437706888256748,1
1732437706898643002,1
1732437706898643002,1
1732437706909050797,1
1732437706909050797,1
1732437706919309703,1
1732437706919309703,1
1732437706929468237,1
1732437706929468237,1
1732437706939994293,1
1732437706939994293,1
1732437706950713646,1
1732437706950713646,1
1732437706961847230,1
1732437706961847230,1
1732437706972328563,1
1732437706972328563,1
1732437706982553237,1
1732437706982553237,1
1732437706993418513,1
1732437706993418513,1
1732437707003542110,1
1732437707003542110,1
1732437707013976865,1
1732437707013976865,1
1732437707024484857,1
1732437707024484857,1
1732437707034693551,1
1732437707034693551,1
1732437707034693551,1
1732437707044777475,1
1732437707054969960,1
1732437707054969960,1
1732437707065194754,1
1732437707065194754,1
1732437707075748211,1
1732437707075748211,1
1732437707088853900,1
1732437707088853900,1
1732437707099089045,1
1732437707099089045,1
1732437707110052404,1
1732437707110052404,1
1732437707120296504,1
1732437707120296504,1
1732437707130712886,1
1732437707130712886,1
1732437707141107557,1
1732437707141107557,1
1732437707151332051,1
1732437707151332051,1
1732437707161517854,1
1732437707161517854,1
1732437707172035604,1
1732437707172035604,1
1732437707182598067,1
1732437707182598067,1
1732437707192844929,1
1732437707192844929,1
1732437707203327267,1
1732437707203327267,1
1732437707213513289,1
1732437707213513289,1
1732437707223862576,1
1732437707223862576,1
1732437707234389323,1
1732437707234389323,1
1732437707244682495,1
1732437707244682495,1
1732437707254859171,1
1732437707254859171,1
1732437707265568587,1
1732437707265568587,1
1732437707276136469,1
1732437707276136469,1
1732437707286326300,1
1732437707286326300,1
1732437707296555854,1
1732437707296555854,1
1732437707307162364,1
1732437707307162364,1
1732437707317268433,1
1732437707317268433,1
1732437707327700314,1
1732437707327700314,1
1732437707338089333,1
1732437707338089333,1
1732437707348236754,1
1732437707348236754,1
1732437707358547019,1
1732437707358547019,1
1732437707368738030,1
1732437707368738030,1
1732437707379010665,1
1732437707379010665,1
1732437707389344994,1
1732437707389344994,1
1732437707399611816,1
1732437707399611816,1
1732437707409746113,1
1732437707409746113,1
1732437707420252332,1
1732437707420252332,1
1732437707430765743,1
1732437707430765743,1
1732437707441238219,1
1732437707441238219,1
1732437707451466040,1
1732437707451466040,1
1732437707461997965,1
1732437707461997965,1
1732437707472787190,1
1732437707472787190,1
1732437707483225339,1
1732437707483225339,1
1732437707493414070,1
1732437707493414070,1
1732437707503942169,1
1732437707503942169,1
1732437707514382875,1
1732437707514382875,1
1732437707524847936,1
1732437707524847936,1
1732437707535338916,1
1732437707535338916,1
1732437707535338916,1
1732437707535338916,1
1732437707556202635,1
1732437707556202635,1
1732437707566696752,1
1732437707566696752,1
1732437707576932517,1
1732437707576932517,1
1732437707587148725,1
1732437707587148725,1
1732437707597274637,1
1732437707597274637,1
1732437707607544417,1
1732437707607544417,1
1732437707617694642,1
1732437707617694642,1
1732437707628059909,1
1732437707628059909,1
1732437707638439612,1
1732437707638439612,1
1732437707638439612,1
1732437707638439612,1
1732437707659117347,1
1732437707659117347,1
1732437707669541983,1
1732437707669541983,1
1732437707679751850,1
1732437707679751850,1
1732437707689938846,1
1732437707689938846,1
1732437707700724223,1
1732437707700724223,1
1732437707711112460,1
1732437707711112460,1
1732437707721432484,1
1732437707721432484,1
1732437707731689836,1
1732437707731689836,1
1732437707742006174,1
1732437707742006174,1
1732437707752238233,1
1732437707752238233,1
1732437707762361540,1
1732437707762361540,1
1732437707772922679,1
1732437707772922679,1
1732437707783336426,1
1732437707783336426,1
1732437707793917654,1
1732437707793917654,1
1732437707804204771,1
1732437707804204771,1
1732437707814808604,1
1732437707814808604,1
1732437707827725834,1
1732437707827725834,1
1732437707838300859,1
1732437707838300859,1
1732437707848616844,1
1732437707848616844,1
1732437707859044787,1
1732437707859044787,1
1732437707869387198,1
1732437707869387198,1
1732437707879663962,1
1732437707879663962,1
1732437707889888187,1
1732437707889888187,1
1732437707900458364,1
1732437707900458364,1
1732437707910653894,1
1732437707910653894,1
1732437707920815930,1
1732437707920815930,1
1732437707931430653,1
1732437707931430653,1
1732437707942183208,1
1732437707942183208,1
1732437707952402534,1
1732437707952402534,1
1732437707962710019,1
1732437707962710019,1
1732437707972975683,1
1732437707972975683,1
1732437707983257285,1
1732437707983257285,1
1732437707993729889,1
1732437707993729889,1
1732437708004192547,1
1732437708004192547,1
1732437708014697083,1
1732437708014697083,1
1732437708024757043,1
1732437708024757043,1
1732437708035277936,1
1732437708035277936,1
1732437708045656348,1
1732437708045656348,1
1732437708056011716,1
1732437708056011716,1
1732437708066418886,1
1732437708066418886,1
1732437708076989598,1
1732437708076989598,1
1732437708087186551,1
1732437708087186551,1
1732437708097213004,1
1732437708097213004,1
1732437708107753740,1
1732437708107753740,1
1732437708118082209,1
1732437708118082209,1
1732437708128642296,1
1732437708128642296,1
1732437708139212663,1
1732437708139212663,1
1732437708150128183,1
1732437708150128183,1
1732437708160477931,1
1732437708160477931,1
1732437708170886574,1
1732437708170886574,1
1732437708181129547,1
1732437708181129547,1
1732437708191424843,1
1732437708191424843,1
1732437708202015278,1
1732437708202015278,1
1732437708212417372,1
1732437708212417372,1
1732437708222908683,1
1732437708222908683,1
1732437708233231221,1
1732437708233231221,1
1732437708243547085,1
1732437708243547085,1
1732437708254280726,1
1732437708254280726,1
1732437708264520980,1
1732437708264520980,1
1732437708274701052,1
1732437708274701052,1
1732437708284897125,1
1732437708284897125,1
1732437708295112391,1
1732437708295112391,1
1732437708305157038,1
1732437708305157038,1
1732437708315899150,1
1732437708315899150,1
1732437708326557600,1
1732437708326557600,1
1732437708336941370,1
1732437708336941370,1
1732437708347265531,1
1732437708347265531,1
1732437708357475389,1
1732437708357475389,1
1732437708367584839,1
1732437708367584839,1
1732437708377756786,1
1732437708377756786,1
1732437708388018360,1
1732437708388018360,1
1732437708398585602,1
1732437708398585602,1
1732437708409024734,1
1732437708409024734,1
1732437708419437295,1
1732437708419437295,1
1732437708430041840,1
1732437708430041840,1
1732437708440357124,1
1732437708440357124,1
1732437708450867490,1
1732437708450867490,1
1732437708461412610,1
1732437708461412610,1
1732437708472173612,1
1732437708472173612,1
1732437708482819350,1
1732437708482819350,1
1732437708492900998,1
1732437708492900998,1
1732437708503945678,1
1732437708503945678,1
1732437708514507540,1
1732437708514507540,1
1732437708524785732,1
1732437708524785732,1
1732437708535019397,1
1732437708535019397,1
1732437708545433390,1
1732437708545433390,1
1732437708555540610,1
1732437708555540610,1
1732437708565867315,1
1732437708565867315,1
1732437708576192987,1
1732437708576192987,1
1732437708586900269,1
1732437708586900269,1
1732437708597032329,1
1732437708597032329,1
1732437708607302893,1
1732437708607302893,1
1732437708617487844,1
1732437708617487844,1
1732437708627756241,1
1732437708627756241,1
1732437708638057348,1
1732437708638057348,1
1732437708648315295,1
1732437708648315295,1
1732437708658499303,1
1732437708658499303,1
1732437708668990604,1
1732437708668990604,1
1732437708679573846,1
1732437708679573846,1
1732437708689893037,1
1732437708689893037,1
1732437708700490624,1
1732437708700490624,1
1732437708710829743,1
1732437708710829743,1
1732437708721398557,1
1732437708721398557,1
1732437708732035128,1
1732437708732035128,1
1732437708742276192,1
1732437708742276192,1
1732437708752553596,1
1732437708752553596,1
1732437708762731084,1
1732437708762731084,1
1732437708773426282,1
1732437708773426282,1
1732437708783747346,1
1732437708783747346,1
1732437708793837772,1
1732437708793837772,1
1732437708804698600,1
1732437708804698600,1
1732437708815417454,1
1732437708815417454,1
1732437708825708773,1
1732437708825708773,1
1732437708836226643,1
1732437708836226643,1
1732437708846994948,1
1732437708846994948,1
1732437708857317135,1
1732437708857317135,1
1732437708867677240,1
1732437708867677240,1
1732437708878166387,1
1732437708878166387,1
1732437708888731315,1
1732437708888731315,1
1732437708899188302,1
1732437708899188302,1
1732437708909914239,1
1732437708909914239,1
1732437708920453027,1
1732437708920453027,1
1732437708931206776,1
1732437708931206776,1
1732437708942222242,1
1732437708942222242,1
1732437708952599169,1
1732437708952599169,1
1732437708962949738,1
1732437708962949738,1
1732437708973400153,1
1732437708973400153,1
1732437708983600063,1
1732437708983600063,1
1732437708994153880,1
1732437708994153880,1
1732437709004281495,1
1732437709004281495,1
1732437709014500891,1
1732437709014500891,1
1732437709025076899,1
1732437709025076899,1
1732437709035822871,1
1732437709035822871,1
1732437709046348186,1
1732437709046348186,1
1732437709056877397,1
1732437709056877397,1
1732437709067585471,1
1732437709067585471,1
1732437709077696133,1
1732437709077696133,1
1732437709087959119,1
1732437709087959119,1
1732437709098362166,1
1732437709098362166,1
1732437709108990302,1
1732437709108990302,1
1732437709119580827,1
1732437709119580827,1
1732437709129909444,1
1732437709129909444,1
1732437709140385827,1
1732437709140385827,1
1732437709151287722,1
1732437709151287722,1
1732437709162046296,1
1732437709162046296,1
1732437709172343930,1
1732437709172343930,1
1732437709183048808,1
1732437709183048808,1
1732437709194094458,1
1732437709194094458,1
1732437709204562505,1
1732437709204562505,1
1732437709215048237,1
1732437709215048237,1
1732437709225501307,1
1732437709225501307,1
1732437709236139270,1
1732437709236139270,1
1732437709246937608,1
1732437709246937608,1
1732437709257108626,1
1732437709257108626,1
1732437709267526617,1
1732437709267526617,1
1732437709277784969,1
1732437709277784969,1
1732437709287945555,1
1732437709287945555,1
1732437709298301430,1
1732437709298301430,1
1732437709308388118,1
1732437709308388118,1
1732437709318759820,1
1732437709318759820,1
1732437709329051791,1
1732437709329051791,1
1732437709339344052,1
1732437709339344052,1
1732437709349639975,1
1732437709349639975,1
1732437709360104660,1
1732437709360104660,1
1732437709370633911,1
1732437709370633911,1
1732437709381233110,1
1732437709381233110,1
1732437709391701913,1
1732437709391701913,1
1732437709401820241,1
1732437709401820241,1
1732437709412041525,1
1732437709412041525,1
1732437709422780047,1
1732437709422780047,1
1732437709433281387,1
1732437709433281387,1
1732437709443695394,1
1732437709443695394,1
1732437709453857564,1
1732437709453857564,1
1732437709464332484,1
1732437709464332484,1
1732437709474795311,1
1732437709474795311,1
1732437709485215690,1
1732437709485215690,1
1732437709495674911,1
1732437709495674911,1
1732437709506537502,1
1732437709506537502,1
1732437709516987587,1
1732437709516987587,1
1732437709527529972,1
1732437709527529972,1
1732437709537649942,1
1732437709537649942,1
1732437709548032230,1
1732437709548032230,1
1732437709558237490,1
1732437709558237490,1
1732437709568840408,1
1732437709568840408,1
1732437709579395998,1
1732437709579395998,1
1732437709590009746,1
1732437709590009746,1
1732437709600489942,1
1732437709600489942,1
1732437709611980204,1
1732437709611980204,1
1732437709622400052,1
1732437709622400052,1
1732437709632982864,1
1732437709632982864,1
1732437709643077857,1
1732437709643077857,1
1732437709653148055,1
1732437709653148055,1
1732437709663652300,1
1732437709663652300,1
1732437709674024709,1
1732437709674024709,1
1732437709684288858,1
1732437709684288858,1
1732437709694749753,1
1732437709694749753,1
1732437709704868249,1
1732437709704868249,1
1732437709715239217,1
1732437709715239217,1
1732437709726471632,1
1732437709726471632,1
1732437709737059206,1
1732437709737059206,1
1732437709747365753,1
1732437709747365753,1
1732437709758468390,1
1732437709758468390,1
1732437709768629007,1
1732437709768629007,1
1732437709778864270,1
1732437709778864270,1
1732437709789112550,1
1732437709789112550,1
1732437709799430197,1
1732437709799430197,1
1732437709809904146,1
1732437709809904146,1
1732437709820070634,1
1732437709820070634,1
1732437709830262237,1
1732437709830262237,1
1732437709840479528,1
1732437709840479528,1
1732437709850635783,1
1732437709850635783,1
1732437709861117079,1
1732437709861117079,1
1732437709871495706,1
1732437709871495706,1
1732437709881855956,1
1732437709881855956,1
1732437709892454987,1
1732437709892454987,1
1732437709902793895,1
1732437709902793895,1
1732437709913107556,1
1732437709913107556,1
1732437709923353180,1
1732437709923353180,1
1732437709934032039,1
1732437709934032039,1
1732437709944225576,1
1732437709944225576,1
1732437709954841890,1
1732437709954841890,1
1732437709965189704,1
1732437709965189704,1
1732437709975410359,1
1732437709975410359,1
1732437709986172526,1
1732437709986172526,1
1732437709996880379,1
1732437709996880379,1
1732437710007198338,1
1732437710007198338,1
1732437710017478076,1
1732437710017478076,1
1732437710027840798,1
1732437710027840798,1
1732437710038253192,1
1732437710038253192,1
1732437710048476746,1
1732437710048476746,1
1732437710058682514,1
1732437710058682514,1
1732437710069144531,1
1732437710069144531,1
1732437710079313924,1
1732437710079313924,1
1732437710089603810,1
1732437710089603810,1
1732437710099850436,1
1732437710099850436,1
1732437710110312211,1
1732437710110312211,1
1732437710120545853,1
1732437710120545853,1
1732437710130968356,1
1732437710130968356,1
1732437710141080322,1
1732437710141080322,1
1732437710151405184,1
1732437710151405184,1
1732437710161997933,1
1732437710161997933,1
1732437710172601774,1
1732437710172601774,1
1732437710182986777,1
1732437710182986777,1
1732437710193308883,1
1732437710193308883,1
1732437710203553826,1
1732437710203553826,1
1732437710214014760,1
1732437710214014760,1
1732437710224456869,1
1732437710224456869,1
1732437710235024071,1
1732437710235024071,1
1732437710245510934,1
1732437710245510934,1
1732437710255890277,1
1732437710255890277,1
1732437710266665933,1
1732437710266665933,1
1732437710277188506,1
1732437710277188506,1
1732437710287322762,1
1732437710287322762,1
1732437710297347655,1
1732437710297347655,1
1732437710308125279,1
1732437710308125279,1
1732437710318564774,1
1732437710318564774,1
1732437710329076512,1
1732437710329076512,1
1732437710339308832,1
1732437710339308832,1
1732437710351991186,1
1732437710351991186,1
1732437710362287083,1
1732437710362287083,1
1732437710372406213,1
1732437710372406213,1
1732437710382609759,1
1732437710382609759,1
1732437710392903272,1
1732437710392903272,1
1732437710403461468,1
1732437710403461468,1
1732437710413814321,1
1732437710413814321,1
1732437710424391427,1
1732437710424391427,1
1732437710434957277,1
1732437710434957277,1
1732437710445151949,1
1732437710445151949,1
1732437710456126988,1
1732437710456126988,1
1732437710466777823,1
1732437710466777823,1
1732437710476928534,1
1732437710476928534,1
1732437710487265017,1
1732437710487265017,1
1732437710497565715,1
1732437710497565715,1
1732437710507734275,1
1732437710507734275,1
1732437710517893488,1
1732437710517893488,1
1732437710528371504,1
1732437710528371504,1
1732437710538970826,1
1732437710538970826,1
1732437710549289916,1
1732437710549289916,1
1732437710559667597,1
1732437710559667597,1
1732437710570366994,1
1732437710570366994,1
1732437710580492465,1
1732437710580492465,1
1732437710590908496,1
1732437710590908496,1
1732437710601498711,1
1732437710601498711,1
1732437710611892731,1
1732437710611892731,1
1732437710622038529,1
1732437710622038529,1
1732437710632379309,1
1732437710632379309,1
1732437710642696928,1
1732437710642696928,1
1732437710653199220,1
1732437710653199220,1
1732437710663468719,1
1732437710663468719,1
1732437710673999673,1
1732437710673999673,1
1732437710684208218,1
1732437710684208218,1
1732437710694625551,1
1732437710694625551,1
1732437710705046711,1
1732437710705046711,1
1732437710715420862,1
1732437710715420862,1
1732437710726133457,1
1732437710726133457,1
1732437710736897134,1
1732437710736897134,1
1732437710747305161,1
1732437710747305161,1
1732437710757633567,1
1732437710757633567,1
1732437710768210608,1
1732437710768210608,1
1732437710778839034,1
1732437710778839034,1
1732437710789002616,1
1732437710789002616,1
1732437710799504656,1
1732437710799504656,1
1732437710810189096,1
1732437710810189096,1
1732437710820572756,1
1732437710820572756,1
1732437710830795077,1
1732437710830795077,1
1732437710840972765,1
1732437710840972765,1
1732437710851479464,1
1732437710851479464,1
1732437710862023714,1
1732437710862023714,1
1732437710872487815,1
1732437710872487815,1
1732437710883117232,1
1732437710883117232,1
1732437710893220783,1
1732437710893220783,1
1732437710903492515,1
1732437710903492515,1
1732437710913901399,1
1732437710913901399,1
1732437710924252512,1
1732437710924252512,1
1732437710934432705,1
1732437710934432705,1
1732437710944559369,1
1732437710944559369,1
1732437710954967431,1
1732437710954967431,1
1732437710965117372,1
1732437710965117372,1
1732437710975436522,1
1732437710975436522,1
1732437710986260532,1
1732437710986260532,1
1732437710996585564,1
1732437710996585564,1
1732437711006998861,1
1732437711006998861,1
1732437711017360941,1
1732437711017360941,1
1732437711027790698,1
1732437711027790698,1
1732437711038014702,1
1732437711038014702,1
1732437711048319857,1
1732437711048319857,1
1732437711058697387,1
1732437711058697387,1
1732437711068936790,1
1732437711068936790,1
1732437711079292648,1
1732437711079292648,1
1732437711089644840,1
1732437711089644840,1
1732437711100074396,1
1732437711100074396,1
1732437711110670031,1
1732437711110670031,1
1732437711121042681,1
1732437711121042681,1
1732437711131537826,1
1732437711131537826,1
1732437711142119589,1
1732437711142119589,1
1732437711152467614,1
1732437711152467614,1
1732437711162796473,1
1732437711162796473,1
1732437711173013664,1
1732437711173013664,1
1732437711183204337,1
1732437711183204337,1
1732437711193511986,1
1732437711193511986,1
1732437711203573879,1
1732437711203573879,1
1732437711214399071,1
1732437711214399071,1
1732437711225060609,1
1732437711225060609,1
1732437711235356857,1
1732437711235356857,1
1732437711245725681,1
1732437711245725681,1
1732437711256828118,1
1732437711256828118,1
1732437711267169551,1
1732437711267169551,1
1732437711277849923,1
1732437711277849923,1
1732437711288430019,1
1732437711288430019,1
1732437711298751915,1
1732437711298751915,1
1732437711308821142,1
1732437711308821142,1
1732437711318901639,1
1732437711318901639,1
1732437711329160277,1
1732437711329160277,1
1732437711339637131,1
1732437711339637131,1
1732437711349940784,1
1732437711349940784,1
1732437711360272458,1
1732437711360272458,1
1732437711370702024,1
1732437711370702024,1
1732437711380852990,1
1732437711380852990,1
1732437711391688584,1
1732437711391688584,1
1732437711402404823,1
1732437711402404823,1
1732437711413726287,1
1732437711413726287,1
1732437711424979635,1
1732437711424979635,1
1732437711435435951,1
1732437711435435951,1
1732437711445849006,1
1732437711445849006,1
1732437711456269366,1
1732437711456269366,1
1732437711467003768,1
1732437711467003768,1
1732437711477220448,1
1732437711477220448,1
1732437711487685070,1
1732437711487685070,1
1732437711497786041,1
1732437711497786041,1
1732437711508235297,1
1732437711508235297,1
1732437711519085256,1
1732437711519085256,1
1732437711529249007,1
1732437711529249007,1
1732437711539829465,1
1732437711539829465,1
1732437711550178501,1
1732437711550178501,1
1732437711560439394,1
1732437711560439394,1
1732437711571072660,1
1732437711571072660,1
1732437711581550415,1
1732437711581550415,1
1732437711592508554,1
1732437711592508554,1
1732437711602782261,1
1732437711602782261,1
1732437711613619405,1
1732437711613619405,1
1732437711624282336,1
1732437711624282336,1
1732437711634437863,1
1732437711634437863,1
1732437711644785066,1
1732437711644785066,1
1732437711654880612,1
1732437711654880612,1
1732437711665057699,1
1732437711665057699,1
1732437711675458091,1
1732437711675458091,1
1732437711686251303,1
1732437711686251303,1
1732437711696752633,1
1732437711696752633,1
1732437711707498206,1
1732437711707498206,1
1732437711717666718,1
1732437711717666718,1
1732437711727749014,1
1732437711727749014,1
1732437711738002137,1
1732437711738002137,1
1732437711748265835,1
1732437711748265835,1
1732437711758644826,1
1732437711758644826,1
1732437711769241083,1
1732437711769241083,1
1732437711779415414,1
1732437711779415414,1
1732437711790529509,1
1732437711790529509,1
1732437711800893006,1
1732437711800893006,1
1732437711811518473,1
1732437711811518473,1
1732437711821868110,1
1732437711821868110,1
1732437711832204067,1
1732437711832204067,1
1732437711842300634,1
1732437711842300634,1
1732437711852454667,1
1732437711852454667,1
1732437711862678711,1
1732437711862678711,1
1732437711873247874,1
1732437711873247874,1
1732437711883752643,1
1732437711883752643,1
1732437711894167662,1
1732437711894167662,1
1732437711904627185,1
1732437711904627185,1
1732437711914938953,1
1732437711914938953,1
1732437711925385540,1
1732437711925385540,1
1732437711935766546,1
1732437711935766546,1
1732437711946364536,1
1732437711946364536,1
1732437711956914066,1
1732437711956914066,1
1732437711967558952,1
1732437711967558952,1
1732437711978341284,1
1732437711978341284,1
1732437711988580837,1
1732437711988580837,1
1732437711999284733,1
1732437711999284733,1
1732437712009546057,1
1732437712009546057,1
1732437712019829318,1
1732437712019829318,1
1732437712030260581,1
1732437712030260581,1
1732437712040902611,1
1732437712040902611,1
1732437712051498186,1
1732437712051498186,1
1732437712061970032,1
1732437712061970032,1
1732437712072596673,1
1732437712072596673,1
1732437712082966809,1
1732437712082966809,1
1732437712093342797,1
1732437712093342797,1
1732437712103537215,1
1732437712103537215,1
1732437712113799902,1
1732437712113799902,1
1732437712124344442,1
1732437712124344442,1
1732437712134792212,1
1732437712134792212,1
1732437712145152911,1
1732437712145152911,1
1732437712155689857,1
1732437712155689857,1
1732437712166382462,1
1732437712166382462,1
1732437712176674953,1
1732437712176674953,1
1732437712187290866,1
1732437712187290866,1
1732437712197414443,1
1732437712197414443,1
1732437712208965314,1
1732437712208965314,1
1732437712219560859,1
1732437712219560859,1
1732437712230317680,1
1732437712230317680,1
1732437712240869867,1
1732437712240869867,1
1732437712251134298,1
1732437712251134298,1
1732437712261852610,1
1732437712261852610,1
1732437712272191589,1
1732437712272191589,1
1732437712282566443,1
1732437712282566443,1
1732437712293661678,1
1732437712293661678,1
1732437712303965739,1
1732437712303965739,1
1732437712314195273,1
1732437712314195273,1
1732437712324566091,1
1732437712324566091,1
1732437712334788302,1
1732437712334788302,1
1732437712345286446,1
1732437712345286446,1
1732437712355756328,1
1732437712355756328,1
1732437712366141241,1
1732437712366141241,1
1732437712376881765,1
1732437712376881765,1
1732437712387406227,1
1732437712387406227,1
1732437712397923016,1
1732437712397923016,1
1732437712408150787,1
1732437712408150787,1
1732437712418734771,1
1732437712418734771,1
1732437712430231900,1
1732437712430231900,1
1732437712441000365,1
1732437712441000365,1
1732437712451397612,1
1732437712451397612,1
1732437712461857184,1
1732437712461857184,1
1732437712472100766,1
1732437712472100766,1
1732437712482590413,1
1732437712482590413,1
1732437712492954840,1
1732437712492954840,1
1732437712503570592,1
1732437712503570592,1
1732437712514054168,1
1732437712514054168,1
1732437712524489535,1
1732437712524489535,1
1732437712534890790,1
1732437712534890790,1
1732437712545263390,1
1732437712545263390,1
1732437712555898157,1
1732437712555898157,1
1732437712566517427,1
1732437712566517427,1
1732437712577003378,1
1732437712577003378,1
1732437712587206633,1
1732437712587206633,1
1732437712597574983,1
1732437712597574983,1
1732437712608129635,1
1732437712608129635,1
1732437712618635592,1
1732437712618635592,1
1732437712628830172,1
1732437712628830172,1
1732437712638935101,1
1732437712638935101,1
1732437712650075331,1
1732437712650075331,1
1732437712660558288,1
1732437712660558288,1
1732437712671128737,1
1732437712671128737,1
1732437712681617624,1
1732437712681617624,1
1732437712692069322,1
1732437712692069322,1
1732437712702465192,1
1732437712702465192,1
1732437712712531193,1
1732437712712531193,1
1732437712722876114,1
1732437712722876114,1
1732437712733089540,1
1732437712733089540,1
1732437712743422427,1
1732437712743422427,1
1732437712754026177,1
1732437712754026177,1
1732437712764681924,1
1732437712764681924,1
1732437712774883065,1
1732437712774883065,1
1732437712785134280,1
1732437712785134280,1
1732437712795446776,1
1732437712795446776,1
1732437712805779626,1
1732437712805779626,1
1732437712816433239,1
1732437712816433239,1
1732437712827268569,1
1732437712827268569,1
1732437712837896534,1
1732437712837896534,1
1732437712848114664,1
1732437712848114664,1
1732437712858608844,1
1732437712858608844,1
1732437712868853937,1
1732437712868853937,1
1732437712879497382,1
1732437712879497382,1
1732437712890428397,1
1732437712890428397,1
1732437712900567848,1
1732437712900567848,1
1732437712910846603,1
1732437712910846603,1
1732437712921249157,1
1732437712921249157,1
1732437712931755479,1
1732437712931755479,1
1732437712942326379,1
1732437712942326379,1
1732437712952960836,1
1732437712952960836,1
1732437712963224154,1
1732437712963224154,1
1732437712973828214,1
1732437712973828214,1
1732437712984268761,1
1732437712984268761,1
1732437712994676768,1
1732437712994676768,1
1732437713005015882,1
1732437713005015882,1
1732437713015431255,1
1732437713015431255,1
1732437713025783878,1
1732437713025783878,1
1732437713036193087,1
1732437713036193087,1
1732437713046483875,1
1732437713046483875,1
1732437713056962853,1
1732437713056962853,1
1732437713067287074,1
1732437713067287074,1
1732437713077446959,1
1732437713077446959,1
1732437713087681021,1
1732437713087681021,1
1732437713097874079,1
1732437713097874079,1
1732437713108063428,1
1732437713108063428,1
1732437713118420881,1
1732437713118420881,1
1732437713128860898,1
1732437713128860898,1
1732437713139170591,1
1732437713139170591,1
1732437713149584339,1
1732437713149584339,1
1732437713160343639,1
1732437713160343639,1
1732437713170880564,1
1732437713170880564,1
1732437713181370092,1
1732437713181370092,1
1732437713191702197,1
1732437713191702197,1
1732437713202070149,1
1732437713202070149,1
1732437713212242709,1
1732437713212242709,1
1732437713222930775,1
1732437713222930775,1
1732437713233457142,1
1732437713233457142,1
1732437713243685614,1
1732437713243685614,1
1732437713253761253,1
1732437713253761253,1
1732437713263987519,1
1732437713263987519,1
1732437713274206605,1
1732437713274206605,1
1732437713284525285,1
1732437713284525285,1
1732437713294689949,1
1732437713294689949,1
1732437713305043784,1
1732437713305043784,1
1732437713315618412,1
1732437713315618412,1
1732437713326469432,1
1732437713326469432,1
1732437713337117404,1
1732437713337117404,1
1732437713347275726,1
1732437713347275726,1
1732437713357956777,1
1732437713357956777,1
1732437713368404892,1
1732437713368404892,1
1732437713379124074,1
1732437713379124074,1
1732437713389716937,1
1732437713389716937,1
1732437713399978972,1
1732437713399978972,1
1732437713410503475,1
1732437713410503475,1
1732437713420902325,1
1732437713420902325,1
1732437713431300022,1
1732437713431300022,1
1732437713441547419,1
1732437713441547419,1
1732437713451788395,1
1732437713451788395,1
1732437713462198446,1
1732437713462198446,1
1732437713472694475,1
1732437713472694475,1
1732437713483062168,1
1732437713483062168,1
1732437713493657353,1
1732437713493657353,1
1732437713503923141,1
1732437713503923141,1
1732437713514556791,1
1732437713514556791,1
1732437713524880600,1
1732437713524880600,1
1732437713535529344,1
1732437713535529344,1
1732437713545937801,1
1732437713545937801,1
1732437713557062530,1
1732437713557062530,1
1732437713567138800,1
1732437713567138800,1
1732437713577479532,1
1732437713577479532,1
1732437713587943622,1
1732437713587943622,1
1732437713598172155,1
1732437713598172155,1
1732437713608961540,1
1732437713608961540,1
1732437713619311465,1
1732437713619311465,1
1732437713629394531,1
1732437713629394531,1
1732437713639798730,1
1732437713639798730,1
1732437713650255705,1
1732437713650255705,1
1732437713660904874,1
1732437713660904874,1
1732437713671108840,1
1732437713671108840,1
1732437713681642961,1
1732437713681642961,1
1732437713691887924,1
1732437713691887924,1
1732437713702256964,1
1732437713702256964,1
1732437713712867217,1
1732437713712867217,1
1732437713723517066,1
1732437713723517066,1
1732437713733855203,1
1732437713733855203,1
1732437713744247561,1
1732437713744247561,1
1732437713755056011,1
1732437713755056011,1
1732437713765523969,1
1732437713765523969,1
1732437713775868668,1
1732437713775868668,1
1732437713786103279,1
1732437713786103279,1
1732437713796537868,1
1732437713796537868,1
1732437713807160503,1
1732437713807160503,1
1732437713817342760,1
1732437713817342760,1
1732437713827534264,1
1732437713827534264,1
1732437713837891075,1
1732437713837891075,1
1732437713848143853,1
1732437713848143853,1
1732437713858231024,1
1732437713858231024,1
1732437713868534586,1
1732437713868534586,1
1732437713878825916,1
1732437713878825916,1
1732437713889318045,1
1732437713889318045,1
1732437713900127009,1
1732437713900127009,1
1732437713910617269,1
1732437713910617269,1
1732437713920983714,1
1732437713920983714,1
1732437713931213433,1
1732437713931213433,1
1732437713941564555,1
1732437713941564555,1
1732437713951959887,1
1732437713951959887,1
1732437713962168764,1
1732437713962168764,1
1732437713972282493,1
1732437713972282493,1
1732437713982497240,1
1732437713982497240,1
1732437713992871053,1
1732437713992871053,1
1732437714003668379,1
1732437714003668379,1
1732437714014198667,1
1732437714014198667,1
1732437714024879411,1
1732437714024879411,1
1732437714034977842,1
1732437714034977842,1
1732437714045806821,1
1732437714045806821,1
1732437714056463279,1
1732437714056463279,1
1732437714066969988,1
1732437714066969988,1
1732437714077192170,1
1732437714077192170,1
1732437714087525888,1
1732437714087525888,1
1732437714097844174,1
1732437714097844174,1
1732437714108418043,1
1732437714108418043,1
1732437714118640547,1
1732437714118640547,1
1732437714128719271,1
1732437714128719271,1
1732437714138821478,1
1732437714138821478,1
1732437714149164224,1
1732437714149164224,1
1732437714159964039,1
1732437714159964039,1
1732437714170105661,1
1732437714170105661,1
1732437714180229879,1
1732437714180229879,1
1732437714190731751,1
1732437714190731751,1
1732437714200848056,1
1732437714200848056,1
1732437714211120842,1
1732437714211120842,1
1732437714221631889,1
1732437714221631889,1
1732437714231809968,1
1732437714231809968,1
1732437714243103952,1
1732437714243103952,1
1732437714253589634,1
1732437714253589634,1
1732437714264226173,1
1732437714264226173,1
1732437714274621496,1
1732437714274621496,1
1732437714284951046,1
1732437714284951046,1
1732437714295249840,1
1732437714295249840,1
1732437714305554327,1
1732437714305554327,1
1732437714315650115,1
1732437714315650115,1
1732437714325807084,1
1732437714325807084,1
1732437714336578873,1
1732437714336578873,1
1732437714336578873,1
1732437714336578873,1
1732437714357368761,1
1732437714357368761,1
1732437714367639529,1
1732437714367639529,1
1732437714377804978,1
1732437714377804978,1
1732437714388136162,1
1732437714388136162,1
1732437714399305404,1
1732437714399305404,1
1732437714409923521,1
1732437714409923521,1
1732437714420152311,1
1732437714420152311,1
1732437714430782554,1
1732437714430782554,1
1732437714440907556,1
1732437714440907556,1
1732437714451079794,1
1732437714451079794,1
1732437714461219993,1
1732437714461219993,1
1732437714471716513,1
1732437714471716513,1
1732437714482100696,1
1732437714482100696,1
1732437714492335030,1
1732437714492335030,1
1732437714503114683,1
1732437714503114683,1
1732437714513414659,1
1732437714513414659,1
1732437714523500139,1
1732437714523500139,1
1732437714533928774,1
1732437714533928774,1
1732437714544116050,1
1732437714544116050,1
1732437714554593365,1
1732437714554593365,1
1732437714565183742,1
1732437714565183742,1
1732437714575577441,1
1732437714575577441,1
1732437714586159552,1
1732437714586159552,1
1732437714596790732,1
1732437714596790732,1
1732437714607640491,1
1732437714607640491,1
1732437714617906193,1
1732437714617906193,1
1732437714628513721,1
1732437714628513721,1
1732437714638808426,1
1732437714638808426,1
1732437714648961359,1
1732437714648961359,1
1732437714659421975,1
1732437714659421975,1
1732437714669718665,1
1732437714669718665,1
1732437714680237778,1
1732437714680237778,1
1732437714690719712,1
1732437714690719712,1
1732437714701268720,1
1732437714701268720,1
1732437714711483037,1
1732437714711483037,1
1732437714721961034,1
1732437714721961034,1
1732437714732486599,1
1732437714732486599,1
1732437714744605796,1
1732437714744605796,1
1732437714755071720,1
1732437714755071720,1
1732437714766140676,1
1732437714766140676,1
1732437714776351236,1
1732437714776351236,1
1732437714786755165,1
1732437714786755165,1
1732437714796869135,1
1732437714796869135,1
1732437714807033749,1
1732437714807033749,1
1732437714817095322,1
1732437714817095322,1
1732437714827557549,1
1732437714827557549,1
1732437714838079217,1
1732437714838079217,1
1732437714849098189,1
1732437714849098189,1
1732437714859204255,1
1732437714859204255,1
1732437714869471871,1
1732437714869471871,1
1732437714879679073,1
1732437714879679073,1
1732437714889884563,1
1732437714889884563,1
1732437714900341932,1
1732437714900341932,1
1732437714910474437,1
1732437714910474437,1
1732437714920738364,1
1732437714920738364,1
1732437714931282554,1
1732437714931282554,1
1732437714941454894,1
1732437714941454894,1
1732437714951962495,1
1732437714951962495,1
1732437714962488981,1
1732437714962488981,1
1732437714972997675,1
1732437714972997675,1
1732437714983475362,1
1732437714983475362,1
1732437714993732488,1
1732437714993732488,1
1732437715003884158,1
1732437715003884158,1
1732437715014107551,1
1732437715014107551,1
1732437715024168592,1
1732437715024168592,1
1732437715034357522,1
1732437715034357522,1
1732437715045593469,1
1732437715045593469,1
1732437715056099535,1
1732437715056099535,1
1732437715066610924,1
1732437715066610924,1
1732437715077899537,1
1732437715077899537,1
1732437715088160321,1
1732437715088160321,1
1732437715098882451,1
1732437715098882451,1
1732437715109150568,1
1732437715109150568,1
1732437715119263753,1
1732437715119263753,1
1732437715129844754,1
1732437715129844754,1
1732437715140218448,1
1732437715140218448,1
1732437715150669625,1
1732437715150669625,1
1732437715161072448,1
1732437715161072448,1
1732437715171441446,1
1732437715171441446,1
1732437715181737967,1
1732437715181737967,1
1732437715192269793,1
1732437715192269793,1
1732437715202517842,1
1732437715202517842,1
1732437715213150888,1
1732437715213150888,1
1732437715223813238,1
1732437715223813238,1
1732437715234168266,1
1732437715234168266,1
1732437715244822100,1
1732437715244822100,1
1732437715255237008,1
1732437715255237008,1
1732437715265876215,1
1732437715265876215,1
1732437715275978249,1
1732437715275978249,1
1732437715286622779,1
1732437715286622779,1
1732437715297348457,1
1732437715297348457,1
1732437715307801567,1
1732437715307801567,1
1732437715318281738,1
1732437715318281738,1
1732437715328816558,1
1732437715328816558,1
1732437715339113959,1
1732437715339113959,1
1732437715349644436,1
1732437715349644436,1
1732437715359869093,1
1732437715359869093,1
1732437715371018107,1
1732437715371018107,1
1732437715381574569,1
1732437715381574569,1
1732437715391745995,1
1732437715391745995,1
1732437715402147229,1
1732437715402147229,1
1732437715412805101,1
1732437715412805101,1
1732437715423069511,1
1732437715423069511,1
1732437715433488588,1
1732437715433488588,1
1732437715443676576,1
1732437715443676576,1
1732437715454443710,1
1732437715454443710,1
1732437715465222526,1
1732437715465222526,1
1732437715475440039,1
1732437715475440039,1
1732437715485847695,1
1732437715485847695,1
1732437715496142380,1
1732437715496142380,1
1732437715506460671,1
1732437715506460671,1
1732437715516600068,1
1732437715516600068,1
1732437715527586410,1
1732437715527586410,1
1732437715537663572,1
1732437715537663572,1
1732437715548029900,1
1732437715548029900,1
1732437715558530940,1
1732437715558530940,1
1732437715568691387,1
1732437715568691387,1
1732437715578839882,1
1732437715578839882,1
1732437715588940508,1
1732437715588940508,1
1732437715599214947,1
1732437715599214947,1
1732437715609934352,1
1732437715609934352,1
1732437715620170088,1
1732437715620170088,1
1732437715630727914,1
1732437715630727914,1
1732437715640933605,1
1732437715640933605,1
1732437715651245001,1
1732437715651245001,1
1732437715661952165,1
1732437715661952165,1
1732437715672451380,1
1732437715672451380,1
1732437715683004616,1
1732437715683004616,1
1732437715693522357,1
1732437715693522357,1
1732437715703923981,1
1732437715703923981,1
1732437715714255786,1
1732437715714255786,1
1732437715724817230,1
1732437715724817230,1
1732437715734961176,1
1732437715734961176,1
1732437715745230314,1
1732437715745230314,1
1732437715756240771,1
1732437715756240771,1
1732437715766899453,1
1732437715766899453,1
1732437715777152021,1
1732437715777152021,1
1732437715787238380,1
1732437715787238380,1
1732437715797955322,1
1732437715797955322,1
1732437715808610338,1
1732437715808610338,1
1732437715818934811,1
1732437715818934811,1
1732437715829242391,1
1732437715829242391,1
1732437715839657942,1
1732437715839657942,1
1732437715850201671,1
1732437715850201671,1
1732437715860831520,1
1732437715860831520,1
1732437715871267187,1
1732437715871267187,1
1732437715881748970,1
1732437715881748970,1
1732437715893146076,1
1732437715893146076,1
1732437715903595396,1
1732437715903595396,1
1732437715913988469,1
1732437715913988469,1
1732437715924615360,1
1732437715924615360,1
1732437715934871996,1
1732437715934871996,1
1732437715945118682,1
1732437715945118682,1
1732437715955566753,1
1732437715955566753,1
1732437715965733955,1
1732437715965733955,1
1732437715975992293,1
1732437715975992293,1
1732437715986123276,1
1732437715986123276,1
1732437715996485809,1
1732437715996485809,1
1732437716007105208,1
1732437716007105208,1
1732437716017184954,1
1732437716017184954,1
1732437716027389453,1
1732437716027389453,1
1732437716037959087,1
1732437716037959087,1
1732437716048346388,1
1732437716048346388,1
1732437716058539496,1
1732437716058539496,1
1732437716069084887,1
1732437716069084887,1
1732437716079315975,1
1732437716079315975,1
1732437716089543446,1
1732437716089543446,1
1732437716099997468,1
1732437716099997468,1
1732437716110236351,1
1732437716110236351,1
1732437716120455278,1
1732437716120455278,1
1732437716131074669,1
1732437716131074669,1
1732437716142091265,1
1732437716142091265,1
1732437716152588999,1
1732437716152588999,1
1732437716162975305,1
1732437716162975305,1
1732437716173343898,1
1732437716173343898,1
1732437716183951835,1
1732437716183951835,1
1732437716194281146,1
1732437716194281146,1
1732437716204653475,1
1732437716204653475,1
1732437716214949674,1
1732437716214949674,1
1732437716225328015,1
1732437716225328015,1
1732437716235492912,1
1732437716235492912,1
1732437716245980074,1
1732437716245980074,1
1732437716257412655,1
1732437716257412655,1
1732437716267680901,1
1732437716267680901,1
1732437716278006134,1
1732437716278006134,1
1732437716288191928,1
1732437716288191928,1
1732437716298495040,1
1732437716298495040,1
1732437716309172087,1
1732437716309172087,1
1732437716319518759,1
1732437716319518759,1
1732437716329907461,1
1732437716329907461,1
1732437716340071533,1
1732437716340071533,1
1732437716350700893,1
1732437716350700893,1
1732437716360798263,1
1732437716360798263,1
1732437716371454289,1
1732437716371454289,1
1732437716382072046,1
1732437716382072046,1
1732437716392382462,1
1732437716392382462,1
1732437716403095135,1
1732437716403095135,1
1732437716413336171,1
1732437716413336171,1
1732437716423984774,1
1732437716423984774,1
1732437716434424118,1
1732437716434424118,1
1732437716444871307,1
1732437716444871307,1
1732437716454956043,1
1732437716454956043,1
1732437716465268181,1
1732437716465268181,1
1732437716475634192,1
1732437716475634192,1
1732437716486261697,1
1732437716486261697,1
1732437716496898346,1
1732437716496898346,1
1732437716507439520,1
1732437716507439520,1
1732437716517956058,1
1732437716517956058,1
1732437716528220117,1
1732437716528220117,1
1732437716538502793,1
1732437716538502793,1
1732437716548671715,1
1732437716548671715,1
1732437716558914796,1
1732437716558914796,1
1732437716569282047,1
1732437716569282047,1
1732437716579578187,1
1732437716579578187,1
1732437716590203428,1
1732437716590203428,1
1732437716600790628,1
1732437716600790628,1
1732437716611637492,1
1732437716611637492,1
1732437716622080776,1
1732437716622080776,1
1732437716632376093,1
1732437716632376093,1
1732437716643936242,1
1732437716643936242,1
1732437716654126233,1
1732437716654126233,1
1732437716664265403,1
1732437716664265403,1
1732437716674534399,1
1732437716674534399,1
1732437716684877966,1
1732437716684877966,1
1732437716695580348,1
1732437716695580348,1
1732437716705888528,1
1732437716705888528,1
1732437716716345437,1
1732437716716345437,1
1732437716726766918,1
1732437716726766918,1
1732437716736949045,1
1732437716736949045,1
1732437716747046254,1
1732437716747046254,1
1732437716757116303,1
1732437716757116303,1
1732437716767390291,1
1732437716767390291,1
1732437716777846807,1
1732437716777846807,1
1732437716788006712,1
1732437716788006712,1
1732437716798738520,1
1732437716798738520,1
1732437716809534478,1
1732437716809534478,1
1732437716820761470,1
1732437716820761470,1
1732437716831067156,1
1732437716831067156,1
1732437716841254143,1
1732437716841254143,1
1732437716851718336,1
1732437716851718336,1
1732437716862173059,1
1732437716862173059,1
1732437716872829220,1
1732437716872829220,1
1732437716882954269,1
1732437716882954269,1
1732437716893642757,1
1732437716893642757,1
1732437716903697668,1
1732437716903697668,1
1732437716914468490,1
1732437716914468490,1
1732437716924942787,1
1732437716924942787,1
1732437716935036620,1
1732437716935036620,1
1732437716945458535,1
1732437716945458535,1
1732437716955775433,1
1732437716955775433,1
1732437716965989118,1
1732437716965989118,1
1732437716976162127,1
1732437716976162127,1
1732437716986487061,1
1732437716986487061,1
1732437716996783860,1
1732437716996783860,1
1732437717006977329,1
1732437717006977329,1
1732437717017258239,1
1732437717017258239,1
1732437717027403876,1
1732437717027403876,1
1732437717037764297,1
1732437717037764297,1
1732437717047982618,1
1732437717047982618,1
1732437717058458748,1
1732437717058458748,1
1732437717068656207,1
1732437717068656207,1
1732437717079270357,1
1732437717079270357,1
1732437717089778129,1
1732437717089778129,1
1732437717100087172,1
1732437717100087172,1
1732437717110525335,1
1732437717110525335,1
1732437717120710087,1
1732437717120710087,1
1732437717131115284,1
1732437717131115284,1
1732437717141805699,1
1732437717141805699,1
1732437717151971318,1
1732437717151971318,1
1732437717162095327,1
1732437717162095327,1
1732437717172748590,1
1732437717172748590,1
1732437717183334998,1
1732437717183334998,1
1732437717193734700,1
1732437717193734700,1
1732437717204247333,1
1732437717204247333,1
1732437717214445219,1
1732437717214445219,1
1732437717225045945,1
1732437717225045945,1
1732437717235264530,1
1732437717235264530,1
1732437717245543646,1
1732437717245543646,1
1732437717256008398,1
1732437717256008398,1
1732437717266718716,1
1732437717266718716,1
1732437717277044972,1
1732437717277044972,1
1732437717287238901,1
1732437717287238901,1
1732437717297572429,1
1732437717297572429,1
1732437717308019608,1
1732437717308019608,1
1732437717318430429,1
1732437717318430429,1
1732437717328898647,1
1732437717328898647,1
1732437717339532574,1
1732437717339532574,1
1732437717350137657,1
1732437717350137657,1
1732437717360677764,1
1732437717360677764,1
1732437717371175854,1
1732437717371175854,1
1732437717381702552,1
1732437717381702552,1
1732437717392046118,1
1732437717392046118,1
1732437717402259405,1
1732437717402259405,1
1732437717414709014,1
1732437717414709014,1
1732437717425291938,1
1732437717425291938,1
1732437717435630915,1
1732437717435630915,1
1732437717446059740,1
1732437717446059740,1
1732437717456440126,1
1732437717456440126,1
1732437717466727760,1
1732437717466727760,1
1732437717476962585,1
1732437717476962585,1
1732437717487163356,1
1732437717487163356,1
1732437717497623451,1
1732437717497623451,1
1732437717508171148,1
1732437717508171148,1
1732437717518366051,1
1732437717518366051,1
1732437717529247645,1
1732437717529247645,1
1732437717539832464,1
1732437717539832464,1
1732437717550180338,1
1732437717550180338,1
1732437717560274851,1
1732437717560274851,1
1732437717570351182,1
1732437717570351182,1
1732437717580659041,1
1732437717580659041,1
1732437717591166275,1
1732437717591166275,1
1732437717601867946,1
1732437717601867946,1
1732437717612358526,1
1732437717612358526,1
1732437717622474907,1
1732437717622474907,1
1732437717633014523,1
1732437717633014523,1
1732437717643400599,1
1732437717643400599,1
1732437717653548304,1
1732437717653548304,1
1732437717664052510,1
1732437717664052510,1
1732437717674717996,1
1732437717674717996,1
1732437717684929207,1
1732437717684929207,1
1732437717695549921,1
1732437717695549921,1
1732437717706311556,1
1732437717706311556,1
1732437717716949461,1
1732437717716949461,1
1732437717727416919,1
1732437717727416919,1
1732437717737873749,1
1732437717737873749,1
1732437717748887071,1
1732437717748887071,1
1732437717759368966,1
1732437717759368966,1
1732437717769940215,1
1732437717769940215,1
1732437717780434663,1
1732437717780434663,1
1732437717790742224,1
1732437717790742224,1
1732437717800823934,1
1732437717800823934,1
1732437717811327185,1
1732437717811327185,1
1732437717821842515,1
1732437717821842515,1
1732437717832072582,1
1732437717832072582,1
1732437717842507088,1
1732437717842507088,1
1732437717853165999,1
1732437717853165999,1
1732437717863565584,1
1732437717863565584,1
1732437717873797819,1
1732437717873797819,1
1732437717884247018,1
1732437717884247018,1
1732437717894578522,1
1732437717894578522,1
1732437717905029218,1
1732437717905029218,1
1732437717915600920,1
1732437717915600920,1
1732437717925851674,1
1732437717925851674,1
1732437717936241467,1
1732437717936241467,1
1732437717946566337,1
1732437717946566337,1
1732437717957266717,1
1732437717957266717,1
1732437717967372123,1
1732437717967372123,1
1732437717977539973,1
1732437717977539973,1
1732437717987655696,1
1732437717987655696,1
1732437717998226576,1
1732437717998226576,1
1732437718008712548,1
1732437718008712548,1
1732437718019396765,1
1732437718019396765,1
1732437718029722042,1
1732437718029722042,1
1732437718039968249,1
1732437718039968249,1
1732437718050609544,1
1732437718050609544,1
1732437718061107172,1
1732437718061107172,1
1732437718071643197,1
1732437718071643197,1
1732437718082165444,1
1732437718082165444,1
1732437718092427160,1
1732437718092427160,1
1732437718103357239,1
1732437718103357239,1
1732437718113546861,1
1732437718113546861,1
1732437718123875828,1
1732437718123875828,1
1732437718134034746,1
1732437718134034746,1
1732437718144177639,1
1732437718144177639,1
1732437718154453129,1
1732437718154453129,1
1732437718165015622,1
1732437718165015622,1
1732437718175384156,1
1732437718175384156,1
1732437718186112349,1
1732437718186112349,1
1732437718196364386,1
1732437718196364386,1
1732437718207351027,1
1732437718207351027,1
1732437718217618414,1
1732437718217618414,1
1732437718228843953,1
1732437718228843953,1
1732437718239351413,1
1732437718239351413,1
1732437718249705159,1
1732437718249705159,1
1732437718260184147,1
1732437718260184147,1
1732437718270616551,1
1732437718270616551,1
1732437718280949557,1
1732437718280949557,1
1732437718291063547,1
1732437718291063547,1
1732437718301454412,1
1732437718301454412,1
1732437718311875413,1
1732437718311875413,1
1732437718322233189,1
1732437718322233189,1
1732437718332770665,1
1732437718332770665,1
1732437718342914693,1
1732437718342914693,1
1732437718353088353,1
1732437718353088353,1
1732437718363452790,1
1732437718363452790,1
1732437718373833122,1
1732437718373833122,1
1732437718384038174,1
1732437718384038174,1
1732437718394464986,1
1732437718394464986,1
1732437718405086863,1
1732437718405086863,1
1732437718415298803,1
1732437718415298803,1
1732437718425372781,1
1732437718425372781,1
1732437718435783831,1
1732437718435783831,1
1732437718446352147,1
1732437718446352147,1
1732437718456691264,1
1732437718456691264,1
1732437718466779137,1
1732437718466779137,1
1732437718476861650,1
1732437718476861650,1
1732437718487131010,1
1732437718487131010,1
1732437718497241364,1
1732437718497241364,1
1732437718507333264,1
1732437718507333264,1
1732437718517908332,1
1732437718517908332,1
1732437718528059941,1
1732437718528059941,1
1732437718538211573,1
1732437718538211573,1
1732437718548496899,1
1732437718548496899,1
1732437718558806165,1
1732437718558806165,1
1732437718569199417,1
1732437718569199417,1
1732437718579569952,1
1732437718579569952,1
1732437718590090495,1
1732437718590090495,1
1732437718600309493,1
1732437718600309493,1
1732437718610608137,1
1732437718610608137,1
1732437718621009043,1
1732437718621009043,1
1732437718631294552,1
1732437718631294552,1
1732437718641750129,1
1732437718641750129,1
1732437718652104286,1
1732437718652104286,1
1732437718662593222,1
1732437718662593222,1
1732437718672867821,1
1732437718672867821,1
1732437718683063122,1
1732437718683063122,1
1732437718694457869,1
1732437718694457869,1
1732437718704713534,1
1732437718704713534,1
1732437718714930828,1
1732437718714930828,1
1732437718725009602,1
1732437718725009602,1
1732437718735437766,1
1732437718735437766,1
1732437718745792996,1
1732437718745792996,1
1732437718755954575,1
1732437718755954575,1
1732437718766199978,1
1732437718766199978,1
1732437718776345798,1
1732437718776345798,1
1732437718786621619,1
1732437718786621619,1
1732437718797139789,1
1732437718797139789,1
1732437718807788223,1
1732437718807788223,1
1732437718818040751,1
1732437718818040751,1
1732437718828507959,1
1732437718828507959,1
1732437718838720164,1
1732437718838720164,1
1732437718849273892,1
1732437718849273892,1
1732437718859670055,1
1732437718859670055,1
1732437718870541896,1
1732437718870541896,1
1732437718881225346,1
1732437718881225346,1
1732437718891792420,1
1732437718891792420,1
1732437718902339023,1
1732437718902339023,1
1732437718912616688,1
1732437718912616688,1
1732437718923345810,1
1732437718923345810,1
1732437718933573324,1
1732437718933573324,1
1732437718943923912,1
1732437718943923912,1
1732437718954086875,1
1732437718954086875,1
1732437718964414364,1
1732437718964414364,1
1732437718974574470,1
1732437718974574470,1
1732437718985010099,1
1732437718985010099,1
1732437718995381568,1
1732437718995381568,1
1732437719005482735,1
1732437719005482735,1
1732437719016289681,1
1732437719016289681,1
1732437719026973312,1
1732437719026973312,1
1732437719037178424,1
1732437719037178424,1
1732437719047627156,1
1732437719047627156,1
1732437719057710395,1
1732437719057710395,1
1732437719068620089,1
1732437719068620089,1
1732437719079374951,1
1732437719079374951,1
1732437719089669526,1
1732437719089669526,1
1732437719100204942,1
1732437719100204942,1
1732437719110620322,1
1732437719110620322,1
1732437719120887680,1
1732437719120887680,1
1732437719131433473,1
1732437719131433473,1
1732437719141934743,1
1732437719141934743,1
1732437719152187330,1
1732437719152187330,1
1732437719162700190,1
1732437719162700190,1
1732437719173021597,1
1732437719173021597,1
1732437719183208256,1
1732437719183208256,1
1732437719193347734,1
1732437719193347734,1
1732437719204150814,1
1732437719204150814,1
1732437719215411728,1
1732437719215411728,1
1732437719225796411,1
1732437719225796411,1
1732437719236200752,1
1732437719236200752,1
1732437719246487193,1
1732437719246487193,1
1732437719257039930,1
1732437719257039930,1
1732437719267386142,1
1732437719267386142,1
1732437719277797285,1
1732437719277797285,1
1732437719288062468,1
1732437719288062468,1
1732437719298559421,1
1732437719298559421,1
1732437719308748273,1
1732437719308748273,1
1732437719319016701,1
1732437719319016701,1
1732437719329119170,1
1732437719329119170,1
1732437719339318229,1
1732437719339318229,1
1732437719349659338,1
1732437719349659338,1
1732437719360307286,1
1732437719360307286,1
1732437719370794700,1
1732437719370794700,1
1732437719381358386,1
1732437719381358386,1
1732437719391701623,1
1732437719391701623,1
1732437719402580485,1
1732437719402580485,1
1732437719412932901,1
1732437719412932901,1
1732437719423403935,1
1732437719423403935,1
1732437719433658508,1
1732437719433658508,1
1732437719446026436,1
1732437719446026436,1
1732437719456258849,1
1732437719456258849,1
1732437719466916721,1
1732437719466916721,1
1732437719476977122,1
1732437719476977122,1
1732437719487239418,1
1732437719487239418,1
1732437719497670428,1
1732437719497670428,1
1732437719508153353,1
1732437719508153353,1
1732437719518612424,1
1732437719518612424,1
1732437719529126029,1
1732437719529126029,1
1732437719539701266,1
1732437719539701266,1
1732437719550080581,1
1732437719550080581,1
1732437719560457161,1
1732437719560457161,1
1732437719570643755,1
1732437719570643755,1
1732437719581186514,1
1732437719581186514,1
1732437719591737697,1
1732437719591737697,1
1732437719602038595,1
1732437719602038595,1
1732437719612549573,1
1732437719612549573,1
1732437719622677018,1
1732437719622677018,1
1732437719632859395,1
1732437719632859395,1
1732437719642994494,1
1732437719642994494,1
1732437719653202889,1
1732437719653202889,1
1732437719663617787,1
1732437719663617787,1
1732437719674033609,1
1732437719674033609,1
1732437719684606722,1
1732437719684606722,1
1732437719694910315,1
1732437719694910315,1
1732437719705278418,1
1732437719705278418,1
1732437719715794266,1
1732437719715794266,1
1732437719726005848,1
1732437719726005848,1
1732437719736186922,1
1732437719736186922,1
1732437719746991247,1
1732437719746991247,1
1732437719757211085,1
1732437719757211085,1
1732437719767487217,1
1732437719767487217,1
1732437719777527281,1
1732437719777527281,1
1732437719787636982,1
1732437719787636982,1
1732437719797707544,1
1732437719797707544,1
1732437719807946726,1
1732437719807946726,1
1732437719818061590,1
1732437719818061590,1
1732437719828181280,1
1732437719828181280,1
1732437719838711765,1
1732437719838711765,1
1732437719849122196,1
1732437719849122196,1
1732437719859470645,1
1732437719859470645,1
1732437719869713079,1
1732437719869713079,1
1732437719880290033,1
1732437719880290033,1
1732437719890770974,1
1732437719890770974,1
1732437719901350760,1
1732437719901350760,1
1732437719911669517,1
1732437719911669517,1
1732437719921882665,1
1732437719921882665,1
1732437719932100178,1
1732437719932100178,1
1732437719942151534,1
1732437719942151534,1
1732437719952906266,1
1732437719952906266,1
1732437719963162903,1
1732437719963162903,1
1732437719974260840,1
1732437719974260840,1
1732437719984805041,1
1732437719984805041,1
1732437719995029146,1
1732437719995029146,1
1732437720005330796,1
1732437720005330796,1
1732437720015573035,1
1732437720015573035,1
1732437720026128206,1
1732437720026128206,1
1732437720036931067,1
1732437720036931067,1
1732437720047058524,1
1732437720047058524,1
1732437720057289052,1
1732437720057289052,1
1732437720067663737,1
1732437720067663737,1
1732437720078269171,1
1732437720078269171,1
1732437720088534883,1
1732437720088534883,1
1732437720098930448,1
1732437720098930448,1
1732437720109440684,1
1732437720109440684,1
1732437720119912160,1
1732437720119912160,1
1732437720130513358,1
1732437720130513358,1
1732437720140792705,1
1732437720140792705,1
1732437720151156697,1
1732437720151156697,1
1732437720161340178,1
1732437720161340178,1
1732437720171847142,1
1732437720171847142,1
1732437720182141317,1
1732437720182141317,1
1732437720192241083,1
1732437720192241083,1
1732437720203348228,1
1732437720203348228,1
1732437720213584487,1
1732437720213584487,1
1732437720224154094,1
1732437720224154094,1
1732437720234696041,1
1732437720234696041,1
1732437720244841007,1
1732437720244841007,1
1732437720255171233,1
1732437720255171233,1
1732437720265690629,1
1732437720265690629,1
1732437720276056819,1
1732437720276056819,1
1732437720287120764,1
1732437720287120764,1
1732437720297315406,1
1732437720297315406,1
1732437720307678298,1
1732437720307678298,1
1732437720317804985,1
1732437720317804985,1
1732437720327939009,1
1732437720327939009,1
1732437720338516352,1
1732437720338516352,1
1732437720349114495,1
1732437720349114495,1
1732437720359429589,1
1732437720359429589,1
1732437720370134128,1
1732437720370134128,1
1732437720380486272,1
1732437720380486272,1
1732437720390864854,1
1732437720390864854,1
1732437720401092846,1
1732437720401092846,1
1732437720411521742,1
1732437720411521742,1
1732437720422083476,1
1732437720422083476,1
1732437720432445907,1
1732437720432445907,1
1732437720442457608,1
1732437720442457608,1
1732437720453201189,1
1732437720453201189,1
1732437720463498912,1
1732437720463498912,1
1732437720473875527,1
1732437720473875527,1
1732437720484169372,1
1732437720484169372,1
1732437720494643183,1
1732437720494643183,1
1732437720504957399,1
1732437720504957399,1
1732437720515428986,1
1732437720515428986,1
1732437720526040109,1
1732437720526040109,1
1732437720536570003,1
1732437720536570003,1
1732437720547351345,1
1732437720547351345,1
1732437720557652152,1
1732437720557652152,1
1732437720567798293,1
1732437720567798293,1
1732437720578787562,1
1732437720578787562,1
1732437720591027895,1
1732437720591027895,1
1732437720601549403,1
1732437720601549403,1
1732437720612056325,1
1732437720612056325,1
1732437720622611656,1
1732437720622611656,1
1732437720633176475,1
1732437720633176475,1
1732437720643714955,1
1732437720643714955,1
1732437720653835447,1
1732437720653835447,1
1732437720664242465,1
1732437720664242465,1
1732437720674581824,1
1732437720674581824,1
1732437720685524537,1
1732437720685524537,1
1732437720695903940,1
1732437720695903940,1
1732437720706244150,1
1732437720706244150,1
1732437720716555577,1
1732437720716555577,1
1732437720727068671,1
1732437720727068671,1
1732437720737481718,1
1732437720737481718,1
1732437720748143357,1
1732437720748143357,1
1732437720758552004,1
1732437720758552004,1
1732437720768800306,1
1732437720768800306,1
1732437720779192835,1
1732437720779192835,1
1732437720789494795,1
1732437720789494795,1
1732437720799815251,1
1732437720799815251,1
1732437720813251037,1
1732437720813251037,1
1732437720823763589,1
1732437720823763589,1
1732437720834177857,1
1732437720834177857,1
1732437720846080132,1
1732437720846080132,1
1732437720856514450,1
1732437720856514450,1
1732437720867118430,1
1732437720867118430,1
1732437720877429148,1
1732437720877429148,1
1732437720887503094,1
1732437720887503094,1
1732437720897675966,1
1732437720897675966,1
1732437720908227620,1
1732437720908227620,1
1732437720918571988,1
1732437720918571988,1
1732437720928814810,1
1732437720928814810,1
1732437720939145994,1
1732437720939145994,1
1732437720949362095,1
1732437720949362095,1
1732437720959739245,1
1732437720959739245,1
1732437720970217844,1
1732437720970217844,1
1732437720980423425,1
1732437720980423425,1
1732437720990825039,1
1732437720990825039,1
1732437721001010031,1
1732437721001010031,1
1732437721011403579,1
1732437721011403579,1
1732437721022353666,1
1732437721022353666,1
1732437721032951256,1
1732437721032951256,1
1732437721043456976,1
1732437721043456976,1
1732437721053803838,1
1732437721053803838,1
1732437721063990583,1
1732437721063990583,1
1732437721074515505,1
1732437721074515505,1
1732437721085070551,1
1732437721085070551,1
1732437721095308140,1
1732437721095308140,1
1732437721105929665,1
1732437721105929665,1
1732437721116580723,1
1732437721116580723,1
1732437721127088786,1
1732437721127088786,1
1732437721137223627,1
1732437721137223627,1
1732437721147529805,1
1732437721147529805,1
1732437721157748050,1
1732437721157748050,1
1732437721167904359,1
1732437721167904359,1
1732437721178351766,1
1732437721178351766,1
1732437721188480859,1
1732437721188480859,1
1732437721198908001,1
1732437721198908001,1
1732437721208969705,1
1732437721208969705,1
1732437721219303315,1
1732437721219303315,1
1732437721229907496,1
1732437721229907496,1
1732437721240567784,1
1732437721240567784,1
1732437721251217780,1
1732437721251217780,1
1732437721261458148,1
1732437721261458148,1
1732437721272135646,1
1732437721272135646,1
1732437721282267710,1
1732437721282267710,1
1732437721292910504,1
1732437721292910504,1
1732437721303663242,1
1732437721303663242,1
1732437721313863654,1
1732437721313863654,1
1732437721324191449,1
1732437721324191449,1
1732437721334969002,1
1732437721334969002,1
1732437721345794781,1
1732437721345794781,1
1732437721356471107,1
1732437721356471107,1
1732437721366756595,1
1732437721366756595,1
1732437721377234945,1
1732437721377234945,1
1732437721387371488,1
1732437721387371488,1
1732437721397555869,1
1732437721397555869,1
1732437721407698739,1
1732437721407698739,1
1732437721417998790,1
1732437721417998790,1
1732437721429508878,1
1732437721429508878,1
1732437721440047278,1
1732437721440047278,1
1732437721450792391,1
1732437721450792391,1
1732437721461018992,1
1732437721461018992,1
1732437721471309692,1
1732437721471309692,1
1732437721481830158,1
1732437721481830158,1
1732437721492042232,1
1732437721492042232,1
1732437721502546068,1
1732437721502546068,1
1732437721513177800,1
1732437721513177800,1
1732437721523348346,1
1732437721523348346,1
1732437721533962787,1
1732437721533962787,1
1732437721544468586,1
1732437721544468586,1
1732437721554868509,1
1732437721554868509,1
1732437721565346991,1
1732437721565346991,1
1732437721575940088,1
1732437721575940088,1
1732437721586123215,1
1732437721586123215,1
1732437721596324468,1
1732437721596324468,1
1732437721606870011,1
1732437721606870011,1
1732437721616881335,1
1732437721616881335,1
1732437721627143821,1
1732437721627143821,1
1732437721637416687,1
1732437721637416687,1
1732437721647840775,1
1732437721647840775,1
1732437721658276976,1
1732437721658276976,1
1732437721668674402,1
1732437721668674402,1
1732437721678907055,1
1732437721678907055,1
1732437721689134988,1
1732437721689134988,1
1732437721699375766,1
1732437721699375766,1
1732437721710814870,1
1732437721710814870,1
1732437721721089710,1
1732437721721089710,1
1732437721731789881,1
1732437721731789881,1
1732437721742065714,1
1732437721742065714,1
1732437721752537488,1
1732437721752537488,1
1732437721763152888,1
1732437721763152888,1
1732437721773641970,1
1732437721773641970,1
1732437721784159682,1
1732437721784159682,1
1732437721794827587,1
1732437721794827587,1
1732437721805369760,1
1732437721805369760,1
1732437721815718226,1
1732437721815718226,1
1732437721825985984,1
1732437721825985984,1
1732437721836277565,1
1732437721836277565,1
1732437721846530332,1
1732437721846530332,1
1732437721857084912,1
1732437721857084912,1
1732437721867352379,1
1732437721867352379,1
1732437721877376003,1
1732437721877376003,1
1732437721887627087,1
1732437721887627087,1
1732437721898233576,1
1732437721898233576,1
1732437721908758640,1
1732437721908758640,1
1732437721919109722,1
1732437721919109722,1
1732437721929282501,1
1732437721929282501,1
1732437721939625678,1
1732437721939625678,1
1732437721950111019,1
1732437721950111019,1
1732437721961104445,1
1732437721961104445,1
1732437721971660849,1
1732437721971660849,1
1732437721982088604,1
1732437721982088604,1
1732437721992854045,1
1732437721992854045,1
1732437722003391891,1
1732437722003391891,1
1732437722013698142,1
1732437722013698142,1
1732437722024286956,1
1732437722024286956,1
1732437722034570011,1
1732437722034570011,1
1732437722044707346,1
1732437722044707346,1
1732437722054990961,1
1732437722054990961,1
1732437722065226017,1
1732437722065226017,1
1732437722075904116,1
1732437722075904116,1
1732437722086130958,1
1732437722086130958,1
1732437722096341357,1
1732437722096341357,1
1732437722106594328,1
1732437722106594328,1
1732437722117234505,1
1732437722117234505,1
1732437722128293795,1
1732437722128293795,1
1732437722138631112,1
1732437722138631112,1
1732437722148675073,1
1732437722148675073,1
1732437722158972765,1
1732437722158972765,1
1732437722169351298,1
1732437722169351298,1
1732437722179462083,1
1732437722179462083,1
1732437722189773861,1
1732437722189773861,1
1732437722200427614,1
1732437722200427614,1
1732437722210565139,1
1732437722210565139,1
1732437722220957358,1
1732437722220957358,1
1732437722231503292,1
1732437722231503292,1
1732437722242445142,1
1732437722242445142,1
1732437722253166093,1
1732437722253166093,1
1732437722263634691,1
1732437722263634691,1
1732437722273946190,1
1732437722273946190,1
1732437722284537727,1
1732437722284537727,1
1732437722295079886,1
1732437722295079886,1
1732437722305270469,1
1732437722305270469,1
1732437722315413535,1
1732437722315413535,1
1732437722325638531,1
1732437722325638531,1
1732437722335924172,1
1732437722335924172,1
1732437722346256548,1
1732437722346256548,1
1732437722356459937,1
1732437722356459937,1
1732437722367064771,1
1732437722367064771,1
1732437722377493967,1
1732437722377493967,1
1732437722387722742,1
1732437722387722742,1
1732437722398205004,1
1732437722398205004,1
1732437722408570757,1
1732437722408570757,1
1732437722418918683,1
1732437722418918683,1
1732437722429240499,1
1732437722429240499,1
1732437722439391245,1
1732437722439391245,1
1732437722452661367,1
1732437722452661367,1
1732437722463200598,1
1732437722463200598,1
1732437722473248568,1
1732437722473248568,1
1732437722483582343,1
1732437722483582343,1
1732437722493820709,1
1732437722493820709,1
1732437722504231261,1
1732437722504231261,1
1732437722514456098,1
1732437722514456098,1
1732437722525501892,1
1732437722525501892,1
1732437722535707825,1
1732437722535707825,1
1732437722545845625,1
1732437722545845625,1
1732437722556075475,1
1732437722556075475,1
1732437722566875499,1
1732437722566875499,1
1732437722576906278,1
1732437722576906278,1
1732437722587188370,1
1732437722587188370,1
1732437722597391769,1
1732437722597391769,1
1732437722607724326,1
1732437722607724326,1
1732437722617817247,1
1732437722617817247,1
1732437722628119017,1
1732437722628119017,1
1732437722638713683,1
1732437722638713683,1
1732437722649135287,1
1732437722649135287,1
1732437722659733266,1
1732437722659733266,1
1732437722669867966,1
1732437722669867966,1
1732437722680579297,1
1732437722680579297,1
1732437722690763265,1
1732437722690763265,1
1732437722701370027,1
1732437722701370027,1
1732437722712111344,1
1732437722712111344,1
1732437722722804231,1
1732437722722804231,1
1732437722732964096,1
1732437722732964096,1
1732437722743121258,1
1732437722743121258,1
1732437722753170069,1
1732437722753170069,1
1732437722763601290,1
1732437722763601290,1
1732437722774042478,1
1732437722774042478,1
1732437722784493165,1
1732437722784493165,1
1732437722795377679,1
1732437722795377679,1
1732437722805559606,1
1732437722805559606,1
1732437722816141207,1
1732437722816141207,1
1732437722827522303,1
1732437722827522303,1
1732437722837985534,1
1732437722837985534,1
1732437722848599634,1
1732437722848599634,1
1732437722858934512,1
1732437722858934512,1
1732437722869710528,1
1732437722869710528,1
1732437722879957816,1
1732437722879957816,1
1732437722890615458,1
1732437722890615458,1
1732437722900924632,1
1732437722900924632,1
1732437722911328732,1
1732437722911328732,1
1732437722921787755,1
1732437722921787755,1
1732437722932356371,1
1732437722932356371,1
1732437722942552101,1
1732437722942552101,1
1732437722953055489,1
1732437722953055489,1
1732437722963492240,1
1732437722963492240,1
1732437722973958717,1
1732437722973958717,1
1732437722984476208,1
1732437722984476208,1
1732437722994857583,1
1732437722994857583,1
1732437723005057337,1
1732437723005057337,1
1732437723015392629,1
1732437723015392629,1
1732437723025740985,1
1732437723025740985,1
1732437723036570867,1
1732437723036570867,1
1732437723049231482,1
1732437723049231482,1
1732437723059448294,1
1732437723059448294,1
1732437723069949215,1
1732437723069949215,1
1732437723080264968,1
1732437723080264968,1
1732437723090822937,1
1732437723090822937,1
1732437723101081527,1
1732437723101081527,1
1732437723111896932,1
1732437723111896932,1
1732437723122369230,1
1732437723122369230,1
1732437723132801644,1
1732437723132801644,1
1732437723143249515,1
1732437723143249515,1
1732437723153260550,1
1732437723153260550,1
1732437723163392284,1
1732437723163392284,1
1732437723173681656,1
1732437723173681656,1
1732437723183808130,1
1732437723183808130,1
1732437723194168939,1
1732437723194168939,1
1732437723204713591,1
1732437723204713591,1
1732437723214904496,1
1732437723214904496,1
1732437723225341248,1
1732437723225341248,1
1732437723235532261,1
1732437723235532261,1
1732437723245793958,1
1732437723245793958,1
1732437723256324574,1
1732437723256324574,1
1732437723266482466,1
1732437723266482466,1
1732437723277170063,1
1732437723277170063,1
1732437723287865075,1
1732437723287865075,1
1732437723297953049,1
1732437723297953049,1
1732437723308299001,1
1732437723308299001,1
1732437723318435043,1
1732437723318435043,1
1732437723328826078,1
1732437723328826078,1
1732437723339329675,1
1732437723339329675,1
1732437723349633078,1
1732437723349633078,1
1732437723360012392,1
1732437723360012392,1
1732437723370498846,1
1732437723370498846,1
1732437723380631061,1
1732437723380631061,1
1732437723391130459,1
1732437723391130459,1
1732437723401927079,1
1732437723401927079,1
1732437723412101152,1
1732437723412101152,1
1732437723422569192,1
1732437723422569192,1
1732437723432667413,1
1732437723432667413,1
1732437723443637375,1
1732437723443637375,1
1732437723453949974,1
1732437723453949974,1
1732437723464910992,1
1732437723464910992,1
1732437723475213663,1
1732437723475213663,1
1732437723485815802,1
1732437723485815802,1
1732437723496466701,1
1732437723496466701,1
1732437723507155488,1
1732437723507155488,1
1732437723517352687,1
1732437723517352687,1
1732437723527670918,1
1732437723527670918,1
1732437723537783236,1
1732437723537783236,1
1732437723548114081,1
1732437723548114081,1
1732437723558437401,1
1732437723558437401,1
1732437723568769087,1
1732437723568769087,1
1732437723579384330,1
1732437723579384330,1
1732437723590198453,1
1732437723590198453,1
1732437723600283831,1
1732437723600283831,1
1732437723611117290,1
1732437723611117290,1
1732437723621703168,1
1732437723621703168,1
1732437723631987806,1
1732437723631987806,1
1732437723642170776,1
1732437723642170776,1
1732437723652905982,1
1732437723652905982,1
1732437723663244962,1
1732437723663244962,1
1732437723673616082,1
1732437723673616082,1
1732437723683997259,1
1732437723683997259,1
1732437723694644350,1
1732437723694644350,1
1732437723704915765,1
1732437723704915765,1
1732437723715209389,1
1732437723715209389,1
1732437723725655729,1
1732437723725655729,1
1732437723736024644,1
1732437723736024644,1
1732437723746589322,1
1732437723746589322,1
1732437723756910068,1
1732437723756910068,1
1732437723766975120,1
1732437723766975120,1
1732437723777179675,1
1732437723777179675,1
1732437723787534748,1
1732437723787534748,1
1732437723797694845,1
1732437723797694845,1
1732437723808000643,1
1732437723808000643,1
1732437723818417105,1
1732437723818417105,1
1732437723829087130,1
1732437723829087130,1
1732437723839465754,1
1732437723839465754,1
1732437723849947389,1
1732437723849947389,1
1732437723860169752,1
1732437723860169752,1
1732437723870614898,1
1732437723870614898,1
1732437723880883456,1
1732437723880883456,1
1732437723891085682,1
1732437723891085682,1
1732437723901528414,1
1732437723901528414,1
1732437723911790790,1
1732437723911790790,1
1732437723922144164,1
1732437723922144164,1
1732437723932520606,1
1732437723932520606,1
1732437723942674161,1
1732437723942674161,1
1732437723953192924,1
1732437723953192924,1
1732437723963535661,1
1732437723963535661,1
1732437723974274004,1
1732437723974274004,1
1732437723984624203,1
1732437723984624203,1
1732437723994838060,1
1732437723994838060,1
1732437724005332097,1
1732437724005332097,1
1732437724015759582,1
1732437724015759582,1
1732437724026002432,1
1732437724026002432,1
1732437724036604026,1
1732437724036604026,1
1732437724046967735,1
1732437724046967735,1
1732437724056984887,1
1732437724056984887,1
1732437724067242845,1
1732437724067242845,1
1732437724077527303,1
1732437724077527303,1
1732437724087840083,1
1732437724087840083,1
1732437724098537420,1
1732437724098537420,1
1732437724112046933,1
1732437724112046933,1
1732437724122423141,1
1732437724122423141,1
1732437724132651424,1
1732437724132651424,1
1732437724143133778,1
1732437724143133778,1
1732437724143133778,1
1732437724143133778,1
1732437724163544233,1
1732437724163544233,1
1732437724174127117,1
1732437724174127117,1
1732437724184594715,1
1732437724184594715,1
1732437724195253015,1
1732437724195253015,1
1732437724205454944,1
1732437724205454944,1
1732437724216015204,1
1732437724216015204,1
1732437724226300450,1
1732437724226300450,1
1732437724237077749,1
1732437724237077749,1
1732437724247289632,1
1732437724247289632,1
1732437724257682031,1
1732437724257682031,1
1732437724267943817,1
1732437724267943817,1
1732437724278452833,1
1732437724278452833,1
1732437724288744764,1
1732437724288744764,1
1732437724299392008,1
1732437724299392008,1
1732437724309622305,1
1732437724309622305,1
1732437724319995919,1
1732437724319995919,1
1732437724330462963,1
1732437724330462963,1
1732437724341436817,1
1732437724341436817,1
1732437724352055706,1
1732437724352055706,1
1732437724362456662,1
1732437724362456662,1
1732437724372886276,1
1732437724372886276,1
1732437724383455043,1
1732437724383455043,1
1732437724393666298,1
1732437724393666298,1
1732437724403679703,1
1732437724403679703,1
1732437724414199859,1
1732437724414199859,1
1732437724424910438,1
1732437724424910438,1
1732437724435511347,1
1732437724435511347,1
1732437724446291034,1
1732437724446291034,1
1732437724456455931,1
1732437724456455931,1
1732437724467176580,1
1732437724467176580,1
1732437724477337369,1
1732437724477337369,1
1732437724487576061,1
1732437724487576061,1
1732437724497721201,1
1732437724497721201,1
1732437724508077769,1
1732437724508077769,1
1732437724518248800,1
1732437724518248800,1
1732437724528868332,1
1732437724528868332,1
1732437724539453408,1
1732437724539453408,1
1732437724551700785,1
1732437724551700785,1
1732437724562355151,1
1732437724562355151,1
1732437724572863316,1
1732437724572863316,1
1732437724582947882,1
1732437724582947882,1
1732437724593080036,1
1732437724593080036,1
1732437724603360759,1
1732437724603360759,1
1732437724613999545,1
1732437724613999545,1
1732437724624244139,1
1732437724624244139,1
1732437724634812906,1
1732437724634812906,1
1732437724645608555,1
1732437724645608555,1
1732437724656221954,1
1732437724656221954,1
1732437724667004415,1
1732437724667004415,1
1732437724677103823,1
1732437724677103823,1
1732437724687355186,1
1732437724687355186,1
1732437724697745555,1
1732437724697745555,1
1732437724708270330,1
1732437724708270330,1
1732437724718461664,1
1732437724718461664,1
1732437724728975789,1
1732437724728975789,1
1732437724739594350,1
1732437724739594350,1
1732437724750268732,1
1732437724750268732,1
1732437724760702588,1
1732437724760702588,1
1732437724771203951,1
1732437724771203951,1
1732437724781777976,1
1732437724781777976,1
1732437724792252388,1
1732437724792252388,1
1732437724802486121,1
1732437724802486121,1
1732437724812893449,1
1732437724812893449,1
1732437724823511647,1
1732437724823511647,1
1732437724833933732,1
1732437724833933732,1
1732437724844630686,1
1732437724844630686,1
1732437724855412108,1
1732437724855412108,1
1732437724866375930,1
1732437724866375930,1
1732437724877016059,1
1732437724877016059,1
1732437724887143104,1
1732437724887143104,1
1732437724897387938,1
1732437724897387938,1
1732437724908001789,1
1732437724908001789,1
1732437724918148819,1
1732437724918148819,1
1732437724928509598,1
1732437724928509598,1
1732437724938787299,1
1732437724938787299,1
1732437724949105569,1
1732437724949105569,1
1732437724959449408,1
1732437724959449408,1
1732437724969867705,1
1732437724969867705,1
1732437724980153175,1
1732437724980153175,1
1732437724990530522,1
1732437724990530522,1
1732437725001201364,1
1732437725001201364,1
1732437725011439485,1
1732437725011439485,1
1732437725021852511,1
1732437725021852511,1
1732437725032146358,1
1732437725032146358,1
1732437725042618205,1
1732437725042618205,1
1732437725053218289,1
1732437725053218289,1
1732437725063513858,1
1732437725063513858,1
1732437725073710223,1
1732437725073710223,1
1732437725084501754,1
1732437725084501754,1
1732437725094731070,1
1732437725094731070,1
1732437725094731070,1
1732437725094731070,1
1732437725115489087,1
1732437725115489087,1
1732437725126470612,1
1732437725126470612,1
1732437725137001318,1
1732437725137001318,1
1732437725137001318,1
1732437725137001318,1
1732437725158989484,1
1732437725158989484,1
1732437725169507886,1
1732437725169507886,1
1732437725179912107,1
1732437725179912107,1
1732437725190135559,1
1732437725190135559,1
1732437725200605926,1
1732437725200605926,1
1732437725211171578,1
1732437725211171578,1
1732437725221764730,1
1732437725221764730,1
1732437725232433482,1
1732437725232433482,1
1732437725242467145,1
1732437725242467145,1
1732437725252859092,1
1732437725252859092,1
1732437725263408144,1
1732437725263408144,1
1732437725273904506,1
1732437725273904506,1
1732437725284631817,1
1732437725284631817,1
1732437725294919722,1
1732437725294919722,1
1732437725305811849,1
1732437725305811849,1
1732437725316297982,1
1732437725316297982,1
1732437725327237870,1
1732437725327237870,1
1732437725337663270,1
1732437725337663270,1
1732437725348338536,1
1732437725348338536,1
1732437725358543576,1
1732437725358543576,1
1732437725369171191,1
1732437725369171191,1
1732437725379704704,1
1732437725379704704,1
1732437725389783669,1
1732437725389783669,1
1732437725400251059,1
1732437725400251059,1
1732437725410442754,1
1732437725410442754,1
1732437725421020918,1
1732437725421020918,1
1732437725431312500,1
1732437725431312500,1
1732437725441604432,1
1732437725441604432,1
1732437725452414537,1
1732437725452414537,1
1732437725462569585,1
1732437725462569585,1
1732437725473164340,1
1732437725473164340,1
1732437725484375231,1
1732437725484375231,1
1732437725494757180,1
1732437725494757180,1
1732437725505234546,1
1732437725505234546,1
1732437725515450278,1
1732437725515450278,1
1732437725526086330,1
1732437725526086330,1
1732437725536403229,1
1732437725536403229,1
1732437725547300887,1
1732437725547300887,1
1732437725557398227,1
1732437725557398227,1
1732437725567549900,1
1732437725567549900,1
1732437725578134806,1
1732437725578134806,1
1732437725588520453,1
1732437725588520453,1
1732437725599532223,1
1732437725599532223,1
1732437725609899494,1
1732437725609899494,1
1732437725620601280,1
1732437725620601280,1
1732437725631170567,1
1732437725631170567,1
1732437725641623725,1
1732437725641623725,1
1732437725652170165,1
1732437725652170165,1
1732437725662636240,1
1732437725662636240,1
1732437725672986278,1
1732437725672986278,1
1732437725683092928,1
1732437725683092928,1
1732437725693211057,1
1732437725693211057,1
1732437725703472904,1
1732437725703472904,1
1732437725713779753,1
1732437725713779753,1
1732437725724011465,1
1732437725724011465,1
1732437725734432276,1
1732437725734432276,1
1732437725744780542,1
1732437725744780542,1
1732437725755060664,1
1732437725755060664,1
1732437725765410303,1
1732437725765410303,1
1732437725775746008,1
1732437725775746008,1
1732437725786129760,1
1732437725786129760,1
1732437725796361590,1
1732437725796361590,1
1732437725806694900,1
1732437725806694900,1
1732437725817306075,1
1732437725817306075,1
1732437725827515774,1
1732437725827515774,1
1732437725837840287,1
1732437725837840287,1
1732437725848437077,1
1732437725848437077,1
1732437725860029447,1
1732437725860029447,1
1732437725870327009,1
1732437725870327009,1
1732437725880887229,1
1732437725880887229,1
1732437725891130662,1
1732437725891130662,1
1732437725901913436,1
1732437725901913436,1
1732437725913642611,1
1732437725913642611,1
1732437725924083600,1
1732437725924083600,1
1732437725934614415,1
1732437725934614415,1
1732437725945083138,1
1732437725945083138,1
1732437725945083138,1
1732437725966116708,1
1732437725966116708,1
1732437725976730729,1
1732437725976730729,1
1732437725987073983,1
1732437725987073983,1
1732437725997187117,1
1732437725997187117,1
1732437726007590296,1
1732437726007590296,1
1732437726018066320,1
1732437726018066320,1
1732437726028464130,1
1732437726028464130,1
1732437726038877797,1
1732437726038877797,1
1732437726049024450,1
1732437726049024450,1
1732437726059167892,1
1732437726059167892,1
1732437726069532102,1
1732437726069532102,1
1732437726079692798,1
1732437726079692798,1
1732437726090385207,1
1732437726090385207,1
1732437726100495293,1
1732437726100495293,1
1732437726111545263,1
1732437726111545263,1
1732437726121766084,1
1732437726121766084,1
1732437726132764129,1
1732437726132764129,1
1732437726142861255,1
1732437726142861255,1
1732437726153277573,1
1732437726153277573,1
1732437726163655384,1
1732437726163655384,1
1732437726174056670,1
1732437726174056670,1
1732437726184559144,1
1732437726184559144,1
1732437726194965029,1
1732437726194965029,1
1732437726205051224,1
1732437726205051224,1
1732437726215502537,1
1732437726215502537,1
1732437726226092550,1
1732437726226092550,1
1732437726236611505,1
1732437726236611505,1
1732437726247217283,1
1732437726247217283,1
1732437726257444105,1
1732437726257444105,1
1732437726267789577,1
1732437726267789577,1
1732437726278043429,1
1732437726278043429,1
1732437726288291225,1
1732437726298594441,1
1732437726298594441,1
1732437726298594441,1
1732437726309049688,1
1732437726309049688,1
1732437726319465470,1
1732437726319465470,1
1732437726329728901,1
1732437726329728901,1
1732437726340135411,1
1732437726340135411,1
1732437726350441922,1
1732437726350441922,1
1732437726360891870,1
1732437726360891870,1
1732437726371062117,1
1732437726371062117,1
1732437726381598995,1
1732437726381598995,1
1732437726392398651,1
1732437726392398651,1
1732437726403006631,1
1732437726403006631,1
1732437726413229984,1
1732437726413229984,1
1732437726423718590,1
1732437726423718590,1
1732437726433999004,1
1732437726433999004,1
1732437726444146124,1
1732437726444146124,1
1732437726454547663,1
1732437726454547663,1
1732437726465253596,1
1732437726465253596,1
1732437726475855915,1
1732437726475855915,1
1732437726486939641,1
1732437726486939641,1
1732437726497189464,1
1732437726497189464,1
1732437726507367796,1
1732437726507367796,1
1732437726517654267,1
1732437726517654267,1
1732437726528593472,1
1732437726528593472,1
1732437726539029854,1
1732437726539029854,1
1732437726549609737,1
1732437726549609737,1
1732437726559958987,1
1732437726559958987,1
1732437726570620429,1
1732437726570620429,1
1732437726580944559,1
1732437726580944559,1
1732437726591118304,1
1732437726591118304,1
1732437726601402022,1
1732437726601402022,1
1732437726612108584,1
1732437726612108584,1
1732437726622496847,1
1732437726622496847,1
1732437726632839142,1
1732437726632839142,1
1732437726644302169,1
1732437726644302169,1
1732437726654561383,1
1732437726654561383,1
1732437726665025044,1
1732437726665025044,1
1732437726675559458,1
1732437726675559458,1
1732437726685751183,1
1732437726685751183,1
1732437726696303761,1
1732437726696303761,1
1732437726707011746,1
1732437726707011746,1
1732437726717012318,1
1732437726717012318,1
1732437726727433269,1
1732437726727433269,1
1732437726737837803,1
1732437726737837803,1
1732437726748008148,1
1732437726748008148,1
1732437726758520651,1
1732437726758520651,1
1732437726769244335,1
1732437726769244335,1
1732437726779705953,1
1732437726779705953,1
1732437726789907177,1
1732437726789907177,1
1732437726800764329,1
1732437726800764329,1
1732437726811248760,1
1732437726811248760,1
1732437726821786699,1
1732437726821786699,1
1732437726832169733,1
1732437726832169733,1
1732437726842317706,1
1732437726842317706,1
1732437726852919265,1
1732437726852919265,1
1732437726863601152,1
1732437726863601152,1
1732437726874402693,1
1732437726874402693,1
1732437726884645893,1
1732437726884645893,1
1732437726895107562,1
1732437726895107562,1
1732437726905542991,1
1732437726905542991,1
1732437726916151351,1
1732437726916151351,1
1732437726926466036,1
1732437726926466036,1
1732437726936593051,1
1732437726936593051,1
1732437726951506697,1
1732437726951506697,1
1732437726961999271,1
1732437726961999271,1
1732437726972281977,1
1732437726972281977,1
1732437726982746970,1
1732437726982746970,1
1732437726992992718,1
1732437726992992718,1
1732437727003436872,1
1732437727003436872,1
1732437727014024194,1
1732437727014024194,1
1732437727024169354,1
1732437727024169354,1
1732437727034626522,1
1732437727034626522,1
1732437727045010687,1
1732437727045010687,1
1732437727055510195,1
1732437727055510195,1
1732437727066052674,1
1732437727066052674,1
1732437727076536031,1
1732437727076536031,1
1732437727086952696,1
1732437727086952696,1
1732437727097399015,1
1732437727097399015,1
1732437727107447887,1
1732437727107447887,1
1732437727117910545,1
1732437727117910545,1
1732437727128596932,1
1732437727128596932,1
1732437727138981195,1
1732437727138981195,1
1732437727149278619,1
1732437727149278619,1
1732437727159710360,1
1732437727159710360,1
1732437727170136253,1
1732437727170136253,1
1732437727180522359,1
1732437727180522359,1
1732437727190839079,1
1732437727190839079,1
1732437727201216191,1
1732437727201216191,1
1732437727211781831,1
1732437727211781831,1
1732437727222386074,1
1732437727222386074,1
1732437727232827265,1
1732437727232827265,1
1732437727243036754,1
1732437727243036754,1
1732437727253280356,1
1732437727253280356,1
1732437727263747685,1
1732437727263747685,1
1732437727274007767,1
1732437727274007767,1
1732437727284300663,1
1732437727284300663,1
1732437727294766978,1
1732437727294766978,1
1732437727305112722,1
1732437727305112722,1
1732437727315761286,1
1732437727315761286,1
1732437727327404402,1
1732437727327404402,1
1732437727337711992,1
1732437727337711992,1
1732437727350689905,1
1732437727350689905,1
1732437727361189116,1
1732437727361189116,1
1732437727371908153,1
1732437727371908153,1
1732437727382201768,1
1732437727382201768,1
1732437727392854281,1
1732437727392854281,1
1732437727403809887,1
1732437727403809887,1
1732437727414234076,1
1732437727414234076,1
1732437727424884746,1
1732437727424884746,1
1732437727435138096,1
1732437727435138096,1
1732437727445534583,1
1732437727445534583,1
1732437727455700631,1
1732437727455700631,1
1732437727465938894,1
1732437727465938894,1
1732437727476467466,1
1732437727476467466,1
1732437727486991381,1
1732437727486991381,1
1732437727497549437,1
1732437727497549437,1
1732437727507965388,1
1732437727507965388,1
1732437727518306901,1
1732437727518306901,1
1732437727528683846,1
1732437727528683846,1
1732437727539245350,1
1732437727539245350,1
1732437727549537763,1
1732437727549537763,1
1732437727559927687,1
1732437727559927687,1
1732437727570499531,1
1732437727570499531,1
1732437727580739167,1
1732437727580739167,1
1732437727590984271,1
1732437727590984271,1
1732437727590984271,1
1732437727601162122,1
1732437727611486571,1
1732437727611486571,1
1732437727621869486,1
1732437727621869486,1
1732437727632476454,1
1732437727632476454,1
1732437727642679842,1
1732437727642679842,1
1732437727652882107,1
1732437727652882107,1
1732437727663094603,1
1732437727663094603,1
1732437727673145697,1
1732437727673145697,1
1732437727683608367,1
1732437727683608367,1
1732437727694137581,1
1732437727694137581,1
1732437727704746363,1
1732437727704746363,1
1732437727715130787,1
1732437727715130787,1
1732437727725579521,1
1732437727725579521,1
1732437727735674708,1
1732437727735674708,1
1732437727746080252,1
1732437727746080252,1
1732437727756778140,1
1732437727756778140,1
1732437727766892801,1
1732437727766892801,1
1732437727776989863,1
1732437727776989863,1
1732437727787226501,1
1732437727787226501,1
1732437727797883603,1
1732437727797883603,1
1732437727808621314,1
1732437727808621314,1
1732437727819947676,1
1732437727819947676,1
1732437727830326794,1
1732437727830326794,1
1732437727840776360,1
1732437727840776360,1
1732437727851319269,1
1732437727851319269,1
1732437727861930365,1
1732437727861930365,1
1732437727872129224,1
1732437727872129224,1
1732437727882509101,1
1732437727882509101,1
1732437727892935724,1
1732437727892935724,1
1732437727903172423,1
1732437727903172423,1
1732437727913669568,1
1732437727913669568,1
1732437727924136725,1
1732437727924136725,1
1732437727934484552,1
1732437727934484552,1
1732437727944928657,1
1732437727944928657,1
1732437727955100343,1
1732437727955100343,1
1732437727965637995,1
1732437727965637995,1
1732437727975776790,1
1732437727975776790,1
1732437727985969351,1
1732437727985969351,1
1732437727996167550,1
1732437727996167550,1
1732437728006608299,1
1732437728006608299,1
1732437728017038639,1
1732437728017038639,1
1732437728027065199,1
1732437728027065199,1
1732437728037280297,1
1732437728037280297,1
1732437728037280297,1
1732437728047831633,1
1732437728058403101,1
1732437728058403101,1
1732437728068904166,1
1732437728068904166,1
1732437728079504361,1
1732437728079504361,1
1732437728090149992,1
1732437728090149992,1
1732437728100616728,1
1732437728100616728,1
1732437728111446151,1
1732437728111446151,1
1732437728121861864,1
1732437728121861864,1
1732437728132747419,1
1732437728132747419,1
1732437728142976406,1
1732437728142976406,1
1732437728153238001,1
1732437728153238001,1
1732437728163529333,1
1732437728163529333,1
1732437728174202354,1
1732437728174202354,1
1732437728184619308,1
1732437728184619308,1
1732437728195180673,1
1732437728195180673,1
1732437728206019922,1
1732437728206019922,1
1732437728216255080,1
1732437728216255080,1
1732437728227424183,1
1732437728227424183,1
1732437728237805391,1
1732437728237805391,1
1732437728247994203,1
1732437728247994203,1
1732437728258699493,1
1732437728258699493,1
1732437728268805932,1
1732437728268805932,1
1732437728278907608,1
1732437728278907608,1
1732437728289130354,1
1732437728289130354,1
1732437728299334314,1
1732437728299334314,1
1732437728309614785,1
1732437728309614785,1
1732437728320243173,1
1732437728320243173,1
1732437728330617219,1
1732437728330617219,1
1732437728351342558,1
1732437728351342558,1
1732437728351342558,1
1732437728351342558,1
1732437728361754830,1
1732437728361754830,1
1732437728372342876,1
1732437728372342876,1
1732437728382728604,1
1732437728382728604,1
1732437728393008102,1
1732437728393008102,1
1732437728403531523,1
1732437728403531523,1
1732437728413983356,1
1732437728413983356,1
1732437728424435817,1
1732437728424435817,1
1732437728434702323,1
1732437728434702323,1
1732437728445108758,1
1732437728445108758,1
1732437728455373811,1
1732437728455373811,1
1732437728465594722,1
1732437728465594722,1
1732437728475764146,1
1732437728475764146,1
1732437728486044778,1
1732437728486044778,1
1732437728496137450,1
1732437728496137450,1
1732437728506536291,1
1732437728506536291,1
1732437728517131926,1
1732437728517131926,1
1732437728527357989,1
1732437728527357989,1
1732437728537844654,1
1732437728537844654,1
1732437728548444288,1
1732437728548444288,1
1732437728558702375,1
1732437728558702375,1
1732437728568865843,1
1732437728568865843,1
1732437728579468242,1
1732437728579468242,1
1732437728589701656,1
1732437728589701656,1
1732437728599827119,1
1732437728599827119,1
1732437728610074328,1
1732437728610074328,1
1732437728620489751,1
1732437728620489751,1
1732437728630882510,1
1732437728630882510,1
1732437728641117197,1
1732437728641117197,1
1732437728653824479,1
1732437728653824479,1
1732437728664241034,1
1732437728664241034,1
1732437728674848184,1
1732437728674848184,1
1732437728685160122,1
1732437728685160122,1
1732437728695997310,1
1732437728695997310,1
1732437728706281688,1
1732437728706281688,1
1732437728716376062,1
1732437728716376062,1
1732437728727107703,1
1732437728727107703,1
1732437728737154930,1
1732437728737154930,1
1732437728747208109,1
1732437728747208109,1
1732437728757423260,1
1732437728757423260,1
1732437728767868587,1
1732437728767868587,1
1732437728778219370,1
1732437728778219370,1
1732437728788943591,1
1732437728788943591,1
1732437728799194238,1
1732437728799194238,1
1732437728809322089,1
1732437728809322089,1
1732437728819766605,1
1732437728819766605,1
1732437728830322208,1
1732437728830322208,1
1732437728840498004,1
1732437728840498004,1
1732437728850731298,1
1732437728850731298,1
1732437728861238502,1
1732437728861238502,1
1732437728871402535,1
1732437728871402535,1
1732437728881975942,1
1732437728881975942,1
1732437728892727665,1
1732437728892727665,1
1732437728903191522,1
1732437728903191522,1
1732437728913561426,1
1732437728913561426,1
1732437728924120368,1
1732437728924120368,1
1732437728934409807,1
1732437728934409807,1
1732437728944835958,1
1732437728944835958,1
1732437728955071626,1
1732437728955071626,1
1732437728965725222,1
1732437728965725222,1
1732437728976207998,1
1732437728976207998,1
1732437728986590480,1
1732437728986590480,1
1732437728997240527,1
1732437728997240527,1
1732437729007720851,1
1732437729007720851,1
1732437729017925471,1
1732437729017925471,1
1732437729028182688,1
1732437729028182688,1
1732437729038699329,1
1732437729038699329,1
1732437729059667229,1
1732437729070204879,1
1732437729070204879,1
1732437729070204879,1
1732437729080741305,1
1732437729080741305,1
1732437729091133966,1
1732437729091133966,1
1732437729101176876,1
1732437729101176876,1
1732437729111498363,1
1732437729111498363,1
1732437729121896494,1
1732437729132295917,1
1732437729132295917,1
1732437729132295917,1
1732437729152389149,1
1732437729152389149,1
1732437729152389149,1
1732437729152389149,1
1732437729162585104,1
1732437729162585104,1
1732437729174034126,1
1732437729174034126,1
1732437729184490626,1
1732437729184490626,1
1732437729195066978,1
1732437729195066978,1
1732437729205270836,1
1732437729205270836,1
1732437729215687331,1
1732437729215687331,1
1732437729226197730,1
1732437729226197730,1
1732437729236468031,1
1732437729236468031,1
1732437729246847417,1
1732437729246847417,1
1732437729257443947,1
1732437729257443947,1
1732437729267811670,1
1732437729267811670,1
1732437729278310447,1
1732437729278310447,1
1732437729288740468,1
1732437729288740468,1
1732437729299214549,1
1732437729299214549,1
1732437729309699270,1
1732437729309699270,1
1732437729320235978,1
1732437729320235978,1
1732437729330891727,1
1732437729330891727,1
1732437729341358495,1
1732437729341358495,1
1732437729353115151,1
1732437729353115151,1
1732437729363510582,1
1732437729363510582,1
1732437729373629396,1
1732437729373629396,1
1732437729383887236,1
1732437729383887236,1
1732437729394206891,1
1732437729394206891,1
1732437729405473554,1
1732437729405473554,1
1732437729415923942,1
1732437729415923942,1
1732437729426284002,1
1732437729426284002,1
1732437729437007556,1
1732437729437007556,1
1732437729447222296,1
1732437729447222296,1
1732437729457490786,1
1732437729457490786,1
1732437729467613259,1
1732437729467613259,1
1732437729478339944,1
1732437729478339944,1
1732437729488812343,1
1732437729488812343,1
1732437729499024717,1
1732437729499024717,1
1732437729499024717,1
1732437729499024717,1
1732437729519809888,1
1732437729519809888,1
1732437729530483729,1
1732437729530483729,1
1732437729540839822,1
1732437729540839822,1
1732437729551176419,1
1732437729551176419,1
1732437729561278437,1
1732437729561278437,1
1732437729571903420,1
1732437729571903420,1
1732437729582040956,1
1732437729582040956,1
1732437729582040956,1
1732437729582040956,1
1732437729603334587,1
1732437729603334587,1
1732437729613962328,1
1732437729613962328,1
1732437729624178659,1
1732437729624178659,1
1732437729634690341,1
1732437729634690341,1
1732437729644910230,1
1732437729644910230,1
1732437729654967156,1
1732437729654967156,1
1732437729665065755,1
1732437729665065755,1
1732437729675311804,1
1732437729675311804,1
1732437729685427623,1
1732437729685427623,1
1732437729695601165,1
1732437729695601165,1
1732437729705814862,1
1732437729705814862,1
1732437729716201522,1
1732437729716201522,1
1732437729726374412,1
1732437729726374412,1
1732437729737045159,1
1732437729737045159,1
1732437729747423503,1
1732437729747423503,1
1732437729757702431,1
1732437729757702431,1
1732437729768232877,1
1732437729768232877,1
1732437729778587514,1
1732437729778587514,1
1732437729788949079,1
1732437729788949079,1
1732437729799087416,1
1732437729799087416,1
1732437729809215746,1
1732437729809215746,1
1732437729820072097,1
1732437729820072097,1
1732437729830835937,1
1732437729830835937,1
1732437729841271137,1
1732437729841271137,1
1732437729851758081,1
1732437729851758081,1
1732437729862445058,1
1732437729862445058,1
1732437729873258000,1
1732437729873258000,1
1732437729883407607,1
1732437729883407607,1
1732437729893753351,1
1732437729893753351,1
1732437729904118450,1
1732437729904118450,1
1732437729914721159,1
1732437729914721159,1
1732437729925295939,1
1732437729925295939,1
1732437729935923355,1
1732437729935923355,1
1732437729946891785,1
1732437729946891785,1
1732437729957046603,1
1732437729957046603,1
1732437729967074746,1
1732437729967074746,1
1732437729977382499,1
1732437729977382499,1
1732437729987581828,1
1732437729987581828,1
1732437729998348050,1
1732437729998348050,1
1732437730009495477,1
1732437730009495477,1
1732437730020128042,1
1732437730020128042,1
1732437730030492480,1
1732437730030492480,1
1732437730040694076,1
1732437730040694076,1
1732437730053123120,1
1732437730053123120,1
1732437730063569070,1
1732437730063569070,1
1732437730073821970,1
1732437730073821970,1
1732437730084164513,1
1732437730084164513,1
1732437730094786914,1
1732437730094786914,1
1732437730104957883,1
1732437730104957883,1
1732437730115410603,1
1732437730115410603,1
1732437730127912936,1
1732437730127912936,1
1732437730137990702,1
1732437730137990702,1
1732437730148209369,1
1732437730148209369,1
1732437730158316977,1
1732437730158316977,1
1732437730168970192,1
1732437730168970192,1
1732437730179872677,1
1732437730179872677,1
1732437730190021988,1
1732437730190021988,1
1732437730200459601,1
1732437730200459601,1
1732437730210997358,1
1732437730210997358,1
1732437730221317748,1
1732437730221317748,1
1732437730231938633,1
1732437730231938633,1
1732437730242437860,1
1732437730242437860,1
1732437730252685140,1
1732437730252685140,1
1732437730262937370,1
1732437730262937370,1
1732437730273743629,1
1732437730273743629,1
1732437730284177886,1
1732437730284177886,1
1732437730294599991,1
1732437730294599991,1
1732437730305110901,1
1732437730305110901,1
1732437730315596695,1
1732437730315596695,1
1732437730325997940,1
1732437730325997940,1
1732437730336606862,1
1732437730336606862,1
1732437730347108816,1
1732437730347108816,1
1732437730357240772,1
1732437730357240772,1
1732437730367430754,1
1732437730367430754,1
1732437730377558944,1
1732437730377558944,1
1732437730387773499,1
1732437730387773499,1
1732437730398071223,1
1732437730398071223,1
1732437730408538454,1
1732437730408538454,1
1732437730418923992,1
1732437730418923992,1
1732437730429287357,1
1732437730429287357,1
1732437730439681181,1
1732437730439681181,1
1732437730450227255,1
1732437730450227255,1
1732437730460619594,1
1732437730460619594,1
1732437730471024789,1
1732437730471024789,1
1732437730481732835,1
1732437730481732835,1
1732437730492024416,1
1732437730492024416,1
1732437730502532301,1
1732437730502532301,1
1732437730512598184,1
1732437730512598184,1
1732437730522831345,1
1732437730522831345,1
1732437730533219119,1
1732437730533219119,1
1732437730543374548,1
1732437730543374548,1
1732437730553857817,1
1732437730553857817,1
1732437730564385108,1
1732437730564385108,1
1732437730574829873,1
1732437730574829873,1
1732437730585041267,1
1732437730585041267,1
1732437730595534865,1
1732437730595534865,1
1732437730606212054,1
1732437730606212054,1
1732437730616828579,1
1732437730616828579,1
1732437730627366441,1
1732437730627366441,1
1732437730637471025,1
1732437730637471025,1
1732437730647749524,1
1732437730647749524,1
1732437730657771504,1
1732437730657771504,1
1732437730668183360,1
1732437730668183360,1
1732437730678908439,1
1732437730678908439,1
1732437730689098693,1
1732437730689098693,1
1732437730699310245,1
1732437730699310245,1
1732437730709970924,1
1732437730709970924,1
1732437730720317508,1
1732437730720317508,1
1732437730730971241,1
1732437730730971241,1
1732437730741316185,1
1732437730741316185,1
1732437730751698506,1
1732437730751698506,1
1732437730762189309,1
1732437730762189309,1
1732437730772645458,1
1732437730772645458,1
1732437730783112013,1
1732437730783112013,1
1732437730793906181,1
1732437730793906181,1
1732437730804054297,1
1732437730804054297,1
1732437730814282340,1
1732437730814282340,1
1732437730824765535,1
1732437730824765535,1
1732437730835583851,1
1732437730835583851,1
1732437730846025222,1
1732437730846025222,1
1732437730856501347,1
1732437730856501347,1
1732437730867638677,1
1732437730867638677,1
1732437730877995926,1
1732437730877995926,1
1732437730888415703,1
1732437730888415703,1
1732437730898808867,1
1732437730898808867,1
1732437730911693300,1
1732437730911693300,1
1732437730921838791,1
1732437730921838791,1
1732437730932271766,1
1732437730932271766,1
1732437730942869463,1
1732437730942869463,1
1732437730952968682,1
1732437730952968682,1
1732437730963110572,1
1732437730963110572,1
1732437730973258400,1
1732437730973258400,1
1732437730983473350,1
1732437730983473350,1
1732437730994056744,1
1732437730994056744,1
1732437731004201504,1
1732437731004201504,1
1732437731015089896,1
1732437731015089896,1
1732437731025198549,1
1732437731025198549,1
1732437731035591599,1
1732437731035591599,1
1732437731045951068,1
1732437731045951068,1
1732437731060868861,1
1732437731060868861,1
1732437731071456502,1
1732437731071456502,1
1732437731081915933,1
1732437731081915933,1
1732437731092245551,1
1732437731092245551,1
1732437731102596293,1
1732437731102596293,1
1732437731113147155,1
1732437731113147155,1
1732437731123359381,1
1732437731123359381,1
1732437731133653628,1
1732437731133653628,1
1732437731143827983,1
1732437731143827983,1
1732437731154324063,1
1732437731154324063,1
1732437731164912541,1
1732437731164912541,1
1732437731175439188,1
1732437731175439188,1
1732437731186105699,1
1732437731186105699,1
1732437731196213820,1
1732437731196213820,1
1732437731206362086,1
1732437731206362086,1
1732437731216818055,1
1732437731216818055,1
1732437731227444480,1
1732437731227444480,1
1732437731237462111,1
1732437731237462111,1
1732437731247879878,1
1732437731247879878,1
1732437731258190646,1
1732437731258190646,1
1732437731268622401,1
1732437731268622401,1
1732437731278919934,1
1732437731278919934,1
1732437731289469335,1
1732437731289469335,1
1732437731300297915,1
1732437731300297915,1
1732437731310743064,1
1732437731310743064,1
1732437731321101460,1
1732437731321101460,1
1732437731331620282,1
1732437731331620282,1
1732437731342106530,1
1732437731342106530,1
1732437731357217621,1
1732437731357217621,1
1732437731367491902,1
1732437731367491902,1
1732437731377774587,1
1732437731377774587,1
1732437731387902857,1
1732437731387902857,1
1732437731398080278,1
1732437731398080278,1
1732437731408689365,1
1732437731408689365,1
1732437731419345599,1
1732437731419345599,1
1732437731429754366,1
1732437731429754366,1
1732437731440340941,1
1732437731440340941,1
1732437731450503684,1
1732437731450503684,1
1732437731460945983,1
1732437731460945983,1
1732437731471304118,1
1732437731471304118,1
1732437731481918333,1
1732437731481918333,1
1732437731492265129,1
1732437731492265129,1
1732437731503489025,1
1732437731503489025,1
1732437731513752705,1
1732437731513752705,1
1732437731524571573,1
1732437731524571573,1
1732437731535023327,1
1732437731535023327,1
1732437731545395570,1
1732437731545395570,1
1732437731556068602,1
1732437731556068602,1
1732437731566447908,1
1732437731566447908,1
1732437731577293029,1
1732437731577293029,1
1732437731587422459,1
1732437731587422459,1
1732437731598207038,1
1732437731598207038,1
1732437731609118523,1
1732437731609118523,1
1732437731619544425,1
1732437731619544425,1
1732437731629824386,1
1732437731629824386,1
1732437731640170809,1
1732437731640170809,1
1732437731650310089,1
1732437731650310089,1
1732437731661818644,1
1732437731661818644,1
1732437731672456080,1
1732437731672456080,1
1732437731683077192,1
1732437731683077192,1
1732437731693715291,1
1732437731693715291,1
1732437731704042048,1
1732437731704042048,1
1732437731714561625,1
1732437731714561625,1
1732437731725034434,1
1732437731725034434,1
1732437731735413821,1
1732437731735413821,1
1732437731745946130,1
1732437731745946130,1
1732437731756213914,1
1732437731756213914,1
1732437731767093613,1
1732437731767093613,1
1732437731777119171,1
1732437731777119171,1
1732437731787308794,1
1732437731787308794,1
1732437731797365236,1
1732437731797365236,1
1732437731808026991,1
1732437731808026991,1
1732437731818356412,1
1732437731818356412,1
1732437731828765363,1
1732437731828765363,1
1732437731839053088,1
1732437731839053088,1
1732437731849195745,1
1732437731849195745,1
1732437731859618632,1
1732437731859618632,1
1732437731870153095,1
1732437731870153095,1
1732437731880398290,1
1732437731880398290,1
1732437731891381058,1
1732437731891381058,1
1732437731901950848,1
1732437731901950848,1
1732437731912547688,1
1732437731912547688,1
1732437731923415492,1
1732437731923415492,1
1732437731933849318,1
1732437731933849318,1
1732437731944130170,1
1732437731944130170,1
1732437731954415582,1
1732437731954415582,1
1732437731964685464,1
1732437731964685464,1
1732437731975456237,1
1732437731975456237,1
1732437731985699911,1
1732437731985699911,1
1732437731995803052,1
1732437731995803052,1
1732437732005990831,1
1732437732005990831,1
1732437732016835443,1
1732437732016835443,1
1732437732026917145,1
1732437732026917145,1
1732437732037167551,1
1732437732037167551,1
1732437732047531478,1
1732437732047531478,1
1732437732061526284,1
1732437732061526284,1
1732437732061526284,1
1732437732072347020,1
1732437732082730029,1
1732437732082730029,1
1732437732094127441,1
1732437732094127441,1
1732437732104264957,1
1732437732104264957,1
1732437732114889464,1
1732437732114889464,1
1732437732125382495,1
1732437732125382495,1
1732437732135635526,1
1732437732135635526,1
1732437732147616007,1
1732437732147616007,1
1732437732157895798,1
1732437732157895798,1
1732437732168408423,1
1732437732168408423,1
1732437732178935953,1
1732437732178935953,1
1732437732189180950,1
1732437732189180950,1
1732437732199421718,1
1732437732199421718,1
1732437732209979250,1
1732437732209979250,1
1732437732220530315,1
1732437732220530315,1
1732437732231006945,1
1732437732231006945,1
1732437732241273853,1
1732437732241273853,1
1732437732251987436,1
1732437732251987436,1
1732437732262604346,1
1732437732262604346,1
1732437732273453186,1
1732437732273453186,1
1732437732283757492,1
1732437732283757492,1
1732437732294079521,1
1732437732294079521,1
1732437732304434210,1
1732437732304434210,1
1732437732314859570,1
1732437732314859570,1
1732437732325145323,1
1732437732325145323,1
1732437732335457745,1
1732437732335457745,1
1732437732348882541,1
1732437732348882541,1
1732437732359068037,1
1732437732359068037,1
1732437732369433587,1
1732437732369433587,1
1732437732380053109,1
1732437732380053109,1
1732437732390329364,1
1732437732390329364,1
1732437732400416565,1
1732437732400416565,1
1732437732410774717,1
1732437732410774717,1
1732437732420930922,1
1732437732420930922,1
1732437732431593204,1
1732437732431593204,1
1732437732441932716,1
1732437732441932716,1
1732437732456933563,1
1732437732456933563,1
1732437732467564437,1
1732437732467564437,1
1732437732477933684,1
1732437732477933684,1
1732437732488236006,1
1732437732488236006,1
1732437732498933482,1
1732437732498933482,1
1732437732509552019,1
1732437732509552019,1
1732437732520255451,1
1732437732520255451,1
1732437732530830982,1
1732437732530830982,1
1732437732540964120,1
1732437732540964120,1
1732437732551400050,1
1732437732551400050,1
1732437732561654775,1
1732437732561654775,1
1732437732572057304,1
1732437732572057304,1
1732437732582522840,1
1732437732582522840,1
1732437732593034512,1
1732437732593034512,1
1732437732603096176,1
1732437732603096176,1
1732437732613455224,1
1732437732613455224,1
1732437732623775570,1
1732437732623775570,1
1732437732633980992,1
1732437732633980992,1
1732437732644573966,1
1732437732644573966,1
1732437732654793140,1
1732437732654793140,1
1732437732665392268,1
1732437732665392268,1
1732437732675974561,1
1732437732675974561,1
1732437732686415431,1
1732437732686415431,1
1732437732696587115,1
1732437732696587115,1
1732437732707784055,1
1732437732707784055,1
1732437732718199158,1
1732437732718199158,1
1732437732730911250,1
1732437732730911250,1
1732437732741213449,1
1732437732741213449,1
1732437732751773064,1
1732437732751773064,1
1732437732762307217,1
1732437732762307217,1
1732437732772507800,1
1732437732772507800,1
1732437732783018681,1
1732437732783018681,1
1732437732793461112,1
1732437732793461112,1
1732437732803812446,1
1732437732803812446,1
1732437732814258696,1
1732437732814258696,1
1732437732824412152,1
1732437732824412152,1
1732437732834625960,1
1732437732834625960,1
1732437732834625960,1
1732437732844756774,1
1732437732855037577,1
1732437732855037577,1
1732437732865526436,1
1732437732865526436,1
1732437732876497151,1
1732437732876497151,1
1732437732886956894,1
1732437732886956894,1
1732437732897586566,1
1732437732897586566,1
1732437732907941036,1
1732437732907941036,1
1732437732918136089,1
1732437732918136089,1
1732437732928615321,1
1732437732928615321,1
1732437732938944483,1
1732437732938944483,1
1732437732949073012,1
1732437732949073012,1
1732437732959273866,1
1732437732959273866,1
1732437732969573475,1
1732437732969573475,1
1732437732979757958,1
1732437732979757958,1
1732437732990158768,1
1732437732990158768,1
1732437733000490909,1
1732437733000490909,1
1732437733010759760,1
1732437733010759760,1
1732437733021057835,1
1732437733021057835,1
1732437733031306448,1
1732437733031306448,1
1732437733041854848,1
1732437733041854848,1
1732437733052089885,1
1732437733052089885,1
1732437733062575840,1
1732437733062575840,1
1732437733072835152,1
1732437733072835152,1
1732437733083040509,1
1732437733083040509,1
1732437733094244321,1
1732437733094244321,1
1732437733104320934,1
1732437733104320934,1
1732437733114502092,1
1732437733114502092,1
1732437733124847355,1
1732437733124847355,1
1732437733134971226,1
1732437733134971226,1
1732437733145036658,1
1732437733145036658,1
1732437733155405003,1
1732437733155405003,1
1732437733166093854,1
1732437733166093854,1
1732437733176222194,1
1732437733176222194,1
1732437733186491545,1
1732437733186491545,1
1732437733197308565,1
1732437733197308565,1
1732437733207578136,1
1732437733207578136,1
1732437733218101700,1
1732437733218101700,1
1732437733228265716,1
1732437733228265716,1
1732437733238843741,1
1732437733238843741,1
1732437733251718957,1
1732437733251718957,1
1732437733262404583,1
1732437733262404583,1
1732437733272904081,1
1732437733272904081,1
1732437733283294227,1
1732437733283294227,1
1732437733293429089,1
1732437733293429089,1
1732437733303660730,1
1732437733303660730,1
1732437733314037350,1
1732437733314037350,1
1732437733324297384,1
1732437733324297384,1
1732437733334847817,1
1732437733334847817,1
1732437733345077976,1
1732437733345077976,1
1732437733355541207,1
1732437733355541207,1
1732437733365917898,1
1732437733365917898,1
1732437733376131797,1
1732437733376131797,1
1732437733386870360,1
1732437733386870360,1
1732437733397001004,1
1732437733397001004,1
1732437733407199704,1
1732437733407199704,1
1732437733417323925,1
1732437733417323925,1
1732437733427659760,1
1732437733427659760,1
1732437733437793389,1
1732437733437793389,1
1732437733447981660,1
1732437733447981660,1
1732437733458083470,1
1732437733458083470,1
1732437733468179499,1
1732437733468179499,1
1732437733478650806,1
1732437733478650806,1
1732437733488908957,1
1732437733488908957,1
1732437733499529220,1
1732437733499529220,1
1732437733510302729,1
1732437733510302729,1
1732437733520717060,1
1732437733520717060,1
1732437733530944483,1
1732437733530944483,1
1732437733541092458,1
1732437733541092458,1
1732437733551397476,1
1732437733551397476,1
1732437733562004676,1
1732437733562004676,1
1732437733572373792,1
1732437733572373792,1
1732437733582624490,1
1732437733582624490,1
1732437733593005398,1
1732437733593005398,1
1732437733603217012,1
1732437733603217012,1
1732437733613865137,1
1732437733613865137,1
1732437733624466635,1
1732437733624466635,1
1732437733635086187,1
1732437733635086187,1
1732437733645508179,1
1732437733645508179,1
1732437733655942507,1
1732437733655942507,1
1732437733666147182,1
1732437733666147182,1
1732437733676332978,1
1732437733676332978,1
1732437733686674713,1
1732437733686674713,1
1732437733697393520,1
1732437733697393520,1
1732437733707656480,1
1732437733707656480,1
1732437733717739034,1
1732437733717739034,1
1732437733728179183,1
1732437733728179183,1
1732437733738727663,1
1732437733738727663,1
1732437733748904793,1
1732437733748904793,1
1732437733759063028,1
1732437733759063028,1
1732437733769221614,1
1732437733769221614,1
1732437733779451832,1
1732437733779451832,1
1732437733789805410,1
1732437733789805410,1
1732437733800252462,1
1732437733800252462,1
1732437733810471897,1
1732437733810471897,1
1732437733821054835,1
1732437733821054835,1
1732437733831285755,1
1732437733831285755,1
1732437733843730020,1
1732437733843730020,1
1732437733853887683,1
1732437733853887683,1
1732437733864035088,1
1732437733864035088,1
1732437733874545016,1
1732437733874545016,1
1732437733884873357,1
1732437733884873357,1
1732437733895212288,1
1732437733895212288,1
1732437733905956532,1
1732437733905956532,1
1732437733916390408,1
1732437733916390408,1
1732437733927279612,1
1732437733927279612,1
1732437733937464536,1
1732437733937464536,1
1732437733947641476,1
1732437733947641476,1
1732437733958077858,1
1732437733958077858,1
1732437733969079169,1
1732437733969079169,1
1732437733979225629,1
1732437733979225629,1
1732437733989572909,1
1732437733989572909,1
1732437734000405838,1
1732437734000405838,1
1732437734010819938,1
1732437734010819938,1
1732437734021427830,1
1732437734021427830,1
1732437734032339103,1
1732437734032339103,1
1732437734042585722,1
1732437734042585722,1
1732437734052962704,1
1732437734052962704,1
1732437734063658348,1
1732437734063658348,1
1732437734074260047,1
1732437734074260047,1
1732437734084763844,1
1732437734084763844,1
1732437734095369943,1
1732437734095369943,1
1732437734105680181,1
1732437734105680181,1
1732437734115969850,1
1732437734115969850,1
1732437734126143765,1
1732437734126143765,1
1732437734136601686,1
1732437734136601686,1
1732437734147022620,1
1732437734147022620,1
1732437734157224236,1
1732437734157224236,1
1732437734167340803,1
1732437734167340803,1
1732437734177525486,1
1732437734177525486,1
1732437734188089185,1
1732437734188089185,1
1732437734198279038,1
1732437734198279038,1
1732437734208552237,1
1732437734208552237,1
1732437734218754203,1
1732437734218754203,1
1732437734228826324,1
1732437734228826324,1
1732437734240072692,1
1732437734240072692,1
1732437734251862434,1
1732437734251862434,1
1732437734262567415,1
1732437734262567415,1
1732437734273024956,1
1732437734273024956,1
1732437734283666569,1
1732437734283666569,1
1732437734294030308,1
1732437734294030308,1
1732437734304263759,1
1732437734304263759,1
1732437734314536650,1
1732437734314536650,1
1732437734324938248,1
1732437734324938248,1
1732437734335193643,1
1732437734335193643,1
1732437734345841164,1
1732437734345841164,1
1732437734356170311,1
1732437734356170311,1
1732437734366470960,1
1732437734366470960,1
1732437734376725574,1
1732437734376725574,1
1732437734387036191,1
1732437734387036191,1
1732437734397998348,1
1732437734397998348,1
1732437734408340949,1
1732437734408340949,1
1732437734418603447,1
1732437734418603447,1
1732437734428978365,1
1732437734428978365,1
1732437734439097347,1
1732437734439097347,1
1732437734449710898,1
1732437734449710898,1
1732437734459847673,1
1732437734459847673,1
1732437734470085743,1
1732437734470085743,1
1732437734480975300,1
1732437734480975300,1
1732437734491439164,1
1732437734491439164,1
1732437734501779146,1
1732437734501779146,1
1732437734512074546,1
1732437734512074546,1
1732437734522426000,1
1732437734522426000,1
1732437734532616625,1
1732437734532616625,1
1732437734542715630,1
1732437734542715630,1
1732437734553021890,1
1732437734553021890,1
1732437734563522261,1
1732437734563522261,1
1732437734574077123,1
1732437734574077123,1
1732437734584921794,1
1732437734584921794,1
1732437734595329083,1
1732437734595329083,1
1732437734605444308,1
1732437734605444308,1
1732437734615915214,1
1732437734615915214,1
1732437734626468804,1
1732437734626468804,1
1732437734638544804,1
1732437734638544804,1
1732437734648950268,1
1732437734648950268,1
1732437734659057428,1
1732437734659057428,1
1732437734670265815,1
1732437734670265815,1
1732437734680649720,1
1732437734680649720,1
1732437734691107892,1
1732437734691107892,1
1732437734702481626,1
1732437734702481626,1
1732437734712676900,1
1732437734712676900,1
1732437734722879507,1
1732437734722879507,1
1732437734733117952,1
1732437734733117952,1
1732437734743427417,1
1732437734753918030,1
1732437734753918030,1
1732437734753918030,1
1732437734764403673,1
1732437734764403673,1
1732437734774700967,1
1732437734774700967,1
1732437734785018284,1
1732437734785018284,1
1732437734795205476,1
1732437734795205476,1
1732437734805439372,1
1732437734805439372,1
1732437734815962241,1
1732437734815962241,1
1732437734826574069,1
1732437734826574069,1
1732437734837081857,1
1732437734837081857,1
1732437734847269817,1
1732437734847269817,1
1732437734857761057,1
1732437734857761057,1
1732437734868101514,1
1732437734868101514,1
1732437734878725556,1
1732437734878725556,1
1732437734889061061,1
1732437734889061061,1
1732437734899608449,1
1732437734899608449,1
1732437734910949810,1
1732437734910949810,1
1732437734921136031,1
1732437734921136031,1
1732437734931660867,1
1732437734931660867,1
1732437734942131002,1
1732437734942131002,1
1732437734952772976,1
1732437734952772976,1
1732437734962905793,1
1732437734962905793,1
1732437734973040775,1
1732437734973040775,1
1732437734983494960,1
1732437734983494960,1
1732437734993938926,1
1732437734993938926,1
1732437735004194361,1
1732437735004194361,1
1732437735014654327,1
1732437735014654327,1
1732437735024854650,1
1732437735024854650,1
1732437735035519317,1
1732437735035519317,1
1732437735046158476,1
1732437735046158476,1
1732437735057951205,1
1732437735057951205,1
1732437735068731260,1
1732437735068731260,1
1732437735079272616,1
1732437735079272616,1
1732437735089972478,1
1732437735089972478,1
1732437735100605566,1
1732437735100605566,1
1732437735111454946,1
1732437735111454946,1
1732437735121613211,1
1732437735121613211,1
1732437735132136045,1
1732437735132136045,1
1732437735142658276,1
1732437735142658276,1
1732437735153041817,1
1732437735153041817,1
1732437735163508899,1
1732437735163508899,1
1732437735174132419,1
1732437735174132419,1
1732437735184378266,1
1732437735184378266,1
1732437735194491588,1
1732437735194491588,1
1732437735204865744,1
1732437735204865744,1
1732437735215492590,1
1732437735215492590,1
1732437735226016086,1
1732437735226016086,1
1732437735236518567,1
1732437735236518567,1
1732437735247248508,1
1732437735247248508,1
1732437735257765299,1
1732437735257765299,1
1732437735267880935,1
1732437735267880935,1
1732437735278014113,1
1732437735278014113,1
1732437735288552014,1
1732437735288552014,1
1732437735299189400,1
1732437735299189400,1
1732437735312850466,1
1732437735312850466,1
1732437735323088377,1
1732437735323088377,1
1732437735333465860,1
1732437735333465860,1
1732437735343794956,1
1732437735343794956,1
1732437735353975793,1
1732437735353975793,1
1732437735364935598,1
1732437735364935598,1
1732437735375254030,1
1732437735375254030,1
1732437735385597075,1
1732437735385597075,1
1732437735395864927,1
1732437735395864927,1
1732437735406215570,1
1732437735406215570,1
1732437735416596639,1
1732437735416596639,1
1732437735427283498,1
1732437735427283498,1
1732437735437475566,1
1732437735437475566,1
1732437735447528825,1
1732437735447528825,1
1732437735457751550,1
1732437735457751550,1
1732437735467928851,1
1732437735467928851,1
1732437735478370482,1
1732437735478370482,1
1732437735488652507,1
1732437735488652507,1
1732437735498818837,1
1732437735498818837,1
1732437735509159678,1
1732437735509159678,1
1732437735519739962,1
1732437735519739962,1
1732437735530010386,1
1732437735530010386,1
1732437735540756360,1
1732437735540756360,1
1732437735551087740,1
1732437735551087740,1
1732437735561235405,1
1732437735561235405,1
1732437735571538369,1
1732437735571538369,1
1732437735581941910,1
1732437735581941910,1
1732437735592572673,1
1732437735592572673,1
1732437735602841704,1
1732437735602841704,1
1732437735602841704,1
1732437735602841704,1
1732437735623379577,1
1732437735623379577,1
1732437735635141804,1
1732437735635141804,1
1732437735649043598,1
1732437735649043598,1
1732437735660797789,1
1732437735660797789,1
1732437735671336993,1
1732437735671336993,1
1732437735681811833,1
1732437735681811833,1
1732437735692164963,1
1732437735692164963,1
1732437735702532093,1
1732437735702532093,1
1732437735712829299,1
1732437735712829299,1
1732437735723081828,1
1732437735723081828,1
1732437735733157703,1
1732437735733157703,1
1732437735743376350,1
1732437735743376350,1
1732437735753666660,1
1732437735753666660,1
1732437735763995803,1
1732437735763995803,1
1732437735774519107,1
1732437735774519107,1
1732437735784867856,1
1732437735784867856,1
1732437735795217172,1
1732437735795217172,1
1732437735805414223,1
1732437735805414223,1
1732437735815712138,1
1732437735815712138,1
1732437735825958447,1
1732437735825958447,1
1732437735836415147,1
1732437735836415147,1
1732437735846912212,1
1732437735846912212,1
1732437735857037686,1
1732437735857037686,1
1732437735867116052,1
1732437735867116052,1
1732437735877730665,1
1732437735877730665,1
1732437735888049148,1
1732437735888049148,1
1732437735898573203,1
1732437735898573203,1
1732437735909448020,1
1732437735909448020,1
1732437735919740867,1
1732437735919740867,1
1732437735930337366,1
1732437735930337366,1
1732437735940431031,1
1732437735940431031,1
1732437735950941530,1
1732437735950941530,1
1732437735961074639,1
1732437735961074639,1
1732437735971755906,1
1732437735971755906,1
1732437735982297834,1
1732437735982297834,1
1732437735994379815,1
1732437735994379815,1
1732437736004601989,1
1732437736004601989,1
1732437736014791523,1
1732437736014791523,1
1732437736025250738,1
1732437736025250738,1
1732437736035770354,1
1732437736035770354,1
1732437736046239307,1
1732437736046239307,1
1732437736056953204,1
1732437736056953204,1
1732437736067132318,1
1732437736067132318,1
1732437736077257572,1
1732437736077257572,1
1732437736087513147,1
1732437736087513147,1
1732437736097804259,1
1732437736097804259,1
1732437736107907724,1
1732437736107907724,1
1732437736118023109,1
1732437736118023109,1
1732437736128604341,1
1732437736128604341,1
1732437736140311084,1
1732437736140311084,1
1732437736150980249,1
1732437736150980249,1
1732437736161389660,1
1732437736161389660,1
1732437736172186695,1
1732437736172186695,1
1732437736182504056,1
1732437736182504056,1
1732437736193240726,1
1732437736193240726,1
1732437736203331976,1
1732437736203331976,1
1732437736213614372,1
1732437736213614372,1
1732437736223955478,1
1732437736223955478,1
1732437736234206465,1
1732437736234206465,1
1732437736244742412,1
1732437736244742412,1
1732437736258418708,1
1732437736258418708,1
1732437736268975423,1
1732437736268975423,1
1732437736279519094,1
1732437736279519094,1
1732437736290071223,1
1732437736290071223,1
1732437736300227745,1
1732437736300227745,1
1732437736310563610,1
1732437736310563610,1
1732437736320816611,1
1732437736320816611,1
1732437736331390328,1
1732437736331390328,1
1732437736341544247,1
1732437736341544247,1
1732437736351980790,1
1732437736351980790,1
1732437736362525202,1
1732437736362525202,1
1732437736373170011,1
1732437736373170011,1
1732437736383388838,1
1732437736383388838,1
1732437736393847663,1
1732437736393847663,1
1732437736403924057,1
1732437736403924057,1
1732437736414283465,1
1732437736414283465,1
1732437736424898299,1
1732437736424898299,1
1732437736435178200,1
1732437736435178200,1
1732437736445683457,1
1732437736445683457,1
1732437736455854068,1
1732437736455854068,1
1732437736466200144,1
1732437736466200144,1
1732437736476821249,1
1732437736476821249,1
1732437736486910906,1
1732437736486910906,1
1732437736497156153,1
1732437736497156153,1
1732437736507370201,1
1732437736507370201,1
1732437736517791215,1
1732437736517791215,1
1732437736528220024,1
1732437736528220024,1
1732437736538451886,1
1732437736538451886,1
1732437736548604541,1
1732437736548604541,1
1732437736558949573,1
1732437736558949573,1
1732437736570238770,1
1732437736570238770,1
1732437736581014745,1
1732437736581014745,1
1732437736591352794,1
1732437736591352794,1
1732437736601894162,1
1732437736601894162,1
1732437736612337917,1
1732437736612337917,1
1732437736622840412,1
1732437736622840412,1
1732437736633307591,1
1732437736633307591,1
1732437736643486125,1
1732437736643486125,1
1732437736653843871,1
1732437736653843871,1
1732437736664380259,1
1732437736664380259,1
1732437736674676570,1
1732437736674676570,1
1732437736685136185,1
1732437736695448626,1
1732437736695448626,1
1732437736695448626,1
1732437736705776459,1
1732437736705776459,1
1732437736716410638,1
1732437736716410638,1
1732437736727301962,1
1732437736727301962,1
1732437736737656897,1
1732437736737656897,1
1732437736748265488,1
1732437736748265488,1
1732437736758629788,1
1732437736758629788,1
1732437736768813510,1
1732437736768813510,1
1732437736779141912,1
1732437736779141912,1
1732437736789848456,1
1732437736789848456,1
1732437736800201973,1
1732437736800201973,1
1732437736810409590,1
1732437736810409590,1
1732437736820585269,1
1732437736820585269,1
1732437736830731402,1
1732437736830731402,1
1732437736841213178,1
1732437736841213178,1
1732437736851741220,1
1732437736851741220,1
1732437736862136164,1
1732437736862136164,1
1732437736872442436,1
1732437736872442436,1
1732437736882939010,1
1732437736882939010,1
1732437736893313267,1
1732437736893313267,1
1732437736903819449,1
1732437736903819449,1
1732437736914219984,1
1732437736914219984,1
1732437736924432029,1
1732437736924432029,1
1732437736934953561,1
1732437736934953561,1
1732437736945135099,1
1732437736945135099,1
1732437736955621644,1
1732437736955621644,1
1732437736966009425,1
1732437736966009425,1
1732437736976400523,1
1732437736976400523,1
1732437736986995490,1
1732437736986995490,1
1732437736997335414,1
1732437736997335414,1
1732437737007587874,1
1732437737007587874,1
1732437737017885078,1
1732437737017885078,1
1732437737027971038,1
1732437737027971038,1
1732437737038209702,1
1732437737038209702,1
1732437737048701569,1
1732437737048701569,1
1732437737058823006,1
1732437737058823006,1
1732437737069189458,1
1732437737069189458,1
1732437737079571909,1
1732437737079571909,1
1732437737089765660,1
1732437737089765660,1
1732437737100129718,1
1732437737100129718,1
1732437737110888240,1
1732437737110888240,1
1732437737121245394,1
1732437737121245394,1
1732437737131494839,1
1732437737131494839,1
1732437737141785640,1
1732437737141785640,1
1732437737152398508,1
1732437737152398508,1
1732437737162731231,1
1732437737162731231,1
1732437737172981878,1
1732437737172981878,1
1732437737183339924,1
1732437737183339924,1
1732437737193667065,1
1732437737193667065,1
1732437737204023067,1
1732437737204023067,1
1732437737214478264,1
1732437737214478264,1
1732437737224645796,1
1732437737224645796,1
1732437737235081188,1
1732437737235081188,1
1732437737245393910,1
1732437737245393910,1
1732437737255985821,1
1732437737255985821,1
1732437737266333688,1
1732437737266333688,1
1732437737277103793,1
1732437737277103793,1
1732437737287316168,1
1732437737287316168,1
1732437737297334483,1
1732437737297334483,1
1732437737307458504,1
1732437737307458504,1
1732437737317868759,1
1732437737317868759,1
1732437737328354873,1
1732437737328354873,1
1732437737339672102,1
1732437737339672102,1
1732437737350038494,1
1732437737350038494,1
1732437737360428792,1
1732437737360428792,1
1732437737371102536,1
1732437737371102536,1
1732437737381707721,1
1732437737381707721,1
1732437737391916640,1
1732437737391916640,1
1732437737402150257,1
1732437737402150257,1
1732437737412769920,1
1732437737412769920,1
1732437737423164334,1
1732437737423164334,1
1732437737433686895,1
1732437737433686895,1
1732437737444195634,1
1732437737444195634,1
1732437737454872713,1
1732437737454872713,1
1732437737465259894,1
1732437737465259894,1
1732437737475763831,1
1732437737475763831,1
1732437737485861335,1
1732437737485861335,1
1732437737496480066,1
1732437737496480066,1
1732437737506956041,1
1732437737506956041,1
1732437737517089981,1
1732437737517089981,1
1732437737527263875,1
1732437737527263875,1
1732437737537712030,1
1732437737537712030,1
1732437737548101632,1
1732437737548101632,1
1732437737558274283,1
1732437737558274283,1
1732437737568767216,1
1732437737568767216,1
1732437737579090884,1
1732437737579090884,1
1732437737589537168,1
1732437737589537168,1
1732437737599959945,1
1732437737599959945,1
1732437737610565902,1
1732437737610565902,1
1732437737621813263,1
1732437737621813263,1
1732437737632041829,1
1732437737632041829,1
1732437737642430602,1
1732437737642430602,1
1732437737652808427,1
1732437737652808427,1
1732437737663338794,1
1732437737663338794,1
1732437737673849875,1
1732437737673849875,1
1732437737684068291,1
1732437737684068291,1
1732437737694642169,1
1732437737694642169,1
1732437737704851270,1
1732437737704851270,1
1732437737715090385,1
1732437737715090385,1
1732437737725577441,1
1732437737725577441,1
1732437737735773668,1
1732437737735773668,1
1732437737746462339,1
1732437737746462339,1
1732437737757023283,1
1732437737757023283,1
1732437737767172040,1
1732437737767172040,1
1732437737777470756,1
1732437737777470756,1
1732437737787656049,1
1732437737787656049,1
1732437737797689586,1
1732437737797689586,1
1732437737807953747,1
1732437737807953747,1
1732437737818385291,1
1732437737818385291,1
1732437737829174961,1
1732437737829174961,1
1732437737839501929,1
1732437737839501929,1
1732437737850178488,1
1732437737850178488,1
1732437737860643142,1
1732437737860643142,1
1732437737871216560,1
1732437737871216560,1
1732437737881828218,1
1732437737881828218,1
1732437737881828218,1
1732437737881828218,1
1732437737903636423,1
1732437737903636423,1
1732437737914381415,1
1732437737914381415,1
1732437737924738974,1
1732437737924738974,1
1732437737934869487,1
1732437737934869487,1
1732437737945268580,1
1732437737945268580,1
1732437737955940452,1
1732437737955940452,1
1732437737966134393,1
1732437737966134393,1
1732437737976598065,1
1732437737976598065,1
1732437737987033266,1
1732437737987033266,1
1732437737997582709,1
1732437737997582709,1
1732437738008418633,1
1732437738008418633,1
1732437738018649292,1
1732437738018649292,1
1732437738029038477,1
1732437738029038477,1
1732437738039532628,1
1732437738039532628,1
1732437738056823189,1
1732437738056823189,1
1732437738067433107,1
1732437738067433107,1
1732437738077594890,1
1732437738077594890,1
1732437738087691861,1
1732437738087691861,1
1732437738098114758,1
1732437738098114758,1
1732437738108247686,1
1732437738108247686,1
1732437738119237248,1
1732437738119237248,1
1732437738129498665,1
1732437738129498665,1
1732437738139837566,1
1732437738139837566,1
1732437738150781974,1
1732437738150781974,1
1732437738161159956,1
1732437738161159956,1
1732437738172088554,1
1732437738172088554,1
1732437738182481877,1
1732437738182481877,1
1732437738192773970,1
1732437738192773970,1
1732437738203550585,1
1732437738203550585,1
1732437738214023747,1
1732437738214023747,1
1732437738224407491,1
1732437738224407491,1
1732437738234648179,1
1732437738234648179,1
1732437738245066480,1
1732437738245066480,1
1732437738255639776,1
1732437738255639776,1
1732437738266168349,1
1732437738266168349,1
1732437738276757637,1
1732437738276757637,1
1732437738286967258,1
1732437738286967258,1
1732437738297249453,1
1732437738297249453,1
1732437738307595227,1
1732437738307595227,1
1732437738317867255,1
1732437738317867255,1
1732437738328268832,1
1732437738328268832,1
1732437738338807314,1
1732437738338807314,1
1732437738349633982,1
1732437738359936976,1
1732437738359936976,1
1732437738359936976,1
1732437738370130123,1
1732437738370130123,1
1732437738380516036,1
1732437738380516036,1
1732437738391178969,1
1732437738391178969,1
1732437738401437741,1
1732437738401437741,1
1732437738411881098,1
1732437738411881098,1
1732437738422048636,1
1732437738422048636,1
1732437738432305414,1
1732437738432305414,1
1732437738442820007,1
1732437738442820007,1
1732437738453260606,1
1732437738453260606,1
1732437738463592714,1
1732437738463592714,1
1732437738474407933,1
1732437738474407933,1
1732437738484674849,1
1732437738484674849,1
1732437738494933882,1
1732437738494933882,1
1732437738505419727,1
1732437738505419727,1
1732437738515601586,1
1732437738515601586,1
1732437738525979960,1
1732437738525979960,1
1732437738536649157,1
1732437738536649157,1
1732437738546955737,1
1732437738546955737,1
1732437738556965122,1
1732437738556965122,1
1732437738567309616,1
1732437738567309616,1
1732437738577415576,1
1732437738577415576,1
1732437738588143529,1
1732437738588143529,1
1732437738598724009,1
1732437738598724009,1
1732437738608838254,1
1732437738608838254,1
1732437738619024652,1
1732437738619024652,1
1732437738629101365,1
1732437738629101365,1
1732437738639483598,1
1732437738639483598,1
1732437738649551294,1
1732437738649551294,1
1732437738659901526,1
1732437738659901526,1
1732437738673365979,1
1732437738673365979,1
1732437738683761906,1
1732437738683761906,1
1732437738694153845,1
1732437738694153845,1
1732437738704766737,1
1732437738704766737,1
1732437738715555013,1
1732437738715555013,1
1732437738725876291,1
1732437738725876291,1
1732437738736181540,1
1732437738736181540,1
1732437738746750449,1
1732437738746750449,1
1732437738756868208,1
1732437738756868208,1
1732437738767193305,1
1732437738767193305,1
1732437738777531295,1
1732437738777531295,1
1732437738787901764,1
1732437738787901764,1
1732437738798469781,1
1732437738798469781,1
1732437738808899031,1
1732437738808899031,1
1732437738819504748,1
1732437738819504748,1
1732437738829867794,1
1732437738829867794,1
1732437738840041759,1
1732437738840041759,1
1732437738850668485,1
1732437738850668485,1
1732437738860987448,1
1732437738860987448,1
1732437738871640575,1
1732437738871640575,1
1732437738882090532,1
1732437738882090532,1
1732437738893269164,1
1732437738893269164,1
1732437738903630509,1
1732437738903630509,1
1732437738913907614,1
1732437738913907614,1
1732437738924232739,1
1732437738924232739,1
1732437738935459712,1
1732437738935459712,1
1732437738946027840,1
1732437738946027840,1
1732437738956413989,1
1732437738956413989,1
1732437738966853188,1
1732437738966853188,1
1732437738978084688,1
1732437738978084688,1
1732437738988254660,1
1732437738988254660,1
1732437738998851195,1
1732437738998851195,1
1732437739009351757,1
1732437739009351757,1
1732437739019578769,1
1732437739019578769,1
1732437739029751843,1
1732437739029751843,1
1732437739040616077,1
1732437739040616077,1
1732437739051044788,1
1732437739051044788,1
1732437739061392518,1
1732437739061392518,1
1732437739071771994,1
1732437739071771994,1
1732437739082143254,1
1732437739082143254,1
1732437739092677669,1
1732437739092677669,1
1732437739103838209,1
1732437739103838209,1
1732437739114381950,1
1732437739114381950,1
1732437739124568970,1
1732437739124568970,1
1732437739134977430,1
1732437739134977430,1
1732437739145120066,1
1732437739145120066,1
1732437739155479246,1
1732437739155479246,1
1732437739165727859,1
1732437739165727859,1
1732437739175936398,1
1732437739175936398,1
1732437739186228713,1
1732437739186228713,1
1732437739196706673,1
1732437739196706673,1
1732437739207167251,1
1732437739207167251,1
1732437739217207126,1
1732437739217207126,1
1732437739227213760,1
1732437739227213760,1
1732437739237625958,1
1732437739237625958,1
1732437739248011897,1
1732437739248011897,1
1732437739259651927,1
1732437739259651927,1
1732437739270264607,1
1732437739270264607,1
1732437739280693845,1
1732437739280693845,1
1732437739291175543,1
1732437739291175543,1
1732437739301804172,1
1732437739301804172,1
1732437739312074788,1
1732437739312074788,1
1732437739322234495,1
1732437739322234495,1
1732437739332482508,1
1732437739332482508,1
1732437739342610624,1
1732437739342610624,1
1732437739352962452,1
1732437739352962452,1
1732437739363717979,1
1732437739363717979,1
1732437739374022245,1
1732437739374022245,1
1732437739384357409,1
1732437739384357409,1
1732437739395064366,1
1732437739395064366,1
1732437739405263654,1
1732437739405263654,1
1732437739415854178,1
1732437739415854178,1
1732437739426771974,1
1732437739426771974,1
1732437739436914150,1
1732437739436914150,1
1732437739447443957,1
1732437739447443957,1
1732437739457521471,1
1732437739457521471,1
1732437739467970804,1
1732437739467970804,1
1732437739478140787,1
1732437739478140787,1
1732437739489201088,1
1732437739489201088,1
1732437739499561347,1
1732437739499561347,1
1732437739509687936,1
1732437739509687936,1
1732437739519875335,1
1732437739519875335,1
1732437739529992154,1
1732437739529992154,1
1732437739540496112,1
1732437739540496112,1
1732437739554157882,1
1732437739554157882,1
1732437739564713192,1
1732437739564713192,1
1732437739575321503,1
1732437739575321503,1
1732437739585659307,1
1732437739585659307,1
1732437739596269192,1
1732437739596269192,1
1732437739606511284,1
1732437739606511284,1
1732437739616939150,1
1732437739616939150,1
1732437739627540706,1
1732437739627540706,1
1732437739637646676,1
1732437739637646676,1
1732437739647789852,1
1732437739647789852,1
1732437739658123536,1
1732437739658123536,1
1732437739668783446,1
1732437739668783446,1
1732437739679019552,1
1732437739679019552,1
1732437739689591447,1
1732437739689591447,1
1732437739699829875,1
1732437739699829875,1
1732437739710662724,1
1732437739710662724,1
1732437739720872045,1
1732437739720872045,1
1732437739731195978,1
1732437739731195978,1
1732437739741587037,1
1732437739741587037,1
1732437739752215196,1
1732437739752215196,1
1732437739762547474,1
1732437739762547474,1
1732437739773048935,1
1732437739773048935,1
1732437739783571100,1
1732437739783571100,1
1732437739794600757,1
1732437739794600757,1
1732437739804910794,1
1732437739804910794,1
1732437739815527511,1
1732437739815527511,1
1732437739825930222,1
1732437739825930222,1
1732437739836605338,1
1732437739836605338,1
1732437739847281847,1
1732437739847281847,1
1732437739857596975,1
1732437739857596975,1
1732437739868538767,1
1732437739868538767,1
1732437739878715006,1
1732437739878715006,1
1732437739889185141,1
1732437739889185141,1
1732437739899628086,1
1732437739899628086,1
1732437739909786362,1
1732437739909786362,1
1732437739919960847,1
1732437739919960847,1
1732437739930592143,1
1732437739930592143,1
1732437739940700084,1
1732437739940700084,1
1732437739951026012,1
1732437739951026012,1
1732437739961265979,1
1732437739961265979,1
1732437739972416930,1
1732437739972416930,1
1732437739982840960,1
1732437739982840960,1
1732437739993393928,1
1732437739993393928,1
1732437740003667094,1
1732437740003667094,1
1732437740014140539,1
1732437740014140539,1
1732437740024522651,1
1732437740024522651,1
1732437740034759753,1
1732437740034759753,1
1732437740044838170,1
1732437740044838170,1
1732437740056967359,1
1732437740056967359,1
1732437740067043013,1
1732437740067043013,1
1732437740077214011,1
1732437740077214011,1
1732437740087310973,1
1732437740087310973,1
1732437740097868738,1
1732437740097868738,1
1732437740097868738,1
1732437740097868738,1
1732437740120691011,1
1732437740120691011,1
1732437740130800435,1
1732437740130800435,1
1732437740140832477,1
1732437740140832477,1
1732437740151046426,1
1732437740151046426,1
1732437740161545386,1
1732437740161545386,1
1732437740171868517,1
1732437740171868517,1
1732437740182421397,1
1732437740182421397,1
1732437740192922770,1
1732437740192922770,1
1732437740203747315,1
1732437740203747315,1
1732437740214051091,1
1732437740214051091,1
1732437740224520526,1
1732437740224520526,1
1732437740235091208,1
1732437740235091208,1
1732437740245227441,1
1732437740245227441,1
1732437740255448585,1
1732437740255448585,1
1732437740266102802,1
1732437740266102802,1
1732437740276757091,1
1732437740276757091,1
1732437740287198742,1
1732437740287198742,1
1732437740297605260,1
1732437740297605260,1
1732437740308055378,1
1732437740308055378,1
1732437740318535483,1
1732437740318535483,1
1732437740330896713,1
1732437740330896713,1
1732437740341046884,1
1732437740341046884,1
1732437740351168772,1
1732437740351168772,1
1732437740361349130,1
1732437740361349130,1
1732437740371661541,1
1732437740371661541,1
1732437740381869559,1
1732437740381869559,1
1732437740391953647,1
1732437740391953647,1
1732437740402314339,1
1732437740402314339,1
1732437740412630018,1
1732437740412630018,1
1732437740423091236,1
1732437740423091236,1
1732437740433478539,1
1732437740433478539,1
1732437740444046645,1
1732437740444046645,1
1732437740454498648,1
1732437740454498648,1
1732437740464783047,1
1732437740464783047,1
1732437740475266007,1
1732437740475266007,1
1732437740485414344,1
1732437740485414344,1
1732437740495696139,1
1732437740495696139,1
1732437740506093857,1
1732437740506093857,1
1732437740516176966,1
1732437740516176966,1
1732437740526546375,1
1732437740526546375,1
1732437740536875648,1
1732437740536875648,1
1732437740547325757,1
1732437740547325757,1
1732437740557781474,1
1732437740557781474,1
1732437740568245970,1
1732437740568245970,1
1732437740578466521,1
1732437740578466521,1
1732437740588765429,1
1732437740588765429,1
1732437740599200579,1
1732437740599200579,1
1732437740609499726,1
1732437740609499726,1
1732437740619890665,1
1732437740619890665,1
1732437740630082161,1
1732437740630082161,1
1732437740640566915,1
1732437740640566915,1
1732437740655183689,1
1732437740655183689,1
1732437740665705291,1
1732437740665705291,1
1732437740676086790,1
1732437740676086790,1
1732437740686529866,1
1732437740686529866,1
1732437740696917748,1
1732437740696917748,1
1732437740707481579,1
1732437740707481579,1
1732437740717936124,1
1732437740717936124,1
1732437740728525102,1
1732437740728525102,1
1732437740738970941,1
1732437740738970941,1
1732437740749046645,1
1732437740749046645,1
1732437740759429617,1
1732437740759429617,1
1732437740769560341,1
1732437740769560341,1
1732437740779782316,1
1732437740779782316,1
1732437740790110283,1
1732437740790110283,1
1732437740800281193,1
1732437740800281193,1
1732437740810768219,1
1732437740810768219,1
1732437740820976873,1
1732437740820976873,1
1732437740831215757,1
1732437740831215757,1
1732437740841444064,1
1732437740841444064,1
1732437740851928532,1
1732437740851928532,1
1732437740862104355,1
1732437740862104355,1
1732437740872708699,1
1732437740872708699,1
1732437740882997324,1
1732437740882997324,1
1732437740894015983,1
1732437740894015983,1
1732437740904297547,1
1732437740904297547,1
1732437740914705758,1
1732437740914705758,1
1732437740924773745,1
1732437740924773745,1
1732437740935004236,1
1732437740935004236,1
1732437740945142541,1
1732437740945142541,1
1732437740955747542,1
1732437740955747542,1
1732437740966082384,1
1732437740966082384,1
1732437740976423120,1
1732437740976423120,1
1732437740986889297,1
1732437740986889297,1
1732437740997191241,1
1732437740997191241,1
1732437741007490428,1
1732437741007490428,1
1732437741017849837,1
1732437741017849837,1
1732437741028198507,1
1732437741028198507,1
1732437741038636813,1
1732437741038636813,1
1732437741049719308,1
1732437741049719308,1
1732437741059895667,1
1732437741059895667,1
1732437741070680639,1
1732437741070680639,1
1732437741081170059,1
1732437741081170059,1
1732437741091335509,1
1732437741091335509,1
1732437741102054096,1
1732437741102054096,1
1732437741112554067,1
1732437741112554067,1
1732437741122842855,1
1732437741122842855,1
1732437741132926874,1
1732437741132926874,1
1732437741143231310,1
1732437741143231310,1
1732437741153615277,1
1732437741153615277,1
1732437741164154570,1
1732437741164154570,1
1732437741174809971,1
1732437741174809971,1
1732437741185220064,1
1732437741185220064,1
1732437741195549989,1
1732437741195549989,1
1732437741206129458,1
1732437741206129458,1
1732437741217324037,1
1732437741217324037,1
1732437741227569849,1
1732437741227569849,1
1732437741237876160,1
1732437741237876160,1
1732437741247980586,1
1732437741247980586,1
1732437741258418100,1
1732437741258418100,1
1732437741268851004,1
1732437741268851004,1
1732437741279325056,1
1732437741279325056,1
1732437741289584715,1
1732437741289584715,1
1732437741299922694,1
1732437741299922694,1
1732437741311291898,1
1732437741311291898,1
1732437741321623675,1
1732437741321623675,1
1732437741331728647,1
1732437741331728647,1
1732437741343072736,1
1732437741343072736,1
1732437741353474014,1
1732437741353474014,1
1732437741363690989,1
1732437741363690989,1
1732437741374650274,1
1732437741374650274,1
1732437741385238891,1
1732437741385238891,1
1732437741395675413,1
1732437741395675413,1
1732437741406071237,1
1732437741406071237,1
1732437741416370855,1
1732437741416370855,1
1732437741426947904,1
1732437741426947904,1
1732437741437176135,1
1732437741437176135,1
1732437741447829777,1
1732437741447829777,1
1732437741459581184,1
1732437741459581184,1
1732437741469713852,1
1732437741469713852,1
1732437741480209133,1
1732437741480209133,1
1732437741490976232,1
1732437741490976232,1
1732437741501497742,1
1732437741501497742,1
1732437741512000135,1
1732437741512000135,1
1732437741522270502,1
1732437741522270502,1
1732437741532611999,1
1732437741532611999,1
1732437741544317869,1
1732437741544317869,1
1732437741554503979,1
1732437741554503979,1
1732437741565738036,1
1732437741565738036,1
1732437741575861503,1
1732437741575861503,1
1732437741586496620,1
1732437741586496620,1
1732437741597110842,1
1732437741597110842,1
1732437741607232911,1
1732437741607232911,1
1732437741617355670,1
1732437741617355670,1
1732437741628022703,1
1732437741628022703,1
1732437741638437104,1
1732437741638437104,1
1732437741649056508,1
1732437741649056508,1
1732437741659260816,1
1732437741659260816,1
1732437741669735971,1
1732437741669735971,1
1732437741680234603,1
1732437741680234603,1
1732437741690499533,1
1732437741690499533,1
1732437741700849710,1
1732437741700849710,1
1732437741711078245,1
1732437741711078245,1
1732437741721696207,1
1732437741721696207,1
1732437741732187671,1
1732437741732187671,1
1732437741742439402,1
1732437741742439402,1
1732437741753213251,1
1732437741753213251,1
1732437741764360433,1
1732437741764360433,1
1732437741774690427,1
1732437741774690427,1
1732437741785044130,1
1732437741785044130,1
1732437741795373964,1
1732437741795373964,1
1732437741806041829,1
1732437741806041829,1
1732437741816261978,1
1732437741816261978,1
1732437741826883613,1
1732437741826883613,1
1732437741837181901,1
1732437741837181901,1
1732437741847364994,1
1732437741847364994,1
1732437741857501028,1
1732437741857501028,1
1732437741867682437,1
1732437741867682437,1
1732437741878068336,1
1732437741878068336,1
1732437741888412768,1
1732437741888412768,1
1732437741898681390,1
1732437741898681390,1
1732437741908930611,1
1732437741908930611,1
1732437741919569725,1
1732437741919569725,1
1732437741929747355,1
1732437741929747355,1
1732437741940346802,1
1732437741940346802,1
1732437741951025201,1
1732437741951025201,1
1732437741961407097,1
1732437741961407097,1
1732437741971504699,1
1732437741971504699,1
1732437741982063140,1
1732437741982063140,1
1732437741992406068,1
1732437741992406068,1
1732437742002947964,1
1732437742002947964,1
1732437742013096574,1
1732437742013096574,1
1732437742023315845,1
1732437742023315845,1
1732437742033916823,1
1732437742033916823,1
1732437742044029344,1
1732437742044029344,1
1732437742054344090,1
1732437742054344090,1
1732437742064630365,1
1732437742064630365,1
1732437742075082497,1
1732437742075082497,1
1732437742085242195,1
1732437742085242195,1
1732437742095691953,1
1732437742095691953,1
1732437742105959992,1
1732437742105959992,1
1732437742116384250,1
1732437742116384250,1
1732437742127032951,1
1732437742127032951,1
1732437742137299264,1
1732437742137299264,1
1732437742147326590,1
1732437742147326590,1
1732437742157390911,1
1732437742157390911,1
1732437742167751634,1
1732437742167751634,1
1732437742177960610,1
1732437742177960610,1
1732437742188259232,1
1732437742188259232,1
1732437742198690074,1
1732437742198690074,1
1732437742208893300,1
1732437742208893300,1
1732437742219463456,1
1732437742219463456,1
1732437742230031492,1
1732437742230031492,1
1732437742240466573,1
1732437742240466573,1
1732437742250582941,1
1732437742250582941,1
1732437742260844580,1
1732437742260844580,1
1732437742271226792,1
1732437742271226792,1
1732437742281862004,1
1732437742281862004,1
1732437742292724931,1
1732437742292724931,1
1732437742303414745,1
1732437742303414745,1
1732437742313774445,1
1732437742313774445,1
1732437742323959461,1
1732437742323959461,1
1732437742334441468,1
1732437742334441468,1
1732437742344652924,1
1732437742344652924,1
1732437742355006903,1
1732437742355006903,1
1732437742365054463,1
1732437742365054463,1
1732437742375366566,1
1732437742375366566,1
1732437742385917387,1
1732437742385917387,1
1732437742396266052,1
1732437742396266052,1
1732437742406922674,1
1732437742406922674,1
1732437742416964343,1
1732437742416964343,1
1732437742427132718,1
1732437742427132718,1
1732437742437449848,1
1732437742437449848,1
1732437742447950952,1
1732437742447950952,1
1732437742458405138,1
1732437742458405138,1
1732437742468973676,1
1732437742468973676,1
1732437742479299404,1
1732437742479299404,1
1732437742490013312,1
1732437742490013312,1
1732437742500301330,1
1732437742500301330,1
1732437742511060072,1
1732437742511060072,1
1732437742521532161,1
1732437742521532161,1
1732437742531978349,1
1732437742531978349,1
1732437742542525531,1
1732437742542525531,1
1732437742552864163,1
1732437742552864163,1
1732437742563002041,1
1732437742563002041,1
1732437742573507322,1
1732437742573507322,1
1732437742583910270,1
1732437742583910270,1
1732437742594214320,1
1732437742594214320,1
1732437742604716566,1
1732437742604716566,1
1732437742615493301,1
1732437742615493301,1
1732437742625946965,1
1732437742625946965,1
1732437742636376306,1
1732437742636376306,1
1732437742647001776,1
1732437742647001776,1
1732437742657333319,1
1732437742657333319,1
1732437742667390967,1
1732437742667390967,1
1732437742677555575,1
1732437742677555575,1
1732437742687681891,1
1732437742687681891,1
1732437742698098767,1
1732437742698098767,1
1732437742708358593,1
1732437742708358593,1
1732437742718805766,1
1732437742718805766,1
1732437742729116796,1
1732437742729116796,1
1732437742739470185,1
1732437742739470185,1
1732437742750032421,1
1732437742750032421,1
1732437742760489904,1
1732437742760489904,1
1732437742771148350,1
1732437742771148350,1
1732437742781657908,1
1732437742781657908,1
1732437742791869895,1
1732437742791869895,1
1732437742802377158,1
1732437742802377158,1
1732437742814669062,1
1732437742814669062,1
1732437742825064868,1
1732437742825064868,1
1732437742835478880,1
1732437742835478880,1
1732437742845804729,1
1732437742845804729,1
1732437742856380300,1
1732437742856380300,1
1732437742866611271,1
1732437742866611271,1
1732437742877077829,1
1732437742877077829,1
1732437742887460763,1
1732437742887460763,1
1732437742897663920,1
1732437742897663920,1
1732437742907837837,1
1732437742907837837,1
1732437742917975456,1
1732437742917975456,1
1732437742928203250,1
1732437742928203250,1
1732437742938500114,1
1732437742938500114,1
1732437742948898007,1
1732437742948898007,1
1732437742959446557,1
1732437742959446557,1
1732437742969523329,1
1732437742969523329,1
1732437742980017702,1
1732437742980017702,1
1732437742990269472,1
1732437742990269472,1
1732437743000748716,1
1732437743000748716,1
1732437743011122551,1
1732437743011122551,1
1732437743021653250,1
1732437743021653250,1
1732437743032160714,1
1732437743032160714,1
1732437743042365537,1
1732437743053158654,1
1732437743053158654,1
1732437743063476365,1
1732437743063476365,1
1732437743073956841,1
1732437743073956841,1
1732437743084669877,1
1732437743084669877,1
1732437743095159340,1
1732437743095159340,1
1732437743105747927,1
1732437743105747927,1
1732437743116363111,1
1732437743116363111,1
1732437743128405350,1
1732437743128405350,1
1732437743138867812,1
1732437743138867812,1
1732437743149437713,1
1732437743149437713,1
1732437743159873985,1
1732437743159873985,1
1732437743170165129,1
1732437743170165129,1
1732437743180461222,1
1732437743180461222,1
1732437743190831481,1
1732437743190831481,1
1732437743200972376,1
1732437743200972376,1
1732437743211457479,1
1732437743211457479,1
1732437743221911745,1
1732437743221911745,1
1732437743232555084,1
1732437743232555084,1
1732437743242632509,1
1732437743242632509,1
1732437743253154962,1
1732437743253154962,1
1732437743263512094,1
1732437743263512094,1
1732437743273620110,1
1732437743273620110,1
1732437743283823640,1
1732437743283823640,1
1732437743294050885,1
1732437743294050885,1
1732437743304189820,1
1732437743304189820,1
1732437743314718278,1
1732437743314718278,1
1732437743325164741,1
1732437743325164741,1
1732437743335767624,1
1732437743335767624,1
1732437743346009354,1
1732437743346009354,1
1732437743356259879,1
1732437743356259879,1
1732437743366592803,1
1732437743366592803,1
1732437743377313925,1
1732437743377313925,1
1732437743387589951,1
1732437743387589951,1
1732437743397892765,1
1732437743397892765,1
1732437743408590504,1
1732437743408590504,1
1732437743419268466,1
1732437743419268466,1
1732437743429754561,1
1732437743429754561,1
1732437743439881358,1
1732437743439881358,1
1732437743450377133,1
1732437743450377133,1
1732437743461176600,1
1732437743461176600,1
1732437743471461642,1
1732437743471461642,1
1732437743481880172,1
1732437743481880172,1
1732437743492456476,1
1732437743492456476,1
1732437743503097228,1
1732437743503097228,1
1732437743513576130,1
1732437743513576130,1
1732437743524788156,1
1732437743524788156,1
1732437743535203909,1
1732437743535203909,1
1732437743545677472,1
1732437743545677472,1
1732437743555897844,1
1732437743555897844,1
1732437743566105701,1
1732437743566105701,1
1732437743576565860,1
1732437743576565860,1
1732437743587002222,1
1732437743587002222,1
1732437743597296922,1
1732437743597296922,1
1732437743607549314,1
1732437743607549314,1
1732437743617922700,1
1732437743617922700,1
1732437743628417610,1
1732437743628417610,1
1732437743638804723,1
1732437743638804723,1
1732437743649137544,1
1732437743649137544,1
1732437743659269210,1
1732437743659269210,1
1732437743669471969,1
1732437743669471969,1
1732437743679821350,1
1732437743679821350,1
1732437743690310431,1
1732437743690310431,1
1732437743700786488,1
1732437743700786488,1
1732437743711073143,1
1732437743711073143,1
1732437743721604392,1
1732437743721604392,1
1732437743731921744,1
1732437743731921744,1
1732437743742386019,1
1732437743742386019,1
1732437743753098004,1
1732437743753098004,1
1732437743763333965,1
1732437743763333965,1
1732437743773924775,1
1732437743773924775,1
1732437743784387937,1
1732437743784387937,1
1732437743795045352,1
1732437743795045352,1
1732437743805541397,1
1732437743805541397,1
1732437743816071413,1
1732437743816071413,1
1732437743826529377,1
1732437743826529377,1
1732437743836977021,1
1732437743836977021,1
1732437743847379006,1
1732437743847379006,1
1732437743857733080,1
1732437743857733080,1
1732437743867896977,1
1732437743867896977,1
1732437743878607218,1
1732437743878607218,1
1732437743888811170,1
1732437743888811170,1
1732437743899309658,1
1732437743899309658,1
1732437743909424493,1
1732437743909424493,1
1732437743919821140,1
1732437743919821140,1
1732437743930107347,1
1732437743930107347,1
1732437743940713575,1
1732437743940713575,1
1732437743951078697,1
1732437743951078697,1
1732437743961136196,1
1732437743961136196,1
1732437743971720563,1
1732437743971720563,1
1732437743982140086,1
1732437743982140086,1
1732437743992629287,1
1732437743992629287,1
1732437744003149796,1
1732437744003149796,1
1732437744013516159,1
1732437744013516159,1
1732437744023672712,1
1732437744023672712,1
1732437744033937796,1
1732437744033937796,1
1732437744044229151,1
1732437744044229151,1
1732437744054354264,1
1732437744054354264,1
1732437744064625090,1
1732437744064625090,1
1732437744074729783,1
1732437744074729783,1
1732437744084825443,1
1732437744084825443,1
1732437744095274232,1
1732437744095274232,1
1732437744105502569,1
1732437744105502569,1
1732437744115830530,1
1732437744115830530,1
1732437744126261733,1
1732437744126261733,1
1732437744136970483,1
1732437744136970483,1
1732437744147084888,1
1732437744147084888,1
1732437744157205475,1
1732437744157205475,1
1732437744167264341,1
1732437744167264341,1
1732437744177914706,1
1732437744177914706,1
1732437744188263768,1
1732437744188263768,1
1732437744198803282,1
1732437744198803282,1
1732437744208878634,1
1732437744208878634,1
1732437744219076344,1
1732437744219076344,1
1732437744229702441,1
1732437744229702441,1
1732437744240131550,1
1732437744240131550,1
1732437744250714004,1
1732437744250714004,1
1732437744261287633,1
1732437744261287633,1
1732437744271481034,1
1732437744271481034,1
1732437744281771126,1
1732437744281771126,1
1732437744291871584,1
1732437744291871584,1
1732437744302448309,1
1732437744302448309,1
1732437744312866519,1
1732437744312866519,1
1732437744323361450,1
1732437744323361450,1
1732437744333862052,1
1732437744333862052,1
1732437744344054533,1
1732437744344054533,1
1732437744358183381,1
1732437744358183381,1
1732437744368526532,1
1732437744368526532,1
1732437744378891190,1
1732437744378891190,1
1732437744389083671,1
1732437744389083671,1
1732437744399886185,1
1732437744399886185,1
1732437744410577247,1
1732437744410577247,1
1732437744420852725,1
1732437744420852725,1
1732437744431379517,1
1732437744431379517,1
1732437744441891841,1
1732437744441891841,1
1732437744452146718,1
1732437744452146718,1
1732437744462573131,1
1732437744462573131,1
1732437744472994677,1
1732437744472994677,1
1732437744483367693,1
1732437744483367693,1
1732437744493921554,1
1732437744493921554,1
1732437744504074681,1
1732437744504074681,1
1732437744514554155,1
1732437744514554155,1
1732437744524827845,1
1732437744524827845,1
1732437744535375374,1
1732437744535375374,1
1732437744545768117,1
1732437744545768117,1
1732437744555976016,1
1732437744555976016,1
1732437744566175454,1
1732437744566175454,1
1732437744576607923,1
1732437744576607923,1
1732437744587577729,1
1732437744587577729,1
1732437744597846180,1
1732437744597846180,1
1732437744608002162,1
1732437744608002162,1
1732437744618170666,1
1732437744618170666,1
1732437744628509335,1
1732437744628509335,1
1732437744639103455,1
1732437744639103455,1
1732437744649181932,1
1732437744649181932,1
1732437744659404715,1
1732437744659404715,1
1732437744669939325,1
1732437744669939325,1
1732437744680285491,1
1732437744680285491,1
1732437744691012975,1
1732437744691012975,1
1732437744701780123,1
1732437744701780123,1
1732437744713578780,1
1732437744713578780,1
1732437744724164090,1
1732437744724164090,1
1732437744734701891,1
1732437744734701891,1
1732437744745161838,1
1732437744745161838,1
1732437744755279478,1
1732437744755279478,1
1732437744765735228,1
1732437744765735228,1
1732437744776276286,1
1732437744776276286,1
1732437744786751010,1
1732437744786751010,1
1732437744797325470,1
1732437744797325470,1
1732437744807499074,1
1732437744807499074,1
1732437744817758078,1
1732437744817758078,1
1732437744828003045,1
1732437744828003045,1
1732437744838108063,1
1732437744838108063,1
1732437744848372316,1
1732437744848372316,1
1732437744858634014,1
1732437744858634014,1
1732437744868878962,1
1732437744868878962,1
1732437744879310807,1
1732437744879310807,1
1732437744889740066,1
1732437744889740066,1
1732437744900030798,1
1732437744900030798,1
1732437744910290283,1
1732437744910290283,1
1732437744920663900,1
1732437744920663900,1
1732437744931203415,1
1732437744931203415,1
1732437744941727251,1
1732437744941727251,1
1732437744952224437,1
1732437744952224437,1
1732437744962626156,1
1732437744962626156,1
1732437744973154129,1
1732437744973154129,1
1732437744983542423,1
1732437744983542423,1
1732437744993745213,1
1732437744993745213,1
1732437745003923766,1
1732437745003923766,1
1732437745014550313,1
1732437745014550313,1
1732437745027511450,1
1732437745027511450,1
1732437745037730790,1
1732437745037730790,1
1732437745048040498,1
1732437745048040498,1
1732437745058731524,1
1732437745058731524,1
1732437745068910920,1
1732437745068910920,1
1732437745079073204,1
1732437745079073204,1
1732437745089853998,1
1732437745089853998,1
1732437745100499569,1
1732437745100499569,1
1732437745111167493,1
1732437745111167493,1
1732437745121748035,1
1732437745121748035,1
1732437745131997581,1
1732437745131997581,1
1732437745142277463,1
1732437745142277463,1
1732437745155496801,1
1732437745155496801,1
1732437745165719546,1
1732437745165719546,1
1732437745176088895,1
1732437745176088895,1
1732437745186432577,1
1732437745186432577,1
1732437745196839034,1
1732437745196839034,1
1732437745206995297,1
1732437745206995297,1
1732437745217186119,1
1732437745217186119,1
1732437745227526949,1
1732437745227526949,1
1732437745237953404,1
1732437745237953404,1
1732437745248439000,1
1732437745248439000,1
1732437745259034389,1
1732437745259034389,1
1732437745269584223,1
1732437745269584223,1
1732437745279831373,1
1732437745279831373,1
1732437745290440187,1
1732437745290440187,1
1732437745300579800,1
1732437745300579800,1
1732437745311346687,1
1732437745311346687,1
1732437745321723411,1
1732437745321723411,1
1732437745332150455,1
1732437745332150455,1
1732437745342953150,1
1732437745342953150,1
1732437745353162211,1
1732437745353162211,1
1732437745363470617,1
1732437745363470617,1
1732437745373977872,1
1732437745373977872,1
1732437745384672115,1
1732437745384672115,1
1732437745395366136,1
1732437745395366136,1
1732437745405789275,1
1732437745405789275,1
1732437745416397689,1
1732437745416397689,1
1732437745427143377,1
1732437745427143377,1
1732437745437519656,1
1732437745437519656,1
1732437745450754955,1
1732437745450754955,1
1732437745461075393,1
1732437745461075393,1
1732437745471312726,1
1732437745471312726,1
1732437745481699398,1
1732437745481699398,1
1732437745492172029,1
1732437745492172029,1
1732437745502933016,1
1732437745502933016,1
1732437745513353870,1
1732437745513353870,1
1732437745523728929,1
1732437745523728929,1
1732437745534059886,1
1732437745534059886,1
1732437745544522509,1
1732437745544522509,1
1732437745554860991,1
1732437745554860991,1
1732437745565266866,1
1732437745565266866,1
1732437745575711435,1
1732437745575711435,1
1732437745585986970,1
1732437745585986970,1
1732437745596706420,1
1732437745596706420,1
1732437745607733862,1
1732437745607733862,1
1732437745617901667,1
1732437745617901667,1
1732437745628470194,1
1732437745628470194,1
1732437745638945871,1
1732437745638945871,1
1732437745649348763,1
1732437745649348763,1
1732437745660165244,1
1732437745660165244,1
1732437745670389072,1
1732437745670389072,1
1732437745680591970,1
1732437745680591970,1
1732437745690851184,1
1732437745690851184,1
1732437745701330027,1
1732437745701330027,1
1732437745711498829,1
1732437745711498829,1
1732437745721946965,1
1732437745721946965,1
1732437745732528612,1
1732437745732528612,1
1732437745742748762,1
1732437745742748762,1
1732437745757994898,1
1732437745757994898,1
1732437745768480924,1
1732437745768480924,1
1732437745778732193,1
1732437745778732193,1
1732437745789342389,1
1732437745789342389,1
1732437745799502920,1
1732437745799502920,1
1732437745809821013,1
1732437745809821013,1
1732437745820037176,1
1732437745820037176,1
1732437745830446490,1
1732437745830446490,1
1732437745840639842,1
1732437745840639842,1
1732437745850983944,1
1732437745850983944,1
1732437745861542464,1
1732437745861542464,1
1732437745872077771,1
1732437745872077771,1
1732437745882415211,1
1732437745882415211,1
1732437745893098945,1
1732437745893098945,1
1732437745903205565,1
1732437745903205565,1
1732437745913613465,1
1732437745913613465,1
1732437745924181042,1
1732437745924181042,1
1732437745934442500,1
1732437745934442500,1
1732437745944895585,1
1732437745944895585,1
1732437745955026250,2
1732437745955026250,2
1732437745965602072,2
1732437745965602072,2
1732437745975993431,2
1732437745975993431,2
1732437745986442018,2
1732437745986442018,2
1732437745996723303,2
1732437745996723303,2
1732437746007098332,2
1732437746007098332,2
1732437746017635534,2
1732437746017635534,2
1732437746027887543,2
1732437746027887543,2
1732437746038343473,2
1732437746038343473,2
1732437746048846951,2
1732437746048846951,2
1732437746059125241,2
1732437746059125241,2
1732437746069564701,2
1732437746069564701,2
1732437746079776966,2
1732437746079776966,2
1732437746090334806,2
1732437746090334806,2
1732437746100885161,2
1732437746100885161,2
1732437746111147852,2
1732437746111147852,2
1732437746121494459,2
1732437746121494459,2
1732437746131974163,2
1732437746131974163,2
1732437746142501355,2
1732437746142501355,2
1732437746153061778,2
1732437746153061778,2
1732437746163671754,2
1732437746163671754,2
1732437746174023821,2
1732437746174023821,2
1732437746184112448,2
1732437746184112448,2
1732437746194298066,2
1732437746194298066,2
1732437746205512356,2
1732437746205512356,2
1732437746215981841,2
1732437746215981841,2
1732437746226539450,2
1732437746226539450,2
1732437746237035846,2
1732437746237035846,2
1732437746247342317,2
1732437746247342317,2
1732437746257519047,2
1732437746257519047,2
1732437746268269364,2
1732437746268269364,2
1732437746278555218,2
1732437746278555218,2
1732437746289062384,2
1732437746289062384,2
1732437746299248091,2
1732437746299248091,2
1732437746309661913,2
1732437746309661913,2
1732437746319860754,2
1732437746319860754,2
1732437746330175972,2
1732437746330175972,2
1732437746340310620,2
1732437746340310620,2
1732437746350743371,2
1732437746350743371,2
1732437746361133008,2
1732437746361133008,2
1732437746371490024,2
1732437746371490024,2
1732437746382004743,2
1732437746382004743,2
1732437746392271381,2
1732437746392271381,2
1732437746402767315,2
1732437746402767315,2
1732437746412996623,2
1732437746412996623,2
1732437746423303008,2
1732437746423303008,2
1732437746433939542,2
1732437746433939542,2
1732437746444520924,2
1732437746444520924,2
1732437746454754520,2
1732437746454754520,2
1732437746465084095,2
1732437746465084095,2
1732437746475296161,2
1732437746475296161,2
1732437746486128651,2
1732437746486128651,2
1732437746496311132,2
1732437746496311132,2
1732437746506882046,2
1732437746506882046,2
1732437746517124749,2
1732437746517124749,2
1732437746527490939,2
1732437746527490939,2
1732437746537641655,2
1732437746537641655,2
1732437746547864201,2
1732437746547864201,2
1732437746558394558,2
1732437746558394558,2
1732437746568541123,2
1732437746568541123,2
1732437746578660296,2
1732437746578660296,2
1732437746588854777,2
1732437746588854777,2
1732437746599374259,2
1732437746599374259,2
1732437746610870483,2
1732437746610870483,2
1732437746621473706,2
1732437746621473706,2
1732437746632280268,2
1732437746632280268,2
1732437746642645049,2
1732437746642645049,2
1732437746653190856,2
1732437746653190856,2
1732437746663763893,2
1732437746663763893,2
1732437746674401010,2
1732437746674401010,2
1732437746684814711,2
1732437746684814711,2
1732437746695003314,2
1732437746695003314,2
1732437746705601678,2
1732437746705601678,2
1732437746716146605,2
1732437746716146605,2
1732437746726291055,2
1732437746726291055,2
1732437746736838575,2
1732437746736838575,2
1732437746747180482,2
1732437746747180482,2
1732437746757756285,2
1732437746757756285,2
1732437746768231590,2
1732437746768231590,2
1732437746778903292,2
1732437746778903292,2
1732437746789354123,2
1732437746789354123,2
1732437746799804589,2
1732437746799804589,2
1732437746810184318,2
1732437746810184318,2
1732437746820384605,2
1732437746820384605,2
1732437746830508257,2
1732437746830508257,2
1732437746840579952,2
1732437746840579952,2
1732437746850917282,2
1732437746850917282,2
1732437746850917282,2
1732437746850917282,2
1732437746871604514,2
1732437746871604514,2
1732437746882158536,2
1732437746882158536,2
1732437746892395390,2
1732437746892395390,2
1732437746903744800,2
1732437746903744800,2
1732437746914286518,2
1732437746914286518,2
1732437746924486452,2
1732437746924486452,2
1732437746934766174,2
1732437746934766174,2
1732437746945023004,2
1732437746945023004,2
1732437746955374760,2
1732437746955374760,2
1732437746965856669,2
1732437746965856669,2
1732437746976482545,2
1732437746976482545,2
1732437746986707906,2
1732437746986707906,2
1732437746997109212,2
1732437746997109212,2
1732437747007281848,2
1732437747007281848,2
1732437747017488524,2
1732437747017488524,2
1732437747027723673,2
1732437747027723673,2
1732437747038169093,2
1732437747038169093,2
1732437747048563749,2
1732437747048563749,2
1732437747059041667,2
1732437747059041667,2
1732437747069521304,2
1732437747069521304,2
1732437747080143062,2
1732437747080143062,2
1732437747090341493,2
1732437747090341493,2
1732437747100854167,2
1732437747100854167,2
1732437747111886389,2
1732437747111886389,2
1732437747122583207,2
1732437747122583207,2
1732437747133169860,2
1732437747133169860,2
1732437747143270339,2
1732437747143270339,2
1732437747154043589,2
1732437747154043589,2
1732437747164429450,2
1732437747164429450,2
1732437747174574040,2
1732437747174574040,2
1732437747184849144,2
1732437747184849144,2
1732437747195016798,2
1732437747195016798,2
1732437747205214969,2
1732437747205214969,2
1732437747215378225,2
1732437747215378225,2
1732437747226053573,2
1732437747226053573,2
1732437747236567802,2
1732437747236567802,2
1732437747246854773,2
1732437747246854773,2
1732437747257046786,2
1732437747257046786,2
1732437747267359100,2
1732437747267359100,2
1732437747277803317,2
1732437747277803317,2
1732437747288022026,2
1732437747288022026,2
1732437747298843536,2
1732437747298843536,2
1732437747309168703,2
1732437747309168703,2
1732437747319347584,2
1732437747319347584,2
1732437747329982190,2
1732437747329982190,2
1732437747340563613,2
1732437747340563613,2
1732437747352514654,2
1732437747352514654,2
1732437747362697986,2
1732437747362697986,2
1732437747373338129,2
1732437747373338129,2
1732437747383666128,2
1732437747383666128,2
1732437747394237196,2
1732437747394237196,2
1732437747404829559,2
1732437747404829559,2
1732437747415019234,2
1732437747415019234,2
1732437747428475602,2
1732437747428475602,2
1732437747438890406,2
1732437747438890406,2
1732437747449406287,2
1732437747449406287,2
1732437747459975107,2
1732437747459975107,2
1732437747470676143,2
1732437747470676143,2
1732437747480976473,2
1732437747480976473,2
1732437747491196946,2
1732437747491196946,2
1732437747501668554,2
1732437747501668554,2
1732437747511767961,2
1732437747511767961,2
1732437747522282490,2
1732437747522282490,2
1732437747532699458,2
1732437747532699458,2
1732437747543000620,2
1732437747543000620,2
1732437747553087152,2
1732437747553087152,2
1732437747563614766,2
1732437747563614766,2
1732437747574288421,2
1732437747574288421,2
1732437747584813309,2
1732437747584813309,2
1732437747595474249,2
1732437747595474249,2
1732437747605744264,2
1732437747605744264,2
1732437747617445780,2
1732437747617445780,2
1732437747627810671,2
1732437747627810671,2
1732437747637919506,2
1732437747637919506,2
1732437747648477355,2
1732437747648477355,2
1732437747658984630,2
1732437747658984630,2
1732437747669567787,2
1732437747669567787,2
1732437747679969406,2
1732437747679969406,2
1732437747690446595,2
1732437747690446595,2
1732437747700724474,2
1732437747700724474,2
1732437747711337657,2
1732437747711337657,2
1732437747721593014,2
1732437747721593014,2
1732437747731788416,2
1732437747731788416,2
1732437747742723289,2
1732437747742723289,2
1732437747753230151,2
1732437747753230151,2
1732437747764273186,2
1732437747764273186,2
1732437747774821888,2
1732437747774821888,2
1732437747784887020,2
1732437747784887020,2
1732437747795179338,2
1732437747795179338,2
1732437747805480679,2
1732437747805480679,2
1732437747816130069,2
1732437747816130069,2
1732437747826279158,2
1732437747826279158,2
1732437747836580361,2
1732437747836580361,2
1732437747846969556,2
1732437747846969556,2
1732437747857464930,2
1732437747857464930,2
1732437747867797572,2
1732437747867797572,2
1732437747878126315,2
1732437747878126315,2
1732437747888830035,2
1732437747888830035,2
1732437747898928812,2
1732437747898928812,2
1732437747909350358,2
1732437747909350358,2
1732437747920238882,2
1732437747920238882,2
1732437747930585038,2
1732437747930585038,2
1732437747941113654,2
1732437747941113654,2
1732437747951554165,2
1732437747951554165,2
1732437747961804481,2
1732437747961804481,2
1732437747972156740,2
1732437747972156740,2
1732437747982361769,2
1732437747982361769,2
1732437747993023104,2
1732437747993023104,2
1732437748003359111,2
1732437748003359111,2
1732437748014179861,2
1732437748014179861,2
1732437748024566020,2
1732437748024566020,2
1732437748035143807,2
1732437748035143807,2
1732437748045248093,2
1732437748045248093,2
1732437748055686270,2
1732437748055686270,2
1732437748065985609,2
1732437748065985609,2
1732437748076249432,2
1732437748076249432,2
1732437748086943575,2
1732437748086943575,2
1732437748097017795,2
1732437748097017795,2
1732437748107212961,2
1732437748107212961,2
1732437748117319691,2
1732437748117319691,2
1732437748127349330,2
1732437748127349330,2
1732437748137644841,2
1732437748137644841,2
1732437748147733147,2
1732437748147733147,2
1732437748157999845,2
1732437748157999845,2
1732437748168471495,2
1732437748168471495,2
1732437748178850769,2
1732437748178850769,2
1732437748189453365,2
1732437748189453365,2
1732437748199615769,2
1732437748199615769,2
1732437748210208694,2
1732437748210208694,2
1732437748220828549,2
1732437748220828549,2
1732437748231211911,2
1732437748231211911,2
1732437748241463905,2
1732437748241463905,2
1732437748251731746,2
1732437748251731746,2
1732437748262920448,2
1732437748262920448,2
1732437748273424257,2
1732437748273424257,2
1732437748283557397,2
1732437748283557397,2
1732437748294410916,2
1732437748294410916,2
1732437748304697411,2
1732437748304697411,2
1732437748315848283,2
1732437748315848283,2
1732437748326478858,2
1732437748326478858,2
1732437748337120133,2
1732437748337120133,2
1732437748347502706,2
1732437748347502706,2
1732437748357723480,2
1732437748357723480,2
1732437748367865365,2
1732437748367865365,2
1732437748378436831,2
1732437748378436831,2
1732437748388962730,2
1732437748388962730,2
1732437748399146554,2
1732437748399146554,2
1732437748409471572,2
1732437748409471572,2
1732437748420064052,2
1732437748420064052,2
1732437748430574347,2
1732437748430574347,2
1732437748441090729,2
1732437748441090729,2
1732437748451748145,2
1732437748451748145,2
1732437748462098627,2
1732437748462098627,2
1732437748472580656,2
1732437748472580656,2
1732437748482703433,2
1732437748482703433,2
1732437748492856723,2
1732437748492856723,2
1732437748502879800,2
1732437748502879800,2
1732437748512992721,2
1732437748512992721,2
1732437748523549360,2
1732437748523549360,2
1732437748534001572,2
1732437748534001572,2
1732437748544154439,2
1732437748544154439,2
1732437748554374411,2
1732437748554374411,2
1732437748564634466,2
1732437748564634466,2
1732437748575046625,2
1732437748575046625,2
1732437748585833250,2
1732437748585833250,2
1732437748596448146,2
1732437748596448146,2
1732437748606762182,2
1732437748606762182,2
1732437748617108129,2
1732437748617108129,2
1732437748627697466,2
1732437748627697466,2
1732437748638039544,2
1732437748638039544,2
1732437748648426757,2
1732437748648426757,2
1732437748658734881,2
1732437748658734881,2
1732437748669189991,2
1732437748669189991,2
1732437748679704659,2
1732437748679704659,2
1732437748690105738,2
1732437748690105738,2
1732437748700189937,2
1732437748700189937,2
1732437748710473736,2
1732437748710473736,2
1732437748720939405,2
1732437748720939405,2
1732437748731948644,2
1732437748731948644,2
1732437748742140810,2
1732437748742140810,2
1732437748753356968,2
1732437748753356968,2
1732437748765732733,2
1732437748765732733,2
1732437748776128401,2
1732437748776128401,2
1732437748786779749,2
1732437748786779749,2
1732437748796845690,2
1732437748796845690,2
1732437748806905303,2
1732437748806905303,2
1732437748816940615,2
1732437748816940615,2
1732437748827506399,2
1732437748827506399,2
1732437748838147903,2
1732437748838147903,2
1732437748848957011,2
1732437748848957011,2
1732437748859067899,2
1732437748859067899,2
1732437748869232819,2
1732437748869232819,2
1732437748879722562,2
1732437748879722562,2
1732437748889970014,2
1732437748889970014,2
1732437748900337500,2
1732437748900337500,2
1732437748910851384,2
1732437748910851384,2
1732437748921026326,2
1732437748921026326,2
1732437748931307651,2
1732437748931307651,2
1732437748941832980,2
1732437748941832980,2
1732437748951959387,2
1732437748951959387,2
1732437748962151958,2
1732437748962151958,2
1732437748972393910,2
1732437748972393910,2
1732437748982661551,2
1732437748982661551,2
1732437748993260507,2
1732437748993260507,2
1732437749003384686,2
1732437749003384686,2
1732437749013949482,2
1732437749013949482,2
1732437749024569156,2
1732437749024569156,2
1732437749034822660,2
1732437749034822660,2
1732437749045182151,2
1732437749045182151,2
1732437749055723470,2
1732437749055723470,2
1732437749066020775,2
1732437749066020775,2
1732437749076998495,2
1732437749076998495,2
1732437749087392902,2
1732437749087392902,2
1732437749097753113,2
1732437749097753113,2
1732437749108865315,2
1732437749108865315,2
1732437749119322236,2
1732437749119322236,2
1732437749129714508,2
1732437749129714508,2
1732437749140270313,2
1732437749140270313,2
1732437749152912288,2
1732437749152912288,2
1732437749163276197,2
1732437749163276197,2
1732437749173554086,2
1732437749173554086,2
1732437749184098571,2
1732437749184098571,2
1732437749194626765,2
1732437749194626765,2
1732437749205060245,2
1732437749205060245,2
1732437749215389900,2
1732437749215389900,2
1732437749225931109,2
1732437749225931109,2
1732437749236107475,2
1732437749236107475,2
1732437749236107475,2
1732437749247257219,2
1732437749257550777,2
1732437749257550777,2
1732437749267876676,2
1732437749267876676,2
1732437749278432322,2
1732437749278432322,2
1732437749288899533,2
1732437749288899533,2
1732437749299238867,2
1732437749299238867,2
1732437749309686932,2
1732437749309686932,2
1732437749320428344,2
1732437749320428344,2
1732437749330689251,2
1732437749330689251,2
1732437749330689251,2
1732437749341286043,2
1732437749351501006,2
1732437749351501006,2
1732437749361773825,2
1732437749361773825,2
1732437749372316958,2
1732437749372316958,2
1732437749382539333,2
1732437749382539333,2
1732437749392782227,2
1732437749392782227,2
1732437749403195638,2
1732437749403195638,2
1732437749413538148,2
1732437749413538148,2
1732437749424085424,2
1732437749424085424,2
1732437749434538823,2
1732437749434538823,2
1732437749444877106,2
1732437749444877106,2
1732437749455115129,2
1732437749455115129,2
1732437749465669944,2
1732437749465669944,2
1732437749476211433,2
1732437749476211433,2
1732437749486849031,2
1732437749486849031,2
1732437749497048766,2
1732437749497048766,2
1732437749507138144,2
1732437749507138144,2
1732437749517251934,2
1732437749517251934,2
1732437749527471669,2
1732437749527471669,2
1732437749537685379,2
1732437749537685379,2
1732437749548244761,2
1732437749548244761,2
1732437749558749211,2
1732437749558749211,2
1732437749580436701,2
1732437749580436701,2
1732437749580436701,2
1732437749580436701,2
1732437749601227867,2
1732437749601227867,2
1732437749601227867,2
1732437749601227867,2
1732437749611729006,2
1732437749611729006,2
1732437749622209651,2
1732437749622209651,2
1732437749632853089,2
1732437749632853089,2
1732437749643000887,2
1732437749643000887,2
1732437749653245374,2
1732437749653245374,2
1732437749663450898,2
1732437749663450898,2
1732437749674241481,2
1732437749674241481,2
1732437749684612594,2
1732437749684612594,2
1732437749694957426,2
1732437749694957426,2
1732437749705100396,2
1732437749705100396,2
1732437749715720652,2
1732437749715720652,2
1732437749726257092,2
1732437749726257092,2
1732437749736891975,2
1732437749736891975,2
1732437749747372300,2
1732437749747372300,2
1732437749758101889,2
1732437749758101889,2
1732437749768468963,2
1732437749768468963,2
1732437749778707289,2
1732437749778707289,2
1732437749788984055,2
1732437749788984055,2
1732437749799390966,2
1732437749799390966,2
1732437749809815293,2
1732437749809815293,2
1732437749820409110,2
1732437749820409110,2
1732437749830905827,2
1732437749830905827,2
1732437749841269098,2
1732437749841269098,2
1732437749852023774,2
1732437749852023774,2
1732437749862319302,2
1732437749862319302,2
1732437749872795179,2
1732437749872795179,2
1732437749883373246,2
1732437749883373246,2
1732437749893790057,2
1732437749893790057,2
1732437749903955213,2
1732437749903955213,2
1732437749914634913,2
1732437749914634913,2
1732437749924847642,2
1732437749924847642,2
1732437749935365217,2
1732437749935365217,2
1732437749945481535,2
1732437749945481535,2
1732437749955880800,2
1732437749955880800,2
1732437749966426667,2
1732437749966426667,2
1732437749977227219,2
1732437749977227219,2
1732437749987394722,2
1732437749987394722,2
1732437749997551086,2
1732437749997551086,2
1732437750007677333,2
1732437750007677333,2
1732437750018068292,2
1732437750018068292,2
1732437750028363253,2
1732437750028363253,2
1732437750039010910,2
1732437750039010910,2
1732437750049458493,2
1732437750049458493,2
1732437750059757834,2
1732437750059757834,2
1732437750070240253,2
1732437750070240253,2
1732437750080423245,2
1732437750080423245,2
1732437750090712843,2
1732437750090712843,2
1732437750100965297,2
1732437750100965297,2
1732437750111215876,2
1732437750111215876,2
1732437750121558405,2
1732437750121558405,2
1732437750131971465,2
1732437750131971465,2
1732437750142112831,2
1732437750142112831,2
1732437750157555450,2
1732437750157555450,2
1732437750168308495,2
1732437750168308495,2
1732437750178810953,2
1732437750178810953,2
1732437750188951698,2
1732437750188951698,2
1732437750199280859,2
1732437750199280859,2
1732437750209551247,2
1732437750209551247,2
1732437750219907001,2
1732437750219907001,2
1732437750230574976,2
1732437750230574976,2
1732437750241282474,2
1732437750241282474,2
1732437750251811821,2
1732437750251811821,2
1732437750262152537,2
1732437750262152537,2
1732437750272745763,2
1732437750272745763,2
1732437750282942020,2
1732437750282942020,2
1732437750293338760,2
1732437750293338760,2
1732437750303557709,2
1732437750303557709,2
1732437750314133029,2
1732437750314133029,2
1732437750324421568,2
1732437750324421568,2
1732437750334861312,2
1732437750334861312,2
1732437750345107302,2
1732437750345107302,2
1732437750355564674,2
1732437750355564674,2
1732437750366310684,2
1732437750366310684,2
1732437750377245074,2
1732437750377245074,2
1732437750387323162,2
1732437750387323162,2
1732437750397459428,2
1732437750397459428,2
1732437750408125379,2
1732437750408125379,2
1732437750419315524,2
1732437750419315524,2
1732437750429794477,2
1732437750429794477,2
1732437750440010041,2
1732437750440010041,2
1732437750450221396,2
1732437750450221396,2
1732437750460606476,2
1732437750460606476,2
1732437750471184423,2
1732437750471184423,2
1732437750481573078,2
1732437750481573078,2
1732437750492000966,2
1732437750492000966,2
1732437750502206821,2
1732437750502206821,2
1732437750512466387,2
1732437750512466387,2
1732437750523029456,2
1732437750523029456,2
1732437750533225851,2
1732437750533225851,2
1732437750543634767,2
1732437750543634767,2
1732437750554296740,2
1732437750554296740,2
1732437750564691546,2
1732437750564691546,2
1732437750575269514,2
1732437750575269514,2
1732437750585801064,2
1732437750585801064,2
1732437750596321375,2
1732437750596321375,2
1732437750606853076,2
1732437750606853076,2
1732437750617221724,2
1732437750617221724,2
1732437750627382456,2
1732437750627382456,2
1732437750637504365,2
1732437750637504365,2
1732437750647890166,2
1732437750647890166,2
1732437750658441132,2
1732437750658441132,2
1732437750669074764,2
1732437750669074764,2
1732437750679178819,2
1732437750679178819,2
1732437750689415482,2
1732437750689415482,2
1732437750699585521,2
1732437750699585521,2
1732437750710384188,2
1732437750710384188,2
1732437750720606565,2
1732437750720606565,2
1732437750731327928,2
1732437750731327928,2
1732437750741695895,2
1732437750741695895,2
1732437750752049805,2
1732437750752049805,2
1732437750762344115,2
1732437750762344115,2
1732437750772694379,2
1732437750772694379,2
1732437750783017062,2
1732437750783017062,2
1732437750793094025,2
1732437750793094025,2
1732437750803226677,2
1732437750803226677,2
1732437750813444365,2
1732437750813444365,2
1732437750824006272,2
1732437750824006272,2
1732437750834480786,2
1732437750834480786,2
1732437750844679328,2
1732437750844679328,2
1732437750844679328,2
1732437750844679328,2
1732437750865441690,2
1732437750865441690,2
1732437750875983921,2
1732437750875983921,2
1732437750886488703,2
1732437750886488703,2
1732437750897015103,2
1732437750897015103,2
1732437750907272154,2
1732437750907272154,2
1732437750917878554,2
1732437750917878554,2
1732437750928639882,2
1732437750928639882,2
1732437750938859021,2
1732437750938859021,2
1732437750949169583,2
1732437750949169583,2
1732437750959374326,2
1732437750959374326,2
1732437750969774322,2
1732437750969774322,2
1732437750980242364,2
1732437750980242364,2
1732437750990806056,2
1732437750990806056,2
1732437751001167181,2
1732437751001167181,2
1732437751011474183,2
1732437751011474183,2
1732437751022044717,2
1732437751022044717,2
1732437751032542625,2
1732437751032542625,2
1732437751043365538,2
1732437751043365538,2
1732437751053607931,2
1732437751053607931,2
1732437751064073499,2
1732437751064073499,2
1732437751074505966,2
1732437751074505966,2
1732437751085776492,2
1732437751085776492,2
1732437751095957129,2
1732437751095957129,2
1732437751106432777,2
1732437751106432777,2
1732437751117086897,2
1732437751117086897,2
1732437751127631290,2
1732437751127631290,2
1732437751138021960,2
1732437751138021960,2
1732437751148324595,2
1732437751148324595,2
1732437751158660983,2
1732437751158660983,2
1732437751168756945,2
1732437751168756945,2
1732437751178925490,2
1732437751178925490,2
1732437751189114003,2
1732437751189114003,2
1732437751199587166,2
1732437751199587166,2
1732437751210120180,2
1732437751210120180,2
1732437751220577243,2
1732437751220577243,2
1732437751231043913,2
1732437751231043913,2
1732437751241407392,2
1732437751241407392,2
1732437751251770368,2
1732437751251770368,2
1732437751262273727,2
1732437751262273727,2
1732437751272523816,2
1732437751272523816,2
1732437751283334496,2
1732437751283334496,2
1732437751293903867,2
1732437751293903867,2
1732437751304029334,2
1732437751304029334,2
1732437751314655170,2
1732437751314655170,2
1732437751325117192,2
1732437751325117192,2
1732437751335665603,2
1732437751335665603,2
1732437751346315785,2
1732437751346315785,2
1732437751356708496,2
1732437751356708496,2
1732437751367657045,2
1732437751367657045,2
1732437751378553454,2
1732437751378553454,2
1732437751388822967,2
1732437751388822967,2
1732437751399371651,2
1732437751399371651,2
1732437751409666423,2
1732437751409666423,2
1732437751419954921,2
1732437751419954921,2
1732437751430052382,2
1732437751430052382,2
1732437751440708147,2
1732437751440708147,2
1732437751451481868,2
1732437751451481868,2
1732437751461745691,2
1732437751461745691,2
1732437751472392135,2
1732437751472392135,2
1732437751482752418,2
1732437751482752418,2
1732437751492807023,2
1732437751492807023,2
1732437751503238975,2
1732437751503238975,2
1732437751513430678,2
1732437751513430678,2
1732437751523644057,2
1732437751523644057,2
1732437751534019297,2
1732437751534019297,2
1732437751544294943,2
1732437751544294943,2
1732437751554519012,2
1732437751554519012,2
1732437751564908459,2
1732437751564908459,2
1732437751575199041,2
1732437751575199041,2
1732437751585796645,2
1732437751585796645,2
1732437751596142402,2
1732437751596142402,2
1732437751607496688,2
1732437751607496688,2
1732437751618136364,2
1732437751618136364,2
1732437751628293500,2
1732437751628293500,2
1732437751638891370,2
1732437751638891370,2
1732437751649230136,2
1732437751649230136,2
1732437751659644759,2
1732437751659644759,2
1732437751670105318,2
1732437751670105318,2
1732437751680567571,2
1732437751680567571,2
1732437751690963721,2
1732437751690963721,2
1732437751701306500,2
1732437751701306500,2
1732437751711648078,2
1732437751711648078,2
1732437751721877207,2
1732437751721877207,2
1732437751732215880,2
1732437751732215880,2
1732437751742322491,2
1732437751742322491,2
1732437751752804880,2
1732437751752804880,2
1732437751763395883,2
1732437751763395883,2
1732437751773819482,2
1732437751773819482,2
1732437751784343840,2
1732437751784343840,2
1732437751794988772,2
1732437751794988772,2
1732437751805311995,2
1732437751805311995,2
1732437751815826725,2
1732437751815826725,2
1732437751826268319,2
1732437751826268319,2
1732437751837129252,2
1732437751837129252,2
1732437751847285345,2
1732437751847285345,2
1732437751857724264,2
1732437751857724264,2
1732437751868087953,2
1732437751868087953,2
1732437751878377614,2
1732437751878377614,2
1732437751888695795,2
1732437751888695795,2
1732437751899086558,2
1732437751899086558,2
1732437751909582993,2
1732437751909582993,2
1732437751919867756,2
1732437751919867756,2
1732437751930581496,2
1732437751930581496,2
1732437751940982744,2
1732437751940982744,2
1732437751954700199,2
1732437751954700199,2
1732437751965138506,2
1732437751965138506,2
1732437751975628019,2
1732437751975628019,2
1732437751986363449,2
1732437751986363449,2
1732437751997116713,2
1732437751997116713,2
1732437752007316486,2
1732437752007316486,2
1732437752017544123,2
1732437752017544123,2
1732437752027935734,2
1732437752027935734,2
1732437752038722529,2
1732437752038722529,2
1732437752049219807,2
1732437752049219807,2
1732437752059986394,2
1732437752059986394,2
1732437752070381531,2
1732437752070381531,2
1732437752080621260,2
1732437752080621260,2
1732437752090915701,2
1732437752090915701,2
1732437752101005641,2
1732437752101005641,2
1732437752111272849,2
1732437752111272849,2
1732437752121539157,2
1732437752121539157,2
1732437752131898579,2
1732437752131898579,2
1732437752142205803,2
1732437752142205803,2
1732437752152722586,2
1732437752152722586,2
1732437752162783112,2
1732437752162783112,2
1732437752173486353,2
1732437752173486353,2
1732437752183679284,2
1732437752183679284,2
1732437752194064904,2
1732437752194064904,2
1732437752204316124,2
1732437752204316124,2
1732437752215385365,2
1732437752215385365,2
1732437752226020428,2
1732437752226020428,2
1732437752236305993,2
1732437752236305993,2
1732437752246710187,2
1732437752246710187,2
1732437752259144887,2
1732437752259144887,2
1732437752269513014,2
1732437752269513014,2
1732437752279707699,2
1732437752279707699,2
1732437752290133513,2
1732437752290133513,2
1732437752300239333,2
1732437752300239333,2
1732437752310651292,2
1732437752310651292,2
1732437752320815359,2
1732437752320815359,2
1732437752331174600,2
1732437752331174600,2
1732437752341357240,2
1732437752341357240,2
1732437752351789256,2
1732437752351789256,2
1732437752361933861,2
1732437752361933861,2
1732437752373049989,2
1732437752373049989,2
1732437752383576651,2
1732437752383576651,2
1732437752393769021,2
1732437752393769021,2
1732437752403947536,2
1732437752403947536,2
1732437752414511818,2
1732437752414511818,2
1732437752424764230,2
1732437752424764230,2
1732437752435216755,2
1732437752435216755,2
1732437752446239660,2
1732437752446239660,2
1732437752457056421,2
1732437752457056421,2
1732437752467070069,2
1732437752467070069,2
1732437752477215720,2
1732437752477215720,2
1732437752487409186,2
1732437752487409186,2
1732437752497519604,2
1732437752497519604,2
1732437752507622529,2
1732437752507622529,2
1732437752518581164,2
1732437752518581164,2
1732437752528775528,2
1732437752528775528,2
1732437752539074727,2
1732437752539074727,2
1732437752553157010,2
1732437752553157010,2
1732437752563291091,2
1732437752563291091,2
1732437752573754726,2
1732437752573754726,2
1732437752584370604,2
1732437752584370604,2
1732437752594620061,2
1732437752594620061,2
1732437752604929279,2
1732437752604929279,2
1732437752615331289,2
1732437752615331289,2
1732437752625671084,2
1732437752625671084,2
1732437752635806439,2
1732437752635806439,2
1732437752647019678,2
1732437752647019678,2
1732437752657162646,2
1732437752657162646,2
1732437752667301737,2
1732437752667301737,2
1732437752677304161,2
1732437752677304161,2
1732437752687962452,2
1732437752687962452,2
1732437752698354253,2
1732437752698354253,2
1732437752709050200,2
1732437752709050200,2
1732437752719633397,2
1732437752719633397,2
1732437752729947204,2
1732437752729947204,2
1732437752740413022,2
1732437752740413022,2
1732437752751074502,2
1732437752751074502,2
1732437752761600056,2
1732437752761600056,2
1732437752771939530,2
1732437752771939530,2
1732437752782573140,2
1732437752782573140,2
1732437752792884342,2
1732437752792884342,2
1732437752803357956,2
1732437752803357956,2
1732437752814681289,2
1732437752814681289,2
1732437752824885533,2
1732437752824885533,2
1732437752835470793,2
1732437752835470793,2
1732437752846160414,2
1732437752846160414,2
1732437752856631467,2
1732437752856631467,2
1732437752866833395,2
1732437752866833395,2
1732437752876920450,2
1732437752876920450,2
1732437752887076363,2
1732437752887076363,2
1732437752897091114,2
1732437752897091114,2
1732437752907571569,2
1732437752907571569,2
1732437752917820735,2
1732437752917820735,2
1732437752928208550,2
1732437752928208550,2
1732437752938565085,2
1732437752938565085,2
1732437752949057763,2
1732437752949057763,2
1732437752959567765,2
1732437752959567765,2
1732437752969765025,2
1732437752969765025,2
1732437752980300673,2
1732437752980300673,2
1732437752990744441,2
1732437752990744441,2
1732437753001091500,2
1732437753001091500,2
1732437753011644340,2
1732437753011644340,2
1732437753022170180,2
1732437753022170180,2
1732437753032881875,2
1732437753032881875,2
1732437753043145849,2
1732437753043145849,2
1732437753053474033,2
1732437753053474033,2
1732437753064096339,2
1732437753064096339,2
1732437753074221495,2
1732437753074221495,2
1732437753084901265,2
1732437753084901265,2
1732437753095675298,2
1732437753095675298,2
1732437753105900960,2
1732437753105900960,2
1732437753116522940,2
1732437753116522940,2
1732437753127072735,2
1732437753127072735,2
1732437753137217208,2
1732437753137217208,2
1732437753147734141,2
1732437753147734141,2
1732437753158195889,2
1732437753158195889,2
1732437753168468192,2
1732437753168468192,2
1732437753178646095,2
1732437753178646095,2
1732437753188907273,2
1732437753188907273,2
1732437753199445407,2
1732437753199445407,2
1732437753209675799,2
1732437753209675799,2
1732437753219915348,2
1732437753219915348,2
1732437753230535283,2
1732437753230535283,2
1732437753241078405,2
1732437753241078405,2
1732437753251657326,2
1732437753251657326,2
1732437753261853239,2
1732437753261853239,2
1732437753272286801,2
1732437753272286801,2
1732437753282491695,2
1732437753282491695,2
1732437753292913473,2
1732437753292913473,2
1732437753303178940,2
1732437753303178940,2
1732437753313562667,2
1732437753313562667,2
1732437753324178864,2
1732437753324178864,2
1732437753334861787,2
1732437753334861787,2
1732437753345016995,2
1732437753345016995,2
1732437753355919510,2
1732437753355919510,2
1732437753366112581,2
1732437753366112581,2
1732437753376427249,2
1732437753376427249,2
1732437753387208145,2
1732437753387208145,2
1732437753398219899,2
1732437753398219899,2
1732437753408680217,2
1732437753408680217,2
1732437753419348182,2
1732437753419348182,2
1732437753429583683,2
1732437753429583683,2
1732437753440235764,2
1732437753440235764,2
1732437753450594665,2
1732437753450594665,2
1732437753461183576,2
1732437753461183576,2
1732437753471437661,2
1732437753471437661,2
1732437753481965446,2
1732437753481965446,2
1732437753492405046,2
1732437753492405046,2
1732437753503364741,2
1732437753503364741,2
1732437753513607188,2
1732437753513607188,2
1732437753523715251,2
1732437753523715251,2
1732437753533897964,2
1732437753533897964,2
1732437753544149034,2
1732437753544149034,2
1732437753554685200,2
1732437753554685200,2
1732437753565038333,2
1732437753565038333,2
1732437753575240944,2
1732437753575240944,2
1732437753585939986,2
1732437753585939986,2
1732437753596750818,2
1732437753596750818,2
1732437753606867568,2
1732437753606867568,2
1732437753617054307,2
1732437753617054307,2
1732437753627131293,2
1732437753627131293,2
1732437753637156683,2
1732437753637156683,2
1732437753647546291,2
1732437753647546291,2
1732437753658523370,2
1732437753658523370,2
1732437753669105556,2
1732437753669105556,2
1732437753679476740,2
1732437753679476740,2
1732437753690107785,2
1732437753690107785,2
1732437753700743319,2
1732437753700743319,2
1732437753711964173,2
1732437753711964173,2
1732437753722150933,2
1732437753722150933,2
1732437753732762564,2
1732437753732762564,2
1732437753743419017,2
1732437753743419017,2
1732437753753780011,2
1732437753753780011,2
1732437753764284763,2
1732437753764284763,2
1732437753774589172,2
1732437753774589172,2
1732437753785211070,2
1732437753785211070,2
1732437753795884135,2
1732437753795884135,2
1732437753806110690,2
1732437753806110690,2
1732437753816800050,2
1732437753816800050,2
1732437753826964583,2
1732437753826964583,2
1732437753837017955,2
1732437753837017955,2
1732437753847369923,2
1732437753847369923,2
1732437753857604682,2
1732437753857604682,2
1732437753868038482,2
1732437753868038482,2
1732437753878626478,2
1732437753878626478,2
1732437753888793923,2
1732437753888793923,2
1732437753899054490,2
1732437753899054490,2
1732437753909606848,2
1732437753909606848,2
1732437753919786272,2
1732437753919786272,2
1732437753930308961,2
1732437753930308961,2
1732437753940726240,2
1732437753940726240,2
1732437753951151694,2
1732437753951151694,2
1732437753961631134,2
1732437753961631134,2
1732437753972283013,2
1732437753972283013,2
1732437753982667391,2
1732437753982667391,2
1732437753992873346,2
1732437753992873346,2
1732437754002967214,2
1732437754002967214,2
1732437754013149897,2
1732437754013149897,2
1732437754023298096,2
1732437754023298096,2
1732437754034303919,2
1732437754034303919,2
1732437754045178077,2
1732437754045178077,2
1732437754055510909,2
1732437754055510909,2
1732437754066032091,2
1732437754066032091,2
1732437754076489514,2
1732437754076489514,2
1732437754086808650,2
1732437754086808650,2
1732437754097295439,2
1732437754097295439,2
1732437754107501095,2
1732437754107501095,2
1732437754117764689,2
1732437754117764689,2
1732437754127845010,2
1732437754127845010,2
1732437754138167392,2
1732437754138167392,2
1732437754149022806,2
1732437754149022806,2
1732437754159416943,2
1732437754159416943,2
1732437754169587670,2
1732437754169587670,2
1732437754180132148,2
1732437754180132148,2
1732437754190556470,2
1732437754190556470,2
1732437754201237550,2
1732437754201237550,2
1732437754211739837,2
1732437754211739837,2
1732437754222196466,2
1732437754222196466,2
1732437754232867197,2
1732437754232867197,2
1732437754242909528,2
1732437754242909528,2
1732437754253142357,2
1732437754263687033,2
1732437754263687033,2
1732437754263687033,2
1732437754273850811,2
1732437754273850811,2
1732437754284106349,2
1732437754284106349,2
1732437754294367588,2
1732437754294367588,2
1732437754304563245,2
1732437754304563245,2
1732437754315357715,2
1732437754315357715,2
1732437754325840536,2
1732437754325840536,2
1732437754336503142,2
1732437754336503142,2
1732437754346826996,2
1732437754346826996,2
1732437754356966149,2
1732437754356966149,2
1732437754367060607,2
1732437754367060607,2
1732437754377126472,2
1732437754377126472,2
1732437754387298766,2
1732437754387298766,2
1732437754397626468,2
1732437754397626468,2
1732437754407907946,2
1732437754407907946,2
1732437754418349940,2
1732437754418349940,2
1732437754428883444,2
1732437754428883444,2
1732437754439425225,2
1732437754439425225,2
1732437754450049649,2
1732437754450049649,2
1732437754460394303,2
1732437754460394303,2
1732437754470600185,2
1732437754470600185,2
1732437754480937771,2
1732437754480937771,2
1732437754491144969,2
1732437754491144969,2
1732437754501700433,2
1732437754501700433,2
1732437754511923578,2
1732437754511923578,2
1732437754522596727,2
1732437754522596727,2
1732437754532841826,2
1732437754532841826,2
1732437754543619644,2
1732437754543619644,2
1732437754554119978,2
1732437754554119978,2
1732437754564626422,2
1732437754564626422,2
1732437754574998438,2
1732437754574998438,2
1732437754585587977,2
1732437754585587977,2
1732437754596423893,2
1732437754596423893,2
1732437754607066362,2
1732437754607066362,2
1732437754617112300,2
1732437754617112300,2
1732437754627246643,2
1732437754627246643,2
1732437754637323900,2
1732437754637323900,2
1732437754647842888,2
1732437754647842888,2
1732437754659009300,2
1732437754659009300,2
1732437754669253456,2
1732437754669253456,2
1732437754679700671,2
1732437754679700671,2
1732437754690025549,2
1732437754690025549,2
1732437754700362067,2
1732437754700362067,2
1732437754712558914,2
1732437754712558914,2
1732437754723239503,2
1732437754723239503,2
1732437754733478267,2
1732437754733478267,2
1732437754743971601,2
1732437754743971601,2
1732437754754175172,2
1732437754754175172,2
1732437754764975854,2
1732437754764975854,2
1732437754775624383,2
1732437754775624383,2
1732437754785998829,2
1732437754785998829,2
1732437754796447971,2
1732437754796447971,2
1732437754807200172,2
1732437754807200172,2
1732437754817295614,2
1732437754817295614,2
1732437754827557713,2
1732437754827557713,2
1732437754837941540,2
1732437754837941540,2
1732437754848112902,2
1732437754848112902,2
1732437754858761972,2
1732437754858761972,2
1732437754869049359,2
1732437754869049359,2
1732437754879234796,2
1732437754879234796,2
1732437754889856365,2
1732437754889856365,2
1732437754900503332,2
1732437754900503332,2
1732437754910935638,2
1732437754910935638,2
1732437754921375500,2
1732437754921375500,2
1732437754932015107,2
1732437754932015107,2
1732437754942861529,2
1732437754942861529,2
1732437754952944195,2
1732437754952944195,2
1732437754963185998,2
1732437754963185998,2
1732437754973600271,2
1732437754973600271,2
1732437754983768277,2
1732437754983768277,2
1732437754994207948,2
1732437754994207948,2
1732437755004531892,2
1732437755004531892,2
1732437755014762183,2
1732437755014762183,2
1732437755025416032,2
1732437755025416032,2
1732437755035684966,2
1732437755035684966,2
1732437755046204155,2
1732437755046204155,2
1732437755056860868,2
1732437755056860868,2
1732437755067008036,2
1732437755067008036,2
1732437755077043704,2
1732437755077043704,2
1732437755087447639,2
1732437755087447639,2
1732437755097933435,2
1732437755097933435,2
1732437755108308646,2
1732437755108308646,2
1732437755118891313,2
1732437755118891313,2
1732437755129409330,2
1732437755129409330,2
1732437755139576202,2
1732437755139576202,2
1732437755150226585,2
1732437755150226585,2
1732437755160589072,2
1732437755160589072,2
1732437755171050810,2
1732437755171050810,2
1732437755181184175,2
1732437755181184175,2
1732437755191667027,2
1732437755191667027,2
1732437755202246764,2
1732437755202246764,2
1732437755213299655,2
1732437755213299655,2
1732437755223405368,2
1732437755223405368,2
1732437755233932862,2
1732437755233932862,2
1732437755244533613,2
1732437755244533613,2
1732437755257590090,2
1732437755257590090,2
1732437755268215145,2
1732437755268215145,2
1732437755278486742,2
1732437755278486742,2
1732437755289137172,2
1732437755289137172,2
1732437755299566406,2
1732437755299566406,2
1732437755309719220,2
1732437755309719220,2
1732437755320246378,2
1732437755320246378,2
1732437755331198026,2
1732437755331198026,2
1732437755341734561,2
1732437755341734561,2
1732437755351942861,2
1732437755351942861,2
1732437755362507223,2
1732437755362507223,2
1732437755372849935,2
1732437755372849935,2
1732437755383316815,2
1732437755383316815,2
1732437755393495009,2
1732437755393495009,2
1732437755403571175,2
1732437755403571175,2
1732437755413759448,2
1732437755413759448,2
1732437755424096097,2
1732437755424096097,2
1732437755434571023,2
1732437755434571023,2
1732437755444794913,2
1732437755444794913,2
1732437755454919037,2
1732437755454919037,2
1732437755465830876,2
1732437755465830876,2
1732437755476466782,2
1732437755476466782,2
1732437755487110481,2
1732437755487110481,2
1732437755497238562,2
1732437755497238562,2
1732437755507521462,2
1732437755507521462,2
1732437755517835950,2
1732437755517835950,2
1732437755517835950,2
1732437755517835950,2
1732437755538264734,2
1732437755538264734,2
1732437755548422921,2
1732437755548422921,2
1732437755558706011,2
1732437755558706011,2
1732437755569231692,2
1732437755569231692,2
1732437755579879889,2
1732437755579879889,2
1732437755590188698,2
1732437755590188698,2
1732437755601030636,2
1732437755601030636,2
1732437755611465388,2
1732437755611465388,2
1732437755621828796,2
1732437755621828796,2
1732437755631954173,2
1732437755631954173,2
1732437755642995622,2
1732437755642995622,2
1732437755653087587,2
1732437755653087587,2
1732437755663542215,2
1732437755663542215,2
1732437755673661881,2
1732437755673661881,2
1732437755684208149,2
1732437755684208149,2
1732437755694365856,2
1732437755694365856,2
1732437755704595616,2
1732437755704595616,2
1732437755714998805,2
1732437755714998805,2
1732437755725489114,2
1732437755725489114,2
1732437755735842134,2
1732437755735842134,2
1732437755746285422,2
1732437755746285422,2
1732437755762267547,2
1732437755762267547,2
1732437755772758784,2
1732437755772758784,2
1732437755783539516,2
1732437755783539516,2
1732437755794297321,2
1732437755794297321,2
1732437755804780750,2
1732437755804780750,2
1732437755815355355,2
1732437755815355355,2
1732437755825513822,2
1732437755825513822,2
1732437755835988930,2
1732437755835988930,2
1732437755846843692,2
1732437755846843692,2
1732437755857222198,2
1732437755857222198,2
1732437755867359417,2
1732437755867359417,2
1732437755877750268,2
1732437755877750268,2
1732437755888112514,2
1732437755888112514,2
1732437755898914618,2
1732437755898914618,2
1732437755909390567,2
1732437755909390567,2
1732437755919847499,2
1732437755919847499,2
1732437755931090783,2
1732437755931090783,2
1732437755941276703,2
1732437755941276703,2
1732437755951795130,2
1732437755951795130,2
1732437755962203332,2
1732437755962203332,2
1732437755973165305,2
1732437755973165305,2
1732437755983693098,2
1732437755983693098,2
1732437755993909575,2
1732437755993909575,2
1732437756004336260,2
1732437756004336260,2
1732437756014669069,2
1732437756014669069,2
1732437756025222645,2
1732437756025222645,2
1732437756035605771,2
1732437756035605771,2
1732437756045695893,2
1732437756045695893,2
1732437756056971567,2
1732437756056971567,2
1732437756067319968,2
1732437756067319968,2
1732437756077960953,2
1732437756077960953,2
1732437756088245671,2
1732437756088245671,2
1732437756098407827,2
1732437756098407827,2
1732437756109115719,2
1732437756109115719,2
1732437756119502091,2
1732437756119502091,2
1732437756129833270,2
1732437756129833270,2
1732437756140069563,2
1732437756140069563,2
1732437756157463104,2
1732437756157463104,2
1732437756167558130,2
1732437756167558130,2
1732437756177808433,2
1732437756177808433,2
1732437756188097743,2
1732437756188097743,2
1732437756198300905,2
1732437756198300905,2
1732437756208512441,2
1732437756208512441,2
1732437756219004790,2
1732437756219004790,2
1732437756229092786,2
1732437756229092786,2
1732437756239569587,2
1732437756239569587,2
1732437756250182696,2
1732437756250182696,2
1732437756260663867,2
1732437756260663867,2
1732437756271129877,2
1732437756271129877,2
1732437756281411865,2
1732437756281411865,2
1732437756291641155,2
1732437756291641155,2
1732437756301970711,2
1732437756301970711,2
1732437756312157642,2
1732437756312157642,2
1732437756322528365,2
1732437756322528365,2
1732437756333112735,2
1732437756333112735,2
1732437756343813140,2
1732437756343813140,2
1732437756354450168,2
1732437756354450168,2
1732437756364723981,2
1732437756364723981,2
1732437756375097147,2
1732437756375097147,2
1732437756385267648,2
1732437756385267648,2
1732437756396171112,2
1732437756396171112,2
1732437756406264058,2
1732437756406264058,2
1732437756416983480,2
1732437756416983480,2
1732437756427286976,2
1732437756427286976,2
1732437756437890683,2
1732437756437890683,2
1732437756448174983,2
1732437756448174983,2
1732437756458442144,2
1732437756458442144,2
1732437756468568502,2
1732437756468568502,2
1732437756479620562,2
1732437756479620562,2
1732437756490138137,2
1732437756490138137,2
1732437756500764345,2
1732437756500764345,2
1732437756511101976,2
1732437756511101976,2
1732437756521437189,2
1732437756521437189,2
1732437756531710074,2
1732437756531710074,2
1732437756541909648,2
1732437756541909648,2
1732437756552006091,2
1732437756552006091,2
1732437756562638831,2
1732437756562638831,2
1732437756572800866,2
1732437756572800866,2
1732437756583198939,2
1732437756583198939,2
1732437756593499571,2
1732437756593499571,2
1732437756603689097,2
1732437756603689097,2
1732437756614631703,2
1732437756614631703,2
1732437756625113443,2
1732437756625113443,2
1732437756635464595,2
1732437756635464595,2
1732437756646937981,2
1732437756646937981,2
1732437756657323281,2
1732437756657323281,2
1732437756667516022,2
1732437756667516022,2
1732437756677714967,2
1732437756677714967,2
1732437756687961287,2
1732437756687961287,2
1732437756698385029,2
1732437756698385029,2
1732437756708720075,2
1732437756708720075,2
1732437756719154927,2
1732437756719154927,2
1732437756729680767,2
1732437756729680767,2
1732437756740044717,2
1732437756740044717,2
1732437756750769578,2
1732437756750769578,2
1732437756761364938,2
1732437756761364938,2
1732437756771890900,2
1732437756771890900,2
1732437756782187475,2
1732437756782187475,2
1732437756792815335,2
1732437756792815335,2
1732437756803143469,2
1732437756803143469,2
1732437756813772953,2
1732437756813772953,2
1732437756824249953,2
1732437756824249953,2
1732437756834546565,2
1732437756834546565,2
1732437756845138709,2
1732437756845138709,2
1732437756855554179,2
1732437756855554179,2
1732437756865796392,2
1732437756865796392,2
1732437756876382947,2
1732437756876382947,2
1732437756887029432,2
1732437756887029432,2
1732437756898177440,2
1732437756898177440,2
1732437756908743825,2
1732437756908743825,2
1732437756918986982,2
1732437756918986982,2
1732437756929279158,2
1732437756929279158,2
1732437756939653107,2
1732437756939653107,2
1732437756950133223,2
1732437756950133223,2
1732437756960687316,2
1732437756960687316,2
1732437756970840665,2
1732437756970840665,2
1732437756981485066,2
1732437756981485066,2
1732437756991876207,2
1732437756991876207,2
1732437757002282936,2
1732437757002282936,2
1732437757012628302,2
1732437757012628302,2
1732437757022912793,2
1732437757022912793,2
1732437757033371991,2
1732437757033371991,2
1732437757043872655,2
1732437757043872655,2
1732437757058972932,2
1732437757058972932,2
1732437757069168584,2
1732437757069168584,2
1732437757079462208,2
1732437757079462208,2
1732437757089836477,2
1732437757089836477,2
1732437757100187413,2
1732437757100187413,2
1732437757110773627,2
1732437757110773627,2
1732437757120874196,2
1732437757120874196,2
1732437757131138799,2
1732437757131138799,2
1732437757141410712,2
1732437757141410712,2
1732437757151735144,2
1732437757151735144,2
1732437757161893617,2
1732437757161893617,2
1732437757172442902,2
1732437757172442902,2
1732437757182968973,2
1732437757182968973,2
1732437757193088269,2
1732437757193088269,2
1732437757203314673,2
1732437757203314673,2
1732437757213415454,2
1732437757213415454,2
1732437757223600332,2
1732437757223600332,2
1732437757233932703,2
1732437757233932703,2
1732437757244122800,2
1732437757244122800,2
1732437757254671710,2
1732437757254671710,2
1732437757265067443,2
1732437757265067443,2
1732437757275726492,2
1732437757275726492,2
1732437757286027425,2
1732437757286027425,2
1732437757297097999,2
1732437757297097999,2
1732437757307494449,2
1732437757307494449,2
1732437757318150372,2
1732437757318150372,2
1732437757328669861,2
1732437757328669861,2
1732437757339330213,2
1732437757339330213,2
1732437757349975306,2
1732437757349975306,2
1732437757360448749,2
1732437757360448749,2
1732437757370856511,2
1732437757370856511,2
1732437757381432956,2
1732437757381432956,2
1732437757391746993,2
1732437757391746993,2
1732437757402291840,2
1732437757402291840,2
1732437757412391228,2
1732437757412391228,2
1732437757422653920,2
1732437757422653920,2
1732437757432956806,2
1732437757432956806,2
1732437757443357676,2
1732437757443357676,2
1732437757453684907,2
1732437757453684907,2
1732437757464130970,2
1732437757464130970,2
1732437757474279019,2
1732437757474279019,2
1732437757484891276,2
1732437757484891276,2
1732437757495231357,2
1732437757495231357,2
1732437757505984290,2
1732437757505984290,2
1732437757516140560,2
1732437757516140560,2
1732437757526778574,2
1732437757526778574,2
1732437757537198078,2
1732437757537198078,2
1732437757547755186,2
1732437757547755186,2
1732437757558399448,2
1732437757558399448,2
1732437757568700158,2
1732437757568700158,2
1732437757579209051,2
1732437757579209051,2
1732437757589870704,2
1732437757589870704,2
1732437757600086590,2
1732437757600086590,2
1732437757611280419,2
1732437757611280419,2
1732437757621402122,2
1732437757621402122,2
1732437757631782199,2
1732437757631782199,2
1732437757641908731,2
1732437757641908731,2
1732437757654708740,2
1732437757654708740,2
1732437757664944362,2
1732437757664944362,2
1732437757675338298,2
1732437757675338298,2
1732437757685776746,2
1732437757685776746,2
1732437757696379631,2
1732437757696379631,2
1732437757706794857,2
1732437757706794857,2
1732437757717235860,2
1732437757717235860,2
1732437757727643251,2
1732437757727643251,2
1732437757738199018,2
1732437757738199018,2
1732437757748541468,2
1732437757748541468,2
1732437757758700277,2
1732437757758700277,2
1732437757768957358,2
1732437757768957358,2
1732437757779442474,2
1732437757779442474,2
1732437757790193239,2
1732437757790193239,2
1732437757800529291,2
1732437757800529291,2
1732437757810966547,2
1732437757810966547,2
1732437757821157145,2
1732437757821157145,2
1732437757831743749,2
1732437757831743749,2
1732437757842108580,2
1732437757842108580,2
1732437757852286415,2
1732437757852286415,2
1732437757862598709,2
1732437757862598709,2
1732437757873078451,2
1732437757873078451,2
1732437757883610267,2
1732437757883610267,2
1732437757893977764,2
1732437757893977764,2
1732437757904233653,2
1732437757904233653,2
1732437757914838191,2
1732437757914838191,2
1732437757925092477,2
1732437757925092477,2
1732437757935488046,2
1732437757935488046,2
1732437757945685377,2
1732437757945685377,2
1732437757955879391,2
1732437757955879391,2
1732437757966427775,2
1732437757966427775,2
1732437757977229148,2
1732437757977229148,2
1732437757987704952,2
1732437757987704952,2
1732437757997956487,2
1732437757997956487,2
1732437758009363357,2
1732437758009363357,2
1732437758019538726,2
1732437758019538726,2
1732437758029909359,2
1732437758029909359,2
1732437758040318734,2
1732437758040318734,2
1732437758050456743,2
1732437758050456743,2
1732437758060786727,2
1732437758060786727,2
1732437758071468522,2
1732437758071468522,2
1732437758081755750,2
1732437758081755750,2
1732437758092145718,2
1732437758092145718,2
1732437758114390769,2
1732437758114390769,2
1732437758114390769,2
1732437758114390769,2
1732437758124988174,2
1732437758124988174,2
1732437758135648916,2
1732437758135648916,2
1732437758146045155,2
1732437758146045155,2
1732437758156442458,2
1732437758156442458,2
1732437758167065249,2
1732437758167065249,2
1732437758177289710,2
1732437758177289710,2
1732437758188000455,2
1732437758188000455,2
1732437758198522139,2
1732437758198522139,2
1732437758209086352,2
1732437758209086352,2
1732437758219214245,2
1732437758219214245,2
1732437758229579086,2
1732437758229579086,2
1732437758240126476,2
1732437758240126476,2
1732437758250501387,2
1732437758250501387,2
1732437758260966672,2
1732437758260966672,2
1732437758271103083,2
1732437758271103083,2
1732437758281614748,2
1732437758281614748,2
1732437758292008864,2
1732437758292008864,2
1732437758302598926,2
1732437758302598926,2
1732437758312738820,2
1732437758312738820,2
1732437758323041055,2
1732437758323041055,2
1732437758333486476,2
1732437758333486476,2
1732437758344370013,2
1732437758344370013,2
1732437758354744333,2
1732437758354744333,2
1732437758364799678,2
1732437758364799678,2
1732437758375079052,2
1732437758375079052,2
1732437758385393566,2
1732437758385393566,2
1732437758395550004,2
1732437758395550004,2
1732437758406143201,2
1732437758406143201,2
1732437758417480933,2
1732437758417480933,2
1732437758428451331,2
1732437758428451331,2
1732437758438614576,2
1732437758438614576,2
1732437758448831694,2
1732437758448831694,2
1732437758459653877,2
1732437758459653877,2
1732437758470045639,2
1732437758470045639,2
1732437758480512821,2
1732437758480512821,2
1732437758490736390,2
1732437758490736390,2
1732437758501209592,2
1732437758501209592,2
1732437758511520545,2
1732437758511520545,2
1732437758521763912,2
1732437758521763912,2
1732437758531875361,2
1732437758531875361,2
1732437758542068063,2
1732437758542068063,2
1732437758552457171,2
1732437758552457171,2
1732437758562961122,2
1732437758562961122,2
1732437758573214937,2
1732437758573214937,2
1732437758583784736,2
1732437758583784736,2
1732437758594508279,2
1732437758594508279,2
1732437758604658912,2
1732437758604658912,2
1732437758617515517,2
1732437758617515517,2
1732437758627649561,2
1732437758627649561,2
1732437758637919344,2
1732437758637919344,2
1732437758648487144,2
1732437758648487144,2
1732437758659014359,2
1732437758659014359,2
1732437758669390051,2
1732437758669390051,2
1732437758679978379,2
1732437758679978379,2
1732437758690299680,2
1732437758690299680,2
1732437758700601233,2
1732437758700601233,2
1732437758711289377,2
1732437758711289377,2
1732437758721889486,2
1732437758721889486,2
1732437758732260438,2
1732437758732260438,2
1732437758742520035,2
1732437758742520035,2
1732437758752968809,2
1732437758763181369,2
1732437758763181369,2
1732437758763181369,2
1732437758773703929,2
1732437758773703929,2
1732437758784407370,2
1732437758784407370,2
1732437758795016486,2
1732437758795016486,2
1732437758805324268,2
1732437758805324268,2
1732437758815510692,2
1732437758815510692,2
1732437758826269816,2
1732437758826269816,2
1732437758836575318,2
1732437758836575318,2
1732437758847561074,2
1732437758847561074,2
1732437758857971391,2
1732437758857971391,2
1732437758868159504,2
1732437758868159504,2
1732437758878379818,2
1732437758878379818,2
1732437758888575085,2
1732437758888575085,2
1732437758899534553,2
1732437758899534553,2
1732437758910046398,2
1732437758910046398,2
1732437758920606603,2
1732437758920606603,2
1732437758930844425,2
1732437758930844425,2
1732437758941194893,2
1732437758941194893,2
1732437758952333543,2
1732437758952333543,2
1732437758962906582,2
1732437758962906582,2
1732437758973137546,2
1732437758973137546,2
1732437758983482210,2
1732437758983482210,2
1732437758994719625,2
1732437758994719625,2
1732437759005079508,2
1732437759005079508,2
1732437759015434270,2
1732437759015434270,2
1732437759015434270,2
1732437759025782752,2
1732437759036435409,2
1732437759036435409,2
1732437759046921346,2
1732437759046921346,2
1732437759057222860,2
1732437759057222860,2
1732437759067738032,2
1732437759067738032,2
1732437759078380730,2
1732437759078380730,2
1732437759089527101,2
1732437759089527101,2
1732437759100148795,2
1732437759100148795,2
1732437759110746009,2
1732437759110746009,2
1732437759120996609,2
1732437759120996609,2
1732437759131306118,2
1732437759131306118,2
1732437759141804328,2
1732437759141804328,2
1732437759152525852,2
1732437759152525852,2
1732437759162975623,2
1732437759162975623,2
1732437759173399614,2
1732437759173399614,2
1732437759183921529,2
1732437759183921529,2
1732437759194513984,2
1732437759194513984,2
1732437759205039843,2
1732437759205039843,2
1732437759215626841,2
1732437759215626841,2
1732437759226382349,2
1732437759226382349,2
1732437759236475877,2
1732437759236475877,2
1732437759246820348,2
1732437759246820348,2
1732437759256988699,2
1732437759256988699,2
1732437759267205946,2
1732437759267205946,2
1732437759277408747,2
1732437759277408747,2
1732437759287693810,2
1732437759287693810,2
1732437759298224380,2
1732437759298224380,2
1732437759308642451,2
1732437759308642451,2
1732437759318866910,2
1732437759318866910,2
1732437759329421067,2
1732437759329421067,2
1732437759339699639,2
1732437759339699639,2
1732437759350146133,2
1732437759350146133,2
1732437759360337869,2
1732437759360337869,2
1732437759370623909,2
1732437759370623909,2
1732437759381259395,2
1732437759381259395,2
1732437759391609850,2
1732437759391609850,2
1732437759402073846,2
1732437759402073846,2
1732437759412556917,2
1732437759412556917,2
1732437759422866055,2
1732437759422866055,2
1732437759433370528,2
1732437759433370528,2
1732437759443563771,2
1732437759443563771,2
1732437759462026700,2
1732437759462026700,2
1732437759472314465,2
1732437759472314465,2
1732437759482985860,2
1732437759482985860,2
1732437759493246039,2
1732437759493246039,2
1732437759503549416,2
1732437759503549416,2
1732437759514050341,2
1732437759514050341,2
1732437759524350683,2
1732437759524350683,2
1732437759534672905,2
1732437759534672905,2
1732437759545214278,2
1732437759545214278,2
1732437759555788699,2
1732437759555788699,2
1732437759566383318,2
1732437759566383318,2
1732437759577210009,2
1732437759577210009,2
1732437759587449377,2
1732437759587449377,2
1732437759597932829,2
1732437759597932829,2
1732437759608073054,2
1732437759608073054,2
1732437759618321911,2
1732437759618321911,2
1732437759628768896,2
1732437759628768896,2
1732437759639245435,2
1732437759639245435,2
1732437759649747900,2
1732437759649747900,2
1732437759660042805,2
1732437759660042805,2
1732437759670814564,2
1732437759670814564,2
1732437759681004241,2
1732437759681004241,2
1732437759691606725,2
1732437759691606725,2
1732437759701857731,2
1732437759701857731,2
1732437759713806682,2
1732437759713806682,2
1732437759724186893,2
1732437759724186893,2
1732437759734414536,2
1732437759734414536,2
1732437759754748970,2
1732437759754748970,2
1732437759765131184,2
1732437759765131184,2
1732437759775273819,2
1732437759775273819,2
1732437759785906172,2
1732437759785906172,2
1732437759796347085,2
1732437759796347085,2
1732437759806834632,2
1732437759806834632,2
1732437759817269348,2
1732437759817269348,2
1732437759827702897,2
1732437759827702897,2
1732437759838237034,2
1732437759838237034,2
1732437759849072668,2
1732437759849072668,2
1732437759859396413,2
1732437759859396413,2
1732437759869748867,2
1732437759869748867,2
1732437759880055140,2
1732437759880055140,2
1732437759890573257,2
1732437759890573257,2
1732437759901210856,2
1732437759901210856,2
1732437759911441147,2
1732437759911441147,2
1732437759921718506,2
1732437759921718506,2
1732437759932072798,2
1732437759932072798,2
1732437759942101616,2
1732437759942101616,2
1732437759953019186,2
1732437759953019186,2
1732437759963528407,2
1732437759963528407,2
1732437759973824371,2
1732437759973824371,2
1732437759984200454,2
1732437759984200454,2
1732437759995316793,2
1732437759995316793,2
1732437760005515576,2
1732437760005515576,2
1732437760016156422,2
1732437760016156422,2
1732437760026715806,2
1732437760026715806,2
1732437760037125591,2
1732437760037125591,2
1732437760047335886,2
1732437760047335886,2
1732437760057553394,2
1732437760057553394,2
1732437760067731368,2
1732437760067731368,2
1732437760077955750,2
1732437760077955750,2
1732437760088201952,2
1732437760088201952,2
1732437760098521028,2
1732437760098521028,2
1732437760108832871,2
1732437760108832871,2
1732437760119306727,2
1732437760119306727,2
1732437760129653486,2
1732437760129653486,2
1732437760140306273,2
1732437760140306273,2
1732437760150359846,2
1732437760150359846,2
1732437760160662713,2
1732437760160662713,2
1732437760171811273,2
1732437760171811273,2
1732437760182364556,2
1732437760182364556,2
1732437760192984993,2
1732437760192984993,2
1732437760203078060,2
1732437760203078060,2
1732437760213665165,2
1732437760213665165,2
1732437760223893284,2
1732437760223893284,2
1732437760234413594,2
1732437760234413594,2
1732437760245067253,2
1732437760245067253,2
1732437760255550426,2
1732437760255550426,2
1732437760265739431,2
1732437760265739431,2
1732437760275888021,2
1732437760275888021,2
1732437760286184235,2
1732437760286184235,2
1732437760296490218,2
1732437760296490218,2
1732437760306714741,2
1732437760306714741,2
1732437760317267943,2
1732437760317267943,2
1732437760328040583,2
1732437760328040583,2
1732437760338270343,2
1732437760338270343,2
1732437760349491930,2
1732437760349491930,2
1732437760359929758,2
1732437760359929758,2
1732437760370307593,2
1732437760370307593,2
1732437760380935134,2
1732437760380935134,2
1732437760391385695,2
1732437760391385695,2
1732437760401735279,2
1732437760401735279,2
1732437760412381525,2
1732437760412381525,2
1732437760422619942,2
1732437760422619942,2
1732437760432665219,2
1732437760432665219,2
1732437760442970582,2
1732437760442970582,2
1732437760453060903,2
1732437760453060903,2
1732437760463392624,2
1732437760463392624,2
1732437760473967016,2
1732437760473967016,2
1732437760484079008,2
1732437760484079008,2
1732437760494826602,2
1732437760494826602,2
1732437760505057484,2
1732437760505057484,2
1732437760515475425,2
1732437760515475425,2
1732437760526231906,2
1732437760526231906,2
1732437760536803153,2
1732437760536803153,2
1732437760546905686,2
1732437760546905686,2
1732437760557314821,2
1732437760557314821,2
1732437760567354669,2
1732437760567354669,2
1732437760577818896,2
1732437760577818896,2
1732437760587999195,2
1732437760587999195,2
1732437760598146793,2
1732437760598146793,2
1732437760608690107,2
1732437760608690107,2
1732437760619197586,2
1732437760619197586,2
1732437760629282036,2
1732437760629282036,2
1732437760639759487,2
1732437760639759487,2
1732437760654439071,2
1732437760654439071,2
1732437760664870768,2
1732437760664870768,2
1732437760675338272,2
1732437760675338272,2
1732437760686150395,2
1732437760686150395,2
1732437760696749844,2
1732437760696749844,2
1732437760706891751,2
1732437760706891751,2
1732437760717060789,2
1732437760717060789,2
1732437760727330732,2
1732437760727330732,2
1732437760737492567,2
1732437760737492567,2
1732437760747641391,2
1732437760747641391,2
1732437760757743624,2
1732437760757743624,2
1732437760768345669,2
1732437760768345669,2
1732437760778729055,2
1732437760778729055,2
1732437760788947444,2
1732437760788947444,2
1732437760799497962,2
1732437760799497962,2
1732437760812091588,2
1732437760812091588,2
1732437760822531480,2
1732437760822531480,2
1732437760832910538,2
1732437760832910538,2
1732437760843201423,2
1732437760843201423,2
1732437760853408752,2
1732437760853408752,2
1732437760863919035,2
1732437760863919035,2
1732437760874158705,2
1732437760874158705,2
1732437760884370943,2
1732437760884370943,2
1732437760894800085,2
1732437760894800085,2
1732437760905073317,2
1732437760905073317,2
1732437760915299512,2
1732437760915299512,2
1732437760925728633,2
1732437760925728633,2
1732437760936066725,2
1732437760936066725,2
1732437760946563994,2
1732437760946563994,2
1732437760957010228,2
1732437760957010228,2
1732437760967312534,2
1732437760967312534,2
1732437760977403576,2
1732437760977403576,2
1732437760987585489,2
1732437760987585489,2
1732437760998065896,2
1732437760998065896,2
1732437761008865848,2
1732437761008865848,2
1732437761019269371,2
1732437761019269371,2
1732437761030022345,2
1732437761030022345,2
1732437761040534470,2
1732437761040534470,2
1732437761050767549,2
1732437761050767549,2
1732437761060847711,2
1732437761060847711,2
1732437761071090412,2
1732437761071090412,2
1732437761081713349,2
1732437761081713349,2
1732437761091869112,2
1732437761091869112,2
1732437761102131383,2
1732437761102131383,2
1732437761112622270,2
1732437761112622270,2
1732437761123206556,2
1732437761123206556,2
1732437761133802042,2
1732437761133802042,2
1732437761144056098,2
1732437761144056098,2
1732437761154214546,2
1732437761154214546,2
1732437761164573497,2
1732437761164573497,2
1732437761175138662,2
1732437761175138662,2
1732437761185415930,2
1732437761185415930,2
1732437761195648318,2
1732437761195648318,2
1732437761206057432,2
1732437761206057432,2
1732437761216263719,2
1732437761216263719,2
1732437761226581284,2
1732437761226581284,2
1732437761237018301,2
1732437761237018301,2
1732437761247159407,2
1732437761247159407,2
1732437761247159407,2
1732437761257383809,2
1732437761267734014,2
1732437761267734014,2
1732437761278138629,2
1732437761278138629,2
1732437761288634776,2
1732437761288634776,2
1732437761299196374,2
1732437761299196374,2
1732437761311545666,2
1732437761311545666,2
1732437761321910084,2
1732437761321910084,2
1732437761332569487,2
1732437761332569487,2
1732437761342778971,2
1732437761342778971,2
1732437761352895181,2
1732437761352895181,2
1732437761363492065,2
1732437761363492065,2
1732437761374100600,2
1732437761374100600,2
1732437761384330622,2
1732437761384330622,2
1732437761394888172,2
1732437761394888172,2
1732437761405100612,2
1732437761405100612,2
1732437761415474627,2
1732437761415474627,2
1732437761426071104,2
1732437761426071104,2
1732437761436540169,2
1732437761436540169,2
1732437761451921008,2
1732437761451921008,2
1732437761462151812,2
1732437761462151812,2
1732437761472456142,2
1732437761472456142,2
1732437761482635348,2
1732437761482635348,2
1732437761493321676,2
1732437761493321676,2
1732437761503599627,2
1732437761503599627,2
1732437761514129936,2
1732437761514129936,2
1732437761524598375,2
1732437761524598375,2
1732437761535127653,2
1732437761535127653,2
1732437761545759282,2
1732437761545759282,2
1732437761556212518,2
1732437761556212518,2
1732437761566742579,2
1732437761566742579,2
1732437761577369428,2
1732437761577369428,2
1732437761587666884,2
1732437761587666884,2
1732437761597837433,2
1732437761597837433,2
1732437761608143749,2
1732437761608143749,2
1732437761618450323,2
1732437761618450323,2
1732437761629423698,2
1732437761629423698,2
1732437761639721275,2
1732437761639721275,2
1732437761650149264,2
1732437761650149264,2
1732437761660786322,2
1732437761660786322,2
1732437761671161675,2
1732437761671161675,2
1732437761681749969,2
1732437761681749969,2
1732437761692395336,2
1732437761692395336,2
1732437761703228870,2
1732437761703228870,2
1732437761715137724,2
1732437761715137724,2
1732437761725775564,2
1732437761725775564,2
1732437761736149322,2
1732437761736149322,2
1732437761746330604,2
1732437761746330604,2
1732437761756950200,2
1732437761756950200,2
1732437761767479608,2
1732437761767479608,2
1732437761778270934,2
1732437761778270934,2
1732437761788441574,2
1732437761788441574,2
1732437761798983356,2
1732437761798983356,2
1732437761809715339,2
1732437761809715339,2
1732437761820349514,2
1732437761820349514,2
1732437761830954101,2
1732437761830954101,2
1732437761841442844,2
1732437761841442844,2
1732437761853315276,2
1732437761853315276,2
1732437761865341893,2
1732437761865341893,2
1732437761875749824,2
1732437761875749824,2
1732437761886028503,2
1732437761886028503,2
1732437761896586413,2
1732437761896586413,2
1732437761906804608,2
1732437761906804608,2
1732437761917644062,2
1732437761917644062,2
1732437761927859736,2
1732437761927859736,2
1732437761938463955,2
1732437761938463955,2
1732437761948605812,2
1732437761948605812,2
1732437761948605812,2
1732437761948605812,2
1732437761969183204,2
1732437761969183204,2
1732437761979835140,2
1732437761979835140,2
1732437761990187217,2
1732437761990187217,2
1732437762000747953,2
1732437762000747953,2
1732437762011037497,2
1732437762011037497,2
1732437762021406927,2
1732437762021406927,2
1732437762031558594,2
1732437762031558594,2
1732437762042167897,2
1732437762042167897,2
1732437762052458315,2
1732437762052458315,2
1732437762062962636,2
1732437762062962636,2
1732437762073193941,2
1732437762073193941,2
1732437762083402078,2
1732437762083402078,2
1732437762093840871,2
1732437762093840871,2
1732437762104329212,2
1732437762104329212,2
1732437762114724362,2
1732437762114724362,2
1732437762124913668,2
1732437762124913668,2
1732437762135582366,2
1732437762135582366,2
1732437762145822777,2
1732437762156210090,2
1732437762156210090,2
1732437762156210090,2
1732437762166834336,2
1732437762166834336,2
1732437762177074355,2
1732437762177074355,2
1732437762187425022,2
1732437762187425022,2
1732437762197938978,2
1732437762197938978,2
1732437762208175645,2
1732437762208175645,2
1732437762218418401,2
1732437762218418401,2
1732437762229218223,2
1732437762229218223,2
1732437762239380277,2
1732437762239380277,2
1732437762249569834,2
1732437762249569834,2
1732437762260768587,2
1732437762260768587,2
1732437762271119063,2
1732437762271119063,2
1732437762281857000,2
1732437762281857000,2
1732437762291997334,2
1732437762291997334,2
1732437762302268132,2
1732437762302268132,2
1732437762312639447,2
1732437762312639447,2
1732437762323142555,2
1732437762323142555,2
1732437762333703864,2
1732437762333703864,2
1732437762343971766,2
1732437762343971766,2
1732437762354416266,2
1732437762354416266,2
1732437762364940286,2
1732437762364940286,2
1732437762375473120,2
1732437762375473120,2
1732437762386049675,2
1732437762386049675,2
1732437762396188365,2
1732437762396188365,2
1732437762406392628,2
1732437762406392628,2
1732437762416930746,2
1732437762416930746,2
1732437762427268058,2
1732437762427268058,2
1732437762437678996,2
1732437762437678996,2
1732437762437678996,2
1732437762437678996,2
1732437762457846165,2
1732437762457846165,2
1732437762468249745,2
1732437762468249745,2
1732437762479496071,2
1732437762479496071,2
1732437762489729519,2
1732437762489729519,2
1732437762500091185,2
1732437762500091185,2
1732437762510654207,2
1732437762510654207,2
1732437762520948367,2
1732437762520948367,2
1732437762531323829,2
1732437762531323829,2
1732437762541574951,2
1732437762541574951,2
1732437762551943630,2
1732437762551943630,2
1732437762562039493,2
1732437762562039493,2
1732437762572338372,2
1732437762572338372,2
1732437762582722171,2
1732437762582722171,2
1732437762592994461,2
1732437762592994461,2
1732437762603117674,2
1732437762603117674,2
1732437762613487776,2
1732437762613487776,2
1732437762623968484,2
1732437762623968484,2
1732437762634610882,2
1732437762634610882,2
1732437762644695735,2
1732437762644695735,2
1732437762655027696,2
1732437762655027696,2
1732437762665581188,2
1732437762665581188,2
1732437762675794089,2
1732437762675794089,2
1732437762686258687,2
1732437762686258687,2
1732437762696751346,2
1732437762696751346,2
1732437762707214222,2
1732437762707214222,2
1732437762717938432,2
1732437762717938432,2
1732437762728064791,2
1732437762728064791,2
1732437762738661054,2
1732437762738661054,2
1732437762749258799,2
1732437762749258799,2
1732437762759674116,2
1732437762759674116,2
1732437762770130759,2
1732437762770130759,2
1732437762780658293,2
1732437762780658293,2
1732437762791011275,2
1732437762791011275,2
1732437762801220587,2
1732437762801220587,2
1732437762813624520,2
1732437762813624520,2
1732437762824160733,2
1732437762824160733,2
1732437762834424587,2
1732437762834424587,2
1732437762844530848,2
1732437762844530848,2
1732437762859940120,2
1732437762859940120,2
1732437762870049318,2
1732437762870049318,2
1732437762880301390,2
1732437762880301390,2
1732437762890752264,2
1732437762890752264,2
1732437762900883548,2
1732437762900883548,2
1732437762911109626,2
1732437762911109626,2
1732437762921513340,2
1732437762921513340,2
1732437762931841504,2
1732437762931841504,2
1732437762942494783,2
1732437762942494783,2
1732437762953138825,2
1732437762953138825,2
1732437762963434695,2
1732437762963434695,2
1732437762973982131,2
1732437762973982131,2
1732437762984362161,2
1732437762984362161,2
1732437762994717315,2
1732437762994717315,2
1732437763005101414,2
1732437763005101414,2
1732437763015199169,2
1732437763015199169,2
1732437763025528075,2
1732437763025528075,2
1732437763035960814,2
1732437763035960814,2
1732437763046137557,2
1732437763046137557,2
1732437763056196818,2
1732437763056196818,2
1732437763066388208,2
1732437763066388208,2
1732437763076849052,2
1732437763076849052,2
1732437763086878632,2
1732437763086878632,2
1732437763097371842,2
1732437763097371842,2
1732437763107459195,2
1732437763107459195,2
1732437763117958101,2
1732437763117958101,2
1732437763128923399,2
1732437763128923399,2
1732437763139365617,2
1732437763139365617,2
1732437763154478167,2
1732437763154478167,2
1732437763164605487,2
1732437763164605487,2
1732437763175002190,2
1732437763175002190,2
1732437763185151571,2
1732437763185151571,2
1732437763195528417,2
1732437763195528417,2
1732437763206016799,2
1732437763206016799,2
1732437763216309368,2
1732437763216309368,2
1732437763226497651,2
1732437763226497651,2
1732437763236766872,2
1732437763236766872,2
1732437763247183154,2
1732437763247183154,2
1732437763257435006,2
1732437763257435006,2
1732437763267653117,2
1732437763267653117,2
1732437763278175622,2
1732437763278175622,2
1732437763288557818,2
1732437763288557818,2
1732437763298943979,2
1732437763298943979,2
1732437763309107328,2
1732437763309107328,2
1732437763319282046,2
1732437763319282046,2
1732437763329901001,2
1732437763329901001,2
1732437763340286953,2
1732437763340286953,2
1732437763350606420,2
1732437763350606420,2
1732437763361278806,2
1732437763361278806,2
1732437763371754634,2
1732437763371754634,2
1732437763382227188,2
1732437763382227188,2
1732437763392971466,2
1732437763392971466,2
1732437763403165349,2
1732437763403165349,2
1732437763413612074,2
1732437763413612074,2
1732437763424054120,2
1732437763424054120,2
1732437763435267010,2
1732437763435267010,2
1732437763456299407,2
1732437763456299407,2
1732437763456299407,2
1732437763456299407,2
1732437763466536844,2
1732437763466536844,2
1732437763476908588,2
1732437763476908588,2
1732437763486924452,2
1732437763486924452,2
1732437763496949473,2
1732437763496949473,2
1732437763507621227,2
1732437763507621227,2
1732437763517891863,2
1732437763517891863,2
1732437763528056115,2
1732437763528056115,2
1732437763538476706,2
1732437763538476706,2
1732437763548916951,2
1732437763548916951,2
1732437763559375910,2
1732437763559375910,2
1732437763569722047,2
1732437763569722047,2
1732437763580218191,2
1732437763580218191,2
1732437763590580612,2
1732437763590580612,2
1732437763600714012,2
1732437763600714012,2
1732437763611080470,2
1732437763611080470,2
1732437763621600161,2
1732437763621600161,2
1732437763632047256,2
1732437763632047256,2
1732437763642407149,2
1732437763642407149,2
1732437763652969109,2
1732437763652969109,2
1732437763663131614,2
1732437763663131614,2
1732437763673719773,2
1732437763673719773,2
1732437763684076430,2
1732437763684076430,2
1732437763694828904,2
1732437763694828904,2
1732437763705128325,2
1732437763705128325,2
1732437763715722924,2
1732437763715722924,2
1732437763729816707,2
1732437763729816707,2
1732437763740073291,2
1732437763740073291,2
1732437763750607750,2
1732437763750607750,2
1732437763761200302,2
1732437763761200302,2
1732437763771220636,2
1732437763771220636,2
1732437763781669065,2
1732437763781669065,2
1732437763792210292,2
1732437763792210292,2
1732437763802864737,2
1732437763802864737,2
1732437763813464206,2
1732437763813464206,2
1732437763823860797,2
1732437763823860797,2
1732437763834291482,2
1732437763834291482,2
1732437763844678235,2
1732437763844678235,2
1732437763854915711,2
1732437763854915711,2
1732437763865554893,2
1732437763865554893,2
1732437763875710424,2
1732437763875710424,2
1732437763886055082,2
1732437763886055082,2
1732437763896757970,2
1732437763896757970,2
1732437763907467744,2
1732437763907467744,2
1732437763917656121,2
1732437763917656121,2
1732437763927745412,2
1732437763927745412,2
1732437763938125933,2
1732437763938125933,2
1732437763948403435,2
1732437763948403435,2
1732437763959060309,2
1732437763959060309,2
1732437763969760356,2
1732437763969760356,2
1732437763979978513,2
1732437763979978513,2
1732437763990185923,2
1732437763990185923,2
1732437764000676108,2
1732437764000676108,2
1732437764011112333,2
1732437764011112333,2
1732437764021660407,2
1732437764021660407,2
1732437764032221234,2
1732437764032221234,2
1732437764042473467,2
1732437764042473467,2
1732437764055447532,2
1732437764055447532,2
1732437764065908111,2
1732437764065908111,2
1732437764076523741,2
1732437764076523741,2
1732437764087631375,2
1732437764087631375,2
1732437764097785766,2
1732437764097785766,2
1732437764107863465,2
1732437764107863465,2
1732437764118427828,2
1732437764118427828,2
1732437764128706120,2
1732437764128706120,2
1732437764138960006,2
1732437764138960006,2
1732437764149755420,2
1732437764149755420,2
1732437764160434768,2
1732437764160434768,2
1732437764170719942,2
1732437764170719942,2
1732437764181017710,2
1732437764181017710,2
1732437764191477278,2
1732437764191477278,2
1732437764202464739,2
1732437764202464739,2
1732437764212917866,2
1732437764212917866,2
1732437764223341287,2
1732437764223341287,2
1732437764233511127,2
1732437764233511127,2
1732437764243873306,2
1732437764243873306,2
1732437764254248997,2
1732437764254248997,2
1732437764264704268,2
1732437764264704268,2
1732437764274897551,2
1732437764274897551,2
1732437764285234669,2
1732437764285234669,2
1732437764295401356,2
1732437764295401356,2
1732437764306012888,2
1732437764306012888,2
1732437764316544099,2
1732437764316544099,2
1732437764327719809,2
1732437764327719809,2
1732437764337822214,2
1732437764337822214,2
1732437764348309766,2
1732437764348309766,2
1732437764358910333,2
1732437764358910333,2
1732437764369205430,2
1732437764369205430,2
1732437764379587434,2
1732437764379587434,2
1732437764390370636,2
1732437764390370636,2
1732437764400828320,2
1732437764400828320,2
1732437764411227927,2
1732437764411227927,2
1732437764421713114,2
1732437764421713114,2
1732437764432131676,2
1732437764432131676,2
1732437764442807758,2
1732437764442807758,2
1732437764453186066,2
1732437764453186066,2
1732437764463655182,2
1732437764463655182,2
1732437764473905920,2
1732437764473905920,2
1732437764484137378,2
1732437764484137378,2
1732437764495871145,2
1732437764495871145,2
1732437764506403840,2
1732437764506403840,2
1732437764517101732,2
1732437764517101732,2
1732437764527719847,2
1732437764527719847,2
1732437764538328922,2
1732437764538328922,2
1732437764548600583,2
1732437764548600583,2
1732437764558815343,2
1732437764558815343,2
1732437764569229881,2
1732437764569229881,2
1732437764579807649,2
1732437764579807649,2
1732437764590360312,2
1732437764590360312,2
1732437764600669831,2
1732437764600669831,2
1732437764611201885,2
1732437764611201885,2
1732437764621386552,2
1732437764621386552,2
1732437764631745514,2
1732437764631745514,2
1732437764642253994,2
1732437764642253994,2
1732437764653207572,2
1732437764653207572,2
1732437764663427825,2
1732437764663427825,2
1732437764674013318,2
1732437764674013318,2
1732437764684280178,2
1732437764684280178,2
1732437764694712333,2
1732437764694712333,2
1732437764704848654,2
1732437764704848654,2
1732437764714958684,2
1732437764714958684,2
1732437764725466432,2
1732437764725466432,2
1732437764736123548,2
1732437764736123548,2
1732437764746515712,2
1732437764746515712,2
1732437764756977945,2
1732437764756977945,2
1732437764767101359,2
1732437764767101359,2
1732437764777364904,2
1732437764777364904,2
1732437764787834831,2
1732437764787834831,2
1732437764798068030,2
1732437764798068030,2
1732437764808631527,2
1732437764808631527,2
1732437764819050592,2
1732437764819050592,2
1732437764829434713,2
1732437764829434713,2
1732437764839686776,2
1732437764839686776,2
1732437764852569380,2
1732437764852569380,2
1732437764862661065,2
1732437764862661065,2
1732437764872830801,2
1732437764872830801,2
1732437764883426167,2
1732437764883426167,2
1732437764894081469,2
1732437764894081469,2
1732437764904355664,2
1732437764904355664,2
1732437764914898076,2
1732437764914898076,2
1732437764925012293,2
1732437764925012293,2
1732437764935722457,2
1732437764935722457,2
1732437764946429316,2
1732437764946429316,2
1732437764956805641,2
1732437764956805641,2
1732437764966833684,2
1732437764966833684,2
1732437764977234486,2
1732437764977234486,2
1732437764987844983,2
1732437764987844983,2
1732437764998293543,2
1732437764998293543,2
1732437765008374830,2
1732437765008374830,2
1732437765018672226,2
1732437765018672226,2
1732437765028835986,2
1732437765028835986,2
1732437765039363861,2
1732437765039363861,2
1732437765049549050,2
1732437765049549050,2
1732437765059969877,2
1732437765059969877,2
1732437765070412935,2
1732437765070412935,2
1732437765080558389,2
1732437765080558389,2
1732437765091106062,2
1732437765091106062,2
1732437765101686675,2
1732437765101686675,2
1732437765112199675,2
1732437765112199675,2
1732437765122504706,2
1732437765122504706,2
1732437765132874828,2
1732437765132874828,2
1732437765142964260,2
1732437765142964260,2
1732437765153083665,2
1732437765153083665,2
1732437765163588690,2
1732437765163588690,2
1732437765174318921,2
1732437765174318921,2
1732437765184826716,2
1732437765184826716,2
1732437765195478446,2
1732437765195478446,2
1732437765205904863,2
1732437765205904863,2
1732437765216307758,2
1732437765216307758,2
1732437765227448849,2
1732437765227448849,2
1732437765237552110,2
1732437765237552110,2
1732437765247764047,2
1732437765247764047,2
1732437765257947022,2
1732437765257947022,2
1732437765268336680,2
1732437765268336680,2
1732437765278663783,2
1732437765278663783,2
1732437765288921618,2
1732437765288921618,2
1732437765299364030,2
1732437765299364030,2
1732437765310725560,2
1732437765310725560,2
1732437765321140973,2
1732437765321140973,2
1732437765331713646,2
1732437765331713646,2
1732437765342429551,2
1732437765342429551,2
1732437765352675203,2
1732437765352675203,2
1732437765363168064,2
1732437765363168064,2
1732437765373793841,2
1732437765373793841,2
1732437765384368375,2
1732437765384368375,2
1732437765394540569,2
1732437765394540569,2
1732437765404736498,2
1732437765404736498,2
1732437765415065283,2
1732437765415065283,2
1732437765425492132,2
1732437765425492132,2
1732437765436159757,2
1732437765436159757,2
1732437765446507919,2
1732437765446507919,2
1732437765456791922,2
1732437765456791922,2
1732437765467179135,2
1732437765467179135,2
1732437765477372721,2
1732437765477372721,2
1732437765487517623,2
1732437765487517623,2
1732437765497629266,2
1732437765497629266,2
1732437765508692773,2
1732437765508692773,2
1732437765518961582,2
1732437765518961582,2
1732437765529139287,2
1732437765529139287,2
1732437765539578157,2
1732437765539578157,2
1732437765550359315,2
1732437765550359315,2
1732437765561060632,2
1732437765561060632,2
1732437765571628373,2
1732437765571628373,2
1732437765582267361,2
1732437765582267361,2
1732437765592822642,2
1732437765592822642,2
1732437765603734521,2
1732437765603734521,2
1732437765614474332,2
1732437765614474332,2
1732437765625090613,2
1732437765625090613,2
1732437765635800012,2
1732437765635800012,2
1732437765646380881,2
1732437765646380881,2
1732437765656898777,2
1732437765656898777,2
1732437765667561344,2
1732437765667561344,2
1732437765677887133,2
1732437765677887133,2
1732437765688017230,2
1732437765688017230,2
1732437765698734188,2
1732437765698734188,2
1732437765708824841,2
1732437765708824841,2
1732437765719065404,2
1732437765719065404,2
1732437765729175171,2
1732437765729175171,2
1732437765739624201,2
1732437765739624201,2
1732437765749869290,2
1732437765749869290,2
1732437765760312369,2
1732437765760312369,2
1732437765770688242,2
1732437765770688242,2
1732437765781532798,2
1732437765781532798,2
1732437765791720942,2
1732437765791720942,2
1732437765802688925,2
1732437765802688925,2
1732437765812850411,2
1732437765812850411,2
1732437765823228046,2
1732437765823228046,2
1732437765833430718,2
1732437765833430718,2
1732437765843526401,2
1732437765843526401,2
1732437765854085424,2
1732437765854085424,2
1732437765864184233,2
1732437765864184233,2
1732437765874751502,2
1732437765874751502,2
1732437765885151381,2
1732437765885151381,2
1732437765895471068,2
1732437765895471068,2
1732437765906125230,2
1732437765906125230,2
1732437765916816448,2
1732437765916816448,2
1732437765927070743,2
1732437765927070743,2
1732437765937271986,2
1732437765937271986,2
1732437765947536371,2
1732437765947536371,2
1732437765958024343,2
1732437765958024343,2
1732437765969400736,2
1732437765969400736,2
1732437765979665984,2
1732437765979665984,2
1732437765989909612,2
1732437765989909612,2
1732437766000225012,2
1732437766000225012,2
1732437766010564659,2
1732437766010564659,2
1732437766021163005,2
1732437766021163005,2
1732437766031400382,2
1732437766031400382,2
1732437766041662218,2
1732437766041662218,2
1732437766052019768,2
1732437766052019768,2
1732437766062410373,2
1732437766062410373,2
1732437766073408983,2
1732437766073408983,2
1732437766083681065,2
1732437766083681065,2
1732437766094023715,2
1732437766094023715,2
1732437766104272663,2
1732437766104272663,2
1732437766116538259,2
1732437766116538259,2
1732437766127279980,2
1732437766127279980,2
1732437766137530896,2
1732437766137530896,2
1732437766147710482,2
1732437766147710482,2
1732437766158083531,2
1732437766158083531,2
1732437766168633166,2
1732437766168633166,2
1732437766179020843,2
1732437766179020843,2
1732437766189108060,2
1732437766189108060,2
1732437766199403693,2
1732437766199403693,2
1732437766213256042,2
1732437766213256042,2
1732437766223405844,2
1732437766223405844,2
1732437766233608205,2
1732437766233608205,2
1732437766243831616,2
1732437766243831616,2
1732437766254721804,2
1732437766254721804,2
1732437766264815544,2
1732437766264815544,2
1732437766275003027,2
1732437766275003027,2
1732437766285387736,2
1732437766285387736,2
1732437766295645350,2
1732437766295645350,2
1732437766306014161,2
1732437766306014161,2
1732437766316473277,2
1732437766316473277,2
1732437766326982980,2
1732437766326982980,2
1732437766337160285,2
1732437766337160285,2
1732437766347460086,2
1732437766347460086,2
1732437766358456093,2
1732437766358456093,2
1732437766368713214,2
1732437766368713214,2
1732437766379390429,2
1732437766379390429,2
1732437766389798042,2
1732437766389798042,2
1732437766400518244,2
1732437766400518244,2
1732437766410679790,2
1732437766410679790,2
1732437766421064411,2
1732437766421064411,2
1732437766431195468,2
1732437766431195468,2
1732437766442322439,2
1732437766442322439,2
1732437766452938798,2
1732437766452938798,2
1732437766463263527,2
1732437766463263527,2
1732437766473702017,2
1732437766473702017,2
1732437766484237787,2
1732437766484237787,2
1732437766494540405,2
1732437766494540405,2
1732437766505407463,2
1732437766505407463,2
1732437766516183809,2
1732437766516183809,2
1732437766528880038,2
1732437766528880038,2
1732437766540482392,2
1732437766540482392,2
1732437766550893120,2
1732437766550893120,2
1732437766561217618,2
1732437766561217618,2
1732437766571753568,2
1732437766571753568,2
1732437766582269294,2
1732437766582269294,2
1732437766592891465,2
1732437766592891465,2
1732437766603134690,2
1732437766603134690,2
1732437766613284995,2
1732437766613284995,2
1732437766623933024,2
1732437766623933024,2
1732437766634612863,2
1732437766634612863,2
1732437766645418006,2
1732437766645418006,2
1732437766655615907,2
1732437766655615907,2
1732437766665874692,2
1732437766665874692,2
1732437766676326288,2
1732437766676326288,2
1732437766687017025,2
1732437766687017025,2
1732437766697270712,2
1732437766697270712,2
1732437766707652596,2
1732437766707652596,2
1732437766717864645,2
1732437766717864645,2
1732437766728319897,2
1732437766728319897,2
1732437766739003468,2
1732437766739003468,2
1732437766749260374,2
1732437766749260374,2
1732437766759815662,2
1732437766759815662,2
1732437766770059639,2
1732437766770059639,2
1732437766780199741,2
1732437766780199741,2
1732437766793056812,2
1732437766793056812,2
1732437766803469002,2
1732437766803469002,2
1732437766813903896,2
1732437766813903896,2
1732437766824348757,2
1732437766824348757,2
1732437766834959878,2
1732437766834959878,2
1732437766845268227,2
1732437766845268227,2
1732437766855536760,2
1732437766855536760,2
1732437766866107276,2
1732437766866107276,2
1732437766876462331,2
1732437766876462331,2
1732437766887286016,2
1732437766887286016,2
1732437766897589746,2
1732437766897589746,2
1732437766907777108,2
1732437766907777108,2
1732437766918304570,2
1732437766918304570,2
1732437766928427658,2
1732437766928427658,2
1732437766938959951,2
1732437766938959951,2
1732437766949055674,2
1732437766949055674,2
1732437766959218773,2
1732437766959218773,2
1732437766969627766,2
1732437766969627766,2
1732437766980105861,2
1732437766980105861,2
1732437766990771362,2
1732437766990771362,2
1732437767001219089,2
1732437767001219089,2
1732437767012557002,2
1732437767012557002,2
1732437767023116736,2
1732437767023116736,2
1732437767033595768,2
1732437767033595768,2
1732437767044200832,2
1732437767057329293,2
1732437767057329293,2
1732437767057329293,2
1732437767067792710,2
1732437767067792710,2
1732437767078269261,2
1732437767078269261,2
1732437767088567730,2
1732437767088567730,2
1732437767099038049,2
1732437767099038049,2
1732437767109088677,2
1732437767109088677,2
1732437767119974259,2
1732437767119974259,2
1732437767130306802,2
1732437767130306802,2
1732437767140829810,2
1732437767140829810,2
1732437767151152794,2
1732437767151152794,2
1732437767161563903,2
1732437767161563903,2
1732437767171979612,2
1732437767171979612,2
1732437767182423347,2
1732437767182423347,2
1732437767193006680,2
1732437767193006680,2
1732437767203351266,2
1732437767203351266,2
1732437767213797339,2
1732437767213797339,2
1732437767224247060,2
1732437767224247060,2
1732437767235343444,2
1732437767235343444,2
1732437767246572003,2
1732437767246572003,2
1732437767257062038,2
1732437767257062038,2
1732437767267253019,2
1732437767267253019,2
1732437767277545187,2
1732437767277545187,2
1732437767287680973,2
1732437767287680973,2
1732437767298029967,2
1732437767298029967,2
1732437767308681463,2
1732437767308681463,2
1732437767319095687,2
1732437767319095687,2
1732437767329344425,2
1732437767329344425,2
1732437767339895786,2
1732437767339895786,2
1732437767350215956,2
1732437767350215956,2
1732437767360455444,2
1732437767360455444,2
1732437767370736673,2
1732437767370736673,2
1732437767381191554,2
1732437767381191554,2
1732437767391441181,2
1732437767391441181,2
1732437767401977363,2
1732437767401977363,2
1732437767412167923,2
1732437767412167923,2
1732437767422866485,2
1732437767422866485,2
1732437767433085137,2
1732437767433085137,2
1732437767443408083,2
1732437767443408083,2
1732437767453722913,2
1732437767453722913,2
1732437767464396820,2
1732437767464396820,2
1732437767474823568,2
1732437767474823568,2
1732437767484972838,2
1732437767484972838,2
1732437767495547313,2
1732437767495547313,2
1732437767505825275,2
1732437767505825275,2
1732437767516019311,2
1732437767516019311,2
1732437767527873142,2
1732437767527873142,2
1732437767538719330,2
1732437767538719330,2
1732437767548823799,2
1732437767548823799,2
1732437767559133590,2
1732437767559133590,2
1732437767569303510,2
1732437767569303510,2
1732437767579555864,2
1732437767579555864,2
1732437767590148100,2
1732437767590148100,2
1732437767600820244,2
1732437767600820244,2
1732437767611132747,2
1732437767611132747,2
1732437767621348076,2
1732437767621348076,2
1732437767631493139,2
1732437767631493139,2
1732437767642368889,2
1732437767642368889,2
1732437767653037961,2
1732437767653037961,2
1732437767663491068,2
1732437767663491068,2
1732437767674147563,2
1732437767674147563,2
1732437767684546861,2
1732437767684546861,2
1732437767694717022,2
1732437767694717022,2
1732437767705067259,2
1732437767705067259,2
1732437767715601156,2
1732437767715601156,2
1732437767725938840,2
1732437767725938840,2
1732437767736496590,2
1732437767736496590,2
1732437767746884066,2
1732437767746884066,2
1732437767757235204,2
1732437767757235204,2
1732437767768939947,2
1732437767768939947,2
1732437767779214242,2
1732437767779214242,2
1732437767789263128,2
1732437767789263128,2
1732437767799524459,2
1732437767799524459,2
1732437767809785478,2
1732437767809785478,2
1732437767820395999,2
1732437767820395999,2
1732437767830945727,2
1732437767830945727,2
1732437767842339751,2
1732437767842339751,2
1732437767853241024,2
1732437767853241024,2
1732437767863836386,2
1732437767863836386,2
1732437767874189997,2
1732437767874189997,2
1732437767884419649,2
1732437767884419649,2
1732437767894975377,2
1732437767894975377,2
1732437767905604321,2
1732437767905604321,2
1732437767915869298,2
1732437767915869298,2
1732437767926517868,2
1732437767926517868,2
1732437767937508977,2
1732437767937508977,2
1732437767948128882,2
1732437767948128882,2
1732437767959030060,2
1732437767959030060,2
1732437767969583839,2
1732437767969583839,2
1732437767979963458,2
1732437767979963458,2
1732437767991852857,2
1732437767991852857,2
1732437768002304902,2
1732437768002304902,2
1732437768012547367,2
1732437768012547367,2
1732437768023355143,2
1732437768023355143,2
1732437768033804434,2
1732437768033804434,2
1732437768044363529,2
1732437768044363529,2
1732437768054552824,2
1732437768054552824,2
1732437768064957628,2
1732437768064957628,2
1732437768075591125,2
1732437768075591125,2
1732437768086101989,2
1732437768086101989,2
1732437768096586745,2
1732437768096586745,2
1732437768107233062,2
1732437768107233062,2
1732437768118541199,2
1732437768118541199,2
1732437768129091166,2
1732437768129091166,2
1732437768139395216,2
1732437768139395216,2
1732437768149674651,2
1732437768149674651,2
1732437768160346015,2
1732437768160346015,2
1732437768170688865,2
1732437768170688865,2
1732437768181008221,2
1732437768181008221,2
1732437768191411800,2
1732437768191411800,2
1732437768202050383,2
1732437768202050383,2
1732437768212504731,2
1732437768212504731,2
1732437768222960594,2
1732437768222960594,2
1732437768233069491,2
1732437768233069491,2
1732437768244901413,2
1732437768244901413,2
1732437768255445058,2
1732437768255445058,2
1732437768265700838,2
1732437768265700838,2
1732437768276117818,2
1732437768276117818,2
1732437768286729331,2
1732437768286729331,2
1732437768296869677,2
1732437768296869677,2
1732437768307310570,2
1732437768307310570,2
1732437768317458891,2
1732437768317458891,2
1732437768327658377,2
1732437768327658377,2
1732437768337888299,2
1732437768337888299,2
1732437768348131555,2
1732437768348131555,2
1732437768358449201,2
1732437768358449201,2
1732437768368668785,2
1732437768368668785,2
1732437768379180401,2
1732437768379180401,2
1732437768389638075,2
1732437768389638075,2
1732437768399859352,2
1732437768399859352,2
1732437768410297292,2
1732437768410297292,2
1732437768420904235,2
1732437768420904235,2
1732437768431447149,2
1732437768431447149,2
1732437768441821640,2
1732437768441821640,2
1732437768452405411,2
1732437768452405411,2
1732437768462877720,2
1732437768462877720,2
1732437768473098259,2
1732437768473098259,2
1732437768483326637,2
1732437768483326637,2
1732437768494526764,2
1732437768494526764,2
1732437768504743752,2
1732437768504743752,2
1732437768515176071,2
1732437768515176071,2
1732437768525295649,2
1732437768525295649,2
1732437768535965068,2
1732437768535965068,2
1732437768546072013,2
1732437768546072013,2
1732437768556345346,2
1732437768556345346,2
1732437768566856751,2
1732437768566856751,2
1732437768577155060,2
1732437768577155060,2
1732437768587272043,2
1732437768587272043,2
1732437768597655932,2
1732437768597655932,2
1732437768611526333,2
1732437768611526333,2
1732437768621824212,2
1732437768621824212,2
1732437768631930574,2
1732437768631930574,2
1732437768642250044,2
1732437768642250044,2
1732437768652799671,2
1732437768652799671,2
1732437768663139226,2
1732437768663139226,2
1732437768673575702,2
1732437768673575702,2
1732437768684223432,2
1732437768684223432,2
1732437768694453815,2
1732437768694453815,2
1732437768704722087,2
1732437768704722087,2
1732437768715055723,2
1732437768715055723,2
1732437768725546200,2
1732437768725546200,2
1732437768735750832,2
1732437768735750832,2
1732437768746263253,2
1732437768746263253,2
1732437768756954653,2
1732437768756954653,2
1732437768767315098,2
1732437768767315098,2
1732437768777325693,2
1732437768777325693,2
1732437768788176050,2
1732437768788176050,2
1732437768798403666,2
1732437768798403666,2
1732437768808666991,2
1732437768808666991,2
1732437768819108036,2
1732437768819108036,2
1732437768829349330,2
1732437768829349330,2
1732437768839831970,2
1732437768839831970,2
1732437768850402567,2
1732437768850402567,2
1732437768860847890,2
1732437768860847890,2
1732437768871348636,2
1732437768871348636,2
1732437768881793087,2
1732437768881793087,2
1732437768892058465,2
1732437768892058465,2
1732437768902643949,2
1732437768902643949,2
1732437768912805204,2
1732437768912805204,2
1732437768923112760,2
1732437768923112760,2
1732437768933337342,2
1732437768933337342,2
1732437768943929428,2
1732437768943929428,2
1732437768954394118,2
1732437768954394118,2
1732437768965366179,2
1732437768965366179,2
1732437768975909354,2
1732437768975909354,2
1732437768986249772,2
1732437768986249772,2
1732437768996505022,2
1732437768996505022,2
1732437769006898348,2
1732437769006898348,2
1732437769017025378,2
1732437769017025378,2
1732437769027053722,2
1732437769027053722,2
1732437769037315076,2
1732437769037315076,2
1732437769047878750,2
1732437769047878750,2
1732437769060944974,2
1732437769060944974,2
1732437769071719641,2
1732437769071719641,2
1732437769081827586,2
1732437769081827586,2
1732437769092054904,2
1732437769092054904,2
1732437769102769799,2
1732437769102769799,2
1732437769112861894,2
1732437769112861894,2
1732437769123314139,2
1732437769123314139,2
1732437769133691757,2
1732437769133691757,2
1732437769144305043,2
1732437769144305043,2
1732437769154563628,2
1732437769154563628,2
1732437769165543061,2
1732437769165543061,2
1732437769175783714,2
1732437769175783714,2
1732437769186982047,2
1732437769186982047,2
1732437769197207342,2
1732437769197207342,2
1732437769207502796,2
1732437769207502796,2
1732437769217683297,2
1732437769217683297,2
1732437769228264541,2
1732437769228264541,2
1732437769239206588,2
1732437769239206588,2
1732437769249774850,2
1732437769249774850,2
1732437769260276588,2
1732437769260276588,2
1732437769270592751,2
1732437769270592751,2
1732437769280835648,2
1732437769280835648,2
1732437769291146441,2
1732437769291146441,2
1732437769301759677,2
1732437769301759677,2
1732437769311993493,2
1732437769311993493,2
1732437769322398084,2
1732437769322398084,2
1732437769322398084,2
1732437769322398084,2
1732437769343117512,2
1732437769343117512,2
1732437769353604843,2
1732437769353604843,2
1732437769364209327,2
1732437769364209327,2
1732437769374628615,2
1732437769374628615,2
1732437769385244366,2
1732437769385244366,2
1732437769395565959,2
1732437769395565959,2
1732437769406123671,2
1732437769406123671,2
1732437769416806313,2
1732437769416806313,2
1732437769427566813,2
1732437769427566813,2
1732437769437749367,2
1732437769437749367,2
1732437769448029293,2
1732437769448029293,2
1732437769458206107,2
1732437769458206107,2
1732437769468589635,2
1732437769468589635,2
1732437769479125446,2
1732437769479125446,2
1732437769490309231,2
1732437769490309231,2
1732437769500799635,2
1732437769500799635,2
1732437769510951396,2
1732437769510951396,2
1732437769521003989,2
1732437769521003989,2
1732437769531827997,2
1732437769531827997,2
1732437769542072024,2
1732437769542072024,2
1732437769552706675,2
1732437769552706675,2
1732437769563343559,2
1732437769563343559,2
1732437769573500135,2
1732437769573500135,2
1732437769583714639,2
1732437769583714639,2
1732437769594347261,2
1732437769594347261,2
1732437769604843286,2
1732437769604843286,2
1732437769615377625,2
1732437769615377625,2
1732437769625879153,2
1732437769625879153,2
1732437769636211035,2
1732437769636211035,2
1732437769646630390,2
1732437769646630390,2
1732437769657464225,2
1732437769657464225,2
1732437769667560488,2
1732437769667560488,2
1732437769677845052,2
1732437769677845052,2
1732437769688069725,2
1732437769688069725,2
1732437769698169566,2
1732437769698169566,2
1732437769708511316,2
1732437769708511316,2
1732437769718728576,2
1732437769718728576,2
1732437769729107974,2
1732437769729107974,2
1732437769739470844,2
1732437769739470844,2
1732437769749955270,2
1732437769749955270,2
1732437769760558938,2
1732437769760558938,2
1732437769770799581,2
1732437769770799581,2
1732437769781114330,2
1732437769781114330,2
1732437769791516302,2
1732437769791516302,2
1732437769801752326,2
1732437769801752326,2
1732437769813155309,2
1732437769813155309,2
1732437769823425247,2
1732437769823425247,2
1732437769833908771,2
1732437769833908771,2
1732437769844172457,2
1732437769844172457,2
1732437769854631073,2
1732437769854631073,2
1732437769865130366,2
1732437769865130366,2
1732437769875504687,2
1732437769875504687,2
1732437769886179177,2
1732437769886179177,2
1732437769897093312,2
1732437769897093312,2
1732437769907509381,2
1732437769907509381,2
1732437769917756504,2
1732437769917756504,2
1732437769927971679,2
1732437769927971679,2
1732437769938232800,2
1732437769938232800,2
1732437769948599737,2
1732437769948599737,2
1732437769958941437,2
1732437769958941437,2
1732437769969022884,2
1732437769969022884,2
1732437769979781378,2
1732437769979781378,2
1732437769990120944,2
1732437769990120944,2
1732437770000368590,2
1732437770000368590,2
1732437770010774831,2
1732437770010774831,2
1732437770020978675,2
1732437770020978675,2
1732437770031503776,2
1732437770031503776,2
1732437770041736683,2
1732437770041736683,2
1732437770052327006,2
1732437770052327006,2
1732437770063488420,2
1732437770063488420,2
1732437770073832706,2
1732437770073832706,2
1732437770084270645,2
1732437770084270645,2
1732437770094898969,2
1732437770094898969,2
1732437770105467079,2
1732437770105467079,2
1732437770116182220,2
1732437770116182220,2
1732437770126392967,2
1732437770126392967,2
1732437770136910398,2
1732437770136910398,2
1732437770147051967,2
1732437770147051967,2
1732437770157085904,2
1732437770157085904,2
1732437770167567432,2
1732437770167567432,2
1732437770177609749,2
1732437770177609749,2
1732437770187814575,2
1732437770187814575,2
1732437770197924094,2
1732437770197924094,2
1732437770208060792,2
1732437770208060792,2
1732437770218361185,2
1732437770218361185,2
1732437770228999948,2
1732437770228999948,2
1732437770239789812,2
1732437770239789812,2
1732437770251642683,2
1732437770251642683,2
1732437770261834885,2
1732437770261834885,2
1732437770272299825,2
1732437770272299825,2
1732437770282523916,2
1732437770282523916,2
1732437770292910441,2
1732437770292910441,2
1732437770303198341,2
1732437770303198341,2
1732437770314212711,2
1732437770314212711,2
1732437770324518324,2
1732437770324518324,2
1732437770334719654,2
1732437770334719654,2
1732437770344913830,2
1732437770344913830,2
1732437770359995084,2
1732437770359995084,2
1732437770370688338,2
1732437770370688338,2
1732437770381170139,2
1732437770381170139,2
1732437770391561181,2
1732437770391561181,2
1732437770402011133,2
1732437770402011133,2
1732437770412347893,2
1732437770412347893,2
1732437770422741949,2
1732437770422741949,2
1732437770433170962,2
1732437770433170962,2
1732437770443262227,2
1732437770443262227,2
1732437770453757422,2
1732437770453757422,2
1732437770464132756,2
1732437770464132756,2
1732437770474530611,2
1732437770474530611,2
1732437770485592510,2
1732437770485592510,2
1732437770495883045,2
1732437770495883045,2
1732437770506384774,2
1732437770506384774,2
1732437770516502247,2
1732437770516502247,2
1732437770527080246,2
1732437770527080246,2
1732437770537511012,2
1732437770537511012,2
1732437770548064577,2
1732437770548064577,2
1732437770558459906,2
1732437770558459906,2
1732437770569059487,2
1732437770569059487,2
1732437770579742973,2
1732437770579742973,2
1732437770590153718,2
1732437770590153718,2
1732437770600645602,2
1732437770600645602,2
1732437770610906683,2
1732437770610906683,2
1732437770621127725,2
1732437770621127725,2
1732437770631342498,2
1732437770631342498,2
1732437770641568306,2
1732437770641568306,2
1732437770652112423,2
1732437770652112423,2
1732437770662708477,2
1732437770662708477,2
1732437770673150294,2
1732437770673150294,2
1732437770683439376,2
1732437770683439376,2
1732437770693714413,2
1732437770693714413,2
1732437770704010468,2
1732437770704010468,2
1732437770714193214,2
1732437770714193214,2
1732437770724369175,2
1732437770724369175,2
1732437770734869979,2
1732437770734869979,2
1732437770745443731,2
1732437770745443731,2
1732437770758672190,2
1732437770758672190,2
1732437770768887234,2
1732437770768887234,2
1732437770779084857,2
1732437770779084857,2
1732437770789189517,2
1732437770789189517,2
1732437770799497866,2
1732437770799497866,2
1732437770810213912,2
1732437770810213912,2
1732437770820496082,2
1732437770820496082,2
1732437770831569366,2
1732437770831569366,2
1732437770841836210,2
1732437770841836210,2
1732437770852086771,2
1732437770852086771,2
1732437770862528869,2
1732437770862528869,2
1732437770872859639,2
1732437770872859639,2
1732437770882959570,2
1732437770882959570,2
1732437770893385247,2
1732437770893385247,2
1732437770903974107,2
1732437770903974107,2
1732437770914684082,2
1732437770914684082,2
1732437770925086816,2
1732437770925086816,2
1732437770935546293,2
1732437770935546293,2
1732437770945934670,2
1732437770945934670,2
1732437770956122174,2
1732437770956122174,2
1732437770966743094,2
1732437770966743094,2
1732437770977121091,2
1732437770977121091,2
1732437770987347357,2
1732437770987347357,2
1732437770997874142,2
1732437770997874142,2
1732437771008020148,2
1732437771008020148,2
1732437771018204363,2
1732437771018204363,2
1732437771028686985,2
1732437771028686985,2
1732437771039378087,2
1732437771039378087,2
1732437771049788031,2
1732437771049788031,2
1732437771060239519,2
1732437771060239519,2
1732437771070535395,2
1732437771070535395,2
1732437771081123574,2
1732437771081123574,2
1732437771091584225,2
1732437771091584225,2
1732437771101935373,2
1732437771101935373,2
1732437771113043729,2
1732437771113043729,2
1732437771123610054,2
1732437771123610054,2
1732437771133836120,2
1732437771133836120,2
1732437771144243346,2
1732437771144243346,2
1732437771155584465,2
1732437771155584465,2
1732437771165931686,2
1732437771165931686,2
1732437771176469651,2
1732437771176469651,2
1732437771187302415,2
1732437771187302415,2
1732437771197369795,2
1732437771197369795,2
1732437771207540276,2
1732437771207540276,2
1732437771217784134,2
1732437771217784134,2
1732437771228425432,2
1732437771228425432,2
1732437771238985058,2
1732437771238985058,2
1732437771249117629,2
1732437771249117629,2
1732437771259807708,2
1732437771259807708,2
1732437771270559911,2
1732437771270559911,2
1732437771280912078,2
1732437771280912078,2
1732437771291323752,2
1732437771291323752,2
1732437771301952516,2
1732437771301952516,2
1732437771312162058,2
1732437771312162058,2
1732437771322948279,2
1732437771322948279,2
1732437771333096208,2
1732437771333096208,2
1732437771343166852,2
1732437771343166852,2
1732437771353508746,2
1732437771353508746,2
1732437771364015373,2
1732437771364015373,2
1732437771374419390,2
1732437771374419390,2
1732437771384673056,2
1732437771384673056,2
1732437771395082433,2
1732437771395082433,2
1732437771405537855,2
1732437771405537855,2
1732437771415842177,2
1732437771415842177,2
1732437771426312365,2
1732437771426312365,2
1732437771437201083,2
1732437771437201083,2
1732437771447283191,2
1732437771447283191,2
1732437771457434387,2
1732437771457434387,2
1732437771467604479,2
1732437771467604479,2
1732437771477961277,2
1732437771477961277,2
1732437771488655133,2
1732437771488655133,2
1732437771498935489,2
1732437771498935489,2
1732437771509010118,2
1732437771509010118,2
1732437771519467726,2
1732437771519467726,2
1732437771529547329,2
1732437771529547329,2
1732437771539838184,2
1732437771539838184,2
1732437771550507895,2
1732437771550507895,2
1732437771561058705,2
1732437771561058705,2
1732437771571370049,2
1732437771571370049,2
1732437771581952086,2
1732437771581952086,2
1732437771592307522,2
1732437771592307522,2
1732437771602861037,2
1732437771602861037,2
1732437771613391979,2
1732437771613391979,2
1732437771623615931,2
1732437771623615931,2
1732437771633896368,2
1732437771633896368,2
1732437771644285556,2
1732437771644285556,2
1732437771654417647,2
1732437771654417647,2
1732437771664830089,2
1732437771664830089,2
1732437771675166019,2
1732437771675166019,2
1732437771685230594,2
1732437771685230594,2
1732437771695355021,2
1732437771695355021,2
1732437771705621702,2
1732437771705621702,2
1732437771716178051,2
1732437771716178051,2
1732437771726357780,2
1732437771726357780,2
1732437771736481146,2
1732437771736481146,2
1732437771746729743,2
1732437771746729743,2
1732437771757146603,2
1732437771757146603,2
1732437771767503628,2
1732437771767503628,2
1732437771777639460,2
1732437771777639460,2
1732437771787891644,2
1732437771787891644,2
1732437771798193711,2
1732437771798193711,2
1732437771808322696,2
1732437771808322696,2
1732437771818788627,2
1732437771818788627,2
1732437771829847151,2
1732437771829847151,2
1732437771840450658,2
1732437771840450658,2
1732437771851131479,2
1732437771851131479,2
1732437771861563107,2
1732437771861563107,2
1732437771872215746,2
1732437771872215746,2
1732437771882404589,2
1732437771882404589,2
1732437771892538046,2
1732437771892538046,2
1732437771902630372,2
1732437771902630372,2
1732437771913262750,2
1732437771913262750,2
1732437771923576752,2
1732437771923576752,2
1732437771934373890,2
1732437771934373890,2
1732437771944724507,2
1732437771944724507,2
1732437771954880733,2
1732437771954880733,2
1732437771965146843,2
1732437771965146843,2
1732437771975780807,2
1732437771975780807,2
1732437771986090748,2
1732437771986090748,2
1732437771996736504,2
1732437771996736504,2
1732437772006811258,2
1732437772006811258,2
1732437772016935645,2
1732437772016935645,2
1732437772029587170,2
1732437772029587170,2
1732437772040134714,2
1732437772040134714,2
1732437772050485621,2
1732437772050485621,2
1732437772060832862,2
1732437772060832862,2
1732437772070990922,2
1732437772070990922,2
1732437772081165942,2
1732437772081165942,2
1732437772091582191,2
1732437772091582191,2
1732437772101900692,2
1732437772101900692,2
1732437772112174186,2
1732437772112174186,2
1732437772122754045,2
1732437772122754045,2
1732437772133238505,2
1732437772133238505,2
1732437772143902034,2
1732437772143902034,2
1732437772154215362,2
1732437772154215362,2
1732437772164398988,2
1732437772164398988,2
1732437772175009298,2
1732437772175009298,2
1732437772185562091,2
1732437772185562091,2
1732437772196699051,2
1732437772196699051,2
1732437772206888798,2
1732437772206888798,2
1732437772217279497,2
1732437772217279497,2
1732437772227574971,2
1732437772227574971,2
1732437772238378684,2
1732437772238378684,2
1732437772248769346,2
1732437772248769346,2
1732437772259215902,2
1732437772259215902,2
1732437772270093779,2
1732437772270093779,2
1732437772280294628,2
1732437772280294628,2
1732437772290796086,2
1732437772290796086,2
1732437772301108271,2
1732437772301108271,2
1732437772311397504,2
1732437772311397504,2
1732437772321764883,2
1732437772321764883,2
1732437772331989825,2
1732437772331989825,2
1732437772342885476,2
1732437772342885476,2
1732437772354545538,2
1732437772354545538,2
1732437772365268187,2
1732437772365268187,2
1732437772375621499,2
1732437772375621499,2
1732437772386554089,2
1732437772386554089,2
1732437772396834135,2
1732437772396834135,2
1732437772407332266,2
1732437772407332266,2
1732437772417450012,2
1732437772417450012,2
1732437772427670277,2
1732437772427670277,2
1732437772438461022,2
1732437772438461022,2
1732437772448801290,2
1732437772448801290,2
1732437772459403745,2
1732437772459403745,2
1732437772469609072,2
1732437772469609072,2
1732437772479784083,2
1732437772479784083,2
1732437772489972659,2
1732437772489972659,2
1732437772500327504,2
1732437772500327504,2
1732437772510394113,2
1732437772510394113,2
1732437772520949577,2
1732437772520949577,2
1732437772531406576,2
1732437772531406576,2
1732437772541644043,2
1732437772541644043,2
1732437772552322950,2
1732437772552322950,2
1732437772563247124,2
1732437772563247124,2
1732437772573696992,2
1732437772573696992,2
1732437772583964638,2
1732437772583964638,2
1732437772594700803,2
1732437772594700803,2
1732437772605027375,2
1732437772605027375,2
1732437772615671417,2
1732437772615671417,2
1732437772625979135,2
1732437772625979135,2
1732437772636398881,2
1732437772636398881,2
1732437772646508316,2
1732437772646508316,2
1732437772656752759,2
1732437772656752759,2
1732437772667236483,2
1732437772667236483,2
1732437772677613306,2
1732437772677613306,2
1732437772687875031,2
1732437772687875031,2
1732437772698150659,2
1732437772698150659,2
1732437772710581183,2
1732437772710581183,2
1732437772720838066,2
1732437772720838066,2
1732437772731144121,2
1732437772731144121,2
1732437772741760674,2
1732437772741760674,2
1732437772752027617,2
1732437772752027617,2
1732437772762375696,2
1732437772762375696,2
1732437772772803367,2
1732437772772803367,2
1732437772782952804,2
1732437772782952804,2
1732437772793176594,2
1732437772793176594,2
1732437772803893579,2
1732437772803893579,2
1732437772814102116,2
1732437772814102116,2
1732437772824771946,2
1732437772824771946,2
1732437772835726807,2
1732437772835726807,2
1732437772846054893,2
1732437772846054893,2
1732437772856465801,2
1732437772856465801,2
1732437772866998938,2
1732437772866998938,2
1732437772877595754,2
1732437772877595754,2
1732437772887714339,2
1732437772887714339,2
1732437772897874883,2
1732437772897874883,2
1732437772908208188,2
1732437772908208188,2
1732437772918471462,2
1732437772918471462,2
1732437772929125424,2
1732437772929125424,2
1732437772939280564,2
1732437772939280564,2
1732437772949316239,2
1732437772949316239,2
1732437772959799543,2
1732437772959799543,2
1732437772970346090,2
1732437772970346090,2
1732437772980654042,2
1732437772980654042,2
1732437772990950234,2
1732437772990950234,2
1732437773001081006,2
1732437773001081006,2
1732437773012543200,2
1732437773012543200,2
1732437773022869128,2
1732437773022869128,2
1732437773033216963,2
1732437773033216963,2
1732437773044352420,2
1732437773044352420,2
1732437773054938675,2
1732437773054938675,2
1732437773065457745,2
1732437773065457745,2
1732437773076034435,2
1732437773076034435,2
1732437773086582499,2
1732437773086582499,2
1732437773097342739,2
1732437773097342739,2
1732437773107435135,2
1732437773107435135,2
1732437773118024105,2
1732437773118024105,2
1732437773128137141,2
1732437773128137141,2
1732437773138696035,2
1732437773138696035,2
1732437773148768415,2
1732437773148768415,2
1732437773159237883,2
1732437773159237883,2
1732437773169845277,2
1732437773169845277,2
1732437773180216219,2
1732437773180216219,2
1732437773190729281,2
1732437773190729281,2
1732437773200999227,2
1732437773200999227,2
1732437773200999227,2
1732437773200999227,2
1732437773221771026,2
1732437773221771026,2
1732437773232157460,2
1732437773232157460,2
1732437773242570963,2
1732437773242570963,2
1732437773252779466,2
1732437773252779466,2
1732437773263258593,2
1732437773263258593,2
1732437773273872379,2
1732437773273872379,2
1732437773284200584,2
1732437773284200584,2
1732437773294557003,2
1732437773294557003,2
1732437773304854618,2
1732437773304854618,2
1732437773315247926,2
1732437773315247926,2
1732437773325749667,2
1732437773325749667,2
1732437773336167589,2
1732437773336167589,2
1732437773346531842,2
1732437773358976483,2
1732437773358976483,2
1732437773358976483,2
1732437773369657746,2
1732437773369657746,2
1732437773380312778,2
1732437773380312778,2
1732437773390453725,2
1732437773390453725,2
1732437773400838095,2
1732437773400838095,2
1732437773411266608,2
1732437773411266608,2
1732437773421779900,2
1732437773421779900,2
1732437773432111853,2
1732437773432111853,2
1732437773442895546,2
1732437773442895546,2
1732437773453624396,2
1732437773453624396,2
1732437773464419800,2
1732437773464419800,2
1732437773474649382,2
1732437773474649382,2
1732437773485401737,2
1732437773485401737,2
1732437773496059635,2
1732437773496059635,2
1732437773506627807,2
1732437773506627807,2
1732437773519209774,2
1732437773519209774,2
1732437773529698340,2
1732437773529698340,2
1732437773540198456,2
1732437773540198456,2
1732437773550318935,2
1732437773550318935,2
1732437773560943582,2
1732437773560943582,2
1732437773571561485,2
1732437773571561485,2
1732437773582237998,2
1732437773582237998,2
1732437773592547699,2
1732437773592547699,2
1732437773602894841,2
1732437773602894841,2
1732437773614767247,2
1732437773614767247,2
1732437773625294392,2
1732437773625294392,2
1732437773635469363,2
1732437773635469363,2
1732437773645848062,2
1732437773645848062,2
1732437773656335254,2
1732437773656335254,2
1732437773666563539,2
1732437773666563539,2
1732437773677074435,2
1732437773677074435,2
1732437773687375479,2
1732437773687375479,2
1732437773697639679,2
1732437773697639679,2
1732437773707923749,2
1732437773707923749,2
1732437773718602660,2
1732437773718602660,2
1732437773729071694,2
1732437773729071694,2
1732437773739342260,2
1732437773739342260,2
1732437773749714718,2
1732437773749714718,2
1732437773760411628,2
1732437773760411628,2
1732437773771186785,2
1732437773771186785,2
1732437773781583177,2
1732437773781583177,2
1732437773792292923,2
1732437773792292923,2
1732437773803984523,2
1732437773803984523,2
1732437773814321972,2
1732437773814321972,2
1732437773824888966,2
1732437773824888966,2
1732437773835342163,2
1732437773835342163,2
1732437773845908261,2
1732437773845908261,2
1732437773856418174,2
1732437773856418174,2
1732437773867043723,2
1732437773867043723,2
1732437773877210638,2
1732437773877210638,2
1732437773887390344,2
1732437773887390344,2
1732437773897956195,2
1732437773897956195,2
1732437773908517253,2
1732437773908517253,2
1732437773919080465,2
1732437773919080465,2
1732437773929207046,2
1732437773929207046,2
1732437773939694424,2
1732437773939694424,2
1732437773950232993,2
1732437773950232993,2
1732437773960625102,2
1732437773960625102,2
1732437773971027906,2
1732437773971027906,2
1732437773981226281,2
1732437773981226281,2
1732437773991636679,2
1732437773991636679,2
1732437774002386494,2
1732437774002386494,2
1732437774013039458,2
1732437774013039458,2
1732437774023502744,2
1732437774023502744,2
1732437774034019259,2
1732437774034019259,2
1732437774044347896,2
1732437774044347896,2
1732437774054614126,2
1732437774054614126,2
1732437774064925691,2
1732437774064925691,2
1732437774075444210,2
1732437774075444210,2
1732437774085994468,2
1732437774085994468,2
1732437774096769321,2
1732437774096769321,2
1732437774107393480,2
1732437774107393480,2
1732437774117757092,2
1732437774117757092,2
1732437774131335901,2
1732437774131335901,2
1732437774141608187,2
1732437774141608187,2
1732437774152338570,2
1732437774152338570,2
1732437774162678948,2
1732437774162678948,2
1732437774173166220,2
1732437774173166220,2
1732437774183287269,2
1732437774183287269,2
1732437774194323411,2
1732437774194323411,2
1732437774204652589,2
1732437774204652589,2
1732437774216190723,2
1732437774216190723,2
1732437774226787378,2
1732437774226787378,2
1732437774237443590,2
1732437774237443590,2
1732437774247771739,2
1732437774247771739,2
1732437774258789957,2
1732437774258789957,2
1732437774269090023,2
1732437774269090023,2
1732437774279763530,2
1732437774279763530,2
1732437774290244339,2
1732437774290244339,2
1732437774300670377,2
1732437774300670377,2
1732437774310986990,2
1732437774310986990,2
1732437774321228015,2
1732437774321228015,2
1732437774331649654,2
1732437774331649654,2
1732437774341863286,2
1732437774341863286,2
1732437774352507950,2
1732437774352507950,2
1732437774362896948,2
1732437774362896948,2
1732437774373314410,2
1732437774373314410,2
1732437774383773428,2
1732437774383773428,2
1732437774394215118,2
1732437774394215118,2
1732437774404818564,2
1732437774404818564,2
1732437774415207783,2
1732437774415207783,2
1732437774425326289,2
1732437774425326289,2
1732437774435963669,2
1732437774435963669,2
1732437774446249747,2
1732437774446249747,2
1732437774464224965,2
1732437774464224965,2
1732437774476056786,2
1732437774476056786,2
1732437774486991980,2
1732437774486991980,2
1732437774497483079,2
1732437774497483079,2
1732437774507588039,2
1732437774507588039,2
1732437774517685966,2
1732437774517685966,2
1732437774530241896,2
1732437774530241896,2
1732437774540370199,2
1732437774540370199,2
1732437774550728020,2
1732437774550728020,2
1732437774560894375,2
1732437774560894375,2
1732437774571255030,2
1732437774571255030,2
1732437774581425043,2
1732437774581425043,2
1732437774581425043,2
1732437774581425043,2
1732437774602636616,2
1732437774602636616,2
1732437774612935678,2
1732437774612935678,2
1732437774623512876,2
1732437774623512876,2
1732437774633557421,2
1732437774633557421,2
1732437774643853371,2
1732437774643853371,2
1732437774654204549,2
1732437774654204549,2
1732437774664631689,2
1732437774664631689,2
1732437774675127035,2
1732437774675127035,2
1732437774685371445,2
1732437774685371445,2
1732437774695869566,2
1732437774695869566,2
1732437774706342681,2
1732437774706342681,2
1732437774716594753,2
1732437774716594753,2
1732437774726787607,2
1732437774726787607,2
1732437774737104174,2
1732437774737104174,2
1732437774747579734,2
1732437774747579734,2
1732437774761276383,2
1732437774761276383,2
1732437774771601023,2
1732437774771601023,2
1732437774781961666,2
1732437774781961666,2
1732437774792488303,2
1732437774792488303,2
1732437774802900415,2
1732437774802900415,2
1732437774813179990,2
1732437774813179990,2
1732437774823317918,2
1732437774823317918,2
1732437774833659192,2
1732437774833659192,2
1732437774844078208,2
1732437774844078208,2
1732437774854548163,2
1732437774854548163,2
1732437774864734930,2
1732437774864734930,2
1732437774875050822,2
1732437774875050822,2
1732437774885229990,2
1732437774885229990,2
1732437774895763788,2
1732437774895763788,2
1732437774905864112,2
1732437774905864112,2
1732437774916478781,2
1732437774916478781,2
1732437774927052813,2
1732437774927052813,2
1732437774937459976,2
1732437774937459976,2
1732437774948061018,2
1732437774948061018,2
1732437774958608191,2
1732437774958608191,2
1732437774969158052,2
1732437774969158052,2
1732437774979936686,2
1732437774979936686,2
1732437774990297792,2
1732437774990297792,2
1732437775000451994,2
1732437775000451994,2
1732437775010772071,2
1732437775010772071,2
1732437775021156945,2
1732437775021156945,2
1732437775032872270,2
1732437775032872270,2
1732437775043007376,2
1732437775043007376,2
1732437775053396895,2
1732437775053396895,2
1732437775063949729,2
1732437775063949729,2
1732437775074413076,2
1732437775074413076,2
1732437775085103876,2
1732437775085103876,2
1732437775095431843,2
1732437775095431843,2
1732437775106020995,2
1732437775106020995,2
1732437775116522553,2
1732437775116522553,2
1732437775127230695,2
1732437775127230695,2
1732437775137355582,2
1732437775137355582,2
1732437775147731693,2
1732437775147731693,2
1732437775158382422,2
1732437775158382422,2
1732437775168599380,2
1732437775168599380,2
1732437775178891058,2
1732437775178891058,2
1732437775189136531,2
1732437775189136531,2
1732437775199630946,2
1732437775199630946,2
1732437775210105864,2
1732437775210105864,2
1732437775220296584,2
1732437775220296584,2
1732437775230787142,2
1732437775230787142,2
1732437775241381263,2
1732437775241381263,2
1732437775253142212,2
1732437775253142212,2
1732437775263658408,2
1732437775263658408,2
1732437775273857744,2
1732437775273857744,2
1732437775284344186,2
1732437775284344186,2
1732437775294824986,2
1732437775294824986,2
1732437775305025995,2
1732437775305025995,2
1732437775318140872,2
1732437775318140872,2
1732437775328441628,2
1732437775328441628,2
1732437775338712587,2
1732437775338712587,2
1732437775348795156,2
1732437775348795156,2
1732437775359220211,2
1732437775359220211,2
1732437775369659896,2
1732437775369659896,2
1732437775380127480,2
1732437775380127480,2
1732437775390324924,2
1732437775390324924,2
1732437775400722698,2
1732437775400722698,2
1732437775411253982,2
1732437775411253982,2
1732437775421715608,2
1732437775421715608,2
1732437775432346547,2
1732437775432346547,2
1732437775443768536,2
1732437775443768536,2
1732437775454287416,2
1732437775454287416,2
1732437775464783720,2
1732437775464783720,2
1732437775475264052,2
1732437775475264052,2
1732437775485693876,2
1732437775485693876,2
1732437775496299959,2
1732437775496299959,2
1732437775507275320,2
1732437775507275320,2
1732437775517311752,2
1732437775517311752,2
1732437775527548898,2
1732437775527548898,2
1732437775537735270,2
1732437775537735270,2
1732437775547843436,2
1732437775547843436,2
1732437775558764115,2
1732437775558764115,2
1732437775569114178,2
1732437775569114178,2
1732437775579489164,2
1732437775579489164,2
1732437775590367963,2
1732437775590367963,2
1732437775600486990,2
1732437775600486990,2
1732437775610719988,2
1732437775610719988,2
1732437775621138962,2
1732437775621138962,2
1732437775631754863,2
1732437775631754863,2
1732437775641963498,2
1732437775641963498,2
1732437775655716804,2
1732437775655716804,2
1732437775665949819,2
1732437775665949819,2
1732437775676521881,2
1732437775676521881,2
1732437775686754029,2
1732437775686754029,2
1732437775697157573,2
1732437775697157573,2
1732437775707366741,2
1732437775707366741,2
1732437775717749218,2
1732437775717749218,2
1732437775728269450,2
1732437775728269450,2
1732437775738927349,2
1732437775738927349,2
1732437775749375257,2
1732437775749375257,2
1732437775759795453,2
1732437775759795453,2
1732437775770006000,2
1732437775770006000,2
1732437775780289754,2
1732437775780289754,2
1732437775790747751,2
1732437775790747751,2
1732437775801319606,2
1732437775801319606,2
1732437775811665137,2
1732437775811665137,2
1732437775822169891,2
1732437775822169891,2
1732437775832813535,2
1732437775832813535,2
1732437775843385073,2
1732437775843385073,2
1732437775853658272,2
1732437775853658272,2
1732437775863857462,2
1732437775863857462,2
1732437775874081164,2
1732437775874081164,2
1732437775884348186,2
1732437775884348186,2
1732437775894737101,2
1732437775894737101,2
1732437775904882790,2
1732437775904882790,2
1732437775915055519,2
1732437775915055519,2
1732437775925533933,2
1732437775925533933,2
1732437775935895721,2
1732437775935895721,2
1732437775946516651,2
1732437775946516651,2
1732437775956622393,2
1732437775956622393,2
1732437775967278429,2
1732437775967278429,2
1732437775977583502,2
1732437775977583502,2
1732437775988010401,2
1732437775988010401,2
1732437775998541183,2
1732437775998541183,2
1732437776008876946,2
1732437776008876946,2
1732437776019357946,2
1732437776019357946,2
1732437776030315271,2
1732437776030315271,2
1732437776040810437,2
1732437776040810437,2
1732437776051108507,2
1732437776051108507,2
1732437776061491645,2
1732437776061491645,2
1732437776071882055,2
1732437776071882055,2
1732437776082058405,2
1732437776082058405,2
1732437776092242596,2
1732437776092242596,2
1732437776102472139,2
1732437776102472139,2
1732437776113082760,2
1732437776113082760,2
1732437776123589728,2
1732437776123589728,2
1732437776133985490,2
1732437776133985490,2
1732437776144548905,2
1732437776144548905,2
1732437776154987166,2
1732437776154987166,2
1732437776165296246,2
1732437776165296246,2
1732437776175565080,2
1732437776175565080,2
1732437776186077939,2
1732437776186077939,2
1732437776196206484,2
1732437776196206484,2
1732437776206656116,2
1732437776206656116,2
1732437776216890257,2
1732437776216890257,2
1732437776227197664,2
1732437776227197664,2
1732437776237716354,2
1732437776237716354,2
1732437776247727041,2
1732437776247727041,2
1732437776258089661,2
1732437776258089661,2
1732437776268272525,2
1732437776268272525,2
1732437776278856989,2
1732437776278856989,2
1732437776289125915,2
1732437776289125915,2
1732437776299430015,2
1732437776299430015,2
1732437776311671139,2
1732437776311671139,2
1732437776321794684,2
1732437776321794684,2
1732437776332021441,2
1732437776332021441,2
1732437776342128826,2
1732437776342128826,2
1732437776352712949,2
1732437776352712949,2
1732437776363194280,2
1732437776363194280,2
1732437776373613193,2
1732437776373613193,2
1732437776384196435,2
1732437776384196435,2
1732437776394565998,2
1732437776394565998,2
1732437776404913689,2
1732437776404913689,2
1732437776415309160,2
1732437776415309160,2
1732437776425928004,2
1732437776425928004,2
1732437776436042556,2
1732437776436042556,2
1732437776446217105,2
1732437776446217105,2
1732437776457127622,2
1732437776457127622,2
1732437776467153548,2
1732437776467153548,2
1732437776477388441,2
1732437776477388441,2
1732437776487696190,2
1732437776487696190,2
1732437776497894841,2
1732437776497894841,2
1732437776508053945,2
1732437776508053945,2
1732437776518543461,2
1732437776518543461,2
1732437776529158140,2
1732437776529158140,2
1732437776539756138,2
1732437776539756138,2
1732437776550780678,2
1732437776550780678,2
1732437776561207619,2
1732437776561207619,2
1732437776571466685,2
1732437776571466685,2
1732437776581880480,2
1732437776581880480,2
1732437776592115019,2
1732437776592115019,2
1732437776602937107,2
1732437776602937107,2
1732437776613830304,2
1732437776613830304,2
1732437776624549616,2
1732437776624549616,2
1732437776634705042,2
1732437776634705042,2
1732437776645176353,2
1732437776645176353,2
1732437776656743443,2
1732437776656743443,2
1732437776667791909,2
1732437776667791909,2
1732437776678024096,2
1732437776678024096,2
1732437776688347974,2
1732437776688347974,2
1732437776698667052,2
1732437776698667052,2
1732437776708766074,2
1732437776708766074,2
1732437776719059384,2
1732437776719059384,2
1732437776729347916,2
1732437776729347916,2
1732437776739844716,2
1732437776739844716,2
1732437776753490882,2
1732437776753490882,2
1732437776763998681,2
1732437776763998681,2
1732437776774426824,2
1732437776774426824,2
1732437776785094942,2
1732437776785094942,2
1732437776795582633,2
1732437776795582633,2
1732437776805987684,2
1732437776805987684,2
1732437776816334133,2
1732437776816334133,2
1732437776826750963,2
1732437776826750963,2
1732437776837315869,2
1732437776837315869,2
1732437776847437522,2
1732437776847437522,2
1732437776857647898,2
1732437776857647898,2
1732437776867944532,2
1732437776867944532,2
1732437776878577686,2
1732437776878577686,2
1732437776889197838,2
1732437776889197838,2
1732437776899453268,2
1732437776899453268,2
1732437776909647551,2
1732437776909647551,2
1732437776919933974,2
1732437776919933974,2
1732437776930058327,2
1732437776930058327,2
1732437776940517018,2
1732437776940517018,2
1732437776950973023,2
1732437776950973023,2
1732437776963986872,2
1732437776963986872,2
1732437776974400163,2
1732437776974400163,2
1732437776984552646,2
1732437776984552646,2
1732437776994922349,2
1732437776994922349,2
1732437777005217262,2
1732437777005217262,2
1732437777015814149,2
1732437777015814149,2
1732437777026794488,2
1732437777026794488,2
1732437777036978114,2
1732437777036978114,2
1732437777047222430,2
1732437777047222430,2
1732437777057514774,2
1732437777057514774,2
1732437777067863578,2
1732437777067863578,2
1732437777077895403,2
1732437777077895403,2
1732437777088009321,2
1732437777088009321,2
1732437777098401065,2
1732437777098401065,2
1732437777108633268,2
1732437777108633268,2
1732437777119080530,2
1732437777119080530,2
1732437777129295435,2
1732437777129295435,2
1732437777139655270,2
1732437777139655270,2
1732437777149886366,2
1732437777149886366,2
1732437777160275395,2
1732437777160275395,2
1732437777170541795,2
1732437777170541795,2
1732437777180703423,2
1732437777180703423,2
1732437777190979310,2
1732437777190979310,2
1732437777201028478,2
1732437777201028478,2
1732437777211545468,2
1732437777211545468,2
1732437777222042016,2
1732437777222042016,2
1732437777232711075,2
1732437777232711075,2
1732437777243000589,2
1732437777243000589,2
1732437777253222356,2
1732437777253222356,2
1732437777263695002,2
1732437777263695002,2
1732437777274093207,2
1732437777274093207,2
1732437777284281012,2
1732437777284281012,2
1732437777294961505,2
1732437777294961505,2
1732437777305181799,2
1732437777305181799,2
1732437777315410831,2
1732437777315410831,2
1732437777326095510,2
1732437777326095510,2
1732437777336557333,2
1732437777336557333,2
1732437777346910968,2
1732437777346910968,2
1732437777357074848,2
1732437777357074848,2
1732437777367111351,2
1732437777367111351,2
1732437777377178111,2
1732437777377178111,2
1732437777387414317,2
1732437777387414317,2
1732437777397742944,2
1732437777397742944,2
1732437777408169673,2
1732437777408169673,2
1732437777418551208,2
1732437777418551208,2
1732437777428949063,2
1732437777428949063,2
1732437777439197963,2
1732437777439197963,2
1732437777449774580,2
1732437777449774580,2
1732437777460249969,2
1732437777460249969,2
1732437777470675678,2
1732437777470675678,2
1732437777480965352,2
1732437777480965352,2
1732437777491607410,2
1732437777491607410,2
1732437777502231368,2
1732437777502231368,2
1732437777512604798,2
1732437777512604798,2
1732437777522832116,2
1732437777522832116,2
1732437777533231866,2
1732437777533231866,2
1732437777543580008,2
1732437777543580008,2
1732437777554014322,2
1732437777554014322,2
1732437777564388833,2
1732437777564388833,2
1732437777574542395,2
1732437777574542395,2
1732437777585170770,2
1732437777585170770,2
1732437777595714506,2
1732437777595714506,2
1732437777606131617,2
1732437777606131617,2
1732437777617059910,2
1732437777617059910,2
1732437777627277360,2
1732437777627277360,2
1732437777637460846,2
1732437777637460846,2
1732437777637460846,2
1732437777637460846,2
1732437777660587282,2
1732437777660587282,2
1732437777670892085,2
1732437777670892085,2
1732437777681192486,2
1732437777681192486,2
1732437777691725065,2
1732437777691725065,2
1732437777702124445,2
1732437777702124445,2
1732437777712373974,2
1732437777712373974,2
1732437777722776868,2
1732437777722776868,2
1732437777732836586,2
1732437777732836586,2
1732437777743019698,2
1732437777743019698,2
1732437777753151392,2
1732437777753151392,2
1732437777763384072,2
1732437777763384072,2
1732437777773804328,2
1732437777773804328,2
1732437777784347935,2
1732437777784347935,2
1732437777794588558,2
1732437777794588558,2
1732437777804904451,2
1732437777804904451,2
1732437777815460942,2
1732437777815460942,2
1732437777815460942,2
1732437777815460942,2
1732437777836602125,2
1732437777836602125,2
1732437777847065614,2
1732437777847065614,2
1732437777857336292,2
1732437777857336292,2
1732437777868031300,2
1732437777868031300,2
1732437777878351582,2
1732437777878351582,2
1732437777888991678,2
1732437777888991678,2
1732437777899559680,2
1732437777899559680,2
1732437777909917712,2
1732437777909917712,2
1732437777920771956,2
1732437777920771956,2
1732437777931102347,2
1732437777931102347,2
1732437777941795230,2
1732437777941795230,2
1732437777954028559,2
1732437777954028559,2
1732437777964594194,2
1732437777964594194,2
1732437777974839649,2
1732437777974839649,2
1732437777985410946,2
1732437777985410946,2
1732437777995936390,2
1732437777995936390,2
1732437778007264936,2
1732437778007264936,2
1732437778017632155,2
1732437778017632155,2
1732437778029438309,2
1732437778029438309,2
1732437778039789838,2
1732437778039789838,2
1732437778050268866,2
1732437778050268866,2
1732437778060598965,2
1732437778060598965,2
1732437778070760832,2
1732437778070760832,2
1732437778080883146,2
1732437778080883146,2
1732437778091614390,2
1732437778091614390,2
1732437778102325989,2
1732437778102325989,2
1732437778112563177,2
1732437778112563177,2
1732437778123111020,2
1732437778123111020,2
1732437778133415444,2
1732437778133415444,2
1732437778143717941,2
1732437778143717941,2
1732437778154096261,2
1732437778154096261,2
1732437778164972727,2
1732437778164972727,2
1732437778175191871,2
1732437778175191871,2
1732437778185399793,2
1732437778185399793,2
1732437778196266410,2
1732437778196266410,2
1732437778206830545,2
1732437778206830545,2
1732437778217230976,2
1732437778217230976,2
1732437778227440822,2
1732437778227440822,2
1732437778237951858,2
1732437778237951858,2
1732437778248056710,2
1732437778248056710,2
1732437778258138517,2
1732437778258138517,2
1732437778268605361,2
1732437778268605361,2
1732437778278791694,2
1732437778278791694,2
1732437778289365637,2
1732437778289365637,2
1732437778299649901,2
1732437778299649901,2
1732437778309906464,2
1732437778309906464,2
1732437778320473991,2
1732437778320473991,2
1732437778331165889,2
1732437778331165889,2
1732437778341414796,2
1732437778341414796,2
1732437778351938423,2
1732437778351938423,2
1732437778363781449,2
1732437778363781449,2
1732437778373960128,2
1732437778373960128,2
1732437778384356501,2
1732437778384356501,2
1732437778394733678,2
1732437778394733678,2
1732437778405199130,2
1732437778405199130,2
1732437778415552071,2
1732437778415552071,2
1732437778425917978,2
1732437778425917978,2
1732437778436093961,2
1732437778436093961,2
1732437778446396550,2
1732437778446396550,2
1732437778457065750,2
1732437778457065750,2
1732437778467506165,2
1732437778467506165,2
1732437778477957942,2
1732437778477957942,2
1732437778488578781,2
1732437778488578781,2
1732437778498721423,2
1732437778498721423,2
1732437778508955544,2
1732437778508955544,2
1732437778519479264,2
1732437778519479264,2
1732437778530053077,2
1732437778530053077,2
1732437778540677984,2
1732437778540677984,2
1732437778551301440,2
1732437778551301440,2
1732437778561693134,2
1732437778561693134,2
1732437778572192829,2
1732437778572192829,2
1732437778582306777,2
1732437778582306777,2
1732437778594538313,2
1732437778594538313,2
1732437778604911803,2
1732437778604911803,2
1732437778615534046,2
1732437778615534046,2
1732437778625877120,2
1732437778625877120,2
1732437778635985586,2
1732437778635985586,2
1732437778646215147,2
1732437778646215147,2
1732437778656891353,2
1732437778656891353,2
1732437778666925272,2
1732437778666925272,2
1732437778676982405,2
1732437778676982405,2
1732437778687117942,2
1732437778687117942,2
1732437778697289508,2
1732437778697289508,2
1732437778707330980,2
1732437778707330980,2
1732437778717382319,2
1732437778717382319,2
1732437778727610602,2
1732437778727610602,2
1732437778738146515,2
1732437778738146515,2
1732437778748916853,2
1732437778748916853,2
1732437778759386582,2
1732437778759386582,2
1732437778769867183,2
1732437778769867183,2
1732437778780536052,2
1732437778780536052,2
1732437778790857276,2
1732437778790857276,2
1732437778801194909,2
1732437778801194909,2
1732437778812553492,2
1732437778812553492,2
1732437778812553492,2
1732437778812553492,2
1732437778833626885,2
1732437778833626885,2
1732437778844359267,2
1732437778844359267,2
1732437778854922680,2
1732437778854922680,2
1732437778865191143,2
1732437778865191143,2
1732437778875907594,2
1732437778875907594,2
1732437778886693621,2
1732437778886693621,2
1732437778897588141,2
1732437778897588141,2
1732437778907927447,2
1732437778907927447,2
1732437778918186806,2
1732437778918186806,2
1732437778928793069,2
1732437778928793069,2
1732437778939412117,2
1732437778939412117,2
1732437778949686993,2
1732437778949686993,2
1732437778960154409,2
1732437778960154409,2
1732437778970820653,2
1732437778970820653,2
1732437778981237834,2
1732437778981237834,2
1732437778991453221,2
1732437778991453221,2
1732437779002032945,2
1732437779002032945,2
1732437779012300629,2
1732437779012300629,2
1732437779022946355,2
1732437779022946355,2
1732437779033078358,2
1732437779033078358,2
1732437779043542346,2
1732437779043542346,2
1732437779053869148,2
1732437779053869148,2
1732437779064418757,2
1732437779064418757,2
1732437779074778792,2
1732437779074778792,2
1732437779085064300,2
1732437779085064300,2
1732437779097329247,2
1732437779097329247,2
1732437779108261627,2
1732437779108261627,2
1732437779118633945,2
1732437779118633945,2
1732437779129076334,2
1732437779129076334,2
1732437779139532277,2
1732437779139532277,2
1732437779150008670,2
1732437779150008670,2
1732437779160579447,2
1732437779160579447,2
1732437779171192854,2
1732437779171192854,2
1732437779181639490,2
1732437779181639490,2
1732437779191933403,2
1732437779191933403,2
1732437779202605118,2
1732437779202605118,2
1732437779212992384,2
1732437779212992384,2
1732437779223267902,2
1732437779223267902,2
1732437779234032000,2
1732437779234032000,2
1732437779244307127,2
1732437779244307127,2
1732437779254740238,2
1732437779254740238,2
1732437779265135826,2
1732437779265135826,2
1732437779275425191,2
1732437779275425191,2
1732437779286056353,2
1732437779286056353,2
1732437779297128534,2
1732437779297128534,2
1732437779307337858,2
1732437779307337858,2
1732437779317916450,2
1732437779317916450,2
1732437779328901829,2
1732437779328901829,2
1732437779339202213,2
1732437779339202213,2
1732437779355278689,2
1732437779355278689,2
1732437779365515766,2
1732437779365515766,2
1732437779375605979,2
1732437779375605979,2
1732437779385822369,2
1732437779385822369,2
1732437779396576817,2
1732437779396576817,2
1732437779407472750,2
1732437779407472750,2
1732437779417623104,2
1732437779417623104,2
1732437779428138871,2
1732437779428138871,2
1732437779438421899,2
1732437779438421899,2
1732437779448733408,2
1732437779448733408,2
1732437779459136473,2
1732437779459136473,2
1732437779469285787,2
1732437779469285787,2
1732437779479834342,2
1732437779479834342,2
1732437779490318400,2
1732437779490318400,2
1732437779500931495,2
1732437779500931495,2
1732437779511417356,2
1732437779511417356,2
1732437779521820359,2
1732437779521820359,2
1732437779532144619,2
1732437779532144619,2
1732437779542320552,2
1732437779542320552,2
1732437779552986207,2
1732437779552986207,2
1732437779563383280,2
1732437779563383280,2
1732437779573797558,2
1732437779573797558,2
1732437779583972628,2
1732437779583972628,2
1732437779594212040,2
1732437779594212040,2
1732437779604501003,2
1732437779604501003,2
1732437779615198382,2
1732437779615198382,2
1732437779625320109,2
1732437779625320109,2
1732437779635814093,2
1732437779635814093,2
1732437779646179088,2
1732437779646179088,2
1732437779656883132,2
1732437779656883132,2
1732437779667002090,2
1732437779667002090,2
1732437779677615838,2
1732437779677615838,2
1732437779687876775,2
1732437779687876775,2
1732437779704281756,2
1732437779704281756,2
1732437779714983065,2
1732437779714983065,2
1732437779725430695,2
1732437779725430695,2
1732437779735708176,2
1732437779735708176,2
1732437779746362540,2
1732437779746362540,2
1732437779757048000,2
1732437779757048000,2
1732437779767766813,2
1732437779767766813,2
1732437779778139812,2
1732437779778139812,2
1732437779788366981,2
1732437779788366981,2
1732437779798915857,2
1732437779798915857,2
1732437779809011979,2
1732437779809011979,2
1732437779819591576,2
1732437779819591576,2
1732437779829759545,2
1732437779829759545,2
1732437779840249331,2
1732437779840249331,2
1732437779850725509,2
1732437779850725509,2
1732437779860908509,2
1732437779860908509,2
1732437779871361166,2
1732437779871361166,2
1732437779881862114,2
1732437779881862114,2
1732437779892291710,2
1732437779892291710,2
1732437779902881461,2
1732437779902881461,2
1732437779913406304,2
1732437779913406304,2
1732437779923953076,2
1732437779923953076,2
1732437779934084186,2
1732437779934084186,2
1732437779944540160,2
1732437779944540160,2
1732437779955193871,2
1732437779955193871,2
1732437779965550801,2
1732437779965550801,2
1732437779975857788,2
1732437779975857788,2
1732437779985924324,2
1732437779985924324,2
1732437779996210775,2
1732437779996210775,2
1732437780006650079,2
1732437780006650079,2
1732437780017053401,2
1732437780017053401,2
1732437780027141676,2
1732437780027141676,2
1732437780037332936,2
1732437780037332936,2
1732437780047405037,2
1732437780047405037,2
1732437780057523092,2
1732437780057523092,2
1732437780067815773,2
1732437780067815773,2
1732437780078024392,2
1732437780078024392,2
1732437780088225016,2
1732437780088225016,2
1732437780098625506,2
1732437780098625506,2
1732437780108826957,2
1732437780108826957,2
1732437780119414485,2
1732437780119414485,2
1732437780129699088,2
1732437780129699088,2
1732437780140058226,2
1732437780140058226,2
1732437780151905376,2
1732437780151905376,2
1732437780162890064,2
1732437780162890064,2
1732437780173041520,2
1732437780173041520,2
1732437780183204431,2
1732437780183204431,2
1732437780193669370,2
1732437780193669370,2
1732437780204085070,2
1732437780204085070,2
1732437780214754742,2
1732437780214754742,2
1732437780224784272,2
1732437780224784272,2
1732437780235069940,2
1732437780235069940,2
1732437780245267042,2
1732437780245267042,2
1732437780255901889,2
1732437780255901889,2
1732437780266206511,2
1732437780266206511,2
1732437780277052161,2
1732437780277052161,2
1732437780287064699,2
1732437780287064699,2
1732437780297452999,2
1732437780297452999,2
1732437780308422032,2
1732437780308422032,2
1732437780318796138,2
1732437780318796138,2
1732437780328941665,2
1732437780328941665,2
1732437780339340689,2
1732437780339340689,2
1732437780349749850,2
1732437780349749850,2
1732437780360299157,2
1732437780360299157,2
1732437780370849487,2
1732437780370849487,2
1732437780381207789,2
1732437780381207789,2
1732437780391697797,2
1732437780391697797,2
1732437780402042560,2
1732437780402042560,2
1732437780412289950,2
1732437780412289950,2
1732437780422597308,2
1732437780422597308,2
1732437780432961752,2
1732437780432961752,2
1732437780443459142,2
1732437780443459142,2
1732437780456888355,2
1732437780456888355,2
1732437780467347055,2
1732437780467347055,2
1732437780477539950,2
1732437780477539950,2
1732437780488424631,2
1732437780488424631,2
1732437780498559387,2
1732437780498559387,2
1732437780508753685,2
1732437780508753685,2
1732437780519447642,2
1732437780519447642,2
1732437780529898536,2
1732437780529898536,2
1732437780540447560,2
1732437780540447560,2
1732437780550658151,2
1732437780550658151,2
1732437780561121055,2
1732437780561121055,2
1732437780571723755,2
1732437780571723755,2
1732437780581969067,2
1732437780581969067,2
1732437780593083737,2
1732437780593083737,2
1732437780603168409,2
1732437780603168409,2
1732437780613756540,2
1732437780613756540,2
1732437780623926982,2
1732437780623926982,2
1732437780634513871,2
1732437780634513871,2
1732437780644823822,2
1732437780644823822,2
1732437780655409859,2
1732437780655409859,2
1732437780665502045,2
1732437780665502045,2
1732437780675907843,2
1732437780675907843,2
1732437780686636738,2
1732437780686636738,2
1732437780696884354,2
1732437780696884354,2
1732437780707317056,2
1732437780707317056,2
1732437780718131887,2
1732437780718131887,2
1732437780728744062,2
1732437780728744062,2
1732437780739124845,2
1732437780739124845,2
1732437780762652669,2
1732437780762652669,2
1732437780772899613,2
1732437780772899613,2
1732437780783223813,2
1732437780783223813,2
1732437780793674075,2
1732437780793674075,2
1732437780804090316,2
1732437780804090316,2
1732437780814260389,2
1732437780814260389,2
1732437780824675657,2
1732437780824675657,2
1732437780835022999,2
1732437780835022999,2
1732437780845089449,2
1732437780845089449,2
1732437780855549141,2
1732437780855549141,2
1732437780866081296,2
1732437780866081296,2
1732437780876374825,2
1732437780876374825,2
1732437780886640437,2
1732437780886640437,2
1732437780897047692,2
1732437780897047692,2
1732437780907286992,2
1732437780907286992,2
1732437780917604219,2
1732437780917604219,2
1732437780927710168,2
1732437780927710168,2
1732437780938036235,2
1732437780938036235,2
1732437780948243777,2
1732437780948243777,2
1732437780958442142,2
1732437780958442142,2
1732437780969243389,2
1732437780969243389,2
1732437780979486917,2
1732437780979486917,2
1732437780990297090,2
1732437780990297090,2
1732437781000577286,2
1732437781000577286,2
1732437781011154587,2
1732437781011154587,2
1732437781021230964,2
1732437781021230964,2
1732437781031961178,2
1732437781031961178,2
1732437781042280878,2
1732437781042280878,2
1732437781052491256,2
1732437781052491256,2
1732437781062636072,2
1732437781062636072,2
1732437781072844976,2
1732437781072844976,2
1732437781083433677,2
1732437781083433677,2
1732437781093698365,2
1732437781093698365,2
1732437781104277769,2
1732437781104277769,2
1732437781114728643,2
1732437781114728643,2
1732437781125009923,2
1732437781125009923,2
1732437781135481286,2
1732437781135481286,2
1732437781146094181,2
1732437781146094181,2
1732437781156337781,2
1732437781156337781,2
1732437781166915731,2
1732437781166915731,2
1732437781176934713,2
1732437781176934713,2
1732437781187531670,2
1732437781187531670,2
1732437781197680068,2
1732437781197680068,2
1732437781207765717,2
1732437781207765717,2
1732437781218067044,2
1732437781218067044,2
1732437781228372848,2
1732437781228372848,2
1732437781238988200,2
1732437781238988200,2
1732437781249310214,2
1732437781249310214,2
1732437781259770567,2
1732437781259770567,2
1732437781270083993,2
1732437781270083993,2
1732437781280588330,2
1732437781280588330,2
1732437781290873948,2
1732437781290873948,2
1732437781301179062,2
1732437781301179062,2
1732437781311603206,2
1732437781311603206,2
1732437781322221342,2
1732437781322221342,2
1732437781332424291,2
1732437781332424291,2
1732437781342894145,2
1732437781342894145,2
1732437781353381148,2
1732437781353381148,2
1732437781363857309,2
1732437781363857309,2
1732437781374370900,2
1732437781374370900,2
1732437781384859917,2
1732437781384859917,2
1732437781395050536,2
1732437781395050536,2
1732437781405184011,2
1732437781405184011,2
1732437781415428801,2
1732437781415428801,2
1732437781425707086,2
1732437781425707086,2
1732437781436229635,2
1732437781436229635,2
1732437781446712838,2
1732437781446712838,2
1732437781456997034,2
1732437781456997034,2
1732437781467084800,2
1732437781467084800,2
1732437781477363287,2
1732437781477363287,2
1732437781487701132,2
1732437781487701132,2
1732437781498152557,2
1732437781498152557,2
1732437781508658024,2
1732437781508658024,2
1732437781518917683,2
1732437781518917683,2
1732437781529089228,2
1732437781529089228,2
1732437781539661399,2
1732437781539661399,2
1732437781550084641,2
1732437781550084641,2
1732437781560510319,2
1732437781560510319,2
1732437781571320212,2
1732437781571320212,2
1732437781582191688,2
1732437781582191688,2
1732437781593407055,2
1732437781593407055,2
1732437781603519611,2
1732437781603519611,2
1732437781613913790,2
1732437781613913790,2
1732437781624096245,2
1732437781624096245,2
1732437781634596351,2
1732437781634596351,2
1732437781644797432,2
1732437781644797432,2
1732437781655349986,2
1732437781655349986,2
1732437781665725219,2
1732437781665725219,2
1732437781676066601,2
1732437781676066601,2
1732437781686578759,2
1732437781686578759,2
1732437781697226471,2
1732437781697226471,2
1732437781707457893,2
1732437781707457893,2
1732437781717734477,2
1732437781717734477,2
1732437781728081119,2
1732437781728081119,2
1732437781738502669,2
1732437781738502669,2
1732437781748985822,2
1732437781748985822,2
1732437781759366738,2
1732437781759366738,2
1732437781769934890,2
1732437781769934890,2
1732437781780579575,2
1732437781780579575,2
1732437781791104268,2
1732437781791104268,2
1732437781801268217,2
1732437781801268217,2
1732437781811822726,2
1732437781811822726,2
1732437781822083196,2
1732437781822083196,2
1732437781832247838,2
1732437781832247838,2
1732437781842710546,2
1732437781842710546,2
1732437781854766605,2
1732437781854766605,2
1732437781865172256,2
1732437781865172256,2
1732437781875647085,2
1732437781875647085,2
1732437781886071130,2
1732437781886071130,2
1732437781896499502,2
1732437781896499502,2
1732437781907063378,2
1732437781907063378,2
1732437781917223371,2
1732437781917223371,2
1732437781927273961,2
1732437781927273961,2
1732437781937438473,2
1732437781937438473,2
1732437781948067385,2
1732437781948067385,2
1732437781958588615,2
1732437781958588615,2
1732437781969030208,2
1732437781969030208,2
1732437781979238446,2
1732437781979238446,2
1732437781989905369,2
1732437781989905369,2
1732437782000192592,2
1732437782000192592,2
1732437782010744255,2
1732437782010744255,2
1732437782021011437,2
1732437782021011437,2
1732437782031614295,2
1732437782031614295,2
1732437782042290599,2
1732437782042290599,2
1732437782052625217,2
1732437782052625217,2
1732437782063224568,2
1732437782063224568,2
1732437782073874420,2
1732437782073874420,2
1732437782084198712,2
1732437782084198712,2
1732437782094732802,2
1732437782094732802,2
1732437782104891722,2
1732437782104891722,2
1732437782115569419,2
1732437782115569419,2
1732437782126201222,2
1732437782126201222,2
1732437782136398595,2
1732437782136398595,2
1732437782147066352,2
1732437782147066352,2
1732437782157336341,2
1732437782157336341,2
1732437782167699623,2
1732437782167699623,2
1732437782178167328,2
1732437782178167328,2
1732437782188245761,2
1732437782188245761,2
1732437782198519496,2
1732437782198519496,2
1732437782208811104,2
1732437782208811104,2
1732437782219286715,2
1732437782219286715,2
1732437782229844008,2
1732437782229844008,2
1732437782240110459,2
1732437782240110459,2
1732437782261039040,2
1732437782261039040,2
1732437782271382124,2
1732437782271382124,2
1732437782281835813,2
1732437782281835813,2
1732437782292038196,2
1732437782292038196,2
1732437782302212737,2
1732437782302212737,2
1732437782312807018,2
1732437782312807018,2
1732437782323327372,2
1732437782323327372,2
1732437782334306709,2
1732437782334306709,2
1732437782349281769,2
1732437782349281769,2
1732437782359519245,2
1732437782359519245,2
1732437782370297189,2
1732437782370297189,2
1732437782380880962,2
1732437782380880962,2
1732437782391211441,2
1732437782391211441,2
1732437782401389440,2
1732437782401389440,2
1732437782417681134,2
1732437782417681134,2
1732437782427789965,2
1732437782427789965,2
1732437782437886109,2
1732437782437886109,2
1732437782448063816,2
1732437782448063816,2
1732437782458581522,2
1732437782458581522,2
1732437782469021769,2
1732437782469021769,2
1732437782479917258,2
1732437782479917258,2
1732437782490261038,2
1732437782490261038,2
1732437782500426821,2
1732437782500426821,2
1732437782510791596,2
1732437782510791596,2
1732437782521385919,2
1732437782521385919,2
1732437782531761924,2
1732437782531761924,2
1732437782542750588,2
1732437782542750588,2
1732437782554380346,2
1732437782554380346,2
1732437782564916159,2
1732437782564916159,2
1732437782564916159,2
1732437782564916159,2
1732437782586236536,2
1732437782586236536,2
1732437782597322493,2
1732437782597322493,2
1732437782608079146,2
1732437782608079146,2
1732437782618390822,2
1732437782618390822,2
1732437782629006834,2
1732437782629006834,2
1732437782639196228,2
1732437782639196228,2
1732437782649247935,2
1732437782649247935,2
1732437782660848137,2
1732437782660848137,2
1732437782671301477,2
1732437782671301477,2
1732437782684654048,2
1732437782684654048,2
1732437782694982454,2
1732437782694982454,2
1732437782705355204,2
1732437782705355204,2
1732437782717330945,2
1732437782717330945,2
1732437782727396132,2
1732437782727396132,2
1732437782737747421,2
1732437782737747421,2
1732437782749146029,2
1732437782749146029,2
1732437782759571934,2
1732437782759571934,2
1732437782769793055,2
1732437782769793055,2
1732437782780328367,2
1732437782780328367,2
1732437782790953215,2
1732437782790953215,2
1732437782801468450,2
1732437782801468450,2
1732437782815867416,2
1732437782815867416,2
1732437782826800348,2
1732437782826800348,2
1732437782837347783,2
1732437782837347783,2
1732437782847823764,2
1732437782847823764,2
1732437782857926371,2
1732437782857926371,2
1732437782868201850,2
1732437782868201850,2
1732437782878357956,2
1732437782878357956,2
1732437782888615342,2
1732437782888615342,2
1732437782899162055,2
1732437782899162055,2
1732437782909474141,2
1732437782909474141,2
1732437782909474141,2
1732437782909474141,2
1732437782930018296,2
1732437782930018296,2
1732437782940276431,2
1732437782940276431,2
1732437782952249918,2
1732437782952249918,2
1732437782963441059,2
1732437782963441059,2
1732437782974098459,2
1732437782974098459,2
1732437782984826849,2
1732437782984826849,2
1732437782995798924,2
1732437782995798924,2
1732437783006106102,2
1732437783006106102,2
1732437783016633097,2
1732437783016633097,2
1732437783027074394,2
1732437783027074394,2
1732437783037074792,2
1732437783037074792,2
1732437783047518113,2
1732437783047518113,2
1732437783057675321,2
1732437783057675321,2
1732437783068167452,2
1732437783068167452,2
1732437783078604972,2
1732437783078604972,2
1732437783088858560,2
1732437783088858560,2
1732437783099293746,2
1732437783099293746,2
1732437783109689849,2
1732437783109689849,2
1732437783120283108,2
1732437783120283108,2
1732437783130837336,2
1732437783130837336,2
1732437783140982082,2
1732437783140982082,2
1732437783151359209,2
1732437783151359209,2
1732437783161912404,2
1732437783161912404,2
1732437783172187652,2
1732437783172187652,2
1732437783182629552,2
1732437783182629552,2
1732437783192797341,2
1732437783192797341,2
1732437783202942596,2
1732437783202942596,2
1732437783213224306,2
1732437783213224306,2
1732437783223760631,2
1732437783223760631,2
1732437783233975175,2
1732437783233975175,2
1732437783254441927,2
1732437783254441927,2
1732437783254441927,2
1732437783254441927,2
1732437783264882624,2
1732437783264882624,2
1732437783275253800,2
1732437783275253800,2
1732437783285686059,2
1732437783285686059,2
1732437783297847936,2
1732437783297847936,2
1732437783307931946,2
1732437783307931946,2
1732437783318562147,2
1732437783318562147,2
1732437783328727741,2
1732437783328727741,2
1732437783339012919,2
1732437783339012919,2
1732437783349213598,2
1732437783349213598,2
1732437783360063325,2
1732437783360063325,2
1732437783370641978,2
1732437783370641978,2
1732437783381086240,2
1732437783381086240,2
1732437783391418014,2
1732437783391418014,2
1732437783402026372,2
1732437783402026372,2
1732437783412526657,2
1732437783412526657,2
1732437783423271229,2
1732437783423271229,2
1732437783433482879,2
1732437783433482879,2
1732437783443612828,2
1732437783443612828,2
1732437783453940392,2
1732437783453940392,2
1732437783464625272,2
1732437783464625272,2
1732437783474934164,2
1732437783474934164,2
1732437783485515622,2
1732437783485515622,2
1732437783495911293,2
1732437783495911293,2
1732437783506322354,2
1732437783506322354,2
1732437783516833231,2
1732437783516833231,2
1732437783527458300,2
1732437783527458300,2
1732437783537937878,2
1732437783537937878,2
1732437783548601769,2
1732437783548601769,2
1732437783558820894,2
1732437783558820894,2
1732437783569048905,2
1732437783569048905,2
1732437783579181717,2
1732437783579181717,2
1732437783589399109,2
1732437783589399109,2
1732437783599880470,2
1732437783599880470,2
1732437783610660426,2
1732437783610660426,2
1732437783620931336,2
1732437783620931336,2
1732437783631318470,2
1732437783631318470,2
1732437783642220007,2
1732437783642220007,2
1732437783656527894,2
1732437783656527894,2
1732437783669357744,2
1732437783669357744,2
1732437783680259233,2
1732437783680259233,2
1732437783690683611,2
1732437783690683611,2
1732437783701208604,2
1732437783701208604,2
1732437783711568330,2
1732437783711568330,2
1732437783721874586,2
1732437783721874586,2
1732437783732480047,2
1732437783732480047,2
1732437783743128510,2
1732437783743128510,2
1732437783754128938,2
1732437783754128938,2
1732437783764901100,2
1732437783764901100,2
1732437783775462591,2
1732437783775462591,2
1732437783786033328,2
1732437783786033328,2
1732437783796951909,2
1732437783796951909,2
1732437783807572043,2
1732437783807572043,2
1732437783817697572,2
1732437783817697572,2
1732437783828391167,2
1732437783828391167,2
1732437783838666297,2
1732437783838666297,2
1732437783848868990,2
1732437783848868990,2
1732437783859041658,2
1732437783859041658,2
1732437783869551341,2
1732437783869551341,2
1732437783880102152,2
1732437783880102152,2
1732437783890569087,2
1732437783890569087,2
1732437783901316753,2
1732437783901316753,2
1732437783911541178,2
1732437783911541178,2
1732437783921771723,2
1732437783921771723,2
1732437783932521534,2
1732437783932521534,2
1732437783943351634,2
1732437783943351634,2
1732437783960758765,2
1732437783960758765,2
1732437783971337878,2
1732437783971337878,2
1732437783981636700,2
1732437783981636700,2
1732437783991904464,2
1732437783991904464,2
1732437784001995771,2
1732437784001995771,2
1732437784012556801,2
1732437784012556801,2
1732437784023230510,2
1732437784023230510,2
1732437784033788584,2
1732437784033788584,2
1732437784043899026,2
1732437784043899026,2
1732437784054603413,2
1732437784054603413,2
1732437784064985499,2
1732437784064985499,2
1732437784075313997,2
1732437784075313997,2
1732437784086128194,2
1732437784086128194,2
1732437784096310633,2
1732437784096310633,2
1732437784106919178,2
1732437784106919178,2
1732437784117197686,2
1732437784117197686,2
1732437784127312927,2
1732437784127312927,2
1732437784137430553,2
1732437784137430553,2
1732437784147566091,2
1732437784147566091,2
1732437784157814068,2
1732437784157814068,2
1732437784168182390,2
1732437784168182390,2
1732437784178611815,2
1732437784178611815,2
1732437784188941586,2
1732437784188941586,2
1732437784199449156,2
1732437784199449156,2
1732437784210196321,2
1732437784210196321,2
1732437784220407530,2
1732437784220407530,2
1732437784232928335,2
1732437784232928335,2
1732437784243149152,2
1732437784243149152,2
1732437784254189644,2
1732437784254189644,2
1732437784273248256,2
1732437784273248256,2
1732437784283836496,2
1732437784283836496,2
1732437784294196844,2
1732437784294196844,2
1732437784304777150,2
1732437784304777150,2
1732437784315402449,2
1732437784315402449,2
1732437784325863699,2
1732437784325863699,2
1732437784336113390,2
1732437784336113390,2
1732437784346407137,2
1732437784346407137,2
1732437784357071800,2
1732437784357071800,2
1732437784367330207,2
1732437784367330207,2
1732437784377557261,2
1732437784377557261,2
1732437784387632161,2
1732437784387632161,2
1732437784397729115,2
1732437784397729115,2
1732437784408035816,2
1732437784408035816,2
1732437784418304201,2
1732437784418304201,2
1732437784428659850,2
1732437784428659850,2
1732437784439257856,2
1732437784439257856,2
1732437784449412001,2
1732437784449412001,2
1732437784459720241,2
1732437784459720241,2
1732437784470135921,2
1732437784470135921,2
1732437784480737345,2
1732437784480737345,2
1732437784491314505,2
1732437784491314505,2
1732437784501521115,2
1732437784501521115,2
1732437784512054834,2
1732437784512054834,2
1732437784522494840,2
1732437784522494840,2
1732437784533204533,2
1732437784533204533,2
1732437784533204533,2
1732437784533204533,2
1732437784554621164,2
1732437784554621164,2
1732437784564896753,2
1732437784564896753,2
1732437784575451661,2
1732437784575451661,2
1732437784586498144,2
1732437784586498144,2
1732437784596911921,2
1732437784596911921,2
1732437784607211954,2
1732437784607211954,2
1732437784617780068,2
1732437784617780068,2
1732437784627932928,2
1732437784627932928,2
1732437784641304844,2
1732437784641304844,2
1732437784651764827,2
1732437784651764827,2
1732437784662196386,2
1732437784662196386,2
1732437784672535895,2
1732437784672535895,2
1732437784683118465,2
1732437784683118465,2
1732437784693849029,2
1732437784693849029,2
1732437784704907565,2
1732437784704907565,2
1732437784715303317,2
1732437784715303317,2
1732437784725786843,2
1732437784725786843,2
1732437784736274016,2
1732437784736274016,2
1732437784746816471,2
1732437784746816471,2
1732437784756817198,2
1732437784756817198,2
1732437784767320641,2
1732437784767320641,2
1732437784777380089,2
1732437784777380089,2
1732437784787579613,2
1732437784787579613,2
1732437784797733469,2
1732437784797733469,2
1732437784807933688,2
1732437784807933688,2
1732437784818339325,2
1732437784818339325,2
1732437784828492671,2
1732437784828492671,2
1732437784839175807,2
1732437784839175807,2
1732437784850544970,2
1732437784850544970,2
1732437784860750990,2
1732437784860750990,2
1732437784871390175,2
1732437784871390175,2
1732437784881895261,2
1732437784881895261,2
1732437784892452073,2
1732437784892452073,2
1732437784902645419,2
1732437784902645419,2
1732437784912927640,2
1732437784912927640,2
1732437784923127398,2
1732437784923127398,2
1732437784933860985,2
1732437784933860985,2
1732437784944326031,2
1732437784944326031,2
1732437784954586280,2
1732437784954586280,2
1732437784965226808,2
1732437784965226808,2
1732437784975839504,2
1732437784975839504,2
1732437784985949174,2
1732437784985949174,2
1732437784996339288,2
1732437784996339288,2
1732437785007202540,2
1732437785007202540,2
1732437785017582161,2
1732437785017582161,2
1732437785028167106,2
1732437785028167106,2
1732437785038673894,2
1732437785038673894,2
1732437785049393370,2
1732437785049393370,2
1732437785060042784,2
1732437785060042784,2
1732437785070420273,2
1732437785070420273,2
1732437785081016978,2
1732437785081016978,2
1732437785091312764,2
1732437785091312764,2
1732437785101476282,2
1732437785101476282,2
1732437785112005867,2
1732437785112005867,2
1732437785122429542,2
1732437785122429542,2
1732437785132707115,2
1732437785132707115,2
1732437785142915229,2
1732437785142915229,2
1732437785153032369,2
1732437785153032369,2
1732437785163306058,2
1732437785163306058,2
1732437785173587849,2
1732437785173587849,2
1732437785183774904,2
1732437785183774904,2
1732437785194116306,2
1732437785194116306,2
1732437785204322907,2
1732437785204322907,2
1732437785215376282,2
1732437785215376282,2
1732437785225913407,2
1732437785225913407,2
1732437785237778481,2
1732437785237778481,2
1732437785248056024,2
1732437785248056024,2
1732437785258387168,2
1732437785258387168,2
1732437785268874270,2
1732437785268874270,2
1732437785279045476,2
1732437785279045476,2
1732437785289102297,2
1732437785289102297,2
1732437785299770057,2
1732437785299770057,2
1732437785310463723,2
1732437785310463723,2
1732437785321008403,2
1732437785321008403,2
1732437785331465440,2
1732437785331465440,2
1732437785342266686,2
1732437785342266686,2
1732437785352537295,2
1732437785352537295,2
1732437785362931665,2
1732437785362931665,2
1732437785373465165,2
1732437785373465165,2
1732437785384033549,2
1732437785384033549,2
1732437785394464096,2
1732437785394464096,2
1732437785404522181,2
1732437785404522181,2
1732437785414748498,2
1732437785414748498,2
1732437785425281051,2
1732437785425281051,2
1732437785435610674,2
1732437785435610674,2
1732437785445980298,2
1732437785445980298,2
1732437785456552589,2
1732437785456552589,2
1732437785466988306,2
1732437785466988306,2
1732437785477147516,2
1732437785477147516,2
1732437785487523063,2
1732437785487523063,2
1732437785497947499,2
1732437785497947499,2
1732437785508147417,2
1732437785508147417,2
1732437785518476142,2
1732437785518476142,2
1732437785529938943,2
1732437785529938943,2
1732437785540486709,2
1732437785540486709,2
1732437785550674845,2
1732437785550674845,2
1732437785560950585,2
1732437785560950585,2
1732437785571109237,2
1732437785571109237,2
1732437785581925828,2
1732437785581925828,2
1732437785592361117,2
1732437785592361117,2
1732437785603039105,2
1732437785603039105,2
1732437785613573896,2
1732437785613573896,2
1732437785624330800,2
1732437785624330800,2
1732437785634598896,2
1732437785634598896,2
1732437785644826757,2
1732437785644826757,2
1732437785655421070,2
1732437785655421070,2
1732437785665735350,2
1732437785665735350,2
1732437785676008515,2
1732437785676008515,2
1732437785686143532,2
1732437785686143532,2
1732437785696331949,2
1732437785696331949,2
1732437785706483648,2
1732437785706483648,2
1732437785717212657,2
1732437785717212657,2
1732437785727318852,2
1732437785727318852,2
1732437785737733780,2
1732437785737733780,2
1732437785748040842,2
1732437785748040842,2
1732437785758391729,2
1732437785758391729,2
1732437785768842325,2
1732437785768842325,2
1732437785778916679,2
1732437785778916679,2
1732437785789497257,2
1732437785789497257,2
1732437785799934285,2
1732437785799934285,2
1732437785810455102,2
1732437785810455102,2
1732437785820833592,2
1732437785820833592,2
1732437785831311416,2
1732437785831311416,2
1732437785842460990,2
1732437785842460990,2
1732437785855262126,2
1732437785865767963,2
1732437785865767963,2
1732437785865767963,2
1732437785876321560,2
1732437785876321560,2
1732437785886906604,2
1732437785886906604,2
1732437785897121451,2
1732437785897121451,2
1732437785907444859,2
1732437785907444859,2
1732437785917712624,2
1732437785917712624,2
1732437785929246834,2
1732437785929246834,2
1732437785939768120,2
1732437785939768120,2
1732437785950380020,2
1732437785950380020,2
1732437785960485348,2
1732437785960485348,2
1732437785970841983,2
1732437785970841983,2
1732437785981084504,2
1732437785981084504,2
1732437785991999032,2
1732437785991999032,2
1732437786002537299,2
1732437786002537299,2
1732437786012701131,2
1732437786012701131,2
1732437786022989364,2
1732437786022989364,2
1732437786033088662,2
1732437786033088662,2
1732437786043528900,2
1732437786043528900,2
1732437786053805301,2
1732437786053805301,2
1732437786064219077,2
1732437786064219077,2
1732437786074452458,2
1732437786074452458,2
1732437786084915746,2
1732437786084915746,2
1732437786095141022,2
1732437786095141022,2
1732437786105969550,2
1732437786105969550,2
1732437786116340453,2
1732437786116340453,2
1732437786127382491,2
1732437786127382491,2
1732437786137528309,2
1732437786137528309,2
1732437786148448436,2
1732437786148448436,2
1732437786158959704,2
1732437786158959704,2
1732437786169146778,2
1732437786169146778,2
1732437786179649000,2
1732437786179649000,2
1732437786190241317,2
1732437786190241317,2
1732437786200885492,2
1732437786200885492,2
1732437786211423779,2
1732437786211423779,2
1732437786221781763,2
1732437786221781763,2
1732437786232657959,2
1732437786232657959,2
1732437786243224699,2
1732437786243224699,2
1732437786253951514,2
1732437786253951514,2
1732437786266571698,2
1732437786266571698,2
1732437786277359930,2
1732437786277359930,2
1732437786287588989,2
1732437786287588989,2
1732437786298066738,2
1732437786298066738,2
1732437786308685652,2
1732437786308685652,2
1732437786319269434,2
1732437786319269434,2
1732437786330510783,2
1732437786330510783,2
1732437786341059040,2
1732437786341059040,2
1732437786351228051,2
1732437786351228051,2
1732437786361776017,2
1732437786361776017,2
1732437786371876070,2
1732437786371876070,2
1732437786382690779,2
1732437786382690779,2
1732437786393201339,2
1732437786393201339,2
1732437786403536498,2
1732437786403536498,2
1732437786415087199,2
1732437786415087199,2
1732437786425670010,2
1732437786425670010,2
1732437786436171990,2
1732437786436171990,2
1732437786446476061,2
1732437786446476061,2
1732437786457352169,2
1732437786457352169,2
1732437786467478170,2
1732437786467478170,2
1732437786477754246,2
1732437786477754246,2
1732437786489211616,2
1732437786489211616,2
1732437786500000862,2
1732437786500000862,2
1732437786510639466,2
1732437786510639466,2
1732437786521298838,2
1732437786521298838,2
1732437786531960756,2
1732437786531960756,2
1732437786542125198,2
1732437786542125198,2
1732437786552879468,2
1732437786552879468,2
1732437786570410231,2
1732437786570410231,2
1732437786580669169,2
1732437786580669169,2
1732437786590928928,2
1732437786590928928,2
1732437786601385355,2
1732437786601385355,2
1732437786611732447,2
1732437786611732447,2
1732437786622289488,2
1732437786622289488,2
1732437786632775509,2
1732437786632775509,2
1732437786643300790,2
1732437786643300790,2
1732437786653366351,2
1732437786653366351,2
1732437786663806697,2
1732437786663806697,2
1732437786674115097,2
1732437786674115097,2
1732437786684279880,2
1732437786684279880,2
1732437786694858062,2
1732437786694858062,2
1732437786704927739,2
1732437786704927739,2
1732437786715412317,2
1732437786715412317,2
1732437786725807139,2
1732437786725807139,2
1732437786737246041,2
1732437786737246041,2
1732437786747736270,2
1732437786747736270,2
1732437786758264429,2
1732437786758264429,2
1732437786769077418,2
1732437786769077418,2
1732437786779324764,2
1732437786779324764,2
1732437786789793663,2
1732437786789793663,2
1732437786800109256,2
1732437786800109256,2
1732437786810527771,2
1732437786810527771,2
1732437786820748738,2
1732437786820748738,2
1732437786831101412,2
1732437786831101412,2
1732437786841600766,2
1732437786841600766,2
1732437786851813960,2
1732437786851813960,2
1732437786862365659,2
1732437786862365659,2
1732437786862365659,2
1732437786862365659,2
1732437786883433723,2
1732437786883433723,2
1732437786894035939,2
1732437786894035939,2
1732437786904677139,2
1732437786904677139,2
1732437786915111153,2
1732437786915111153,2
1732437786925452906,2
1732437786925452906,2
1732437786936087659,2
1732437786936087659,2
1732437786946306587,2
1732437786946306587,2
1732437786956929342,2
1732437786956929342,2
1732437786967325064,2
1732437786967325064,2
1732437786977955454,2
1732437786977955454,2
1732437786988308608,2
1732437786988308608,2
1732437786998443424,2
1732437786998443424,2
1732437787009933819,2
1732437787009933819,2
1732437787020557810,2
1732437787020557810,2
1732437787037846110,2
1732437787037846110,2
1732437787049096512,2
1732437787049096512,2
1732437787059852165,2
1732437787059852165,2
1732437787070028199,2
1732437787070028199,2
1732437787080488331,2
1732437787080488331,2
1732437787090944477,2
1732437787090944477,2
1732437787101458269,2
1732437787101458269,2
1732437787111770857,2
1732437787111770857,2
1732437787122136645,2
1732437787122136645,2
1732437787137284595,2
1732437787137284595,2
1732437787148182300,2
1732437787158786060,2
1732437787158786060,2
1732437787169307035,2
1732437787169307035,2
1732437787179529016,2
1732437787179529016,2
1732437787189782684,2
1732437787200780706,2
1732437787200780706,2
1732437787211101027,2
1732437787211101027,2
1732437787221385212,2
1732437787221385212,2
1732437787231610268,2
1732437787231610268,2
1732437787241828831,2
1732437787241828831,2
1732437787252486915,2
1732437787252486915,2
1732437787262932481,2
1732437787262932481,2
1732437787273429632,2
1732437787273429632,2
1732437787283997786,2
1732437787283997786,2
1732437787294407986,2
1732437787294407986,2
1732437787304963166,2
1732437787304963166,2
1732437787315577014,2
1732437787315577014,2
1732437787326712302,2
1732437787326712302,2
1732437787337059275,2
1732437787337059275,2
1732437787347133028,2
1732437787347133028,2
1732437787357218234,2
1732437787357218234,2
1732437787367394979,2
1732437787367394979,2
1732437787377675768,2
1732437787377675768,2
1732437787387832447,2
1732437787387832447,2
1732437787398025481,2
1732437787398025481,2
1732437787408657826,2
1732437787408657826,2
1732437787419072353,2
1732437787419072353,2
1732437787429130016,2
1732437787429130016,2
1732437787439784721,2
1732437787439784721,2
1732437787450049910,2
1732437787450049910,2
1732437787460489185,2
1732437787460489185,2
1732437787470672462,2
1732437787470672462,2
1732437787481264508,2
1732437787481264508,2
1732437787491776930,2
1732437787491776930,2
1732437787502497116,2
1732437787502497116,2
1732437787512720459,2
1732437787512720459,2
1732437787523392955,2
1732437787523392955,2
1732437787533778901,2
1732437787533778901,2
1732437787543867091,2
1732437787543867091,2
1732437787554210045,2
1732437787554210045,2
1732437787564645783,2
1732437787564645783,2
1732437787575741828,2
1732437787575741828,2
1732437787586177797,2
1732437787586177797,2
1732437787596776777,2
1732437787596776777,2
1732437787606930750,2
1732437787606930750,2
1732437787617227760,2
1732437787617227760,2
1732437787627536049,2
1732437787627536049,2
1732437787638069645,2
1732437787638069645,2
1732437787648379759,2
1732437787648379759,2
1732437787658637128,2
1732437787658637128,2
1732437787668851313,2
1732437787668851313,2
1732437787679059125,2
1732437787679059125,2
1732437787689396210,2
1732437787689396210,2
1732437787699469112,2
1732437787699469112,2
1732437787709692895,2
1732437787709692895,2
1732437787719841986,2
1732437787719841986,2
1732437787730289818,2
1732437787730289818,2
1732437787741048357,2
1732437787741048357,2
1732437787751542011,2
1732437787751542011,2
1732437787762107009,2
1732437787762107009,2
1732437787772363323,2
1732437787772363323,2
1732437787782748114,2
1732437787782748114,2
1732437787793380288,2
1732437787793380288,2
1732437787803788233,2
1732437787803788233,2
1732437787814208943,2
1732437787814208943,2
1732437787824707987,2
1732437787824707987,2
1732437787835141901,2
1732437787835141901,2
1732437787845570525,2
1732437787845570525,2
1732437787855795991,2
1732437787855795991,2
1732437787865988373,2
1732437787865988373,2
1732437787876287970,2
1732437787876287970,2
1732437787887017343,2
1732437787887017343,2
1732437787897300266,2
1732437787897300266,2
1732437787907305222,2
1732437787907305222,2
1732437787917487358,2
1732437787917487358,2
1732437787927771353,2
1732437787927771353,2
1732437787938092107,2
1732437787938092107,2
1732437787955704879,2
1732437787955704879,2
1732437787966374191,2
1732437787966374191,2
1732437787976635775,2
1732437787976635775,2
1732437787986749744,2
1732437787986749744,2
1732437787997270248,2
1732437787997270248,2
1732437788007564012,2
1732437788007564012,2
1732437788017654387,2
1732437788017654387,2
1732437788027818498,2
1732437788027818498,2
1732437788037985948,2
1732437788037985948,2
1732437788048155059,2
1732437788048155059,2
1732437788058577141,2
1732437788058577141,2
1732437788069002328,2
1732437788069002328,2
1732437788079470365,2
1732437788079470365,2
1732437788089765060,2
1732437788089765060,2
1732437788100104709,2
1732437788100104709,2
1732437788110650417,2
1732437788110650417,2
1732437788120968349,2
1732437788120968349,2
1732437788131564365,2
1732437788131564365,2
1732437788141822813,2
1732437788141822813,2
1732437788152512242,2
1732437788152512242,2
1732437788162930015,2
1732437788162930015,2
1732437788173106681,2
1732437788173106681,2
1732437788183386057,2
1732437788183386057,2
1732437788193939253,2
1732437788193939253,2
1732437788204171142,2
1732437788204171142,2
1732437788214521279,2
1732437788214521279,2
1732437788224894931,2
1732437788224894931,2
1732437788235203923,2
1732437788235203923,2
1732437788255932622,2
1732437788255932622,2
1732437788255932622,2
1732437788266180320,2
1732437788266180320,2
1732437788276924212,2
1732437788276924212,2
1732437788287057355,2
1732437788287057355,2
1732437788297990097,2
1732437788297990097,2
1732437788308552860,2
1732437788308552860,2
1732437788319372401,2
1732437788319372401,2
1732437788329785757,2
1732437788329785757,2
1732437788340352227,2
1732437788340352227,2
1732437788350735096,2
1732437788350735096,2
1732437788361215867,2
1732437788361215867,2
1732437788371616198,2
1732437788371616198,2
1732437788382400815,2
1732437788382400815,2
1732437788392656396,2
1732437788392656396,2
1732437788403145473,2
1732437788403145473,2
1732437788413244604,2
1732437788413244604,2
1732437788423375616,2
1732437788423375616,2
1732437788433981981,2
1732437788433981981,2
1732437788444261367,2
1732437788444261367,2
1732437788454787322,2
1732437788454787322,2
1732437788465397984,2
1732437788465397984,2
1732437788475968212,2
1732437788475968212,2
1732437788486575077,2
1732437788486575077,2
1732437788497429644,2
1732437788497429644,2
1732437788507584505,2
1732437788507584505,2
1732437788517865818,2
1732437788517865818,2
1732437788529673067,2
1732437788529673067,2
1732437788540247483,2
1732437788540247483,2
1732437788550527299,2
1732437788550527299,2
1732437788574235500,2
1732437788574235500,2
1732437788584411705,2
1732437788584411705,2
1732437788595074093,2
1732437788595074093,2
1732437788605661543,2
1732437788605661543,2
1732437788616318020,2
1732437788616318020,2
1732437788627515926,2
1732437788627515926,2
1732437788638067489,2
1732437788638067489,2
1732437788648469443,2
1732437788648469443,2
1732437788658931910,2
1732437788658931910,2
1732437788669055257,2
1732437788669055257,2
1732437788679792985,2
1732437788679792985,2
1732437788690031295,2
1732437788690031295,2
1732437788700345286,2
1732437788700345286,2
1732437788711615095,2
1732437788711615095,2
1732437788722107437,2
1732437788722107437,2
1732437788733026870,2
1732437788733026870,2
1732437788743893133,2
1732437788743893133,2
1732437788754178566,2
1732437788754178566,2
1732437788764512735,2
1732437788764512735,2
1732437788774798667,2
1732437788774798667,2
1732437788785195884,2
1732437788785195884,2
1732437788795732645,2
1732437788795732645,2
1732437788806236893,2
1732437788806236893,2
1732437788817063567,2
1732437788817063567,2
1732437788827283554,2
1732437788827283554,2
1732437788837921617,2
1732437788837921617,2
1732437788848374806,2
1732437788848374806,2
1732437788859492209,2
1732437788859492209,2
1732437788869757752,2
1732437788869757752,2
1732437788880193971,2
1732437788880193971,2
1732437788890374614,2
1732437788890374614,2
1732437788900935134,2
1732437788900935134,2
1732437788911722434,2
1732437788911722434,2
1732437788922245444,2
1732437788922245444,2
1732437788932451824,2
1732437788932451824,2
1732437788942786290,2
1732437788942786290,2
1732437788953065520,2
1732437788953065520,2
1732437788965910577,2
1732437788965910577,2
1732437788977129951,2
1732437788977129951,2
1732437788987387028,2
1732437788987387028,2
1732437788998218120,2
1732437788998218120,2
1732437789008851415,2
1732437789008851415,2
1732437789019028040,2
1732437789019028040,2
1732437789029281959,2
1732437789029281959,2
1732437789039701246,2
1732437789039701246,2
1732437789049965174,2
1732437789049965174,2
1732437789060116963,2
1732437789060116963,2
1732437789070224029,2
1732437789070224029,2
1732437789081106106,2
1732437789081106106,2
1732437789091355787,2
1732437789091355787,2
1732437789101809648,2
1732437789101809648,2
1732437789112278625,2
1732437789112278625,2
1732437789122672988,2
1732437789122672988,2
1732437789132949550,2
1732437789132949550,2
1732437789142950208,2
1732437789142950208,2
1732437789153082712,2
1732437789153082712,2
1732437789163561690,2
1732437789163561690,2
1732437789174074120,2
1732437789174074120,2
1732437789184393060,2
1732437789184393060,2
1732437789194527086,2
1732437789194527086,2
1732437789204775316,2
1732437789204775316,2
1732437789215258300,2
1732437789215258300,2
1732437789225797701,2
1732437789225797701,2
1732437789236267812,2
1732437789236267812,2
1732437789246574590,2
1732437789246574590,2
1732437789257463399,2
1732437789257463399,2
1732437789267488252,2
1732437789267488252,2
1732437789277975285,2
1732437789277975285,2
1732437789288472418,2
1732437789288472418,2
1732437789298736035,2
1732437789298736035,2
1732437789308832281,2
1732437789308832281,2
1732437789319052057,2
1732437789319052057,2
1732437789329195831,2
1732437789329195831,2
1732437789339628332,2
1732437789339628332,2
1732437789350161912,2
1732437789350161912,2
1732437789360461968,2
1732437789360461968,2
1732437789371002198,2
1732437789371002198,2
1732437789381279472,2
1732437789381279472,2
1732437789391514236,2
1732437789391514236,2
1732437789401668299,2
1732437789401668299,2
1732437789411877835,2
1732437789411877835,2
1732437789422503656,2
1732437789422503656,2
1732437789433157399,2
1732437789433157399,2
1732437789444287299,2
1732437789444287299,2
1732437789454573919,2
1732437789454573919,2
1732437789465461426,2
1732437789465461426,2
1732437789475814660,2
1732437789475814660,2
1732437789486463403,2
1732437789486463403,2
1732437789497094560,2
1732437789497094560,2
1732437789507234532,2
1732437789507234532,2
1732437789517276817,2
1732437789517276817,2
1732437789528204546,2
1732437789528204546,2
1732437789538568263,2
1732437789538568263,2
1732437789548668137,2
1732437789548668137,2
1732437789558981446,2
1732437789558981446,2
1732437789571075949,2
1732437789571075949,2
1732437789581675981,2
1732437789581675981,2
1732437789597387921,2
1732437789597387921,2
1732437789608321822,2
1732437789608321822,2
1732437789618815987,2
1732437789618815987,2
1732437789628990512,2
1732437789628990512,2
1732437789639402926,2
1732437789639402926,2
1732437789649800079,2
1732437789649800079,2
1732437789660098183,2
1732437789660098183,2
1732437789670487885,2
1732437789670487885,2
1732437789681040400,2
1732437789681040400,2
1732437789691302054,2
1732437789691302054,2
1732437789701440479,2
1732437789701440479,2
1732437789712035612,2
1732437789712035612,2
1732437789722730201,2
1732437789722730201,2
1732437789732937714,2
1732437789732937714,2
1732437789743158853,2
1732437789743158853,2
1732437789753223440,2
1732437789753223440,2
1732437789763681819,2
1732437789763681819,2
1732437789773805797,2
1732437789773805797,2
1732437789784135698,2
1732437789784135698,2
1732437789794708591,2
1732437789794708591,2
1732437789805306048,2
1732437789805306048,2
1732437789815797730,2
1732437789815797730,2
1732437789825996827,2
1732437789825996827,2
1732437789836135392,2
1732437789836135392,2
1732437789846680643,2
1732437789846680643,2
1732437789857029230,2
1732437789857029230,2
1732437789867055805,2
1732437789867055805,2
1732437789877286862,2
1732437789877286862,2
1732437789887294203,2
1732437789887294203,2
1732437789897298959,2
1732437789897298959,2
1732437789907431232,2
1732437789907431232,2
1732437789917531846,2
1732437789917531846,2
1732437789927742835,2
1732437789927742835,2
1732437789937881991,2
1732437789937881991,2
1732437789958581126,2
1732437789958581126,2
1732437789958581126,2
1732437789958581126,2
1732437789969900498,2
1732437789969900498,2
1732437789980722083,2
1732437789980722083,2
1732437789990891134,2
1732437789990891134,2
1732437790001334415,2
1732437790001334415,2
1732437790013145780,2
1732437790013145780,2
1732437790023874373,2
1732437790023874373,2
1732437790034112683,2
1732437790034112683,2
1732437790045074369,2
1732437790045074369,2
1732437790055424316,2
1732437790055424316,2
1732437790065522897,2
1732437790065522897,2
1732437790075934819,2
1732437790075934819,2
1732437790086236418,2
1732437790086236418,2
1732437790099204645,2
1732437790099204645,2
1732437790109639991,2
1732437790109639991,2
1732437790119762757,2
1732437790119762757,2
1732437790130514122,2
1732437790130514122,2
1732437790141131628,2
1732437790141131628,2
1732437790151338008,2
1732437790151338008,2
1732437790161575146,2
1732437790161575146,2
1732437790172358420,2
1732437790172358420,2
1732437790182760943,2
1732437790182760943,2
1732437790193154286,2
1732437790193154286,2
1732437790203354612,2
1732437790203354612,2
1732437790214116229,2
1732437790214116229,2
1732437790224459314,2
1732437790224459314,2
1732437790235023832,2
1732437790235023832,2
1732437790245683577,2
1732437790245683577,2
1732437790267215339,2
1732437790267215339,2
1732437790277441647,2
1732437790277441647,2
1732437790288101753,2
1732437790288101753,2
1732437790298551987,2
1732437790298551987,2
1732437790309266423,2
1732437790319480588,2
1732437790319480588,2
1732437790319480588,2
1732437790332138124,2
1732437790332138124,2
1732437790344017279,2
1732437790344017279,2
1732437790355624396,2
1732437790355624396,2
1732437790366456550,2
1732437790366456550,2
1732437790377132475,2
1732437790377132475,2
1732437790387538157,2
1732437790387538157,2
1732437790397832571,2
1732437790397832571,2
1732437790408326257,2
1732437790408326257,2
1732437790419028796,2
1732437790419028796,2
1732437790429226425,2
1732437790429226425,2
1732437790439771576,2
1732437790439771576,2
1732437790450416933,2
1732437790450416933,2
1732437790460565786,2
1732437790460565786,2
1732437790471086452,2
1732437790471086452,2
1732437790481366100,2
1732437790481366100,2
1732437790491770799,2
1732437790491770799,2
1732437790502250960,2
1732437790502250960,2
1732437790512411796,2
1732437790512411796,2
1732437790523022269,2
1732437790523022269,2
1732437790533478224,2
1732437790533478224,2
1732437790543742282,2
1732437790543742282,2
1732437790554013253,2
1732437790554013253,2
1732437790564742626,2
1732437790564742626,2
1732437790575198101,2
1732437790575198101,2
1732437790586145932,2
1732437790586145932,2
1732437790596486152,2
1732437790596486152,2
1732437790607923542,2
1732437790607923542,2
1732437790618537300,2
1732437790618537300,2
1732437790628740126,2
1732437790628740126,2
1732437790639424896,2
1732437790639424896,2
1732437790649681280,2
1732437790649681280,2
1732437790660232281,2
1732437790660232281,2
1732437790670850535,2
1732437790670850535,2
1732437790681133463,2
1732437790681133463,2
1732437790691634548,2
1732437790691634548,2
1732437790702139218,2
1732437790702139218,2
1732437790712729482,2
1732437790712729482,2
1732437790723266208,2
1732437790723266208,2
1732437790733903751,2
1732437790733903751,2
1732437790744492793,2
1732437790744492793,2
1732437790754653318,2
1732437790754653318,2
1732437790765075721,2
1732437790765075721,2
1732437790775440717,2
1732437790775440717,2
1732437790785744430,2
1732437790785744430,2
1732437790796209552,2
1732437790796209552,2
1732437790807746627,2
1732437790807746627,2
1732437790818238378,2
1732437790818238378,2
1732437790828514099,2
1732437790828514099,2
1732437790838970836,2
1732437790838970836,2
1732437790849136191,2
1732437790849136191,2
1732437790859678216,2
1732437790859678216,2
1732437790870404633,2
1732437790870404633,2
1732437790880644517,2
1732437790880644517,2
1732437790890873200,2
1732437790890873200,2
1732437790901241428,2
1732437790901241428,2
1732437790911462249,2
1732437790911462249,2
1732437790921919215,2
1732437790921919215,2
1732437790932490416,2
1732437790932490416,2
1732437790943172201,2
1732437790943172201,2
1732437790967331481,2
1732437790967331481,2
1732437790967331481,2
1732437790967331481,2
1732437790978982398,2
1732437790978982398,2
1732437790989972247,2
1732437790989972247,2
1732437791004241042,2
1732437791004241042,2
1732437791015958513,2
1732437791015958513,2
1732437791027936189,2
1732437791027936189,2
1732437791049041769,2
1732437791049041769,2
1732437791049041769,2
1732437791059409991,2
1732437791059409991,2
1732437791069962466,2
1732437791069962466,2
1732437791080548243,2
1732437791080548243,2
1732437791091089287,2
1732437791091089287,2
1732437791101488155,2
1732437791101488155,2
1732437791111683567,2
1732437791111683567,2
1732437791122155883,2
1732437791122155883,2
1732437791132385145,2
1732437791132385145,2
1732437791142960733,2
1732437791142960733,2
1732437791153012257,2
1732437791153012257,2
1732437791163330406,2
1732437791163330406,2
1732437791173663373,2
1732437791173663373,2
1732437791184279866,2
1732437791184279866,2
1732437791194723659,2
1732437791194723659,2
1732437791205224148,2
1732437791205224148,2
1732437791215805366,2
1732437791215805366,2
1732437791226220986,2
1732437791226220986,2
1732437791236576525,2
1732437791236576525,2
1732437791261085434,2
1732437791261085434,2
1732437791261085434,2
1732437791261085434,2
1732437791271807435,2
1732437791271807435,2
1732437791293392607,2
1732437791293392607,2
1732437791293392607,2
1732437791316482518,2
1732437791316482518,2
1732437791328905083,2
1732437791328905083,2
1732437791339388719,2
1732437791349818816,2
1732437791349818816,2
1732437791361067225,2
1732437791361067225,2
1732437791372133457,2
1732437791372133457,2
1732437791382851978,2
1732437791382851978,2
1732437791395465637,2
1732437791395465637,2
1732437791406076761,2
1732437791406076761,2
1732437791418484415,2
1732437791418484415,2
1732437791432514728,2
1732437791432514728,2
1732437791442571982,2
1732437791442571982,2
1732437791452787090,2
1732437791452787090,2
1732437791463225161,2
1732437791463225161,2
1732437791473687569,2
1732437791473687569,2
1732437791484549589,2
1732437791484549589,2
1732437791494808488,2
1732437791494808488,2
1732437791505285953,2
1732437791505285953,2
1732437791515808752,2
1732437791515808752,2
1732437791526826022,2
1732437791526826022,2
1732437791537057940,2
1732437791537057940,2
1732437791547265553,2
1732437791547265553,2
1732437791557425828,2
1732437791557425828,2
1732437791567605350,2
1732437791567605350,2
1732437791578294449,2
1732437791578294449,2
1732437791589279725,2
1732437791589279725,2
1732437791599708544,2
1732437791599708544,2
1732437791609951122,2
1732437791609951122,2
1732437791620382672,2
1732437791620382672,2
1732437791631087296,2
1732437791631087296,2
1732437791641407842,2
1732437791641407842,2
1732437791651682811,2
1732437791651682811,2
1732437791662151100,2
1732437791662151100,2
1732437791672756974,2
1732437791672756974,2
1732437791683347419,2
1732437791683347419,2
1732437791694004459,2
1732437791694004459,2
1732437791704440346,2
1732437791704440346,2
1732437791714639293,2
1732437791714639293,2
1732437791725542642,2
1732437791725542642,2
1732437791736241869,2
1732437791736241869,2
1732437791751804802,2
1732437791751804802,2
1732437791762575714,2
1732437791762575714,2
1732437791773545644,2
1732437791773545644,2
1732437791783856039,2
1732437791783856039,2
1732437791794386583,2
1732437791794386583,2
1732437791805302404,2
1732437791805302404,2
1732437791816069438,2
1732437791816069438,2
1732437791826272359,2
1732437791826272359,2
1732437791836459027,2
1732437791836459027,2
1732437791847583993,2
1732437791847583993,2
1732437791857836994,2
1732437791857836994,2
1732437791868337963,2
1732437791868337963,2
1732437791878461861,2
1732437791878461861,2
1732437791888696997,2
1732437791888696997,2
1732437791899182655,2
1732437791899182655,2
1732437791909722066,2
1732437791909722066,2
1732437791919900342,2
1732437791919900342,2
1732437791930460886,2
1732437791930460886,2
1732437791941063263,2
1732437791941063263,2
1732437791951372286,2
1732437791951372286,2
1732437791961497946,2
1732437791961497946,2
1732437791971951307,2
1732437791971951307,2
1732437791982617142,2
1732437791982617142,2
1732437791992909283,2
1732437791992909283,2
1732437792003130141,2
1732437792003130141,2
1732437792013280018,2
1732437792013280018,2
1732437792023649472,2
1732437792023649472,2
1732437792034469103,2
1732437792034469103,2
1732437792045175273,2
1732437792045175273,2
1732437792055812877,2
1732437792055812877,2
1732437792066618322,2
1732437792066618322,2
1732437792077350982,2
1732437792077350982,2
1732437792087412685,2
1732437792087412685,2
1732437792097895079,2
1732437792097895079,2
1732437792108384175,2
1732437792108384175,2
1732437792118831405,2
1732437792118831405,2
1732437792128861349,2
1732437792128861349,2
1732437792139456562,2
1732437792139456562,2
1732437792149711223,2
1732437792149711223,2
1732437792160446639,2
1732437792160446639,2
1732437792171677945,2
1732437792171677945,2
1732437792181940471,2
1732437792181940471,2
1732437792192351854,2
1732437792192351854,2
1732437792202732760,2
1732437792202732760,2
1732437792213181010,2
1732437792213181010,2
1732437792223382513,2
1732437792223382513,2
1732437792233626714,2
1732437792233626714,2
1732437792243981862,2
1732437792243981862,2
1732437792254585182,2
1732437792254585182,2
1732437792274482546,2
1732437792274482546,2
1732437792284766562,2
1732437792284766562,2
1732437792295152757,2
1732437792295152757,2
1732437792305322249,2
1732437792305322249,2
1732437792315846902,2
1732437792315846902,2
1732437792326363200,2
1732437792326363200,2
1732437792336757660,2
1732437792336757660,2
1732437792347028903,2
1732437792347028903,2
1732437792357261493,2
1732437792357261493,2
1732437792367426517,2
1732437792367426517,2
1732437792377584127,2
1732437792377584127,2
1732437792388436150,2
1732437792388436150,2
1732437792398619314,2
1732437792398619314,2
1732437792409356192,2
1732437792409356192,2
1732437792419756678,2
1732437792419756678,2
1732437792430120964,2
1732437792430120964,2
1732437792440824168,2
1732437792440824168,2
1732437792451282304,2
1732437792451282304,2
1732437792461911943,2
1732437792461911943,2
1732437792472402116,2
1732437792472402116,2
1732437792482914066,2
1732437792482914066,2
1732437792493188553,2
1732437792493188553,2
1732437792503699532,2
1732437792503699532,2
1732437792514204508,2
1732437792514204508,2
1732437792524360044,2
1732437792524360044,2
1732437792535067167,2
1732437792535067167,2
1732437792545618329,2
1732437792545618329,2
1732437792556168259,2
1732437792556168259,2
1732437792566888326,2
1732437792566888326,2
1732437792577542721,2
1732437792577542721,2
1732437792588272785,2
1732437792588272785,2
1732437792598426528,2
1732437792598426528,2
1732437792608708170,2
1732437792608708170,2
1732437792619123536,2
1732437792619123536,2
1732437792629473558,2
1732437792629473558,2
1732437792640259689,2
1732437792640259689,2
1732437792650491165,2
1732437792650491165,2
1732437792660967779,2
1732437792660967779,2
1732437792671200300,2
1732437792671200300,2
1732437792681657848,2
1732437792681657848,2
1732437792692223448,2
1732437792692223448,2
1732437792702939247,2
1732437792702939247,2
1732437792713397235,2
1732437792713397235,2
1732437792724097525,2
1732437792724097525,2
1732437792734572445,2
1732437792734572445,2
1732437792745180303,2
1732437792745180303,2
1732437792755389670,2
1732437792755389670,2
1732437792765903463,2
1732437792765903463,2
1732437792776557696,2
1732437792776557696,2
1732437792787137343,2
1732437792787137343,2
1732437792797447858,2
1732437792797447858,2
1732437792807633158,2
1732437792807633158,2
1732437792818634519,2
1732437792818634519,2
1732437792834144493,2
1732437792834144493,2
1732437792845929080,2
1732437792845929080,2
1732437792856074256,2
1732437792856074256,2
1732437792866337473,2
1732437792866337473,2
1732437792878179576,2
1732437792878179576,2
1732437792888388101,2
1732437792888388101,2
1732437792898683819,2
1732437792898683819,2
1732437792909058032,2
1732437792909058032,2
1732437792919515237,2
1732437792919515237,2
1732437792930153685,2
1732437792930153685,2
1732437792940834589,2
1732437792940834589,2
1732437792951145876,2
1732437792951145876,2
1732437792961394927,2
1732437792961394927,2
1732437792972132025,2
1732437792972132025,2
1732437792982659914,2
1732437792982659914,2
1732437792992998451,2
1732437792992998451,2
1732437793003690456,2
1732437793003690456,2
1732437793014935147,2
1732437793014935147,2
1732437793025460499,2
1732437793025460499,2
1732437793035841659,2
1732437793035841659,2
1732437793046217445,2
1732437793046217445,2
1732437793057096227,2
1732437793057096227,2
1732437793067309249,2
1732437793067309249,2
1732437793077338733,2
1732437793077338733,2
1732437793087765393,2
1732437793087765393,2
1732437793099608849,2
1732437793099608849,2
1732437793109929022,2
1732437793109929022,2
1732437793120142638,2
1732437793120142638,2
1732437793130261977,2
1732437793130261977,2
1732437793140517100,2
1732437793140517100,2
1732437793151403134,2
1732437793151403134,2
1732437793161835937,2
1732437793161835937,2
1732437793172351223,2
1732437793172351223,2
1732437793182647752,2
1732437793182647752,2
1732437793192811094,2
1732437793192811094,2
1732437793202914182,2
1732437793202914182,2
1732437793213288565,2
1732437793213288565,2
1732437793223601916,2
1732437793223601916,2
1732437793233907011,2
1732437793233907011,2
1732437793244251189,2
1732437793244251189,2
1732437793255010257,2
1732437793266021226,2
1732437793266021226,2
1732437793266021226,2
1732437793277727778,2
1732437793277727778,2
1732437793288212115,2
1732437793288212115,2
1732437793298721080,2
1732437793298721080,2
1732437793309079544,2
1732437793309079544,2
1732437793319589470,2
1732437793319589470,2
1732437793330104715,2
1732437793330104715,2
1732437793340549299,2
1732437793340549299,2
1732437793350770118,2
1732437793350770118,2
1732437793361016995,2
1732437793361016995,2
1732437793371453945,2
1732437793371453945,2
1732437793381877400,2
1732437793381877400,2
1732437793392539939,2
1732437793392539939,2
1732437793402577266,2
1732437793402577266,2
1732437793413425191,2
1732437793413425191,2
1732437793423589305,2
1732437793423589305,2
1732437793433893337,2
1732437793433893337,2
1732437793444248145,2
1732437793444248145,2
1732437793454926754,2
1732437793454926754,2
1732437793465264631,2
1732437793465264631,2
1732437793475914698,2
1732437793475914698,2
1732437793486174418,2
1732437793486174418,2
1732437793496403170,2
1732437793496403170,2
1732437793506957309,2
1732437793506957309,2
1732437793517061236,2
1732437793517061236,2
1732437793527164890,2
1732437793527164890,2
1732437793537442094,2
1732437793537442094,2
1732437793547698186,2
1732437793547698186,2
1732437793557833074,2
1732437793557833074,2
1732437793568078219,2
1732437793568078219,2
1732437793579296518,2
1732437793579296518,2
1732437793589670875,2
1732437793589670875,2
1732437793600182846,2
1732437793600182846,2
1732437793610818075,2
1732437793610818075,2
1732437793621191697,2
1732437793621191697,2
1732437793632039550,2
1732437793632039550,2
1732437793642158199,2
1732437793642158199,2
1732437793652590953,2
1732437793652590953,2
1732437793663096977,2
1732437793663096977,2
1732437793673206412,2
1732437793673206412,2
1732437793683354491,2
1732437793683354491,2
1732437793693993540,2
1732437793693993540,2
1732437793704425641,2
1732437793704425641,2
1732437793718317909,2
1732437793718317909,2
1732437793728529880,2
1732437793728529880,2
1732437793739214200,2
1732437793739214200,2
1732437793750084315,2
1732437793750084315,2
1732437793760207642,2
1732437793760207642,2
1732437793770740696,2
1732437793770740696,2
1732437793781147876,2
1732437793781147876,2
1732437793791493452,2
1732437793791493452,2
1732437793802116028,2
1732437793802116028,2
1732437793814342028,2
1732437793814342028,2
1732437793824741399,2
1732437793824741399,2
1732437793835301595,2
1732437793835301595,2
1732437793845974197,2
1732437793845974197,2
1732437793856167984,2
1732437793856167984,2
1732437793866820445,2
1732437793866820445,2
1732437793877091157,2
1732437793877091157,2
1732437793887904325,2
1732437793887904325,2
1732437793898550465,2
1732437793898550465,2
1732437793908949023,2
1732437793908949023,2
1732437793919165775,2
1732437793919165775,2
1732437793929650554,2
1732437793929650554,2
1732437793939838119,2
1732437793939838119,2
1732437793950578600,2
1732437793950578600,2
1732437793960936858,2
1732437793960936858,2
1732437793973258113,2
1732437793973258113,2
1732437793983526048,2
1732437793983526048,2
1732437793994047807,2
1732437793994047807,2
1732437794004058934,2
1732437794004058934,2
1732437794015346947,2
1732437794015346947,2
1732437794025837098,2
1732437794025837098,2
1732437794036316876,2
1732437794036316876,2
1732437794047020813,2
1732437794047020813,2
1732437794057253233,2
1732437794057253233,2
1732437794067424418,2
1732437794067424418,2
1732437794077959401,2
1732437794077959401,2
1732437794088065787,2
1732437794088065787,2
1732437794098602132,2
1732437794098602132,2
1732437794108757615,2
1732437794108757615,2
1732437794119168651,2
1732437794119168651,2
1732437794129343985,2
1732437794129343985,2
1732437794139535989,2
1732437794139535989,2
1732437794149762748,2
1732437794149762748,2
1732437794160220324,2
1732437794160220324,2
1732437794170433191,2
1732437794170433191,2
1732437794181162104,2
1732437794181162104,2
1732437794191513716,2
1732437794191513716,2
1732437794202123908,2
1732437794202123908,2
1732437794213284674,2
1732437794213284674,2
1732437794223802705,2
1732437794223802705,2
1732437794234305038,2
1732437794234305038,2
1732437794244427329,2
1732437794244427329,2
1732437794257539457,2
1732437794257539457,2
1732437794267793889,2
1732437794267793889,2
1732437794278107369,2
1732437794278107369,2
1732437794288431520,2
1732437794288431520,2
1732437794298536042,2
1732437794298536042,2
1732437794309089559,2
1732437794309089559,2
1732437794319677409,2
1732437794319677409,2
1732437794330057704,2
1732437794330057704,2
1732437794340419074,2
1732437794340419074,2
1732437794351229218,2
1732437794351229218,2
1732437794361832938,2
1732437794361832938,2
1732437794372210615,2
1732437794372210615,2
1732437794382811814,2
1732437794382811814,2
1732437794392926685,2
1732437794392926685,2
1732437794403131895,2
1732437794403131895,2
1732437794413515405,2
1732437794413515405,2
1732437794423712059,2
1732437794423712059,2
1732437794434126177,2
1732437794434126177,2
1732437794444403891,2
1732437794444403891,2
1732437794454659564,2
1732437794454659564,2
1732437794464976176,2
1732437794464976176,2
1732437794475304579,2
1732437794475304579,2
1732437794485906175,2
1732437794485906175,2
1732437794496465523,2
1732437794496465523,2
1732437794507238138,2
1732437794507238138,2
1732437794517454779,2
1732437794517454779,2
1732437794527905935,2
1732437794527905935,2
1732437794538087230,2
1732437794538087230,2
1732437794548840779,2
1732437794548840779,2
1732437794560801625,2
1732437794560801625,2
1732437794572009998,2
1732437794572009998,2
1732437794584771963,2
1732437794584771963,2
1732437794595486937,2
1732437794595486937,2
1732437794605637168,2
1732437794605637168,2
1732437794616029111,2
1732437794616029111,2
1732437794626557805,2
1732437794626557805,2
1732437794636871241,2
1732437794636871241,2
1732437794647090251,2
1732437794647090251,2
1732437794657114453,2
1732437794657114453,2
1732437794667326755,2
1732437794667326755,2
1732437794677496228,2
1732437794677496228,2
1732437794687618934,2
1732437794687618934,2
1732437794697762689,2
1732437794697762689,2
1732437794708323489,2
1732437794708323489,2
1732437794718921760,2
1732437794718921760,2
1732437794729966641,2
1732437794729966641,2
1732437794740633730,2
1732437794740633730,2
1732437794751091409,2
1732437794751091409,2
1732437794761414357,2
1732437794761414357,2
1732437794771628723,2
1732437794771628723,2
1732437794782120915,2
1732437794782120915,2
1732437794792257357,2
1732437794792257357,2
1732437794802467997,2
1732437794802467997,2
1732437794813315992,2
1732437794813315992,2
1732437794823980907,2
1732437794823980907,2
1732437794834294788,2
1732437794834294788,2
1732437794844464200,2
1732437794844464200,2
1732437794854900469,2
1732437794854900469,2
1732437794869350594,2
1732437794869350594,2
1732437794879811529,2
1732437794879811529,2
1732437794890144967,2
1732437794890144967,2
1732437794900687754,2
1732437794900687754,2
1732437794910966360,2
1732437794910966360,2
1732437794921897700,2
1732437794921897700,2
1732437794937033959,2
1732437794937033959,2
1732437794947374590,2
1732437794947374590,2
1732437794957787115,2
1732437794957787115,2
1732437794968627747,2
1732437794968627747,2
1732437794979320572,2
1732437794979320572,2
1732437794989649331,2
1732437794989649331,2
1732437795000050635,2
1732437795000050635,2
1732437795010768608,2
1732437795010768608,2
1732437795021206961,2
1732437795021206961,2
1732437795031593628,2
1732437795031593628,2
1732437795052767075,2
1732437795052767075,2
1732437795063377128,2
1732437795063377128,2
1732437795073872557,2
1732437795073872557,2
1732437795084212123,2
1732437795084212123,2
1732437795094872031,2
1732437795094872031,2
1732437795105766333,2
1732437795105766333,2
1732437795116370924,2
1732437795116370924,2
1732437795126502638,2
1732437795126502638,2
1732437795136973270,2
1732437795136973270,2
1732437795146974059,2
1732437795146974059,2
1732437795157050890,2
1732437795157050890,2
1732437795167194505,2
1732437795167194505,2
1732437795177208720,2
1732437795177208720,2
1732437795187926843,2
1732437795187926843,2
1732437795198578453,2
1732437795198578453,2
1732437795208796756,2
1732437795208796756,2
1732437795219160130,2
1732437795219160130,2
1732437795229473461,2
1732437795229473461,2
1732437795240010416,2
1732437795240010416,2
1732437795250209485,2
1732437795250209485,2
1732437795260714681,2
1732437795260714681,2
1732437795270894393,2
1732437795270894393,2
1732437795281271072,2
1732437795281271072,2
1732437795291423664,2
1732437795291423664,2
1732437795301795764,2
1732437795301795764,2
1732437795312299989,2
1732437795312299989,2
1732437795322675616,2
1732437795322675616,2
1732437795333041033,2
1732437795333041033,2
1732437795343449901,2
1732437795343449901,2
1732437795353978612,2
1732437795353978612,2
1732437795364588142,2
1732437795364588142,2
1732437795374922663,2
1732437795374922663,2
1732437795385255980,2
1732437795385255980,2
1732437795396159028,2
1732437795396159028,2
1732437795406535275,2
1732437795406535275,2
1732437795417231347,2
1732437795417231347,2
1732437795427576767,2
1732437795427576767,2
1732437795438891551,2
1732437795438891551,2
1732437795449477539,2
1732437795449477539,2
1732437795460090105,2
1732437795460090105,2
1732437795470350498,2
1732437795470350498,2
1732437795480626618,2
1732437795480626618,2
1732437795491072585,2
1732437795491072585,2
1732437795501275921,2
1732437795501275921,2
1732437795511770849,2
1732437795511770849,2
1732437795522836169,2
1732437795522836169,2
1732437795533135409,2
1732437795533135409,2
1732437795543389113,2
1732437795543389113,2
1732437795553669312,2
1732437795553669312,2
1732437795563722950,2
1732437795563722950,2
1732437795574296314,2
1732437795574296314,2
1732437795584655338,2
1732437795584655338,2
1732437795595070198,2
1732437795595070198,2
1732437795605457335,2
1732437795605457335,2
1732437795616224411,2
1732437795616224411,2
1732437795626975374,2
1732437795626975374,2
1732437795637482606,2
1732437795637482606,2
1732437795648037546,2
1732437795648037546,2
1732437795658360925,2
1732437795658360925,2
1732437795668515210,2
1732437795668515210,2
1732437795678924739,2
1732437795678924739,2
1732437795689007071,2
1732437795689007071,2
1732437795699481600,2
1732437795699481600,2
1732437795709995292,2
1732437795709995292,2
1732437795720333059,2
1732437795720333059,2
1732437795730520585,2
1732437795730520585,2
1732437795741160123,2
1732437795741160123,2
1732437795751797956,2
1732437795751797956,2
1732437795762163134,2
1732437795762163134,2
1732437795772584625,2
1732437795772584625,2
1732437795783088941,2
1732437795783088941,2
1732437795793622001,2
1732437795793622001,2
1732437795804278218,2
1732437795804278218,2
1732437795814970594,2
1732437795814970594,2
1732437795825517849,2
1732437795825517849,2
1732437795835823866,2
1732437795835823866,2
1732437795846165480,2
1732437795846165480,2
1732437795856797333,2
1732437795856797333,2
1732437795867100775,2
1732437795867100775,2
1732437795877231115,2
1732437795877231115,2
1732437795887503660,2
1732437795887503660,2
1732437795897793286,2
1732437795897793286,2
1732437795907943260,2
1732437795907943260,2
1732437795918139776,2
1732437795918139776,2
1732437795929488712,2
1732437795929488712,2
1732437795939652976,2
1732437795939652976,2
1732437795950288625,2
1732437795950288625,2
1732437795960860928,2
1732437795960860928,2
1732437795971485908,2
1732437795971485908,2
1732437795982088808,2
1732437795982088808,2
1732437795992709409,2
1732437795992709409,2
1732437796002960514,2
1732437796002960514,2
1732437796013555218,2
1732437796013555218,2
1732437796023874088,2
1732437796023874088,2
1732437796034293948,2
1732437796034293948,2
1732437796044483337,2
1732437796044483337,2
1732437796054918444,2
1732437796054918444,2
1732437796065412316,2
1732437796065412316,2
1732437796076007294,2
1732437796076007294,2
1732437796086351352,2
1732437796086351352,2
1732437796097999785,2
1732437796097999785,2
1732437796108554125,2
1732437796108554125,2
1732437796119069722,2
1732437796119069722,2
1732437796129240123,2
1732437796129240123,2
1732437796139343296,2
1732437796139343296,2
1732437796149924915,2
1732437796149924915,2
1732437796160036452,2
1732437796160036452,2
1732437796170612139,2
1732437796170612139,2
1732437796180757878,2
1732437796180757878,2
1732437796191356699,2
1732437796191356699,2
1732437796201747084,2
1732437796201747084,2
1732437796212210373,2
1732437796212210373,2
1732437796222445739,2
1732437796222445739,2
1732437796232872410,2
1732437796232872410,2
1732437796243091532,2
1732437796243091532,2
1732437796253213141,2
1732437796253213141,2
1732437796263685626,2
1732437796263685626,2
1732437796274123129,2
1732437796274123129,2
1732437796284380915,2
1732437796284380915,2
1732437796294870605,2
1732437796294870605,2
1732437796305274813,2
1732437796305274813,2
1732437796315688892,2
1732437796315688892,2
1732437796326063015,2
1732437796326063015,2
1732437796336378099,2
1732437796336378099,2
1732437796347831661,2
1732437796347831661,2
1732437796358496174,2
1732437796358496174,2
1732437796368806459,2
1732437796368806459,2
1732437796379309629,2
1732437796379309629,2
1732437796389766046,2
1732437796389766046,2
1732437796400592965,2
1732437796400592965,2
1732437796413083475,2
1732437796413083475,2
1732437796423621514,2
1732437796423621514,2
1732437796434439342,2
1732437796434439342,2
1732437796444579401,2
1732437796444579401,2
1732437796454703669,2
1732437796454703669,2
1732437796465042037,2
1732437796465042037,2
1732437796475381966,2
1732437796475381966,2
1732437796485813267,2
1732437796485813267,2
1732437796495993826,2
1732437796495993826,2
1732437796506724267,2
1732437796506724267,2
1732437796517202403,2
1732437796517202403,2
1732437796527625939,2
1732437796527625939,2
1732437796538365984,2
1732437796538365984,2
1732437796548894875,2
1732437796548894875,2
1732437796559074698,2
1732437796559074698,2
1732437796569462242,2
1732437796569462242,2
1732437796580057310,2
1732437796580057310,2
1732437796590412769,2
1732437796590412769,2
1732437796601119291,2
1732437796601119291,2
1732437796611331544,2
1732437796611331544,2
1732437796621790876,2
1732437796621790876,2
1732437796632498360,2
1732437796632498360,2
1732437796643076142,2
1732437796643076142,2
1732437796653342275,2
1732437796653342275,2
1732437796663848565,2
1732437796663848565,2
1732437796674440604,2
1732437796674440604,2
1732437796685083457,2
1732437796685083457,2
1732437796695385587,2
1732437796695385587,2
1732437796705594463,2
1732437796705594463,2
1732437796717237613,2
1732437796717237613,2
1732437796728197520,2
1732437796728197520,2
1732437796738280161,2
1732437796738280161,2
1732437796753210939,2
1732437796753210939,2
1732437796763713501,2
1732437796763713501,2
1732437796774065313,2
1732437796774065313,2
1732437796784307601,2
1732437796784307601,2
1732437796794915220,2
1732437796794915220,2
1732437796805382858,2
1732437796805382858,2
1732437796815629955,2
1732437796815629955,2
1732437796826241661,2
1732437796826241661,2
1732437796836948333,2
1732437796836948333,2
1732437796847267975,2
1732437796847267975,2
1732437796857521024,2
1732437796857521024,2
1732437796867671602,2
1732437796867671602,2
1732437796877788818,2
1732437796877788818,2
1732437796888022711,2
1732437796888022711,2
1732437796898159440,2
1732437796898159440,2
1732437796908292989,2
1732437796908292989,2
1732437796918650723,2
1732437796918650723,2
1732437796928700229,2
1732437796928700229,2
1732437796938807671,2
1732437796938807671,2
1732437796949171675,2
1732437796949171675,2
1732437796960155500,2
1732437796960155500,2
1732437796970748330,2
1732437796970748330,2
1732437796980794827,2
1732437796980794827,2
1732437796991025491,2
1732437796991025491,2
1732437797001540220,2
1732437797001540220,2
1732437797011744077,2
1732437797011744077,2
1732437797022326197,2
1732437797022326197,2
1732437797032528632,2
1732437797032528632,2
1732437797042834789,2
1732437797042834789,2
1732437797052977640,2
1732437797052977640,2
1732437797063387061,2
1732437797063387061,2
1732437797073884876,2
1732437797073884876,2
1732437797084125072,2
1732437797084125072,2
1732437797094494923,2
1732437797094494923,2
1732437797104744830,2
1732437797104744830,2
1732437797115189283,2
1732437797115189283,2
1732437797125583264,2
1732437797125583264,2
1732437797136249241,2
1732437797136249241,2
1732437797149188035,2
1732437797149188035,2
1732437797165070121,2
1732437797165070121,2
1732437797175900694,2
1732437797175900694,2
1732437797186498464,2
1732437797186498464,2
1732437797197269055,2
1732437797197269055,2
1732437797207478021,2
1732437797207478021,2
1732437797217753813,2
1732437797217753813,2
1732437797228370287,2
1732437797228370287,2
1732437797238937420,2
1732437797238937420,2
1732437797249031222,2
1732437797249031222,2
1732437797259202906,2
1732437797259202906,2
1732437797269422957,2
1732437797269422957,2
1732437797279542467,2
1732437797279542467,2
1732437797290089774,2
1732437797290089774,2
1732437797300395319,2
1732437797300395319,2
1732437797310691969,2
1732437797310691969,2
1732437797321117590,2
1732437797321117590,2
1732437797331808451,2
1732437797331808451,2
1732437797342424876,2
1732437797342424876,2
1732437797352834984,2
1732437797352834984,2
1732437797363410045,2
1732437797363410045,2
1732437797373902048,2
1732437797373902048,2
1732437797384447020,2
1732437797384447020,2
1732437797397640413,2
1732437797397640413,2
1732437797407828473,2
1732437797407828473,2
1732437797418197779,2
1732437797418197779,2
1732437797428800629,2
1732437797428800629,2
1732437797439113554,2
1732437797439113554,2
1732437797449222920,2
1732437797449222920,2
1732437797459708237,2
1732437797459708237,2
1732437797469968222,2
1732437797469968222,2
1732437797480713967,2
1732437797480713967,2
1732437797491262020,2
1732437797491262020,2
1732437797502247494,2
1732437797502247494,2
1732437797512915905,2
1732437797512915905,2
1732437797523221061,2
1732437797523221061,2
1732437797533505277,2
1732437797533505277,2
1732437797543614699,2
1732437797543614699,2
1732437797554097785,2
1732437797554097785,2
1732437797564766203,2
1732437797564766203,2
1732437797575268258,2
1732437797575268258,2
1732437797585910096,2
1732437797585910096,2
1732437797585910096,2
1732437797585910096,2
1732437797607159629,2
1732437797607159629,2
1732437797617212936,2
1732437797617212936,2
1732437797627894501,2
1732437797627894501,2
1732437797638751633,2
1732437797638751633,2
1732437797662361413,2
1732437797662361413,2
1732437797673111387,2
1732437797673111387,2
1732437797683350198,2
1732437797683350198,2
1732437797694133262,2
1732437797694133262,2
1732437797704299269,2
1732437797704299269,2
1732437797714525748,2
1732437797714525748,2
1732437797724930900,2
1732437797724930900,2
1732437797735565665,2
1732437797735565665,2
1732437797746112953,2
1732437797746112953,2
1732437797756443226,2
1732437797756443226,2
1732437797767122608,2
1732437797767122608,2
1732437797777620952,2
1732437797777620952,2
1732437797787853983,2
1732437797787853983,2
1732437797798154832,2
1732437797798154832,2
1732437797808379537,2
1732437797808379537,2
1732437797818812661,2
1732437797818812661,2
1732437797829370256,2
1732437797829370256,2
1732437797839930936,2
1732437797839930936,2
1732437797850238296,2
1732437797850238296,2
1732437797860660309,2
1732437797860660309,2
1732437797871303864,2
1732437797871303864,2
1732437797881702122,2
1732437797881702122,2
1732437797892265135,2
1732437797892265135,2
1732437797902602974,2
1732437797902602974,2
1732437797913256568,2
1732437797913256568,2
1732437797923696023,2
1732437797923696023,2
1732437797934255238,2
1732437797934255238,2
1732437797944414285,2
1732437797944414285,2
1732437797957765937,2
1732437797957765937,2
1732437797968180727,2
1732437797968180727,2
1732437797978629118,2
1732437797978629118,2
1732437797989276841,2
1732437797989276841,2
1732437797999533937,2
1732437797999533937,2
1732437798010042451,2
1732437798010042451,2
1732437798020623809,2
1732437798020623809,2
1732437798031200099,2
1732437798031200099,2
1732437798041535992,2
1732437798041535992,2
1732437798052004892,2
1732437798052004892,2
1732437798062592543,2
1732437798062592543,2
1732437798072826045,2
1732437798072826045,2
1732437798083012029,2
1732437798083012029,2
1732437798093130798,2
1732437798093130798,2
1732437798103550656,2
1732437798103550656,2
1732437798113859024,2
1732437798113859024,2
1732437798124087992,2
1732437798124087992,2
1732437798134817908,2
1732437798134817908,2
1732437798145195790,2
1732437798145195790,2
1732437798155510172,2
1732437798155510172,2
1732437798165880989,2
1732437798165880989,2
1732437798176275501,2
1732437798176275501,2
1732437798187508302,2
1732437798187508302,2
1732437798197899487,2
1732437798197899487,2
1732437798208007557,2
1732437798208007557,2
1732437798218369938,2
1732437798218369938,2
1732437798229181385,2
1732437798229181385,2
1732437798239500167,2
1732437798239500167,2
1732437798250335639,2
1732437798250335639,2
1732437798260501295,2
1732437798260501295,2
1732437798270817472,2
1732437798270817472,2
1732437798280993637,2
1732437798280993637,2
1732437798291159894,2
1732437798291159894,2
1732437798301563603,2
1732437798301563603,2
1732437798312137398,2
1732437798312137398,2
1732437798322762058,2
1732437798322762058,2
1732437798333372491,2
1732437798333372491,2
1732437798343814421,2
1732437798343814421,2
1732437798354327675,2
1732437798354327675,2
1732437798364818526,2
1732437798364818526,2
1732437798375055755,2
1732437798375055755,2
1732437798385317590,2
1732437798385317590,2
1732437798395739833,2
1732437798395739833,2
1732437798406300384,2
1732437798406300384,2
1732437798416751661,2
1732437798416751661,2
1732437798430063078,2
1732437798430063078,2
1732437798440444605,2
1732437798440444605,2
1732437798453118346,2
1732437798453118346,2
1732437798473999942,2
1732437798473999942,2
1732437798473999942,2
1732437798473999942,2
1732437798484553670,2
1732437798484553670,2
1732437798494900693,2
1732437798494900693,2
1732437798505110030,2
1732437798505110030,2
1732437798515273091,2
1732437798515273091,2
1732437798525705454,2
1732437798525705454,2
1732437798536332859,2
1732437798536332859,2
1732437798551211257,2
1732437798551211257,2
1732437798561543748,2
1732437798561543748,2
1732437798571712871,2
1732437798571712871,2
1732437798581987919,2
1732437798581987919,2
1732437798592155569,2
1732437798592155569,2
1732437798602392347,2
1732437798602392347,2
1732437798612598198,2
1732437798612598198,2
1732437798623180910,2
1732437798623180910,2
1732437798633623872,2
1732437798633623872,2
1732437798643874125,2
1732437798643874125,2
1732437798654381968,2
1732437798654381968,2
1732437798664734182,2
1732437798664734182,2
1732437798675108426,2
1732437798675108426,2
1732437798685617150,2
1732437798685617150,2
1732437798696070822,2
1732437798696070822,2
1732437798707151940,2
1732437798707151940,2
1732437798717181693,2
1732437798717181693,2
1732437798727299661,2
1732437798727299661,2
1732437798737337118,2
1732437798737337118,2
1732437798747737892,2
1732437798747737892,2
1732437798758073024,2
1732437798758073024,2
1732437798768353544,2
1732437798768353544,2
1732437798778494424,2
1732437798778494424,2
1732437798789204232,2
1732437798789204232,2
1732437798799435189,2
1732437798799435189,2
1732437798809851501,2
1732437798809851501,2
1732437798820184599,2
1732437798820184599,2
1732437798830326126,2
1732437798830326126,2
1732437798840789450,2
1732437798840789450,2
1732437798851197427,2
1732437798851197427,2
1732437798861885275,2
1732437798861885275,2
1732437798872383871,2
1732437798872383871,2
1732437798882672426,2
1732437798882672426,2
1732437798892911197,2
1732437798892911197,2
1732437798903553356,2
1732437798903553356,2
1732437798913921783,2
1732437798913921783,2
1732437798924055249,2
1732437798924055249,2
1732437798934677083,2
1732437798934677083,2
1732437798944851335,2
1732437798944851335,2
1732437798955306100,2
1732437798955306100,2
1732437798965703858,2
1732437798965703858,2
1732437798975975982,2
1732437798975975982,2
1732437798986917642,2
1732437798986917642,2
1732437798996919664,2
1732437798996919664,2
1732437799007283929,2
1732437799007283929,2
1732437799017933525,2
1732437799017933525,2
1732437799028494196,2
1732437799028494196,2
1732437799038646176,2
1732437799038646176,2
1732437799048703841,2
1732437799048703841,2
1732437799059167769,2
1732437799059167769,2
1732437799069338338,2
1732437799069338338,2
1732437799079854847,2
1732437799079854847,2
1732437799090547103,2
1732437799090547103,2
1732437799100864090,2
1732437799100864090,2
1732437799111470886,2
1732437799111470886,2
1732437799121622506,2
1732437799121622506,2
1732437799131944474,2
1732437799131944474,2
1732437799142151707,2
1732437799142151707,2
1732437799152465009,2
1732437799152465009,2
1732437799162849432,2
1732437799162849432,2
1732437799173342376,2
1732437799173342376,2
1732437799183848907,2
1732437799183848907,2
1732437799194117402,2
1732437799194117402,2
1732437799204347271,2
1732437799204347271,2
1732437799214720894,2
1732437799214720894,2
1732437799225284069,2
1732437799225284069,2
1732437799235923386,2
1732437799235923386,2
1732437799248823699,2
1732437799248823699,2
1732437799260694326,2
1732437799260694326,2
1732437799270808072,2
1732437799270808072,2
1732437799281087352,2
1732437799281087352,2
1732437799291427535,2
1732437799291427535,2
1732437799301606946,2
1732437799301606946,2
1732437799312155595,2
1732437799312155595,2
1732437799322347219,2
1732437799322347219,2
1732437799332875018,2
1732437799332875018,2
1732437799343049027,2
1732437799343049027,2
1732437799353380045,2
1732437799353380045,2
1732437799363540001,2
1732437799363540001,2
1732437799373942016,2
1732437799373942016,2
1732437799384175599,2
1732437799384175599,2
1732437799394307692,2
1732437799394307692,2
1732437799404804124,2
1732437799404804124,2
1732437799414877751,2
1732437799414877751,2
1732437799425245702,2
1732437799425245702,2
1732437799435494904,2
1732437799435494904,2
1732437799445903041,2
1732437799445903041,2
1732437799456492094,2
1732437799456492094,2
1732437799467172408,2
1732437799467172408,2
1732437799477458355,2
1732437799477458355,2
1732437799487747955,2
1732437799487747955,2
1732437799497863067,2
1732437799497863067,2
1732437799508117508,2
1732437799508117508,2
1732437799518401805,2
1732437799518401805,2
1732437799530122053,2
1732437799530122053,2
1732437799540524386,2
1732437799540524386,2
1732437799551030510,2
1732437799551030510,2
1732437799561381079,2
1732437799561381079,2
1732437799571625592,2
1732437799571625592,2
1732437799582002360,2
1732437799582002360,2
1732437799592256702,2
1732437799592256702,2
1732437799602633041,2
1732437799602633041,2
1732437799612907259,2
1732437799612907259,2
1732437799623412246,2
1732437799623412246,2
1732437799633849698,2
1732437799633849698,2
1732437799645772371,2
1732437799645772371,2
1732437799656467052,2
1732437799656467052,2
1732437799666859831,2
1732437799666859831,2
1732437799677055494,2
1732437799677055494,2
1732437799687078675,2
1732437799687078675,2
1732437799697300765,2
1732437799697300765,2
1732437799707748516,2
1732437799707748516,2
1732437799718306222,2
1732437799718306222,2
1732437799718306222,2
1732437799718306222,2
1732437799740155998,2
1732437799740155998,2
1732437799750497762,2
1732437799750497762,2
1732437799760695108,2
1732437799760695108,2
1732437799770894226,2
1732437799770894226,2
1732437799781473892,2
1732437799781473892,2
1732437799791684352,2
1732437799791684352,2
1732437799802323139,2
1732437799802323139,2
1732437799812797550,2
1732437799812797550,2
1732437799823234921,2
1732437799823234921,2
1732437799833891209,2
1732437799833891209,2
1732437799844008335,2
1732437799844008335,2
1732437799854398986,2
1732437799854398986,2
1732437799864975590,2
1732437799864975590,2
1732437799875183566,2
1732437799875183566,2
1732437799885372295,2
1732437799885372295,2
1732437799895921776,2
1732437799895921776,2
1732437799906981605,2
1732437799906981605,2
1732437799917354105,2
1732437799917354105,2
1732437799927693942,2
1732437799927693942,2
1732437799937936415,2
1732437799937936415,2
1732437799948563476,2
1732437799948563476,2
1732437799959195643,2
1732437799959195643,2
1732437799969691323,2
1732437799969691323,2
1732437799980241153,2
1732437799980241153,2
1732437799990674648,2
1732437799990674648,2
1732437800001164719,2
1732437800001164719,2
1732437800012969423,2
1732437800012969423,2
1732437800023142463,2
1732437800023142463,2
1732437800033735400,2
1732437800033735400,2
1732437800043918993,2
1732437800043918993,2
1732437800054590356,2
1732437800054590356,2
1732437800064802331,2
1732437800064802331,2
1732437800076067664,2
1732437800076067664,2
1732437800086479979,2
1732437800086479979,2
1732437800097166935,2
1732437800097166935,2
1732437800107236963,2
1732437800107236963,2
1732437800117330385,2
1732437800117330385,2
1732437800127744864,2
1732437800127744864,2
1732437800138050692,2
1732437800138050692,2
1732437800148751153,2
1732437800148751153,2
