%time,field.data
1732437677049032960,0.04813301935791969
1732437677049032960,0.04813301935791969
1732437677059299898,0.04813301935791969
1732437677059299898,0.04813301935791969
1732437677069471059,0.04813301935791969
1732437677069471059,0.04813301935791969
1732437677079667527,0.04813301935791969
1732437677079667527,0.04813301935791969
1732437677089770131,0.04813301935791969
1732437677089770131,0.04813301935791969
1732437677100051637,0.04813301935791969
1732437677100051637,0.04813301935791969
1732437677110495105,0.04813301935791969
1732437677110495105,0.04813301935791969
1732437677120920058,0.04813301935791969
1732437677120920058,0.04813301935791969
1732437677131536617,0.04813301935791969
1732437677131536617,0.04813301935791969
1732437677142265825,0.04813301935791969
1732437677142265825,0.04813301935791969
1732437677153125367,0.04803256690502167
1732437677153125367,0.04803256690502167
1732437677163695539,0.04803256690502167
1732437677163695539,0.04803256690502167
1732437677174164985,0.04803256690502167
1732437677174164985,0.04803256690502167
1732437677184840793,0.04803256690502167
1732437677184840793,0.04803256690502167
1732437677195053141,0.04803256690502167
1732437677195053141,0.04803256690502167
1732437677205482783,0.04803256690502167
1732437677205482783,0.04803256690502167
1732437677215774899,0.04803256690502167
1732437677215774899,0.04803256690502167
1732437677226223943,0.04803256690502167
1732437677226223943,0.04803256690502167
1732437677236438830,0.04803256690502167
1732437677236438830,0.04803256690502167
1732437677246886304,0.048250067979097366
1732437677246886304,0.048250067979097366
1732437677257055431,0.048250067979097366
1732437677257055431,0.048250067979097366
1732437677267592793,0.048250067979097366
1732437677267592793,0.048250067979097366
1732437677277948207,0.048250067979097366
1732437677277948207,0.048250067979097366
1732437677288377478,0.048250067979097366
1732437677288377478,0.048250067979097366
1732437677298730498,0.048250067979097366
1732437677298730498,0.048250067979097366
1732437677308815679,0.048250067979097366
1732437677308815679,0.048250067979097366
1732437677319040721,0.048250067979097366
1732437677319040721,0.048250067979097366
1732437677329475432,0.048250067979097366
1732437677329475432,0.048250067979097366
1732437677340064016,0.048250067979097366
1732437677340064016,0.048250067979097366
1732437677350215795,0.048866868019104004
1732437677350215795,0.048866868019104004
1732437677360705828,0.048866868019104004
1732437677360705828,0.048866868019104004
1732437677371262386,0.048866868019104004
1732437677371262386,0.048866868019104004
1732437677381897409,0.048866868019104004
1732437677381897409,0.048866868019104004
1732437677392227276,0.048866868019104004
1732437677392227276,0.048866868019104004
1732437677402315283,0.048866868019104004
1732437677402315283,0.048866868019104004
1732437677412972708,0.048866868019104004
1732437677412972708,0.048866868019104004
1732437677423764232,0.048866868019104004
1732437677423764232,0.048866868019104004
1732437677434099919,0.048866868019104004
1732437677434099919,0.048866868019104004
1732437677444348705,0.048756539821624756
1732437677444348705,0.048756539821624756
1732437677454797882,0.048756539821624756
1732437677454797882,0.048756539821624756
1732437677464996525,0.048756539821624756
1732437677464996525,0.048756539821624756
1732437677475063392,0.048756539821624756
1732437677475063392,0.048756539821624756
1732437677485396493,0.048756539821624756
1732437677485396493,0.048756539821624756
1732437677496115564,0.048756539821624756
1732437677496115564,0.048756539821624756
1732437677506481307,0.048756539821624756
1732437677506481307,0.048756539821624756
1732437677518059021,0.048756539821624756
1732437677518059021,0.048756539821624756
1732437677528274835,0.048756539821624756
1732437677528274835,0.048756539821624756
1732437677538883711,0.048756539821624756
1732437677538883711,0.048756539821624756
1732437677549377021,0.047976840287446976
1732437677549377021,0.047976840287446976
1732437677559919702,0.047976840287446976
1732437677559919702,0.047976840287446976
1732437677570587397,0.047976840287446976
1732437677570587397,0.047976840287446976
1732437677580920669,0.047976840287446976
1732437677580920669,0.047976840287446976
1732437677591029915,0.047976840287446976
1732437677591029915,0.047976840287446976
1732437677601784571,0.047976840287446976
1732437677601784571,0.047976840287446976
1732437677612326832,0.047976840287446976
1732437677612326832,0.047976840287446976
1732437677622670605,0.047976840287446976
1732437677622670605,0.047976840287446976
1732437677632855001,0.047976840287446976
1732437677632855001,0.047976840287446976
1732437677643162695,0.04829064756631851
1732437677643162695,0.04829064756631851
1732437677653194097,0.04829064756631851
1732437677653194097,0.04829064756631851
1732437677663312882,0.04829064756631851
1732437677663312882,0.04829064756631851
1732437677673422879,0.04829064756631851
1732437677673422879,0.04829064756631851
1732437677683607515,0.04829064756631851
1732437677683607515,0.04829064756631851
1732437677694184297,0.04829064756631851
1732437677694184297,0.04829064756631851
1732437677704904993,0.04829064756631851
1732437677704904993,0.04829064756631851
1732437677715331017,0.04829064756631851
1732437677715331017,0.04829064756631851
1732437677727274473,0.04829064756631851
1732437677727274473,0.04829064756631851
1732437677737849946,0.04829064756631851
1732437677737849946,0.04829064756631851
1732437677748314111,0.047939807176589966
1732437677748314111,0.047939807176589966
1732437677758772093,0.047939807176589966
1732437677758772093,0.047939807176589966
1732437677768940041,0.047939807176589966
1732437677768940041,0.047939807176589966
1732437677779116138,0.047939807176589966
1732437677779116138,0.047939807176589966
1732437677789365507,0.047939807176589966
1732437677789365507,0.047939807176589966
1732437677799694393,0.047939807176589966
1732437677799694393,0.047939807176589966
1732437677809929713,0.047939807176589966
1732437677809929713,0.047939807176589966
1732437677820482643,0.047939807176589966
1732437677820482643,0.047939807176589966
1732437677830846353,0.047939807176589966
1732437677830846353,0.047939807176589966
1732437677841359048,0.047939807176589966
1732437677841359048,0.047939807176589966
1732437677851770546,0.049131136387586594
1732437677851770546,0.049131136387586594
1732437677861999796,0.049131136387586594
1732437677861999796,0.049131136387586594
1732437677872110465,0.049131136387586594
1732437677872110465,0.049131136387586594
1732437677882531591,0.049131136387586594
1732437677882531591,0.049131136387586594
1732437677892962024,0.049131136387586594
1732437677892962024,0.049131136387586594
1732437677903159925,0.049131136387586594
1732437677903159925,0.049131136387586594
1732437677913740247,0.049131136387586594
1732437677913740247,0.049131136387586594
1732437677924139459,0.049131136387586594
1732437677924139459,0.049131136387586594
1732437677934574084,0.049131136387586594
1732437677934574084,0.049131136387586594
1732437677944810185,0.04845944792032242
1732437677944810185,0.04845944792032242
1732437677955069140,0.04845944792032242
1732437677955069140,0.04845944792032242
1732437677965382752,0.04845944792032242
1732437677965382752,0.04845944792032242
1732437677975918421,0.04845944792032242
1732437677975918421,0.04845944792032242
1732437677986045654,0.04845944792032242
1732437677986045654,0.04845944792032242
1732437677996476809,0.04845944792032242
1732437677996476809,0.04845944792032242
1732437678006566198,0.04845944792032242
1732437678006566198,0.04845944792032242
1732437678016913275,0.04845944792032242
1732437678016913275,0.04845944792032242
1732437678027011622,0.04845944792032242
1732437678027011622,0.04845944792032242
1732437678037618723,0.04845944792032242
1732437678037618723,0.04845944792032242
1732437678047870183,0.048909738659858704
1732437678047870183,0.048909738659858704
1732437678058697482,0.048909738659858704
1732437678058697482,0.048909738659858704
1732437678069152063,0.048909738659858704
1732437678069152063,0.048909738659858704
1732437678079298217,0.048909738659858704
1732437678079298217,0.048909738659858704
1732437678079298217,0.048909738659858704
1732437678079298217,0.048909738659858704
1732437678099679459,0.048909738659858704
1732437678099679459,0.048909738659858704
1732437678110191608,0.048909738659858704
1732437678110191608,0.048909738659858704
1732437678120528657,0.048909738659858704
1732437678120528657,0.048909738659858704
1732437678131143243,0.048909738659858704
1732437678131143243,0.048909738659858704
1732437678141372633,0.048909738659858704
1732437678141372633,0.048909738659858704
1732437678151878847,0.04931595176458359
1732437678151878847,0.04931595176458359
1732437678162058284,0.04931595176458359
1732437678162058284,0.04931595176458359
1732437678172574186,0.04931595176458359
1732437678172574186,0.04931595176458359
1732437678182899174,0.04931595176458359
1732437678182899174,0.04931595176458359
1732437678193191550,0.04931595176458359
1732437678193191550,0.04931595176458359
1732437678203430828,0.04931595176458359
1732437678203430828,0.04931595176458359
1732437678213539794,0.04931595176458359
1732437678213539794,0.04931595176458359
1732437678224008289,0.04931595176458359
1732437678224008289,0.04931595176458359
1732437678234645616,0.04931595176458359
1732437678234645616,0.04931595176458359
1732437678244816077,0.04995458200573921
1732437678244816077,0.04995458200573921
1732437678255338069,0.04995458200573921
1732437678255338069,0.04995458200573921
1732437678265583359,0.04995458200573921
1732437678265583359,0.04995458200573921
1732437678275879773,0.04995458200573921
1732437678275879773,0.04995458200573921
1732437678286030967,0.04995458200573921
1732437678286030967,0.04995458200573921
1732437678296429862,0.04995458200573921
1732437678296429862,0.04995458200573921
1732437678306714806,0.04995458200573921
1732437678306714806,0.04995458200573921
1732437678316979491,0.04995458200573921
1732437678316979491,0.04995458200573921
1732437678327167464,0.04995458200573921
1732437678327167464,0.04995458200573921
1732437678338001377,0.04995458200573921
1732437678338001377,0.04995458200573921
1732437678348252196,0.050422266125679016
1732437678348252196,0.050422266125679016
1732437678358517323,0.050422266125679016
1732437678358517323,0.050422266125679016
1732437678369114606,0.050422266125679016
1732437678369114606,0.050422266125679016
1732437678379460011,0.050422266125679016
1732437678379460011,0.050422266125679016
1732437678389902036,0.050422266125679016
1732437678389902036,0.050422266125679016
1732437678400279480,0.050422266125679016
1732437678400279480,0.050422266125679016
1732437678410499873,0.050422266125679016
1732437678410499873,0.050422266125679016
1732437678420818789,0.050422266125679016
1732437678420818789,0.050422266125679016
1732437678431022822,0.050422266125679016
1732437678431022822,0.050422266125679016
1732437678441325027,0.050422266125679016
1732437678441325027,0.050422266125679016
1732437678452001628,0.05103689432144165
1732437678452001628,0.05103689432144165
1732437678462372030,0.05103689432144165
1732437678462372030,0.05103689432144165
1732437678472670988,0.05103689432144165
1732437678472670988,0.05103689432144165
1732437678483149392,0.05103689432144165
1732437678483149392,0.05103689432144165
1732437678493425578,0.05103689432144165
1732437678493425578,0.05103689432144165
1732437678503707195,0.05103689432144165
1732437678503707195,0.05103689432144165
1732437678514463670,0.05103689432144165
1732437678514463670,0.05103689432144165
1732437678524697302,0.05103689432144165
1732437678524697302,0.05103689432144165
1732437678535365918,0.05103689432144165
1732437678535365918,0.05103689432144165
1732437678546024826,0.04964197427034378
1732437678546024826,0.04964197427034378
1732437678556367646,0.04964197427034378
1732437678556367646,0.04964197427034378
1732437678566450032,0.04964197427034378
1732437678566450032,0.04964197427034378
1732437678576941569,0.04964197427034378
1732437678576941569,0.04964197427034378
1732437678587383213,0.04964197427034378
1732437678587383213,0.04964197427034378
1732437678597707399,0.04964197427034378
1732437678597707399,0.04964197427034378
1732437678608102357,0.04964197427034378
1732437678608102357,0.04964197427034378
1732437678618739945,0.04964197427034378
1732437678618739945,0.04964197427034378
1732437678629178173,0.04964197427034378
1732437678629178173,0.04964197427034378
1732437678639760408,0.04964197427034378
1732437678639760408,0.04964197427034378
1732437678650253868,0.049685288220644
1732437678650253868,0.049685288220644
1732437678660714398,0.049685288220644
1732437678660714398,0.049685288220644
1732437678671159809,0.049685288220644
1732437678671159809,0.049685288220644
1732437678681761741,0.049685288220644
1732437678681761741,0.049685288220644
1732437678692141640,0.049685288220644
1732437678692141640,0.049685288220644
1732437678702466648,0.049685288220644
1732437678702466648,0.049685288220644
1732437678712755788,0.049685288220644
1732437678712755788,0.049685288220644
1732437678723421290,0.049685288220644
1732437678723421290,0.049685288220644
1732437678733945296,0.049685288220644
1732437678733945296,0.049685288220644
1732437678744503608,0.04936238378286362
1732437678744503608,0.04936238378286362
1732437678754714709,0.04936238378286362
1732437678754714709,0.04936238378286362
1732437678764773416,0.04936238378286362
1732437678764773416,0.04936238378286362
1732437678774919259,0.04936238378286362
1732437678774919259,0.04936238378286362
1732437678785221435,0.04936238378286362
1732437678785221435,0.04936238378286362
1732437678795763435,0.04936238378286362
1732437678795763435,0.04936238378286362
1732437678806256675,0.04936238378286362
1732437678806256675,0.04936238378286362
1732437678816931993,0.04936238378286362
1732437678816931993,0.04936238378286362
1732437678827159790,0.04936238378286362
1732437678827159790,0.04936238378286362
1732437678837526555,0.04936238378286362
1732437678837526555,0.04936238378286362
1732437678847646922,0.049255792051553726
1732437678847646922,0.049255792051553726
1732437678858044020,0.049255792051553726
1732437678858044020,0.049255792051553726
1732437678868164270,0.049255792051553726
1732437678868164270,0.049255792051553726
1732437678878518512,0.049255792051553726
1732437678878518512,0.049255792051553726
1732437678889039644,0.049255792051553726
1732437678889039644,0.049255792051553726
1732437678899618019,0.049255792051553726
1732437678899618019,0.049255792051553726
1732437678910144019,0.049255792051553726
1732437678910144019,0.049255792051553726
1732437678920633797,0.049255792051553726
1732437678920633797,0.049255792051553726
1732437678930998537,0.049255792051553726
1732437678930998537,0.049255792051553726
1732437678942824254,0.049255792051553726
1732437678942824254,0.049255792051553726
1732437678953723017,0.0480322539806366
1732437678953723017,0.0480322539806366
1732437678964133384,0.0480322539806366
1732437678964133384,0.0480322539806366
1732437678975011289,0.0480322539806366
1732437678975011289,0.0480322539806366
1732437678985390237,0.0480322539806366
1732437678985390237,0.0480322539806366
1732437678995950217,0.0480322539806366
1732437678995950217,0.0480322539806366
1732437679006090395,0.0480322539806366
1732437679006090395,0.0480322539806366
1732437679016790880,0.0480322539806366
1732437679016790880,0.0480322539806366
1732437679027223544,0.0480322539806366
1732437679027223544,0.0480322539806366
1732437679037299933,0.0480322539806366
1732437679037299933,0.0480322539806366
1732437679047464031,0.04916149377822876
1732437679047464031,0.04916149377822876
1732437679058084594,0.04916149377822876
1732437679058084594,0.04916149377822876
1732437679068419483,0.04916149377822876
1732437679068419483,0.04916149377822876
1732437679078568654,0.04916149377822876
1732437679078568654,0.04916149377822876
1732437679088715600,0.04916149377822876
1732437679088715600,0.04916149377822876
1732437679098844723,0.04916149377822876
1732437679098844723,0.04916149377822876
1732437679109049193,0.04916149377822876
1732437679109049193,0.04916149377822876
1732437679119666748,0.04916149377822876
1732437679119666748,0.04916149377822876
1732437679129852927,0.04916149377822876
1732437679129852927,0.04916149377822876
1732437679140396020,0.04916149377822876
1732437679140396020,0.04916149377822876
1732437679150966494,0.04934856295585632
1732437679150966494,0.04934856295585632
1732437679161061395,0.04934856295585632
1732437679161061395,0.04934856295585632
1732437679171412971,0.04934856295585632
1732437679171412971,0.04934856295585632
1732437679181706810,0.04934856295585632
1732437679181706810,0.04934856295585632
1732437679192144223,0.04934856295585632
1732437679192144223,0.04934856295585632
1732437679202622749,0.04934856295585632
1732437679202622749,0.04934856295585632
1732437679212742816,0.04934856295585632
1732437679212742816,0.04934856295585632
1732437679223227972,0.04934856295585632
1732437679223227972,0.04934856295585632
1732437679233663404,0.04934856295585632
1732437679233663404,0.04934856295585632
1732437679243743687,0.05055636912584305
1732437679243743687,0.05055636912584305
1732437679254018742,0.05055636912584305
1732437679254018742,0.05055636912584305
1732437679264714799,0.05055636912584305
1732437679264714799,0.05055636912584305
1732437679274956592,0.05055636912584305
1732437679274956592,0.05055636912584305
1732437679285355015,0.05055636912584305
1732437679285355015,0.05055636912584305
1732437679295810245,0.05055636912584305
1732437679295810245,0.05055636912584305
1732437679306375579,0.05055636912584305
1732437679306375579,0.05055636912584305
1732437679316886351,0.05055636912584305
1732437679316886351,0.05055636912584305
1732437679327293001,0.05055636912584305
1732437679327293001,0.05055636912584305
1732437679337478390,0.05055636912584305
1732437679337478390,0.05055636912584305
1732437679347617020,0.049026332795619965
1732437679347617020,0.049026332795619965
1732437679358136499,0.049026332795619965
1732437679358136499,0.049026332795619965
1732437679368420540,0.049026332795619965
1732437679368420540,0.049026332795619965
1732437679379009328,0.049026332795619965
1732437679379009328,0.049026332795619965
1732437679389503430,0.049026332795619965
1732437679389503430,0.049026332795619965
1732437679399936888,0.049026332795619965
1732437679399936888,0.049026332795619965
1732437679411947209,0.049026332795619965
1732437679411947209,0.049026332795619965
1732437679422202777,0.049026332795619965
1732437679422202777,0.049026332795619965
1732437679432472532,0.049026332795619965
1732437679432472532,0.049026332795619965
1732437679442809842,0.05006543546915054
1732437679442809842,0.05006543546915054
1732437679452907287,0.05006543546915054
1732437679452907287,0.05006543546915054
1732437679463121318,0.05006543546915054
1732437679463121318,0.05006543546915054
1732437679473752123,0.05006543546915054
1732437679473752123,0.05006543546915054
1732437679484422643,0.05006543546915054
1732437679484422643,0.05006543546915054
1732437679494723876,0.05006543546915054
1732437679494723876,0.05006543546915054
1732437679505054896,0.05006543546915054
1732437679505054896,0.05006543546915054
1732437679515682615,0.05006543546915054
1732437679515682615,0.05006543546915054
1732437679526490186,0.05006543546915054
1732437679526490186,0.05006543546915054
1732437679537012424,0.05006543546915054
1732437679537012424,0.05006543546915054
1732437679547410347,0.05108068883419037
1732437679547410347,0.05108068883419037
1732437679557526837,0.05108068883419037
1732437679557526837,0.05108068883419037
1732437679567824890,0.05108068883419037
1732437679567824890,0.05108068883419037
1732437679578415606,0.05108068883419037
1732437679578415606,0.05108068883419037
1732437679589023650,0.05108068883419037
1732437679589023650,0.05108068883419037
1732437679599366540,0.05108068883419037
1732437679599366540,0.05108068883419037
1732437679610801721,0.05108068883419037
1732437679610801721,0.05108068883419037
1732437679621182081,0.05108068883419037
1732437679621182081,0.05108068883419037
1732437679631472904,0.05108068883419037
1732437679631472904,0.05108068883419037
1732437679642155353,0.05108068883419037
1732437679642155353,0.05108068883419037
1732437679652524697,0.04953476041555405
1732437679652524697,0.04953476041555405
1732437679662806273,0.04953476041555405
1732437679662806273,0.04953476041555405
1732437679672852072,0.04953476041555405
1732437679672852072,0.04953476041555405
1732437679683215231,0.04953476041555405
1732437679683215231,0.04953476041555405
1732437679693525671,0.04953476041555405
1732437679693525671,0.04953476041555405
1732437679703577517,0.04953476041555405
1732437679703577517,0.04953476041555405
1732437679714316667,0.04953476041555405
1732437679714316667,0.04953476041555405
1732437679724850533,0.04953476041555405
1732437679724850533,0.04953476041555405
1732437679735506336,0.04953476041555405
1732437679735506336,0.04953476041555405
1732437679745972565,0.04959115758538246
1732437679745972565,0.04959115758538246
1732437679756395355,0.04959115758538246
1732437679756395355,0.04959115758538246
1732437679766842506,0.04959115758538246
1732437679766842506,0.04959115758538246
1732437679777067678,0.04959115758538246
1732437679777067678,0.04959115758538246
1732437679787203063,0.04959115758538246
1732437679787203063,0.04959115758538246
1732437679797659999,0.04959115758538246
1732437679797659999,0.04959115758538246
1732437679807791045,0.04959115758538246
1732437679807791045,0.04959115758538246
1732437679817916512,0.04959115758538246
1732437679817916512,0.04959115758538246
1732437679828112286,0.04959115758538246
1732437679828112286,0.04959115758538246
1732437679838496216,0.04959115758538246
1732437679838496216,0.04959115758538246
1732437679849087510,0.04869406297802925
1732437679849087510,0.04869406297802925
1732437679859213867,0.04869406297802925
1732437679859213867,0.04869406297802925
1732437679869755488,0.04869406297802925
1732437679869755488,0.04869406297802925
1732437679880043907,0.04869406297802925
1732437679880043907,0.04869406297802925
1732437679890408214,0.04869406297802925
1732437679890408214,0.04869406297802925
1732437679900719058,0.04869406297802925
1732437679900719058,0.04869406297802925
1732437679913970234,0.04869406297802925
1732437679913970234,0.04869406297802925
1732437679924536220,0.04869406297802925
1732437679924536220,0.04869406297802925
1732437679935108687,0.04869406297802925
1732437679935108687,0.04869406297802925
1732437679945573434,0.04885778948664665
1732437679945573434,0.04885778948664665
1732437679955710593,0.04885778948664665
1732437679955710593,0.04885778948664665
1732437679966037234,0.04885778948664665
1732437679966037234,0.04885778948664665
1732437679976575737,0.04885778948664665
1732437679976575737,0.04885778948664665
1732437679987467669,0.04885778948664665
1732437679987467669,0.04885778948664665
1732437679997779331,0.04885778948664665
1732437679997779331,0.04885778948664665
1732437680008252905,0.04885778948664665
1732437680008252905,0.04885778948664665
1732437680018755623,0.04885778948664665
1732437680018755623,0.04885778948664665
1732437680029052047,0.04885778948664665
1732437680029052047,0.04885778948664665
1732437680039617201,0.04885778948664665
1732437680039617201,0.04885778948664665
1732437680049864243,0.0484648272395134
1732437680049864243,0.0484648272395134
1732437680060253729,0.0484648272395134
1732437680060253729,0.0484648272395134
1732437680070780683,0.0484648272395134
1732437680070780683,0.0484648272395134
1732437680080928202,0.0484648272395134
1732437680080928202,0.0484648272395134
1732437680091226649,0.0484648272395134
1732437680091226649,0.0484648272395134
1732437680101606769,0.0484648272395134
1732437680101606769,0.0484648272395134
1732437680112140645,0.0484648272395134
1732437680112140645,0.0484648272395134
1732437680122455680,0.0484648272395134
1732437680122455680,0.0484648272395134
1732437680132816487,0.0484648272395134
1732437680132816487,0.0484648272395134
1732437680143399104,0.0484648272395134
1732437680143399104,0.0484648272395134
1732437680153551862,0.047799497842788696
1732437680153551862,0.047799497842788696
1732437680163682509,0.047799497842788696
1732437680163682509,0.047799497842788696
1732437680173933358,0.047799497842788696
1732437680173933358,0.047799497842788696
1732437680184163259,0.047799497842788696
1732437680184163259,0.047799497842788696
1732437680194846108,0.047799497842788696
1732437680194846108,0.047799497842788696
1732437680205211095,0.047799497842788696
1732437680205211095,0.047799497842788696
1732437680215680671,0.047799497842788696
1732437680215680671,0.047799497842788696
1732437680227584381,0.047799497842788696
1732437680227584381,0.047799497842788696
1732437680237938009,0.047799497842788696
1732437680237938009,0.047799497842788696
1732437680248308375,0.04871906340122223
1732437680248308375,0.04871906340122223
1732437680258804461,0.04871906340122223
1732437680258804461,0.04871906340122223
1732437680269031576,0.04871906340122223
1732437680269031576,0.04871906340122223
1732437680279490893,0.04871906340122223
1732437680279490893,0.04871906340122223
1732437680289934481,0.04871906340122223
1732437680289934481,0.04871906340122223
1732437680300262294,0.04871906340122223
1732437680300262294,0.04871906340122223
1732437680310920311,0.04871906340122223
1732437680310920311,0.04871906340122223
1732437680321186639,0.04871906340122223
1732437680321186639,0.04871906340122223
1732437680331345618,0.04871906340122223
1732437680331345618,0.04871906340122223
1732437680342050201,0.04871906340122223
1732437680342050201,0.04832640662789345
1732437680352498158,0.04832640662789345
1732437680352498158,0.04832640662789345
1732437680362937024,0.04832640662789345
1732437680362937024,0.04832640662789345
1732437680373257396,0.04832640662789345
1732437680373257396,0.04832640662789345
1732437680383694001,0.04832640662789345
1732437680383694001,0.04832640662789345
1732437680393995451,0.04832640662789345
1732437680393995451,0.04832640662789345
1732437680404354255,0.04832640662789345
1732437680404354255,0.04832640662789345
1732437680414818842,0.04832640662789345
1732437680414818842,0.04832640662789345
1732437680425189321,0.04832640662789345
1732437680425189321,0.04832640662789345
1732437680435457206,0.04832640662789345
1732437680435457206,0.04832640662789345
1732437680445942331,0.04816977307200432
1732437680445942331,0.04816977307200432
1732437680456552249,0.04816977307200432
1732437680456552249,0.04816977307200432
1732437680467055237,0.04816977307200432
1732437680467055237,0.04816977307200432
1732437680477254681,0.04816977307200432
1732437680477254681,0.04816977307200432
1732437680487420823,0.04816977307200432
1732437680487420823,0.04816977307200432
1732437680497772120,0.04816977307200432
1732437680497772120,0.04816977307200432
1732437680508213384,0.04816977307200432
1732437680508213384,0.04816977307200432
1732437680518641854,0.04816977307200432
1732437680518641854,0.04816977307200432
1732437680528958225,0.04816977307200432
1732437680528958225,0.04816977307200432
1732437680539197313,0.04816977307200432
1732437680539197313,0.04816977307200432
1732437680549592531,0.04736922308802605
1732437680549592531,0.04736922308802605
1732437680559902812,0.04736922308802605
1732437680559902812,0.04736922308802605
1732437680570284175,0.04736922308802605
1732437680570284175,0.04736922308802605
1732437680580638967,0.04736922308802605
1732437680580638967,0.04736922308802605
1732437680591536268,0.04736922308802605
1732437680591536268,0.04736922308802605
1732437680601777296,0.04736922308802605
1732437680601777296,0.04736922308802605
1732437680612111045,0.04736922308802605
1732437680612111045,0.04736922308802605
1732437680622886480,0.04736922308802605
1732437680622886480,0.04736922308802605
1732437680633426888,0.04736922308802605
1732437680633426888,0.04736922308802605
1732437680643626842,0.04823257401585579
1732437680643626842,0.04823257401585579
1732437680654280250,0.04823257401585579
1732437680654280250,0.04823257401585579
1732437680665139899,0.04823257401585579
1732437680665139899,0.04823257401585579
1732437680675537782,0.04823257401585579
1732437680675537782,0.04823257401585579
1732437680685925950,0.04823257401585579
1732437680685925950,0.04823257401585579
1732437680696459866,0.04823257401585579
1732437680696459866,0.04823257401585579
1732437680706701298,0.04823257401585579
1732437680706701298,0.04823257401585579
1732437680717105584,0.04823257401585579
1732437680717105584,0.04823257401585579
1732437680728200962,0.04823257401585579
1732437680728200962,0.04823257401585579
1732437680738666902,0.04823257401585579
1732437680738666902,0.04823257401585579
1732437680749277380,0.04733826220035553
1732437680749277380,0.04733826220035553
1732437680759812859,0.04733826220035553
1732437680759812859,0.04733826220035553
1732437680770242411,0.04733826220035553
1732437680770242411,0.04733826220035553
1732437680780679346,0.04733826220035553
1732437680780679346,0.04733826220035553
1732437680790838713,0.04733826220035553
1732437680790838713,0.04733826220035553
1732437680800980319,0.04733826220035553
1732437680800980319,0.04733826220035553
1732437680811448788,0.04733826220035553
1732437680811448788,0.04733826220035553
1732437680821700570,0.04733826220035553
1732437680821700570,0.04733826220035553
1732437680832358225,0.04733826220035553
1732437680832358225,0.04733826220035553
1732437680843002455,0.0486932173371315
1732437680843002455,0.0486932173371315
1732437680853630553,0.0486932173371315
1732437680853630553,0.0486932173371315
1732437680864296518,0.0486932173371315
1732437680864296518,0.0486932173371315
1732437680874737392,0.0486932173371315
1732437680874737392,0.0486932173371315
1732437680885495845,0.0486932173371315
1732437680885495845,0.0486932173371315
1732437680895832634,0.0486932173371315
1732437680895832634,0.0486932173371315
1732437680906782513,0.0486932173371315
1732437680906782513,0.0486932173371315
1732437680916996435,0.0486932173371315
1732437680916996435,0.0486932173371315
1732437680927453158,0.0486932173371315
1732437680927453158,0.0486932173371315
1732437680937664112,0.0486932173371315
1732437680937664112,0.0486932173371315
1732437680947920984,0.047245949506759644
1732437680947920984,0.047245949506759644
1732437680958205376,0.047245949506759644
1732437680958205376,0.047245949506759644
1732437680968391195,0.047245949506759644
1732437680968391195,0.047245949506759644
1732437680978911196,0.047245949506759644
1732437680978911196,0.047245949506759644
1732437680989157386,0.047245949506759644
1732437680989157386,0.047245949506759644
1732437680999526105,0.047245949506759644
1732437680999526105,0.047245949506759644
1732437681009984631,0.047245949506759644
1732437681009984631,0.047245949506759644
1732437681020498410,0.047245949506759644
1732437681020498410,0.047245949506759644
1732437681030913083,0.047245949506759644
1732437681030913083,0.047245949506759644
1732437681041244573,0.047245949506759644
1732437681041244573,0.047245949506759644
1732437681051571344,0.04816538095474243
1732437681051571344,0.04816538095474243
1732437681062122673,0.04816538095474243
1732437681062122673,0.04816538095474243
1732437681072629358,0.04816538095474243
1732437681072629358,0.04816538095474243
1732437681082879045,0.04816538095474243
1732437681082879045,0.04816538095474243
1732437681093405938,0.04816538095474243
1732437681093405938,0.04816538095474243
1732437681103939172,0.04816538095474243
1732437681103939172,0.04816538095474243
1732437681114261886,0.04816538095474243
1732437681114261886,0.04816538095474243
1732437681124462022,0.04816538095474243
1732437681124462022,0.04816538095474243
1732437681135051251,0.04816538095474243
1732437681135051251,0.04816538095474243
1732437681145116457,0.04723241925239563
1732437681145116457,0.04723241925239563
1732437681155420575,0.04723241925239563
1732437681155420575,0.04723241925239563
1732437681165773923,0.04723241925239563
1732437681165773923,0.04723241925239563
1732437681176169495,0.04723241925239563
1732437681176169495,0.04723241925239563
1732437681186920134,0.04723241925239563
1732437681186920134,0.04723241925239563
1732437681196983897,0.04723241925239563
1732437681196983897,0.04723241925239563
1732437681207121486,0.04723241925239563
1732437681207121486,0.04723241925239563
1732437681217623843,0.04723241925239563
1732437681217623843,0.04723241925239563
1732437681227960970,0.04723241925239563
1732437681227960970,0.04723241925239563
1732437681238204199,0.04723241925239563
1732437681238204199,0.04723241925239563
1732437681248437486,0.04766825586557388
1732437681248437486,0.04766825586557388
1732437681258819460,0.04766825586557388
1732437681258819460,0.04766825586557388
1732437681269237450,0.04766825586557388
1732437681269237450,0.04766825586557388
1732437681279429892,0.04766825586557388
1732437681279429892,0.04766825586557388
1732437681290187965,0.04766825586557388
1732437681290187965,0.04766825586557388
1732437681300626072,0.04766825586557388
1732437681300626072,0.04766825586557388
1732437681311045175,0.04766825586557388
1732437681311045175,0.04766825586557388
1732437681321241335,0.04766825586557388
1732437681321241335,0.04766825586557388
1732437681331769556,0.04766825586557388
1732437681331769556,0.04766825586557388
1732437681342601269,0.04766825586557388
1732437681342601269,0.04766825586557388
1732437681353269863,0.0483865961432457
1732437681353269863,0.0483865961432457
1732437681363557474,0.0483865961432457
1732437681363557474,0.0483865961432457
1732437681374040115,0.0483865961432457
1732437681374040115,0.0483865961432457
1732437681384556218,0.0483865961432457
1732437681384556218,0.0483865961432457
1732437681395007550,0.0483865961432457
1732437681395007550,0.0483865961432457
1732437681405070678,0.0483865961432457
1732437681405070678,0.0483865961432457
1732437681415669969,0.0483865961432457
1732437681415669969,0.0483865961432457
1732437681426267651,0.0483865961432457
1732437681426267651,0.0483865961432457
1732437681437434593,0.0483865961432457
1732437681437434593,0.0483865961432457
1732437681447687309,0.0483158603310585
1732437681447687309,0.0483158603310585
1732437681457993743,0.0483158603310585
1732437681457993743,0.0483158603310585
1732437681468441750,0.0483158603310585
1732437681468441750,0.0483158603310585
1732437681478980835,0.0483158603310585
1732437681478980835,0.0483158603310585
1732437681489331059,0.0483158603310585
1732437681489331059,0.0483158603310585
1732437681499748579,0.0483158603310585
1732437681499748579,0.0483158603310585
1732437681510154037,0.0483158603310585
1732437681510154037,0.0483158603310585
1732437681520961811,0.0483158603310585
1732437681520961811,0.0483158603310585
1732437681531421921,0.0483158603310585
1732437681531421921,0.0483158603310585
1732437681542180725,0.0483158603310585
1732437681542180725,0.0483158603310585
1732437681552827740,0.04797966778278351
1732437681552827740,0.04797966778278351
1732437681563019521,0.04797966778278351
1732437681563019521,0.04797966778278351
1732437681573571822,0.04797966778278351
1732437681573571822,0.04797966778278351
1732437681583912829,0.04797966778278351
1732437681583912829,0.04797966778278351
1732437681594088119,0.04797966778278351
1732437681594088119,0.04797966778278351
1732437681604472498,0.04797966778278351
1732437681604472498,0.04797966778278351
1732437681614823964,0.04797966778278351
1732437681614823964,0.04797966778278351
1732437681625236991,0.04797966778278351
1732437681625236991,0.04797966778278351
1732437681635676836,0.04797966778278351
1732437681635676836,0.04797966778278351
1732437681646034826,0.04776354134082794
1732437681646034826,0.04776354134082794
1732437681656563538,0.04776354134082794
1732437681656563538,0.04776354134082794
1732437681667144795,0.04776354134082794
1732437681667144795,0.04776354134082794
1732437681677285039,0.04776354134082794
1732437681677285039,0.04776354134082794
1732437681687560505,0.04776354134082794
1732437681687560505,0.04776354134082794
1732437681697672768,0.04776354134082794
1732437681697672768,0.04776354134082794
1732437681707919389,0.04776354134082794
1732437681707919389,0.04776354134082794
1732437681718453546,0.04776354134082794
1732437681718453546,0.04776354134082794
1732437681729009153,0.04776354134082794
1732437681729009153,0.04776354134082794
1732437681739166666,0.04776354134082794
1732437681739166666,0.04776354134082794
1732437681749219200,0.0473911352455616
1732437681749219200,0.0473911352455616
1732437681759380314,0.0473911352455616
1732437681759380314,0.0473911352455616
1732437681769602621,0.0473911352455616
1732437681769602621,0.0473911352455616
1732437681780010242,0.0473911352455616
1732437681780010242,0.0473911352455616
1732437681790396975,0.0473911352455616
1732437681790396975,0.0473911352455616
1732437681800908249,0.0473911352455616
1732437681800908249,0.0473911352455616
1732437681811415686,0.0473911352455616
1732437681811415686,0.0473911352455616
1732437681821692865,0.0473911352455616
1732437681821692865,0.0473911352455616
1732437681832345342,0.0473911352455616
1732437681832345342,0.0473911352455616
1732437681842399867,0.0473911352455616
1732437681842399867,0.0473911352455616
1732437681852753617,0.04875039681792259
1732437681852753617,0.04875039681792259
1732437681863143433,0.04875039681792259
1732437681863143433,0.04875039681792259
1732437681873478511,0.04875039681792259
1732437681873478511,0.04875039681792259
1732437681883760250,0.04875039681792259
1732437681883760250,0.04875039681792259
1732437681894307611,0.04875039681792259
1732437681894307611,0.04875039681792259
1732437681904578648,0.04875039681792259
1732437681904578648,0.04875039681792259
1732437681915043967,0.04875039681792259
1732437681915043967,0.04875039681792259
1732437681925378122,0.04875039681792259
1732437681925378122,0.04875039681792259
1732437681935499851,0.04875039681792259
1732437681935499851,0.04875039681792259
1732437681946082999,0.0485348217189312
1732437681946082999,0.0485348217189312
1732437681956464492,0.0485348217189312
1732437681956464492,0.0485348217189312
1732437681966709648,0.0485348217189312
1732437681966709648,0.0485348217189312
1732437681977204484,0.0485348217189312
1732437681977204484,0.0485348217189312
1732437681987762916,0.0485348217189312
1732437681987762916,0.0485348217189312
1732437681998046778,0.0485348217189312
1732437681998046778,0.0485348217189312
1732437682008419383,0.0485348217189312
1732437682008419383,0.0485348217189312
1732437682018795137,0.0485348217189312
1732437682018795137,0.0485348217189312
1732437682029230660,0.0485348217189312
1732437682029230660,0.0485348217189312
1732437682039447947,0.0485348217189312
1732437682039447947,0.0485348217189312
1732437682049726148,0.04909394308924675
1732437682049726148,0.04909394308924675
1732437682059896198,0.04909394308924675
1732437682059896198,0.04909394308924675
1732437682070312626,0.04909394308924675
1732437682070312626,0.04909394308924675
1732437682081207478,0.04909394308924675
1732437682081207478,0.04909394308924675
1732437682091388782,0.04909394308924675
1732437682091388782,0.04909394308924675
1732437682101886059,0.04909394308924675
1732437682101886059,0.04909394308924675
1732437682112207528,0.04909394308924675
1732437682112207528,0.04909394308924675
1732437682122638496,0.04909394308924675
1732437682122638496,0.04909394308924675
1732437682133148268,0.04909394308924675
1732437682133148268,0.04909394308924675
1732437682143445845,0.04909394308924675
1732437682143445845,0.04909394308924675
1732437682153843818,0.04909394308924675
1732437682153843818,0.04909394308924675
1732437682164521071,0.048668909817934036
1732437682164521071,0.048668909817934036
1732437682175196767,0.048668909817934036
1732437682175196767,0.048668909817934036
1732437682185734703,0.048668909817934036
1732437682185734703,0.048668909817934036
1732437682195978361,0.048668909817934036
1732437682195978361,0.048668909817934036
1732437682206365665,0.048668909817934036
1732437682206365665,0.048668909817934036
1732437682216807300,0.048668909817934036
1732437682216807300,0.048668909817934036
1732437682227025689,0.048668909817934036
1732437682227025689,0.048668909817934036
1732437682237190736,0.048668909817934036
1732437682237190736,0.048668909817934036
1732437682247652021,0.048999395221471786
1732437682247652021,0.048999395221471786
1732437682258032041,0.048999395221471786
1732437682258032041,0.048999395221471786
1732437682268804670,0.048999395221471786
1732437682268804670,0.048999395221471786
1732437682279238380,0.048999395221471786
1732437682279238380,0.048999395221471786
1732437682289488679,0.048999395221471786
1732437682289488679,0.048999395221471786
1732437682299670492,0.048999395221471786
1732437682299670492,0.048999395221471786
1732437682312319796,0.048999395221471786
1732437682312319796,0.048999395221471786
1732437682322836193,0.048999395221471786
1732437682322836193,0.048999395221471786
1732437682333184485,0.048999395221471786
1732437682333184485,0.048999395221471786
1732437682343314320,0.045749079436063766
1732437682343314320,0.045749079436063766
1732437682353418634,0.045749079436063766
1732437682353418634,0.045749079436063766
1732437682363632576,0.045749079436063766
1732437682363632576,0.045749079436063766
1732437682374130869,0.045749079436063766
1732437682374130869,0.045749079436063766
1732437682384854687,0.045749079436063766
1732437682384854687,0.045749079436063766
1732437682395229635,0.045749079436063766
1732437682395229635,0.045749079436063766
1732437682405584102,0.045749079436063766
1732437682405584102,0.045749079436063766
1732437682415957029,0.045749079436063766
1732437682415957029,0.045749079436063766
1732437682426459847,0.045749079436063766
1732437682426459847,0.045749079436063766
1732437682436639314,0.045749079436063766
1732437682436639314,0.045749079436063766
1732437682446908725,0.0459132120013237
1732437682446908725,0.0459132120013237
1732437682457183995,0.0459132120013237
1732437682457183995,0.0459132120013237
1732437682467929844,0.0459132120013237
1732437682467929844,0.0459132120013237
1732437682478440056,0.0459132120013237
1732437682478440056,0.0459132120013237
1732437682488702488,0.0459132120013237
1732437682488702488,0.0459132120013237
1732437682499297218,0.0459132120013237
1732437682499297218,0.0459132120013237
1732437682509857453,0.0459132120013237
1732437682509857453,0.0459132120013237
1732437682520519653,0.0459132120013237
1732437682520519653,0.0459132120013237
1732437682531382715,0.0459132120013237
1732437682531382715,0.0459132120013237
1732437682542371547,0.0459132120013237
1732437682542371547,0.0459132120013237
1732437682552779578,0.04631844907999039
1732437682552779578,0.04631844907999039
1732437682563363208,0.04631844907999039
1732437682563363208,0.04631844907999039
1732437682573453746,0.04631844907999039
1732437682573453746,0.04631844907999039
1732437682584192596,0.04631844907999039
1732437682584192596,0.04631844907999039
1732437682594442345,0.04631844907999039
1732437682594442345,0.04631844907999039
1732437682604492361,0.04631844907999039
1732437682604492361,0.04631844907999039
1732437682615100075,0.04631844907999039
1732437682615100075,0.04631844907999039
1732437682625224898,0.04631844907999039
1732437682625224898,0.04631844907999039
1732437682636391599,0.04631844907999039
1732437682636391599,0.04631844907999039
1732437682646577112,0.045237623155117035
1732437682646577112,0.045237623155117035
1732437682657062153,0.045237623155117035
1732437682657062153,0.045237623155117035
1732437682667467764,0.045237623155117035
1732437682667467764,0.045237623155117035
1732437682677790748,0.045237623155117035
1732437682677790748,0.045237623155117035
1732437682688090400,0.045237623155117035
1732437682688090400,0.045237623155117035
1732437682698523619,0.045237623155117035
1732437682698523619,0.045237623155117035
1732437682708930175,0.045237623155117035
1732437682708930175,0.045237623155117035
1732437682719295190,0.045237623155117035
1732437682719295190,0.045237623155117035
1732437682729629956,0.045237623155117035
1732437682729629956,0.045237623155117035
1732437682739762617,0.045237623155117035
1732437682739762617,0.045237623155117035
1732437682749929482,0.04404659941792488
1732437682749929482,0.04404659941792488
1732437682760221508,0.04404659941792488
1732437682760221508,0.04404659941792488
1732437682770541256,0.04404659941792488
1732437682770541256,0.04404659941792488
1732437682781180328,0.04404659941792488
1732437682781180328,0.04404659941792488
1732437682791804442,0.04404659941792488
1732437682791804442,0.04404659941792488
1732437682802241849,0.04404659941792488
1732437682802241849,0.04404659941792488
1732437682812790061,0.04404659941792488
1732437682812790061,0.04404659941792488
1732437682823075506,0.04404659941792488
1732437682823075506,0.04404659941792488
1732437682834052025,0.04404659941792488
1732437682834052025,0.04404659941792488
1732437682844395476,0.0435328409075737
1732437682844395476,0.0435328409075737
1732437682854624172,0.0435328409075737
1732437682854624172,0.0435328409075737
1732437682865056474,0.0435328409075737
1732437682865056474,0.0435328409075737
1732437682875289722,0.0435328409075737
1732437682875289722,0.0435328409075737
1732437682886215362,0.0435328409075737
1732437682886215362,0.0435328409075737
1732437682896758108,0.0435328409075737
1732437682896758108,0.0435328409075737
1732437682907337218,0.0435328409075737
1732437682907337218,0.0435328409075737
1732437682918000315,0.0435328409075737
1732437682918000315,0.0435328409075737
1732437682928196222,0.0435328409075737
1732437682928196222,0.0435328409075737
1732437682938887588,0.0435328409075737
1732437682938887588,0.0435328409075737
1732437682949407341,0.042674437165260315
1732437682949407341,0.042674437165260315
1732437682959578813,0.042674437165260315
1732437682959578813,0.042674437165260315
1732437682969762870,0.042674437165260315
1732437682969762870,0.042674437165260315
1732437682980223029,0.042674437165260315
1732437682980223029,0.042674437165260315
1732437682990397975,0.042674437165260315
1732437682990397975,0.042674437165260315
1732437683000698277,0.042674437165260315
1732437683000698277,0.042674437165260315
1732437683011080033,0.042674437165260315
1732437683011080033,0.042674437165260315
1732437683021328215,0.042674437165260315
1732437683021328215,0.042674437165260315
1732437683031454848,0.042674437165260315
1732437683031454848,0.042674437165260315
1732437683041776910,0.042674437165260315
1732437683041776910,0.042674437165260315
1732437683052009666,0.042803190648555756
1732437683052009666,0.042803190648555756
1732437683062654248,0.042803190648555756
1732437683062654248,0.042803190648555756
1732437683072950483,0.042803190648555756
1732437683072950483,0.042803190648555756
1732437683083524785,0.042803190648555756
1732437683083524785,0.042803190648555756
1732437683093876082,0.042803190648555756
1732437683093876082,0.042803190648555756
1732437683104543305,0.042803190648555756
1732437683104543305,0.042803190648555756
1732437683115065809,0.042803190648555756
1732437683115065809,0.042803190648555756
1732437683125767919,0.042803190648555756
1732437683125767919,0.042803190648555756
1732437683136207591,0.042803190648555756
1732437683136207591,0.042803190648555756
1732437683146664354,0.041781969368457794
1732437683146664354,0.041781969368457794
1732437683156792766,0.041781969368457794
1732437683156792766,0.041781969368457794
1732437683167825751,0.041781969368457794
1732437683167825751,0.041781969368457794
1732437683178009876,0.041781969368457794
1732437683178009876,0.041781969368457794
1732437683188626256,0.041781969368457794
1732437683188626256,0.041781969368457794
1732437683199367397,0.041781969368457794
1732437683199367397,0.041781969368457794
1732437683209633356,0.041781969368457794
1732437683209633356,0.041781969368457794
1732437683219890979,0.041781969368457794
1732437683219890979,0.041781969368457794
1732437683230234992,0.041781969368457794
1732437683230234992,0.041781969368457794
1732437683240398741,0.041781969368457794
1732437683240398741,0.041781969368457794
1732437683251213730,0.041317909955978394
1732437683251213730,0.041317909955978394
1732437683261614859,0.041317909955978394
1732437683261614859,0.041317909955978394
1732437683271756927,0.041317909955978394
1732437683271756927,0.041317909955978394
1732437683282407630,0.041317909955978394
1732437683282407630,0.041317909955978394
1732437683292567722,0.041317909955978394
1732437683292567722,0.041317909955978394
1732437683302982959,0.041317909955978394
1732437683302982959,0.041317909955978394
1732437683313752903,0.041317909955978394
1732437683313752903,0.041317909955978394
1732437683324291509,0.041317909955978394
1732437683324291509,0.041317909955978394
1732437683334928246,0.041317909955978394
1732437683334928246,0.041317909955978394
1732437683345167945,0.04007859528064728
1732437683345167945,0.04007859528064728
1732437683355559206,0.04007859528064728
1732437683355559206,0.04007859528064728
1732437683365979001,0.04007859528064728
1732437683365979001,0.04007859528064728
1732437683376277660,0.04007859528064728
1732437683376277660,0.04007859528064728
1732437683386441258,0.04007859528064728
1732437683386441258,0.04007859528064728
1732437683396979822,0.04007859528064728
1732437683396979822,0.04007859528064728
1732437683407298489,0.04007859528064728
1732437683407298489,0.04007859528064728
1732437683417976573,0.04007859528064728
1732437683417976573,0.04007859528064728
1732437683428491405,0.04007859528064728
1732437683428491405,0.04007859528064728
1732437683438862999,0.04007859528064728
1732437683438862999,0.04007859528064728
1732437683449437191,0.03993670269846916
1732437683449437191,0.03993670269846916
1732437683459896919,0.03993670269846916
1732437683459896919,0.03993670269846916
1732437683469991464,0.03993670269846916
1732437683469991464,0.03993670269846916
1732437683480367370,0.03993670269846916
1732437683480367370,0.03993670269846916
1732437683491061946,0.03993670269846916
1732437683491061946,0.03993670269846916
1732437683501347120,0.03993670269846916
1732437683501347120,0.03993670269846916
1732437683512432350,0.03993670269846916
1732437683512432350,0.03993670269846916
1732437683523087893,0.03993670269846916
1732437683523087893,0.03993670269846916
1732437683533359972,0.03993670269846916
1732437683533359972,0.03993670269846916
1732437683543663561,0.03885876387357712
1732437683543663561,0.03885876387357712
1732437683554024967,0.03885876387357712
1732437683554024967,0.03885876387357712
1732437683564501868,0.03885876387357712
1732437683564501868,0.03885876387357712
1732437683574822967,0.03885876387357712
1732437683574822967,0.03885876387357712
1732437683585806700,0.03885876387357712
1732437683585806700,0.03885876387357712
1732437683596079090,0.03885876387357712
1732437683596079090,0.03885876387357712
1732437683606536866,0.03885876387357712
1732437683606536866,0.03885876387357712
1732437683616816670,0.03885876387357712
1732437683616816670,0.03885876387357712
1732437683627483493,0.03885876387357712
1732437683627483493,0.03885876387357712
1732437683638080247,0.03885876387357712
1732437683638080247,0.03885876387357712
1732437683648344692,0.03899034857749939
1732437683648344692,0.03899034857749939
1732437683658856286,0.03899034857749939
1732437683658856286,0.03899034857749939
1732437683669181665,0.03899034857749939
1732437683669181665,0.03899034857749939
1732437683679601670,0.03899034857749939
1732437683679601670,0.03899034857749939
1732437683690036772,0.03899034857749939
1732437683690036772,0.03899034857749939
1732437683700470131,0.03899034857749939
1732437683700470131,0.03899034857749939
1732437683710679454,0.03899034857749939
1732437683710679454,0.03899034857749939
1732437683721018525,0.03899034857749939
1732437683721018525,0.03899034857749939
1732437683731205010,0.03899034857749939
1732437683731205010,0.03899034857749939
1732437683741845554,0.038188714534044266
1732437683741845554,0.038188714534044266
1732437683752210335,0.038188714534044266
1732437683752210335,0.038188714534044266
1732437683762771713,0.038188714534044266
1732437683762771713,0.038188714534044266
1732437683773306811,0.038188714534044266
1732437683773306811,0.038188714534044266
1732437683783670692,0.038188714534044266
1732437683783670692,0.038188714534044266
1732437683794268867,0.038188714534044266
1732437683794268867,0.038188714534044266
1732437683804396479,0.038188714534044266
1732437683804396479,0.038188714534044266
1732437683815020422,0.038188714534044266
1732437683815020422,0.038188714534044266
1732437683825172107,0.038188714534044266
1732437683825172107,0.038188714534044266
1732437683835425844,0.038188714534044266
1732437683835425844,0.038188714534044266
1732437683846005604,0.038026634603738785
1732437683846005604,0.038026634603738785
1732437683856404300,0.038026634603738785
1732437683856404300,0.038026634603738785
1732437683866556006,0.038026634603738785
1732437683866556006,0.038026634603738785
1732437683877081797,0.038026634603738785
1732437683877081797,0.038026634603738785
1732437683887484520,0.038026634603738785
1732437683887484520,0.038026634603738785
1732437683898010260,0.038026634603738785
1732437683898010260,0.038026634603738785
1732437683908447999,0.038026634603738785
1732437683908447999,0.038026634603738785
1732437683919195141,0.038026634603738785
1732437683919195141,0.038026634603738785
1732437683929824224,0.038026634603738785
1732437683929824224,0.038026634603738785
1732437683940057651,0.038026634603738785
1732437683940057651,0.038026634603738785
1732437683950390383,0.03786597028374672
1732437683950390383,0.03786597028374672
1732437683961046757,0.03786597028374672
1732437683961046757,0.03786597028374672
1732437683971656782,0.03786597028374672
1732437683971656782,0.03786597028374672
1732437683981996110,0.03786597028374672
1732437683981996110,0.03786597028374672
1732437683992349822,0.03786597028374672
1732437683992349822,0.03786597028374672
1732437684002730623,0.03786597028374672
1732437684002730623,0.03786597028374672
1732437684012868770,0.03786597028374672
1732437684012868770,0.03786597028374672
1732437684023104777,0.03786597028374672
1732437684023104777,0.03786597028374672
1732437684033256884,0.03786597028374672
1732437684033256884,0.03786597028374672
1732437684043440439,0.03723861649632454
1732437684043440439,0.03723861649632454
1732437684053792808,0.03723861649632454
1732437684053792808,0.03723861649632454
1732437684064262521,0.03723861649632454
1732437684064262521,0.03723861649632454
1732437684074608342,0.03723861649632454
1732437684074608342,0.03723861649632454
1732437684084873618,0.03723861649632454
1732437684084873618,0.03723861649632454
1732437684095158021,0.03723861649632454
1732437684095158021,0.03723861649632454
1732437684105575869,0.03723861649632454
1732437684105575869,0.03723861649632454
1732437684116317425,0.03723861649632454
1732437684116317425,0.03723861649632454
1732437684126942491,0.03723861649632454
1732437684126942491,0.03723861649632454
1732437684137051748,0.03723861649632454
1732437684137051748,0.03723861649632454
1732437684147479506,0.03691193461418152
1732437684147479506,0.03691193461418152
1732437684157644689,0.03691193461418152
1732437684157644689,0.03691193461418152
1732437684168224480,0.03691193461418152
1732437684168224480,0.03691193461418152
1732437684178747105,0.03691193461418152
1732437684178747105,0.03691193461418152
1732437684188906866,0.03691193461418152
1732437684188906866,0.03691193461418152
1732437684199724881,0.03691193461418152
1732437684199724881,0.03691193461418152
1732437684210085455,0.03691193461418152
1732437684210085455,0.03691193461418152
1732437684220531415,0.03691193461418152
1732437684220531415,0.03691193461418152
1732437684230704896,0.03691193461418152
1732437684230704896,0.03691193461418152
1732437684241101046,0.03691193461418152
1732437684241101046,0.03691193461418152
1732437684251503017,0.038134872913360596
1732437684251503017,0.038134872913360596
1732437684261747315,0.038134872913360596
1732437684261747315,0.038134872913360596
1732437684272097108,0.038134872913360596
1732437684272097108,0.038134872913360596
1732437684282561496,0.038134872913360596
1732437684282561496,0.038134872913360596
1732437684293045045,0.038134872913360596
1732437684293045045,0.038134872913360596
1732437684303352785,0.038134872913360596
1732437684303352785,0.038134872913360596
1732437684313898283,0.038134872913360596
1732437684313898283,0.038134872913360596
1732437684324222239,0.038134872913360596
1732437684324222239,0.038134872913360596
1732437684334427455,0.038134872913360596
1732437684334427455,0.038134872913360596
1732437684344574051,0.03754503279924393
1732437684344574051,0.03754503279924393
1732437684354716762,0.03754503279924393
1732437684354716762,0.03754503279924393
1732437684365157451,0.03754503279924393
1732437684365157451,0.03754503279924393
1732437684375300585,0.03754503279924393
1732437684375300585,0.03754503279924393
1732437684385705421,0.03754503279924393
1732437684385705421,0.03754503279924393
1732437684396169547,0.03754503279924393
1732437684396169547,0.03754503279924393
1732437684406338296,0.03754503279924393
1732437684406338296,0.03754503279924393
1732437684416931862,0.03754503279924393
1732437684416931862,0.03754503279924393
1732437684427150250,0.03754503279924393
1732437684427150250,0.03754503279924393
1732437684437519470,0.03754503279924393
1732437684437519470,0.03754503279924393
1732437684447804618,0.037343256175518036
1732437684447804618,0.037343256175518036
1732437684458380943,0.037343256175518036
1732437684458380943,0.037343256175518036
1732437684468577543,0.037343256175518036
1732437684468577543,0.037343256175518036
1732437684479422578,0.037343256175518036
1732437684479422578,0.037343256175518036
1732437684489722639,0.037343256175518036
1732437684489722639,0.037343256175518036
1732437684500461908,0.037343256175518036
1732437684500461908,0.037343256175518036
1732437684510672002,0.037343256175518036
1732437684510672002,0.037343256175518036
1732437684520989285,0.037343256175518036
1732437684520989285,0.037343256175518036
1732437684531192578,0.037343256175518036
1732437684531192578,0.037343256175518036
1732437684541512146,0.037343256175518036
1732437684541512146,0.037343256175518036
1732437684551754801,0.03704947605729103
1732437684551754801,0.03704947605729103
1732437684561898452,0.03704947605729103
1732437684561898452,0.03704947605729103
1732437684572416680,0.03704947605729103
1732437684572416680,0.03704947605729103
1732437684583117577,0.03704947605729103
1732437684583117577,0.03704947605729103
1732437684593364480,0.03704947605729103
1732437684593364480,0.03704947605729103
1732437684604029050,0.03704947605729103
1732437684604029050,0.03704947605729103
1732437684614558257,0.03704947605729103
1732437684614558257,0.03704947605729103
1732437684625058282,0.03704947605729103
1732437684625058282,0.03704947605729103
1732437684635574414,0.03704947605729103
1732437684635574414,0.03704947605729103
1732437684645762347,0.03693757578730583
1732437684645762347,0.03693757578730583
1732437684655962504,0.03693757578730583
1732437684655962504,0.03693757578730583
1732437684666406734,0.03693757578730583
1732437684666406734,0.03693757578730583
1732437684676858878,0.03693757578730583
1732437684676858878,0.03693757578730583
1732437684687297658,0.03693757578730583
1732437684687297658,0.03693757578730583
1732437684697494234,0.03693757578730583
1732437684697494234,0.03693757578730583
1732437684709676288,0.03693757578730583
1732437684709676288,0.03693757578730583
1732437684720068261,0.03693757578730583
1732437684720068261,0.03693757578730583
1732437684730280730,0.03693757578730583
1732437684730280730,0.03693757578730583
1732437684740693576,0.03693757578730583
1732437684740693576,0.03693757578730583
1732437684750956003,0.03701638802886009
1732437684750956003,0.03701638802886009
1732437684761593562,0.03701638802886009
1732437684761593562,0.03701638802886009
1732437684771967942,0.03701638802886009
1732437684771967942,0.03701638802886009
1732437684782854564,0.03701638802886009
1732437684782854564,0.03701638802886009
1732437684794109811,0.03701638802886009
1732437684794109811,0.03701638802886009
1732437684804336607,0.03701638802886009
1732437684804336607,0.03701638802886009
1732437684814699044,0.03701638802886009
1732437684814699044,0.03701638802886009
1732437684826646067,0.03701638802886009
1732437684826646067,0.03701638802886009
1732437684837122245,0.03701638802886009
1732437684837122245,0.03701638802886009
1732437684847698982,0.036826156079769135
1732437684847698982,0.036826156079769135
1732437684858218211,0.036826156079769135
1732437684858218211,0.036826156079769135
1732437684868630761,0.036826156079769135
1732437684868630761,0.036826156079769135
1732437684878785964,0.036826156079769135
1732437684878785964,0.036826156079769135
1732437684889213263,0.036826156079769135
1732437684889213263,0.036826156079769135
1732437684899426784,0.036826156079769135
1732437684899426784,0.036826156079769135
1732437684909545899,0.036826156079769135
1732437684909545899,0.036826156079769135
1732437684919839439,0.036826156079769135
1732437684919839439,0.036826156079769135
1732437684930037110,0.036826156079769135
1732437684930037110,0.036826156079769135
1732437684940371375,0.036826156079769135
1732437684940371375,0.036826156079769135
1732437684950543540,0.03768082708120346
1732437684950543540,0.03768082708120346
1732437684961199960,0.03768082708120346
1732437684961199960,0.03768082708120346
1732437684971670303,0.03768082708120346
1732437684971670303,0.03768082708120346
1732437684982180975,0.03768082708120346
1732437684982180975,0.03768082708120346
1732437684992394917,0.03768082708120346
1732437684992394917,0.03768082708120346
1732437685004221456,0.03768082708120346
1732437685004221456,0.03768082708120346
1732437685014850339,0.03768082708120346
1732437685014850339,0.03768082708120346
1732437685025189604,0.03768082708120346
1732437685025189604,0.03768082708120346
1732437685035689256,0.03768082708120346
1732437685035689256,0.03768082708120346
1732437685046026748,0.03683725371956825
1732437685046026748,0.03683725371956825
1732437685056292585,0.03683725371956825
1732437685056292585,0.03683725371956825
1732437685066981801,0.03683725371956825
1732437685066981801,0.03683725371956825
1732437685077115243,0.03683725371956825
1732437685077115243,0.03683725371956825
1732437685087326620,0.03683725371956825
1732437685087326620,0.03683725371956825
1732437685097354934,0.03683725371956825
1732437685097354934,0.03683725371956825
1732437685107431063,0.03683725371956825
1732437685107431063,0.03683725371956825
1732437685117777852,0.03683725371956825
1732437685117777852,0.03683725371956825
1732437685128140080,0.03683725371956825
1732437685128140080,0.03683725371956825
1732437685138505694,0.03683725371956825
1732437685138505694,0.03683725371956825
1732437685149120491,0.03652263432741165
1732437685149120491,0.03652263432741165
1732437685159827900,0.03652263432741165
1732437685159827900,0.03652263432741165
1732437685170209543,0.03652263432741165
1732437685170209543,0.03652263432741165
1732437685180539120,0.03652263432741165
1732437685180539120,0.03652263432741165
1732437685191409582,0.03652263432741165
1732437685191409582,0.03652263432741165
1732437685201795884,0.03652263432741165
1732437685201795884,0.03652263432741165
1732437685212352373,0.03652263432741165
1732437685212352373,0.03652263432741165
1732437685222603274,0.03652263432741165
1732437685222603274,0.03652263432741165
1732437685233204843,0.03652263432741165
1732437685233204843,0.03652263432741165
1732437685243665453,0.03608936443924904
1732437685243665453,0.03608936443924904
1732437685254025220,0.03608936443924904
1732437685254025220,0.03608936443924904
1732437685264654580,0.03608936443924904
1732437685264654580,0.03608936443924904
1732437685275319854,0.03608936443924904
1732437685275319854,0.03608936443924904
1732437685285900047,0.03608936443924904
1732437685285900047,0.03608936443924904
1732437685296284452,0.03608936443924904
1732437685296284452,0.03608936443924904
1732437685306728686,0.03608936443924904
1732437685306728686,0.03608936443924904
1732437685316976411,0.03608936443924904
1732437685316976411,0.03608936443924904
1732437685327206512,0.03608936443924904
1732437685327206512,0.03608936443924904
1732437685337408532,0.03608936443924904
1732437685337408532,0.03608936443924904
1732437685347737318,0.03605665639042854
1732437685347737318,0.03605665639042854
1732437685357968571,0.03605665639042854
1732437685357968571,0.03605665639042854
1732437685368341890,0.03605665639042854
1732437685368341890,0.03605665639042854
1732437685378603721,0.03605665639042854
1732437685378603721,0.03605665639042854
1732437685388978181,0.03605665639042854
1732437685388978181,0.03605665639042854
1732437685399163526,0.03605665639042854
1732437685399163526,0.03605665639042854
1732437685409846904,0.03605665639042854
1732437685409846904,0.03605665639042854
1732437685420254356,0.03605665639042854
1732437685420254356,0.03605665639042854
1732437685430675582,0.03605665639042854
1732437685430675582,0.03605665639042854
1732437685441251869,0.03605665639042854
1732437685441251869,0.03605665639042854
1732437685451724071,0.03586014732718468
1732437685451724071,0.03586014732718468
1732437685462140289,0.03586014732718468
1732437685462140289,0.03586014732718468
1732437685472491876,0.03586014732718468
1732437685472491876,0.03586014732718468
1732437685482826893,0.03586014732718468
1732437685482826893,0.03586014732718468
1732437685492892880,0.03586014732718468
1732437685492892880,0.03586014732718468
1732437685503425483,0.03586014732718468
1732437685503425483,0.03586014732718468
1732437685513870555,0.03586014732718468
1732437685513870555,0.03586014732718468
1732437685524188201,0.03586014732718468
1732437685524188201,0.03586014732718468
1732437685534465330,0.03586014732718468
1732437685534465330,0.03586014732718468
1732437685544904978,0.03564257174730301
1732437685544904978,0.03564257174730301
1732437685555135814,0.03564257174730301
1732437685555135814,0.03564257174730301
1732437685565538888,0.03564257174730301
1732437685565538888,0.03564257174730301
1732437685576063777,0.03564257174730301
1732437685576063777,0.03564257174730301
1732437685586474034,0.03564257174730301
1732437685586474034,0.03564257174730301
1732437685596561452,0.03564257174730301
1732437685596561452,0.03564257174730301
1732437685607040115,0.03564257174730301
1732437685607040115,0.03564257174730301
1732437685617136319,0.03564257174730301
1732437685617136319,0.03564257174730301
1732437685627159495,0.03564257174730301
1732437685627159495,0.03564257174730301
1732437685637732054,0.03564257174730301
1732437685637732054,0.03564257174730301
1732437685647974635,0.03537768870592117
1732437685647974635,0.03537768870592117
1732437685658252269,0.03537768870592117
1732437685658252269,0.03537768870592117
1732437685668770444,0.03537768870592117
1732437685668770444,0.03537768870592117
1732437685679016739,0.03537768870592117
1732437685679016739,0.03537768870592117
1732437685689180558,0.03537768870592117
1732437685689180558,0.03537768870592117
1732437685699431718,0.03537768870592117
1732437685699431718,0.03537768870592117
1732437685709650109,0.03537768870592117
1732437685709650109,0.03537768870592117
1732437685720356916,0.03537768870592117
1732437685720356916,0.03537768870592117
1732437685730722019,0.03537768870592117
1732437685730722019,0.03537768870592117
1732437685741328561,0.03537768870592117
1732437685741328561,0.03537768870592117
1732437685751724621,0.03514428809285164
1732437685751724621,0.03514428809285164
1732437685762311453,0.03514428809285164
1732437685762311453,0.03514428809285164
1732437685772814815,0.03514428809285164
1732437685772814815,0.03514428809285164
1732437685783202471,0.03514428809285164
1732437685783202471,0.03514428809285164
1732437685793909369,0.03514428809285164
1732437685793909369,0.03514428809285164
1732437685804469554,0.03514428809285164
1732437685804469554,0.03514428809285164
1732437685815047584,0.03514428809285164
1732437685815047584,0.03514428809285164
1732437685826522187,0.03514428809285164
1732437685826522187,0.03514428809285164
1732437685837504577,0.03514428809285164
1732437685837504577,0.03514428809285164
1732437685847589039,0.03485751897096634
1732437685847589039,0.03485751897096634
1732437685857677107,0.03485751897096634
1732437685857677107,0.03485751897096634
1732437685867858548,0.03485751897096634
1732437685867858548,0.03485751897096634
1732437685878181733,0.03485751897096634
1732437685878181733,0.03485751897096634
1732437685888261536,0.03485751897096634
1732437685888261536,0.03485751897096634
1732437685898803688,0.03485751897096634
1732437685898803688,0.03485751897096634
1732437685909108478,0.03485751897096634
1732437685909108478,0.03485751897096634
1732437685919831757,0.03485751897096634
1732437685919831757,0.03485751897096634
1732437685930287919,0.03485751897096634
1732437685930287919,0.03485751897096634
1732437685940584445,0.03485751897096634
1732437685940584445,0.03485751897096634
1732437685951207497,0.03541325405240059
1732437685951207497,0.03541325405240059
1732437685961576056,0.03541325405240059
1732437685961576056,0.03541325405240059
1732437685961576056,0.03541325405240059
1732437685972015638,0.03541325405240059
1732437685982510792,0.03541325405240059
1732437685982510792,0.03541325405240059
1732437685993124116,0.03541325405240059
1732437685993124116,0.03541325405240059
1732437686003623670,0.03541325405240059
1732437686003623670,0.03541325405240059
1732437686014168416,0.03541325405240059
1732437686014168416,0.03541325405240059
1732437686024536024,0.03541325405240059
1732437686024536024,0.03541325405240059
1732437686034860341,0.03541325405240059
1732437686034860341,0.03541325405240059
1732437686045368299,0.03522789478302002
1732437686045368299,0.03522789478302002
1732437686055631980,0.03522789478302002
1732437686055631980,0.03522789478302002
1732437686065969425,0.03522789478302002
1732437686065969425,0.03522789478302002
1732437686076243620,0.03522789478302002
1732437686076243620,0.03522789478302002
1732437686086956679,0.03522789478302002
1732437686086956679,0.03522789478302002
1732437686097598693,0.03522789478302002
1732437686097598693,0.03522789478302002
1732437686107915159,0.03522789478302002
1732437686107915159,0.03522789478302002
1732437686118460717,0.03522789478302002
1732437686118460717,0.03522789478302002
1732437686129685097,0.03522789478302002
1732437686129685097,0.03522789478302002
1732437686139972416,0.03522789478302002
1732437686139972416,0.03522789478302002
1732437686150647455,0.035141512751579285
1732437686150647455,0.035141512751579285
1732437686160888577,0.035141512751579285
1732437686160888577,0.035141512751579285
1732437686171018853,0.035141512751579285
1732437686171018853,0.035141512751579285
1732437686181428860,0.035141512751579285
1732437686181428860,0.035141512751579285
1732437686191968127,0.035141512751579285
1732437686191968127,0.035141512751579285
1732437686202168845,0.035141512751579285
1732437686202168845,0.035141512751579285
1732437686212840297,0.035141512751579285
1732437686212840297,0.035141512751579285
1732437686223047547,0.035141512751579285
1732437686223047547,0.035141512751579285
1732437686233122301,0.035141512751579285
1732437686233122301,0.035141512751579285
1732437686243787632,0.03565872460603714
1732437686243787632,0.03565872460603714
1732437686254015941,0.03565872460603714
1732437686254015941,0.03565872460603714
1732437686264186302,0.03565872460603714
1732437686264186302,0.03565872460603714
1732437686274541747,0.03565872460603714
1732437686274541747,0.03565872460603714
1732437686285155371,0.03565872460603714
1732437686285155371,0.03565872460603714
1732437686295658891,0.03565872460603714
1732437686295658891,0.03565872460603714
1732437686306030216,0.03565872460603714
1732437686306030216,0.03565872460603714
1732437686316369722,0.03565872460603714
1732437686316369722,0.03565872460603714
1732437686326980071,0.03565872460603714
1732437686326980071,0.03565872460603714
1732437686337659047,0.03565872460603714
1732437686337659047,0.03565872460603714
1732437686347893223,0.036706577986478806
1732437686347893223,0.036706577986478806
1732437686357996805,0.036706577986478806
1732437686357996805,0.036706577986478806
1732437686368132600,0.036706577986478806
1732437686368132600,0.036706577986478806
1732437686378432582,0.036706577986478806
1732437686378432582,0.036706577986478806
1732437686388966440,0.036706577986478806
1732437686388966440,0.036706577986478806
1732437686399419046,0.036706577986478806
1732437686399419046,0.036706577986478806
1732437686410666248,0.036706577986478806
1732437686410666248,0.036706577986478806
1732437686420870752,0.036706577986478806
1732437686420870752,0.036706577986478806
1732437686431656446,0.036706577986478806
1732437686431656446,0.036706577986478806
1732437686442290456,0.036706577986478806
1732437686442290456,0.036706577986478806
1732437686453225391,0.03651334345340729
1732437686453225391,0.03651334345340729
1732437686463756973,0.03651334345340729
1732437686463756973,0.03651334345340729
1732437686474073492,0.03651334345340729
1732437686474073492,0.03651334345340729
1732437686484356847,0.03651334345340729
1732437686484356847,0.03651334345340729
1732437686494879142,0.03651334345340729
1732437686494879142,0.03651334345340729
1732437686505131526,0.03651334345340729
1732437686505131526,0.03651334345340729
1732437686515425687,0.03651334345340729
1732437686515425687,0.03651334345340729
1732437686525744904,0.03651334345340729
1732437686525744904,0.03651334345340729
1732437686536244427,0.03651334345340729
1732437686536244427,0.03651334345340729
1732437686546546894,0.036148976534605026
1732437686546546894,0.036148976534605026
1732437686556943085,0.036148976534605026
1732437686556943085,0.036148976534605026
1732437686567377918,0.036148976534605026
1732437686567377918,0.036148976534605026
1732437686577979500,0.036148976534605026
1732437686577979500,0.036148976534605026
1732437686588558668,0.036148976534605026
1732437686588558668,0.036148976534605026
1732437686598848825,0.036148976534605026
1732437686598848825,0.036148976534605026
1732437686609022472,0.036148976534605026
1732437686609022472,0.036148976534605026
1732437686619604749,0.036148976534605026
1732437686619604749,0.036148976534605026
1732437686630088011,0.036148976534605026
1732437686630088011,0.036148976534605026
1732437686640353319,0.036148976534605026
1732437686640353319,0.036148976534605026
1732437686650640366,0.03614615276455879
1732437686650640366,0.03614615276455879
1732437686661565169,0.03614615276455879
1732437686661565169,0.03614615276455879
1732437686671910826,0.03614615276455879
1732437686671910826,0.03614615276455879
1732437686682412101,0.03614615276455879
1732437686682412101,0.03614615276455879
1732437686693244663,0.03614615276455879
1732437686693244663,0.03614615276455879
1732437686703810670,0.03614615276455879
1732437686703810670,0.03614615276455879
1732437686714017830,0.03614615276455879
1732437686714017830,0.03614615276455879
1732437686724203380,0.03614615276455879
1732437686724203380,0.03614615276455879
1732437686734816583,0.03614615276455879
1732437686734816583,0.03614615276455879
1732437686745136493,0.03605366125702858
1732437686745136493,0.03605366125702858
1732437686756354712,0.03605366125702858
1732437686756354712,0.03605366125702858
1732437686767174480,0.03605366125702858
1732437686767174480,0.03605366125702858
1732437686777297923,0.03605366125702858
1732437686777297923,0.03605366125702858
1732437686787574932,0.03605366125702858
1732437686787574932,0.03605366125702858
1732437686797679220,0.03605366125702858
1732437686797679220,0.03605366125702858
1732437686807878915,0.03605366125702858
1732437686807878915,0.03605366125702858
1732437686818732777,0.03605366125702858
1732437686818732777,0.03605366125702858
1732437686828797371,0.03605366125702858
1732437686828797371,0.03605366125702858
1732437686839226493,0.03605366125702858
1732437686839226493,0.03605366125702858
1732437686849295345,0.03617338091135025
1732437686849295345,0.03617338091135025
1732437686859822600,0.03617338091135025
1732437686859822600,0.03617338091135025
1732437686870340277,0.03617338091135025
1732437686870340277,0.03617338091135025
1732437686880659415,0.03617338091135025
1732437686880659415,0.03617338091135025
1732437686891087776,0.03617338091135025
1732437686891087776,0.03617338091135025
1732437686901331353,0.03617338091135025
1732437686901331353,0.03617338091135025
1732437686911649589,0.03617338091135025
1732437686911649589,0.03617338091135025
1732437686922265638,0.03617338091135025
1732437686922265638,0.03617338091135025
1732437686932456928,0.03617338091135025
1732437686932456928,0.03617338091135025
1732437686942622741,0.03617338091135025
1732437686942622741,0.03617338091135025
1732437686953060008,0.03805846348404884
1732437686953060008,0.03805846348404884
1732437686963530035,0.03805846348404884
1732437686963530035,0.03805846348404884
1732437686973967022,0.03805846348404884
1732437686973967022,0.03805846348404884
1732437686984330573,0.03805846348404884
1732437686984330573,0.03805846348404884
1732437686994866422,0.03805846348404884
1732437686994866422,0.03805846348404884
1732437687005253005,0.03805846348404884
1732437687005253005,0.03805846348404884
1732437687015820636,0.03805846348404884
1732437687015820636,0.03805846348404884
1732437687026007618,0.03805846348404884
1732437687026007618,0.03805846348404884
1732437687036715108,0.03805846348404884
1732437687036715108,0.03805846348404884
1732437687046977229,0.03780602663755417
1732437687046977229,0.03780602663755417
1732437687057460863,0.03780602663755417
1732437687057460863,0.03780602663755417
1732437687067758069,0.03780602663755417
1732437687067758069,0.03780602663755417
1732437687078375311,0.03780602663755417
1732437687078375311,0.03780602663755417
1732437687088887607,0.03780602663755417
1732437687088887607,0.03780602663755417
1732437687099241850,0.03780602663755417
1732437687099241850,0.03780602663755417
1732437687110120487,0.03780602663755417
1732437687110120487,0.03780602663755417
1732437687120575648,0.03780602663755417
1732437687120575648,0.03780602663755417
1732437687130993419,0.03780602663755417
1732437687130993419,0.03780602663755417
1732437687141596675,0.03780602663755417
1732437687141596675,0.03780602663755417
1732437687151899753,0.03678400442004204
1732437687151899753,0.03678400442004204
1732437687162509311,0.03678400442004204
1732437687162509311,0.03678400442004204
1732437687172661919,0.03678400442004204
1732437687172661919,0.03678400442004204
1732437687183016141,0.03678400442004204
1732437687183016141,0.03678400442004204
1732437687193269186,0.03678400442004204
1732437687193269186,0.03678400442004204
1732437687203671960,0.03678400442004204
1732437687203671960,0.03678400442004204
1732437687213873650,0.03678400442004204
1732437687213873650,0.03678400442004204
1732437687224189221,0.03678400442004204
1732437687224189221,0.03678400442004204
1732437687234385811,0.03678400442004204
1732437687234385811,0.03678400442004204
1732437687244562323,0.03698897361755371
1732437687244562323,0.03698897361755371
1732437687255199041,0.03698897361755371
1732437687255199041,0.03698897361755371
1732437687265863991,0.03698897361755371
1732437687265863991,0.03698897361755371
1732437687276140449,0.03698897361755371
1732437687276140449,0.03698897361755371
1732437687286646786,0.03698897361755371
1732437687286646786,0.03698897361755371
1732437687297083523,0.03698897361755371
1732437687297083523,0.03698897361755371
1732437687307200745,0.03698897361755371
1732437687307200745,0.03698897361755371
1732437687317518780,0.03698897361755371
1732437687317518780,0.03698897361755371
1732437687327715891,0.03698897361755371
1732437687327715891,0.03698897361755371
1732437687338015131,0.03698897361755371
1732437687338015131,0.03698897361755371
1732437687348216049,0.03642856329679489
1732437687348216049,0.03642856329679489
1732437687358694734,0.03642856329679489
1732437687358694734,0.03642856329679489
1732437687369074315,0.03642856329679489
1732437687369074315,0.03642856329679489
1732437687379599615,0.03642856329679489
1732437687379599615,0.03642856329679489
1732437687390041842,0.03642856329679489
1732437687390041842,0.03642856329679489
1732437687400563846,0.03642856329679489
1732437687400563846,0.03642856329679489
1732437687410675469,0.03642856329679489
1732437687410675469,0.03642856329679489
1732437687420942530,0.03642856329679489
1732437687420942530,0.03642856329679489
1732437687431258191,0.03642856329679489
1732437687431258191,0.03642856329679489
1732437687441498893,0.03642856329679489
1732437687441498893,0.03642856329679489
1732437687451809284,0.03662161901593208
1732437687451809284,0.03662161901593208
1732437687462217847,0.03662161901593208
1732437687462217847,0.03662161901593208
1732437687472540091,0.03662161901593208
1732437687472540091,0.03662161901593208
1732437687482714951,0.03662161901593208
1732437687482714951,0.03662161901593208
1732437687492843896,0.03662161901593208
1732437687492843896,0.03662161901593208
1732437687503327940,0.03662161901593208
1732437687503327940,0.03662161901593208
1732437687513704904,0.03662161901593208
1732437687513704904,0.03662161901593208
1732437687524187716,0.03662161901593208
1732437687524187716,0.03662161901593208
1732437687534732529,0.03662161901593208
1732437687534732529,0.03662161901593208
1732437687545260830,0.036509253084659576
1732437687545260830,0.036509253084659576
1732437687555423055,0.036509253084659576
1732437687555423055,0.036509253084659576
1732437687566443376,0.036509253084659576
1732437687566443376,0.036509253084659576
1732437687577456795,0.036509253084659576
1732437687577456795,0.036509253084659576
1732437687587857053,0.036509253084659576
1732437687587857053,0.036509253084659576
1732437687598247754,0.036509253084659576
1732437687598247754,0.036509253084659576
1732437687608830668,0.036509253084659576
1732437687608830668,0.036509253084659576
1732437687619030006,0.036509253084659576
1732437687619030006,0.036509253084659576
1732437687629147869,0.036509253084659576
1732437687629147869,0.036509253084659576
1732437687639550583,0.036509253084659576
1732437687639550583,0.036509253084659576
1732437687649792507,0.037187084555625916
1732437687649792507,0.037187084555625916
1732437687660359586,0.037187084555625916
1732437687660359586,0.037187084555625916
1732437687670698681,0.037187084555625916
1732437687670698681,0.037187084555625916
1732437687680923630,0.037187084555625916
1732437687680923630,0.037187084555625916
1732437687691383963,0.037187084555625916
1732437687691383963,0.037187084555625916
1732437687701804689,0.037187084555625916
1732437687701804689,0.037187084555625916
1732437687712178879,0.037187084555625916
1732437687712178879,0.037187084555625916
1732437687723255276,0.037187084555625916
1732437687723255276,0.037187084555625916
1732437687733914946,0.037187084555625916
1732437687733914946,0.037187084555625916
1732437687744039662,0.03681092709302902
1732437687744039662,0.03681092709302902
1732437687754559663,0.03681092709302902
1732437687754559663,0.03681092709302902
1732437687765234107,0.03681092709302902
1732437687765234107,0.03681092709302902
1732437687775860530,0.03681092709302902
1732437687775860530,0.03681092709302902
1732437687786013480,0.03681092709302902
1732437687786013480,0.03681092709302902
1732437687796184523,0.03681092709302902
1732437687796184523,0.03681092709302902
1732437687806494753,0.03681092709302902
1732437687806494753,0.03681092709302902
1732437687817133294,0.03681092709302902
1732437687817133294,0.03681092709302902
1732437687827328561,0.03681092709302902
1732437687827328561,0.03681092709302902
1732437687837379390,0.03681092709302902
1732437687837379390,0.03681092709302902
1732437687847484641,0.04005499556660652
1732437687847484641,0.04005499556660652
1732437687857948488,0.04005499556660652
1732437687857948488,0.04005499556660652
1732437687868089966,0.04005499556660652
1732437687868089966,0.04005499556660652
1732437687878653988,0.04005499556660652
1732437687878653988,0.04005499556660652
1732437687889123185,0.04005499556660652
1732437687889123185,0.04005499556660652
1732437687899566513,0.04005499556660652
1732437687899566513,0.04005499556660652
1732437687909822283,0.04005499556660652
1732437687909822283,0.04005499556660652
1732437687920478828,0.04005499556660652
1732437687920478828,0.04005499556660652
1732437687931061816,0.04005499556660652
1732437687931061816,0.04005499556660652
1732437687941200129,0.04005499556660652
1732437687941200129,0.04005499556660652
1732437687951651222,0.03987433388829231
1732437687951651222,0.03987433388829231
1732437687951651222,0.03987433388829231
1732437687961996027,0.03987433388829231
1732437687972637744,0.03987433388829231
1732437687972637744,0.03987433388829231
1732437687983158085,0.03987433388829231
1732437687983158085,0.03987433388829231
1732437687993632060,0.03987433388829231
1732437687993632060,0.03987433388829231
1732437688004017271,0.03987433388829231
1732437688004017271,0.03987433388829231
1732437688014212318,0.03987433388829231
1732437688014212318,0.03987433388829231
1732437688024627987,0.03987433388829231
1732437688024627987,0.03987433388829231
1732437688035119093,0.03987433388829231
1732437688035119093,0.03987433388829231
1732437688045733329,0.04127541929483414
1732437688045733329,0.04127541929483414
1732437688056011200,0.04127541929483414
1732437688056011200,0.04127541929483414
1732437688066992409,0.04127541929483414
1732437688066992409,0.04127541929483414
1732437688077251125,0.04127541929483414
1732437688077251125,0.04127541929483414
1732437688087686719,0.04127541929483414
1732437688087686719,0.04127541929483414
1732437688097783112,0.04127541929483414
1732437688097783112,0.04127541929483414
1732437688109188909,0.04127541929483414
1732437688109188909,0.04127541929483414
1732437688119931410,0.04127541929483414
1732437688119931410,0.04127541929483414
1732437688130085606,0.04127541929483414
1732437688130085606,0.04127541929483414
1732437688140591016,0.04127541929483414
1732437688140591016,0.04127541929483414
1732437688150664841,0.040413349866867065
1732437688150664841,0.040413349866867065
1732437688160871049,0.040413349866867065
1732437688160871049,0.040413349866867065
1732437688171390079,0.040413349866867065
1732437688171390079,0.040413349866867065
1732437688181665927,0.040413349866867065
1732437688181665927,0.040413349866867065
1732437688191979264,0.040413349866867065
1732437688191979264,0.040413349866867065
1732437688202596525,0.040413349866867065
1732437688202596525,0.040413349866867065
1732437688213215250,0.040413349866867065
1732437688213215250,0.040413349866867065
1732437688213215250,0.040413349866867065
1732437688213215250,0.040413349866867065
1732437688234137182,0.040413349866867065
1732437688234137182,0.040413349866867065
1732437688244291705,0.04127870127558708
1732437688244291705,0.04127870127558708
1732437688254810945,0.04127870127558708
1732437688254810945,0.04127870127558708
1732437688265140642,0.04127870127558708
1732437688265140642,0.04127870127558708
1732437688275688194,0.04127870127558708
1732437688275688194,0.04127870127558708
1732437688285864617,0.04127870127558708
1732437688285864617,0.04127870127558708
1732437688296353316,0.04127870127558708
1732437688296353316,0.04127870127558708
1732437688306621973,0.04127870127558708
1732437688306621973,0.04127870127558708
1732437688316900776,0.04127870127558708
1732437688316900776,0.04127870127558708
1732437688327255661,0.04127870127558708
1732437688327255661,0.04127870127558708
1732437688337545815,0.04127870127558708
1732437688337545815,0.04127870127558708
1732437688348063542,0.041586875915527344
1732437688348063542,0.041586875915527344
1732437688358577311,0.041586875915527344
1732437688358577311,0.041586875915527344
1732437688368929208,0.041586875915527344
1732437688368929208,0.041586875915527344
1732437688379432762,0.041586875915527344
1732437688379432762,0.041586875915527344
1732437688390226100,0.041586875915527344
1732437688390226100,0.041586875915527344
1732437688400729110,0.041586875915527344
1732437688400729110,0.041586875915527344
1732437688410844800,0.041586875915527344
1732437688410844800,0.041586875915527344
1732437688420948408,0.041586875915527344
1732437688420948408,0.041586875915527344
1732437688431425435,0.041586875915527344
1732437688431425435,0.041586875915527344
1732437688442226922,0.041586875915527344
1732437688442226922,0.041586875915527344
1732437688452824324,0.042862847447395325
1732437688452824324,0.042862847447395325
1732437688463611462,0.042862847447395325
1732437688463611462,0.042862847447395325
1732437688473946593,0.042862847447395325
1732437688473946593,0.042862847447395325
1732437688484172818,0.042862847447395325
1732437688484172818,0.042862847447395325
1732437688494577922,0.042862847447395325
1732437688494577922,0.042862847447395325
1732437688504863147,0.042862847447395325
1732437688504863147,0.042862847447395325
1732437688515110215,0.042862847447395325
1732437688515110215,0.042862847447395325
1732437688525263735,0.042862847447395325
1732437688525263735,0.042862847447395325
1732437688535817368,0.042862847447395325
1732437688535817368,0.042862847447395325
1732437688546037151,0.04274072125554085
1732437688546037151,0.04274072125554085
1732437688556356391,0.04274072125554085
1732437688556356391,0.04274072125554085
1732437688566642377,0.04274072125554085
1732437688566642377,0.04274072125554085
1732437688577427757,0.04274072125554085
1732437688577427757,0.04274072125554085
1732437688587828129,0.04274072125554085
1732437688587828129,0.04274072125554085
1732437688597982161,0.04274072125554085
1732437688597982161,0.04274072125554085
1732437688608330614,0.04274072125554085
1732437688608330614,0.04274072125554085
1732437688618819887,0.04274072125554085
1732437688618819887,0.04274072125554085
1732437688629385723,0.04274072125554085
1732437688629385723,0.04274072125554085
1732437688639790180,0.04274072125554085
1732437688639790180,0.04274072125554085
1732437688650332152,0.042043592780828476
1732437688650332152,0.042043592780828476
1732437688660683951,0.042043592780828476
1732437688660683951,0.042043592780828476
1732437688671238613,0.042043592780828476
1732437688671238613,0.042043592780828476
1732437688681640297,0.042043592780828476
1732437688681640297,0.042043592780828476
1732437688692322780,0.042043592780828476
1732437688692322780,0.042043592780828476
1732437688702829587,0.042043592780828476
1732437688702829587,0.042043592780828476
1732437688713553368,0.042043592780828476
1732437688713553368,0.042043592780828476
1732437688724231463,0.042043592780828476
1732437688724231463,0.042043592780828476
1732437688734679680,0.042043592780828476
1732437688734679680,0.042043592780828476
1732437688744960837,0.04283495619893074
1732437688744960837,0.04283495619893074
1732437688755101344,0.04283495619893074
1732437688755101344,0.04283495619893074
1732437688765618159,0.04283495619893074
1732437688765618159,0.04283495619893074
1732437688775946313,0.04283495619893074
1732437688775946313,0.04283495619893074
1732437688786042436,0.04283495619893074
1732437688786042436,0.04283495619893074
1732437688796427879,0.04283495619893074
1732437688796427879,0.04283495619893074
1732437688806855969,0.04283495619893074
1732437688806855969,0.04283495619893074
1732437688816912919,0.04283495619893074
1732437688816912919,0.04283495619893074
1732437688827084983,0.04283495619893074
1732437688827084983,0.04283495619893074
1732437688837311080,0.04283495619893074
1732437688837311080,0.04283495619893074
1732437688847966302,0.04366140440106392
1732437688847966302,0.04366140440106392
1732437688858193228,0.04366140440106392
1732437688858193228,0.04366140440106392
1732437688868831399,0.04366140440106392
1732437688868831399,0.04366140440106392
1732437688879302710,0.04366140440106392
1732437688879302710,0.04366140440106392
1732437688889904674,0.04366140440106392
1732437688889904674,0.04366140440106392
1732437688900148882,0.04366140440106392
1732437688900148882,0.04366140440106392
1732437688910540965,0.04366140440106392
1732437688910540965,0.04366140440106392
1732437688921038534,0.04366140440106392
1732437688921038534,0.04366140440106392
1732437688931300443,0.04366140440106392
1732437688931300443,0.04366140440106392
1732437688941567177,0.04366140440106392
1732437688941567177,0.04366140440106392
1732437688951843896,0.04369495064020157
1732437688951843896,0.04369495064020157
1732437688962451911,0.04369495064020157
1732437688962451911,0.04369495064020157
1732437688972780466,0.04369495064020157
1732437688972780466,0.04369495064020157
1732437688982936180,0.04369495064020157
1732437688982936180,0.04369495064020157
1732437688993019380,0.04369495064020157
1732437688993019380,0.04369495064020157
1732437689003481994,0.04369495064020157
1732437689003481994,0.04369495064020157
1732437689013936233,0.04369495064020157
1732437689013936233,0.04369495064020157
1732437689024814502,0.04369495064020157
1732437689024814502,0.04369495064020157
1732437689034954185,0.04369495064020157
1732437689034954185,0.04369495064020157
1732437689045313597,0.04551912471652031
1732437689045313597,0.04551912471652031
1732437689055661598,0.04551912471652031
1732437689055661598,0.04551912471652031
1732437689066087155,0.04551912471652031
1732437689066087155,0.04551912471652031
1732437689076210699,0.04551912471652031
1732437689076210699,0.04551912471652031
1732437689086604305,0.04551912471652031
1732437689086604305,0.04551912471652031
1732437689097588018,0.04551912471652031
1732437689097588018,0.04551912471652031
1732437689107950266,0.04551912471652031
1732437689107950266,0.04551912471652031
1732437689118192682,0.04551912471652031
1732437689118192682,0.04551912471652031
1732437689128462478,0.04551912471652031
1732437689128462478,0.04551912471652031
1732437689138692089,0.04551912471652031
1732437689138692089,0.04551912471652031
1732437689148997964,0.0446922592818737
1732437689148997964,0.0446922592818737
1732437689159328603,0.0446922592818737
1732437689159328603,0.0446922592818737
1732437689169672566,0.0446922592818737
1732437689169672566,0.0446922592818737
1732437689179956906,0.0446922592818737
1732437689179956906,0.0446922592818737
1732437689190323126,0.0446922592818737
1732437689190323126,0.0446922592818737
1732437689201427112,0.0446922592818737
1732437689201427112,0.0446922592818737
1732437689211935107,0.0446922592818737
1732437689211935107,0.0446922592818737
1732437689222441949,0.0446922592818737
1732437689222441949,0.0446922592818737
1732437689232689571,0.0446922592818737
1732437689232689571,0.0446922592818737
1732437689242868037,0.0446922592818737
1732437689242868037,0.0446922592818737
1732437689253375086,0.046029433608055115
1732437689253375086,0.046029433608055115
1732437689263821321,0.046029433608055115
1732437689263821321,0.046029433608055115
1732437689274545988,0.046029433608055115
1732437689274545988,0.046029433608055115
1732437689284866101,0.046029433608055115
1732437689284866101,0.046029433608055115
1732437689295135398,0.046029433608055115
1732437689295135398,0.046029433608055115
1732437689305759753,0.046029433608055115
1732437689305759753,0.046029433608055115
1732437689316264015,0.046029433608055115
1732437689316264015,0.046029433608055115
1732437689326554409,0.046029433608055115
1732437689326554409,0.046029433608055115
1732437689337435929,0.046029433608055115
1732437689337435929,0.046029433608055115
1732437689347675763,0.04570214822888374
1732437689347675763,0.04570214822888374
1732437689358383941,0.04570214822888374
1732437689358383941,0.04570214822888374
1732437689368932099,0.04570214822888374
1732437689368932099,0.04570214822888374
1732437689379222292,0.04570214822888374
1732437689379222292,0.04570214822888374
1732437689389631036,0.04570214822888374
1732437689389631036,0.04570214822888374
1732437689400073926,0.04570214822888374
1732437689400073926,0.04570214822888374
1732437689410370611,0.04570214822888374
1732437689410370611,0.04570214822888374
1732437689420804242,0.04570214822888374
1732437689420804242,0.04570214822888374
1732437689430920213,0.04570214822888374
1732437689430920213,0.04570214822888374
1732437689441245252,0.04570214822888374
1732437689441245252,0.04570214822888374
1732437689451570671,0.04497956857085228
1732437689451570671,0.04497956857085228
1732437689462503811,0.04497956857085228
1732437689462503811,0.04497956857085228
1732437689472913487,0.04497956857085228
1732437689472913487,0.04497956857085228
1732437689483510902,0.04497956857085228
1732437689483510902,0.04497956857085228
1732437689493785707,0.04497956857085228
1732437689493785707,0.04497956857085228
1732437689503817483,0.04497956857085228
1732437689503817483,0.04497956857085228
1732437689514197754,0.04497956857085228
1732437689514197754,0.04497956857085228
1732437689524881929,0.04497956857085228
1732437689524881929,0.04497956857085228
1732437689535099830,0.04497956857085228
1732437689535099830,0.04497956857085228
1732437689545224557,0.04612074792385101
1732437689545224557,0.04612074792385101
1732437689555964366,0.04612074792385101
1732437689555964366,0.04612074792385101
1732437689566738931,0.04612074792385101
1732437689566738931,0.04612074792385101
1732437689577152795,0.04612074792385101
1732437689577152795,0.04612074792385101
1732437689587400200,0.04612074792385101
1732437689587400200,0.04612074792385101
1732437689598026798,0.04612074792385101
1732437689598026798,0.04612074792385101
1732437689608137811,0.04612074792385101
1732437689608137811,0.04612074792385101
1732437689618639107,0.04612074792385101
1732437689618639107,0.04612074792385101
1732437689628967121,0.04612074792385101
1732437689628967121,0.04612074792385101
1732437689640000282,0.04612074792385101
1732437689640000282,0.04612074792385101
1732437689650441111,0.04868580773472786
1732437689650441111,0.04868580773472786
1732437689660768534,0.04868580773472786
1732437689660768534,0.04868580773472786
1732437689671209038,0.04868580773472786
1732437689671209038,0.04868580773472786
1732437689681620298,0.04868580773472786
1732437689681620298,0.04868580773472786
1732437689691998775,0.04868580773472786
1732437689691998775,0.04868580773472786
1732437689702615044,0.04868580773472786
1732437689702615044,0.04868580773472786
1732437689714215805,0.04868580773472786
1732437689714215805,0.04868580773472786
1732437689724762717,0.04868580773472786
1732437689724762717,0.04868580773472786
1732437689735236151,0.04868580773472786
1732437689735236151,0.04868580773472786
1732437689746098718,0.05321439728140831
1732437689746098718,0.05321439728140831
1732437689756553730,0.05321439728140831
1732437689756553730,0.05321439728140831
1732437689767363697,0.05321439728140831
1732437689767363697,0.05321439728140831
1732437689777683128,0.05321439728140831
1732437689777683128,0.05321439728140831
1732437689787853611,0.05321439728140831
1732437689787853611,0.05321439728140831
1732437689798304293,0.05321439728140831
1732437689798304293,0.05321439728140831
1732437689809695042,0.05321439728140831
1732437689809695042,0.05321439728140831
1732437689819800061,0.05321439728140831
1732437689819800061,0.05321439728140831
1732437689830313832,0.05321439728140831
1732437689830313832,0.05321439728140831
1732437689840988931,0.05321439728140831
1732437689840988931,0.05321439728140831
1732437689851097327,0.06558219343423843
1732437689851097327,0.06558219343423843
1732437689861541579,0.06558219343423843
1732437689861541579,0.06558219343423843
1732437689871914934,0.06558219343423843
1732437689871914934,0.06558219343423843
1732437689882333068,0.06558219343423843
1732437689882333068,0.06558219343423843
1732437689892822254,0.06558219343423843
1732437689892822254,0.06558219343423843
1732437689903246988,0.06558219343423843
1732437689903246988,0.06558219343423843
1732437689913571114,0.06558219343423843
1732437689913571114,0.06558219343423843
1732437689924284932,0.06558219343423843
1732437689924284932,0.06558219343423843
1732437689934513767,0.06558219343423843
1732437689934513767,0.06558219343423843
1732437689944702662,0.06947974860668182
1732437689944702662,0.06947974860668182
1732437689955242350,0.06947974860668182
1732437689955242350,0.06947974860668182
1732437689965869381,0.06947974860668182
1732437689965869381,0.06947974860668182
1732437689976478739,0.06947974860668182
1732437689976478739,0.06947974860668182
1732437689987115076,0.06947974860668182
1732437689987115076,0.06947974860668182
1732437689997306898,0.06947974860668182
1732437689997306898,0.06947974860668182
1732437690007545306,0.06947974860668182
1732437690007545306,0.06947974860668182
1732437690017611242,0.06947974860668182
1732437690017611242,0.06947974860668182
1732437690028170828,0.06947974860668182
1732437690028170828,0.06947974860668182
1732437690038587748,0.06947974860668182
1732437690038587748,0.06947974860668182
1732437690049163112,0.07006935775279999
1732437690049163112,0.07006935775279999
1732437690059626594,0.07006935775279999
1732437690059626594,0.07006935775279999
1732437690070197164,0.07006935775279999
1732437690070197164,0.07006935775279999
1732437690081182149,0.07006935775279999
1732437690081182149,0.07006935775279999
1732437690091819208,0.07006935775279999
1732437690091819208,0.07006935775279999
1732437690102263059,0.07006935775279999
1732437690102263059,0.07006935775279999
1732437690112684407,0.07006935775279999
1732437690112684407,0.07006935775279999
1732437690122877700,0.07006935775279999
1732437690122877700,0.07006935775279999
1732437690132938806,0.07006935775279999
1732437690132938806,0.07006935775279999
1732437690143443272,0.06487474590539932
1732437690143443272,0.06487474590539932
1732437690153672522,0.06487474590539932
1732437690153672522,0.06487474590539932
1732437690164500597,0.06487474590539932
1732437690164500597,0.06487474590539932
1732437690174765624,0.06487474590539932
1732437690174765624,0.06487474590539932
1732437690185126210,0.06487474590539932
1732437690185126210,0.06487474590539932
1732437690195529444,0.06487474590539932
1732437690195529444,0.06487474590539932
1732437690205837741,0.06487474590539932
1732437690205837741,0.06487474590539932
1732437690216396316,0.06487474590539932
1732437690216396316,0.06487474590539932
1732437690226934070,0.06487474590539932
1732437690226934070,0.06487474590539932
1732437690237468023,0.06487474590539932
1732437690237468023,0.06487474590539932
1732437690248020630,0.063099704682827
1732437690248020630,0.063099704682827
1732437690258262744,0.063099704682827
1732437690258262744,0.063099704682827
1732437690268487647,0.063099704682827
1732437690268487647,0.063099704682827
1732437690278704025,0.063099704682827
1732437690278704025,0.063099704682827
1732437690289313242,0.063099704682827
1732437690289313242,0.063099704682827
1732437690299557121,0.063099704682827
1732437690299557121,0.063099704682827
1732437690310353115,0.063099704682827
1732437690310353115,0.063099704682827
1732437690320613533,0.063099704682827
1732437690320613533,0.063099704682827
1732437690330859325,0.063099704682827
1732437690330859325,0.063099704682827
1732437690341157925,0.063099704682827
1732437690341157925,0.063099704682827
1732437690351495103,0.06148304045200348
1732437690351495103,0.06148304045200348
1732437690361902409,0.06148304045200348
1732437690361902409,0.06148304045200348
1732437690371994284,0.06148304045200348
1732437690371994284,0.06148304045200348
1732437690382196346,0.06148304045200348
1732437690382196346,0.06148304045200348
1732437690392464479,0.06148304045200348
1732437690392464479,0.06148304045200348
1732437690402621275,0.06148304045200348
1732437690402621275,0.06148304045200348
1732437690412744761,0.06148304045200348
1732437690412744761,0.06148304045200348
1732437690423080769,0.06148304045200348
1732437690423080769,0.06148304045200348
1732437690433182644,0.06148304045200348
1732437690433182644,0.06148304045200348
1732437690443608830,0.06941673159599304
1732437690443608830,0.06941673159599304
1732437690454046518,0.06941673159599304
1732437690454046518,0.06941673159599304
1732437690464557233,0.06941673159599304
1732437690464557233,0.06941673159599304
1732437690474807463,0.06941673159599304
1732437690474807463,0.06941673159599304
1732437690484848145,0.06941673159599304
1732437690484848145,0.06941673159599304
1732437690495247210,0.06941673159599304
1732437690495247210,0.06941673159599304
1732437690505559165,0.06941673159599304
1732437690505559165,0.06941673159599304
1732437690515854149,0.06941673159599304
1732437690515854149,0.06941673159599304
1732437690526287809,0.06941673159599304
1732437690526287809,0.06941673159599304
1732437690536993515,0.06941673159599304
1732437690536993515,0.06941673159599304
1732437690547109718,0.07008947432041168
1732437690547109718,0.07008947432041168
1732437690557378422,0.07008947432041168
1732437690557378422,0.07008947432041168
1732437690567667635,0.07008947432041168
1732437690567667635,0.07008947432041168
1732437690577993535,0.07008947432041168
1732437690577993535,0.07008947432041168
1732437690588383892,0.07008947432041168
1732437690588383892,0.07008947432041168
1732437690598502201,0.07008947432041168
1732437690598502201,0.07008947432041168
1732437690608878204,0.07008947432041168
1732437690608878204,0.07008947432041168
1732437690619079414,0.07008947432041168
1732437690619079414,0.07008947432041168
1732437690630582082,0.07008947432041168
1732437690630582082,0.07008947432041168
1732437690640900217,0.07008947432041168
1732437690640900217,0.07008947432041168
1732437690651235275,0.07479085773229599
1732437690651235275,0.07479085773229599
1732437690661527354,0.07479085773229599
1732437690661527354,0.07479085773229599
1732437690671810104,0.07479085773229599
1732437690671810104,0.07479085773229599
1732437690682131076,0.07479085773229599
1732437690682131076,0.07479085773229599
1732437690692503703,0.07479085773229599
1732437690692503703,0.07479085773229599
1732437690702821588,0.07479085773229599
1732437690702821588,0.07479085773229599
1732437690713196971,0.07479085773229599
1732437690713196971,0.07479085773229599
1732437690723660418,0.07479085773229599
1732437690723660418,0.07479085773229599
1732437690734106392,0.07479085773229599
1732437690734106392,0.07479085773229599
1732437690744545233,0.07802822440862656
1732437690744545233,0.07802822440862656
1732437690755140022,0.07802822440862656
1732437690755140022,0.07802822440862656
1732437690765814723,0.07802822440862656
1732437690765814723,0.07802822440862656
1732437690776345163,0.07802822440862656
1732437690776345163,0.07802822440862656
1732437690786922197,0.07802822440862656
1732437690786922197,0.07802822440862656
1732437690797034234,0.07802822440862656
1732437690797034234,0.07802822440862656
1732437690807294091,0.07802822440862656
1732437690807294091,0.07802822440862656
1732437690817577614,0.07802822440862656
1732437690817577614,0.07802822440862656
1732437690827951133,0.07802822440862656
1732437690827951133,0.07802822440862656
1732437690838943962,0.07802822440862656
1732437690838943962,0.07802822440862656
1732437690849250328,0.07531363517045975
1732437690849250328,0.07531363517045975
1732437690859381202,0.07531363517045975
1732437690859381202,0.07531363517045975
1732437690869884172,0.07531363517045975
1732437690869884172,0.07531363517045975
1732437690880571127,0.07531363517045975
1732437690880571127,0.07531363517045975
1732437690891156877,0.07531363517045975
1732437690891156877,0.07531363517045975
1732437690901910417,0.07531363517045975
1732437690901910417,0.07531363517045975
1732437690912515563,0.07531363517045975
1732437690912515563,0.07531363517045975
1732437690922902600,0.07531363517045975
1732437690922902600,0.07531363517045975
1732437690933378069,0.07531363517045975
1732437690933378069,0.07531363517045975
1732437690943944406,0.0725477784872055
1732437690943944406,0.0725477784872055
1732437690954038664,0.0725477784872055
1732437690954038664,0.0725477784872055
1732437690964914630,0.0725477784872055
1732437690964914630,0.0725477784872055
1732437690975151956,0.0725477784872055
1732437690975151956,0.0725477784872055
1732437690985650819,0.0725477784872055
1732437690985650819,0.0725477784872055
1732437690995859822,0.0725477784872055
1732437690995859822,0.0725477784872055
1732437691006056522,0.0725477784872055
1732437691006056522,0.0725477784872055
1732437691016733907,0.0725477784872055
1732437691016733907,0.0725477784872055
1732437691026954401,0.0725477784872055
1732437691026954401,0.0725477784872055
1732437691037037527,0.0725477784872055
1732437691037037527,0.0725477784872055
1732437691047187004,0.07075829058885574
1732437691047187004,0.07075829058885574
1732437691057246268,0.07075829058885574
1732437691057246268,0.07075829058885574
1732437691067384492,0.07075829058885574
1732437691067384492,0.07075829058885574
1732437691077827990,0.07075829058885574
1732437691077827990,0.07075829058885574
1732437691088089410,0.07075829058885574
1732437691088089410,0.07075829058885574
1732437691098472318,0.07075829058885574
1732437691098472318,0.07075829058885574
1732437691108652127,0.07075829058885574
1732437691108652127,0.07075829058885574
1732437691118776404,0.07075829058885574
1732437691118776404,0.07075829058885574
1732437691129287929,0.07075829058885574
1732437691129287929,0.07075829058885574
1732437691139489279,0.07075829058885574
1732437691139489279,0.07075829058885574
1732437691150093206,0.07356690615415573
1732437691150093206,0.07356690615415573
1732437691160344048,0.07356690615415573
1732437691160344048,0.07356690615415573
1732437691170581383,0.07356690615415573
1732437691170581383,0.07356690615415573
1732437691180983726,0.07356690615415573
1732437691180983726,0.07356690615415573
1732437691191488860,0.07356690615415573
1732437691191488860,0.07356690615415573
1732437691201751634,0.07356690615415573
1732437691201751634,0.07356690615415573
1732437691212068729,0.07356690615415573
1732437691212068729,0.07356690615415573
1732437691222513219,0.07356690615415573
1732437691222513219,0.07356690615415573
1732437691232946961,0.07356690615415573
1732437691232946961,0.07356690615415573
1732437691243112490,0.07356690615415573
1732437691243112490,0.07356690615415573
1732437691253460767,0.07163551449775696
1732437691253460767,0.07163551449775696
1732437691263558373,0.07163551449775696
1732437691263558373,0.07163551449775696
1732437691274101728,0.07163551449775696
1732437691274101728,0.07163551449775696
1732437691284631539,0.07163551449775696
1732437691284631539,0.07163551449775696
1732437691294817990,0.07163551449775696
1732437691294817990,0.07163551449775696
1732437691305201394,0.07163551449775696
1732437691305201394,0.07163551449775696
1732437691315569246,0.07163551449775696
1732437691315569246,0.07163551449775696
1732437691326082085,0.07163551449775696
1732437691326082085,0.07163551449775696
1732437691336611329,0.07163551449775696
1732437691336611329,0.07163551449775696
1732437691347216223,0.07712522894144058
1732437691347216223,0.07712522894144058
1732437691357320402,0.07712522894144058
1732437691357320402,0.07712522894144058
1732437691367415304,0.07712522894144058
1732437691367415304,0.07712522894144058
1732437691377531013,0.07712522894144058
1732437691377531013,0.07712522894144058
1732437691387639221,0.07712522894144058
1732437691387639221,0.07712522894144058
1732437691397727790,0.07712522894144058
1732437691397727790,0.07712522894144058
1732437691408055284,0.07712522894144058
1732437691408055284,0.07712522894144058
1732437691418306225,0.07712522894144058
1732437691418306225,0.07712522894144058
1732437691428804506,0.07712522894144058
1732437691428804506,0.07712522894144058
1732437691439894438,0.07712522894144058
1732437691439894438,0.07712522894144058
1732437691450666356,0.07289278507232666
1732437691450666356,0.07289278507232666
1732437691461431625,0.07289278507232666
1732437691461431625,0.07289278507232666
1732437691471861799,0.07289278507232666
1732437691471861799,0.07289278507232666
1732437691482278369,0.07289278507232666
1732437691482278369,0.07289278507232666
1732437691492422952,0.07289278507232666
1732437691492422952,0.07289278507232666
1732437691503422285,0.07289278507232666
1732437691503422285,0.07289278507232666
1732437691514017597,0.07289278507232666
1732437691514017597,0.07289278507232666
1732437691524578895,0.07289278507232666
1732437691524578895,0.07289278507232666
1732437691534948388,0.07289278507232666
1732437691534948388,0.07289278507232666
1732437691545243346,0.06935083866119385
1732437691545243346,0.06935083866119385
1732437691555779342,0.06935083866119385
1732437691555779342,0.06935083866119385
1732437691565935964,0.06935083866119385
1732437691565935964,0.06935083866119385
1732437691576553892,0.06935083866119385
1732437691576553892,0.06935083866119385
1732437691587275418,0.06935083866119385
1732437691587275418,0.06935083866119385
1732437691597557919,0.06935083866119385
1732437691597557919,0.06935083866119385
1732437691607764307,0.06935083866119385
1732437691607764307,0.06935083866119385
1732437691618087393,0.06935083866119385
1732437691618087393,0.06935083866119385
1732437691628783261,0.06935083866119385
1732437691628783261,0.06935083866119385
1732437691639383231,0.06935083866119385
1732437691639383231,0.06935083866119385
1732437691650343631,0.07177088409662247
1732437691650343631,0.07177088409662247
1732437691660891464,0.07177088409662247
1732437691660891464,0.07177088409662247
1732437691671069191,0.07177088409662247
1732437691671069191,0.07177088409662247
1732437691681179249,0.07177088409662247
1732437691681179249,0.07177088409662247
1732437691691576554,0.07177088409662247
1732437691691576554,0.07177088409662247
1732437691702038698,0.07177088409662247
1732437691702038698,0.07177088409662247
1732437691712545616,0.07177088409662247
1732437691712545616,0.07177088409662247
1732437691723249027,0.07177088409662247
1732437691723249027,0.07177088409662247
1732437691733423157,0.07177088409662247
1732437691733423157,0.07177088409662247
1732437691743729110,0.06792300194501877
1732437691743729110,0.06792300194501877
1732437691753993837,0.06792300194501877
1732437691753993837,0.06792300194501877
1732437691764528837,0.06792300194501877
1732437691764528837,0.06792300194501877
1732437691775034421,0.06792300194501877
1732437691775034421,0.06792300194501877
1732437691785209873,0.06792300194501877
1732437691785209873,0.06792300194501877
1732437691795616743,0.06792300194501877
1732437691795616743,0.06792300194501877
1732437691806021662,0.06792300194501877
1732437691806021662,0.06792300194501877
1732437691816423263,0.06792300194501877
1732437691816423263,0.06792300194501877
1732437691827191756,0.06792300194501877
1732437691827191756,0.06792300194501877
1732437691837420908,0.06792300194501877
1732437691837420908,0.06792300194501877
1732437691847546867,0.06848549097776413
1732437691847546867,0.06848549097776413
1732437691858021895,0.06848549097776413
1732437691858021895,0.06848549097776413
1732437691868413808,0.06848549097776413
1732437691868413808,0.06848549097776413
1732437691879082146,0.06848549097776413
1732437691879082146,0.06848549097776413
1732437691889206762,0.06848549097776413
1732437691889206762,0.06848549097776413
1732437691899574962,0.06848549097776413
1732437691899574962,0.06848549097776413
1732437691910078693,0.06848549097776413
1732437691910078693,0.06848549097776413
1732437691920198862,0.06848549097776413
1732437691920198862,0.06848549097776413
1732437691931066469,0.06848549097776413
1732437691931066469,0.06848549097776413
1732437691941763360,0.06848549097776413
1732437691941763360,0.06848549097776413
1732437691952374150,0.06366027891635895
1732437691952374150,0.06366027891635895
1732437691962830113,0.06366027891635895
1732437691962830113,0.06366027891635895
1732437691972867314,0.06366027891635895
1732437691972867314,0.06366027891635895
1732437691983286100,0.06366027891635895
1732437691983286100,0.06366027891635895
1732437691993762542,0.06366027891635895
1732437691993762542,0.06366027891635895
1732437692004304363,0.06366027891635895
1732437692004304363,0.06366027891635895
1732437692014946152,0.06366027891635895
1732437692014946152,0.06366027891635895
1732437692026458627,0.06366027891635895
1732437692026458627,0.06366027891635895
1732437692037261645,0.06366027891635895
1732437692037261645,0.06366027891635895
1732437692047717488,0.059216901659965515
1732437692047717488,0.059216901659965515
1732437692057867101,0.059216901659965515
1732437692057867101,0.059216901659965515
1732437692068243766,0.059216901659965515
1732437692068243766,0.059216901659965515
1732437692078848815,0.059216901659965515
1732437692078848815,0.059216901659965515
1732437692088968273,0.059216901659965515
1732437692088968273,0.059216901659965515
1732437692099156076,0.059216901659965515
1732437692099156076,0.059216901659965515
1732437692109492036,0.059216901659965515
1732437692109492036,0.059216901659965515
1732437692119931936,0.059216901659965515
1732437692119931936,0.059216901659965515
1732437692130456881,0.059216901659965515
1732437692130456881,0.059216901659965515
1732437692140816133,0.059216901659965515
1732437692140816133,0.059216901659965515
1732437692151290030,0.05585043504834175
1732437692151290030,0.05585043504834175
1732437692161779552,0.05585043504834175
1732437692161779552,0.05585043504834175
1732437692171945589,0.05585043504834175
1732437692171945589,0.05585043504834175
1732437692182229351,0.05585043504834175
1732437692182229351,0.05585043504834175
1732437692192923416,0.05585043504834175
1732437692192923416,0.05585043504834175
1732437692203309460,0.05585043504834175
1732437692203309460,0.05585043504834175
1732437692213673160,0.05585043504834175
1732437692213673160,0.05585043504834175
1732437692224240107,0.05585043504834175
1732437692224240107,0.05585043504834175
1732437692234632674,0.05585043504834175
1732437692234632674,0.05585043504834175
1732437692245108314,0.054140493273735046
1732437692245108314,0.054140493273735046
1732437692255536274,0.054140493273735046
1732437692255536274,0.054140493273735046
1732437692265784341,0.054140493273735046
1732437692265784341,0.054140493273735046
1732437692276038528,0.054140493273735046
1732437692276038528,0.054140493273735046
1732437692286369215,0.054140493273735046
1732437692286369215,0.054140493273735046
1732437692296707612,0.054140493273735046
1732437692296707612,0.054140493273735046
1732437692307292685,0.054140493273735046
1732437692307292685,0.054140493273735046
1732437692317411060,0.054140493273735046
1732437692317411060,0.054140493273735046
1732437692327691477,0.054140493273735046
1732437692327691477,0.054140493273735046
1732437692337908686,0.054140493273735046
1732437692337908686,0.054140493273735046
1732437692348143618,0.05338359251618385
1732437692348143618,0.05338359251618385
1732437692358636480,0.05338359251618385
1732437692358636480,0.05338359251618385
1732437692369426172,0.05338359251618385
1732437692369426172,0.05338359251618385
1732437692379935535,0.05338359251618385
1732437692379935535,0.05338359251618385
1732437692390471416,0.05338359251618385
1732437692390471416,0.05338359251618385
1732437692401114136,0.05338359251618385
1732437692401114136,0.05338359251618385
1732437692411690280,0.05338359251618385
1732437692411690280,0.05338359251618385
1732437692422047220,0.05338359251618385
1732437692422047220,0.05338359251618385
1732437692432580916,0.05338359251618385
1732437692432580916,0.05338359251618385
1732437692442732735,0.05338359251618385
1732437692442732735,0.05338359251618385
1732437692452856670,0.05473899468779564
1732437692452856670,0.05473899468779564
1732437692463324345,0.05473899468779564
1732437692463324345,0.05473899468779564
1732437692473737808,0.05473899468779564
1732437692473737808,0.05473899468779564
1732437692484061556,0.05473899468779564
1732437692484061556,0.05473899468779564
1732437692494416631,0.05473899468779564
1732437692494416631,0.05473899468779564
1732437692504712035,0.05473899468779564
1732437692504712035,0.05473899468779564
1732437692515024151,0.05473899468779564
1732437692515024151,0.05473899468779564
1732437692525386570,0.05473899468779564
1732437692525386570,0.05473899468779564
1732437692536046041,0.05473899468779564
1732437692536046041,0.05473899468779564
1732437692546235116,0.055785469710826874
1732437692546235116,0.055785469710826874
1732437692556908494,0.055785469710826874
1732437692556908494,0.055785469710826874
1732437692567138897,0.055785469710826874
1732437692567138897,0.055785469710826874
1732437692577352791,0.055785469710826874
1732437692577352791,0.055785469710826874
1732437692587635801,0.055785469710826874
1732437692587635801,0.055785469710826874
1732437692597805372,0.055785469710826874
1732437692597805372,0.055785469710826874
1732437692608294472,0.055785469710826874
1732437692608294472,0.055785469710826874
1732437692618674197,0.055785469710826874
1732437692618674197,0.055785469710826874
1732437692628943763,0.055785469710826874
1732437692628943763,0.055785469710826874
1732437692639137379,0.055785469710826874
1732437692639137379,0.055785469710826874
1732437692649228992,0.056911807507276535
1732437692649228992,0.056911807507276535
1732437692660162264,0.056911807507276535
1732437692660162264,0.056911807507276535
1732437692671049498,0.056911807507276535
1732437692671049498,0.056911807507276535
1732437692681368476,0.056911807507276535
1732437692681368476,0.056911807507276535
1732437692691884271,0.056911807507276535
1732437692691884271,0.056911807507276535
1732437692702393722,0.056911807507276535
1732437692702393722,0.056911807507276535
1732437692712860696,0.056911807507276535
1732437692712860696,0.056911807507276535
1732437692723320736,0.056911807507276535
1732437692723320736,0.056911807507276535
1732437692733920997,0.056911807507276535
1732437692733920997,0.056911807507276535
1732437692744134709,0.05696078762412071
1732437692744134709,0.05696078762412071
1732437692754699852,0.05696078762412071
1732437692754699852,0.05696078762412071
1732437692764908758,0.05696078762412071
1732437692764908758,0.05696078762412071
1732437692775175280,0.05696078762412071
1732437692775175280,0.05696078762412071
1732437692785736497,0.05696078762412071
1732437692785736497,0.05696078762412071
1732437692796300631,0.05696078762412071
1732437692796300631,0.05696078762412071
1732437692806938682,0.05696078762412071
1732437692806938682,0.05696078762412071
1732437692817030077,0.05696078762412071
1732437692817030077,0.05696078762412071
1732437692827243509,0.05696078762412071
1732437692827243509,0.05696078762412071
1732437692837701536,0.05696078762412071
1732437692837701536,0.05696078762412071
1732437692848282973,0.05637291073799133
1732437692848282973,0.05637291073799133
1732437692858622488,0.05637291073799133
1732437692858622488,0.05637291073799133
1732437692869064502,0.05637291073799133
1732437692869064502,0.05637291073799133
1732437692879308704,0.05637291073799133
1732437692879308704,0.05637291073799133
1732437692890015374,0.05637291073799133
1732437692890015374,0.05637291073799133
1732437692900238914,0.05637291073799133
1732437692900238914,0.05637291073799133
1732437692910628253,0.05637291073799133
1732437692910628253,0.05637291073799133
1732437692921221260,0.05637291073799133
1732437692921221260,0.05637291073799133
1732437692931602504,0.05637291073799133
1732437692931602504,0.05637291073799133
1732437692941834760,0.05637291073799133
1732437692941834760,0.05637291073799133
1732437692952473564,0.05497980862855911
1732437692952473564,0.05497980862855911
1732437692962775018,0.05497980862855911
1732437692962775018,0.05497980862855911
1732437692973198421,0.05497980862855911
1732437692973198421,0.05497980862855911
1732437692983663751,0.05497980862855911
1732437692983663751,0.05497980862855911
1732437692994124432,0.05497980862855911
1732437692994124432,0.05497980862855911
1732437693004704866,0.05497980862855911
1732437693004704866,0.05497980862855911
1732437693015010831,0.05497980862855911
1732437693015010831,0.05497980862855911
1732437693026124607,0.05497980862855911
1732437693026124607,0.05497980862855911
1732437693036525286,0.05497980862855911
1732437693036525286,0.05497980862855911
1732437693046933791,0.05901350826025009
1732437693046933791,0.05901350826025009
1732437693057056805,0.05901350826025009
1732437693057056805,0.05901350826025009
1732437693067445012,0.05901350826025009
1732437693067445012,0.05901350826025009
1732437693077902025,0.05901350826025009
1732437693077902025,0.05901350826025009
1732437693088217117,0.05901350826025009
1732437693088217117,0.05901350826025009
1732437693098481830,0.05901350826025009
1732437693098481830,0.05901350826025009
1732437693108957193,0.05901350826025009
1732437693108957193,0.05901350826025009
1732437693119371519,0.05901350826025009
1732437693119371519,0.05901350826025009
1732437693129613193,0.05901350826025009
1732437693129613193,0.05901350826025009
1732437693139997984,0.05901350826025009
1732437693139997984,0.05901350826025009
1732437693150646029,0.060449667274951935
1732437693150646029,0.060449667274951935
1732437693161144666,0.060449667274951935
1732437693161144666,0.060449667274951935
1732437693171240850,0.060449667274951935
1732437693171240850,0.060449667274951935
1732437693181775399,0.060449667274951935
1732437693181775399,0.060449667274951935
1732437693192238235,0.060449667274951935
1732437693192238235,0.060449667274951935
1732437693202808960,0.060449667274951935
1732437693202808960,0.060449667274951935
1732437693212883074,0.060449667274951935
1732437693212883074,0.060449667274951935
1732437693223280719,0.060449667274951935
1732437693223280719,0.060449667274951935
1732437693233882272,0.060449667274951935
1732437693233882272,0.060449667274951935
1732437693244164021,0.06654265522956848
1732437693244164021,0.06654265522956848
1732437693254365220,0.06654265522956848
1732437693254365220,0.06654265522956848
1732437693264596596,0.06654265522956848
1732437693264596596,0.06654265522956848
1732437693275119965,0.06654265522956848
1732437693275119965,0.06654265522956848
1732437693285749298,0.06654265522956848
1732437693285749298,0.06654265522956848
1732437693296210943,0.06654265522956848
1732437693296210943,0.06654265522956848
1732437693306617694,0.06654265522956848
1732437693306617694,0.06654265522956848
1732437693317210711,0.06654265522956848
1732437693317210711,0.06654265522956848
1732437693327366267,0.06654265522956848
1732437693327366267,0.06654265522956848
1732437693337654577,0.06654265522956848
1732437693337654577,0.06654265522956848
1732437693347797679,0.07185333967208862
1732437693347797679,0.07185333967208862
1732437693358034374,0.07185333967208862
1732437693358034374,0.07185333967208862
1732437693368647509,0.07185333967208862
1732437693368647509,0.07185333967208862
1732437693379102591,0.07185333967208862
1732437693379102591,0.07185333967208862
1732437693389264917,0.07185333967208862
1732437693389264917,0.07185333967208862
1732437693399688240,0.07185333967208862
1732437693399688240,0.07185333967208862
1732437693410299371,0.07185333967208862
1732437693410299371,0.07185333967208862
1732437693420853887,0.07185333967208862
1732437693420853887,0.07185333967208862
1732437693431162968,0.07185333967208862
1732437693431162968,0.07185333967208862
1732437693441193518,0.07185333967208862
1732437693441193518,0.07185333967208862
1732437693451690779,0.07703253626823425
1732437693451690779,0.07703253626823425
1732437693462149878,0.07703253626823425
1732437693462149878,0.07703253626823425
1732437693472524289,0.07703253626823425
1732437693472524289,0.07703253626823425
1732437693482971626,0.07703253626823425
1732437693482971626,0.07703253626823425
1732437693493574751,0.07703253626823425
1732437693493574751,0.07703253626823425
1732437693503802601,0.07703253626823425
1732437693503802601,0.07703253626823425
1732437693514015262,0.07703253626823425
1732437693514015262,0.07703253626823425
1732437693524482275,0.07703253626823425
1732437693524482275,0.07703253626823425
1732437693534764055,0.07703253626823425
1732437693534764055,0.07703253626823425
1732437693547133930,0.0856466144323349
1732437693547133930,0.0856466144323349
1732437693557781262,0.0856466144323349
1732437693557781262,0.0856466144323349
1732437693568285035,0.0856466144323349
1732437693568285035,0.0856466144323349
1732437693578547216,0.0856466144323349
1732437693578547216,0.0856466144323349
1732437693588823546,0.0856466144323349
1732437693588823546,0.0856466144323349
1732437693599232992,0.0856466144323349
1732437693599232992,0.0856466144323349
1732437693609908944,0.0856466144323349
1732437693609908944,0.0856466144323349
1732437693620067184,0.0856466144323349
1732437693620067184,0.0856466144323349
1732437693630481499,0.0856466144323349
1732437693630481499,0.0856466144323349
1732437693640963841,0.0856466144323349
1732437693640963841,0.0856466144323349
1732437693651505239,0.0926942303776741
1732437693651505239,0.0926942303776741
1732437693661637534,0.0926942303776741
1732437693661637534,0.0926942303776741
1732437693671955207,0.0926942303776741
1732437693671955207,0.0926942303776741
1732437693682552505,0.0926942303776741
1732437693682552505,0.0926942303776741
1732437693693022785,0.0926942303776741
1732437693693022785,0.0926942303776741
1732437693703402886,0.0926942303776741
1732437693703402886,0.0926942303776741
1732437693713927914,0.0926942303776741
1732437693713927914,0.0926942303776741
1732437693724310925,0.0926942303776741
1732437693724310925,0.0926942303776741
1732437693734765104,0.0926942303776741
1732437693734765104,0.0926942303776741
1732437693745023570,0.09570244699716568
1732437693745023570,0.09570244699716568
1732437693755524857,0.09570244699716568
1732437693755524857,0.09570244699716568
1732437693765779166,0.09570244699716568
1732437693765779166,0.09570244699716568
1732437693776236161,0.09570244699716568
1732437693776236161,0.09570244699716568
1732437693786830660,0.09570244699716568
1732437693786830660,0.09570244699716568
1732437693796918686,0.09570244699716568
1732437693796918686,0.09570244699716568
1732437693807602684,0.09570244699716568
1732437693807602684,0.09570244699716568
1732437693817904813,0.09570244699716568
1732437693817904813,0.09570244699716568
1732437693828223481,0.09570244699716568
1732437693828223481,0.09570244699716568
1732437693838530556,0.09570244699716568
1732437693838530556,0.09570244699716568
1732437693849176754,0.10389726608991623
1732437693849176754,0.10389726608991623
1732437693859578436,0.10389726608991623
1732437693859578436,0.10389726608991623
1732437693869944862,0.10389726608991623
1732437693869944862,0.10389726608991623
1732437693880220981,0.10389726608991623
1732437693880220981,0.10389726608991623
1732437693890496768,0.10389726608991623
1732437693890496768,0.10389726608991623
1732437693900828381,0.10389726608991623
1732437693900828381,0.10389726608991623
1732437693911634605,0.10389726608991623
1732437693911634605,0.10389726608991623
1732437693922430726,0.10389726608991623
1732437693922430726,0.10389726608991623
1732437693932805923,0.10389726608991623
1732437693932805923,0.10389726608991623
1732437693943377911,0.0936509296298027
1732437693943377911,0.0936509296298027
1732437693953454409,0.0936509296298027
1732437693953454409,0.0936509296298027
1732437693964065461,0.0936509296298027
1732437693964065461,0.0936509296298027
1732437693974629373,0.0936509296298027
1732437693974629373,0.0936509296298027
1732437693985158923,0.0936509296298027
1732437693985158923,0.0936509296298027
1732437693995653887,0.0936509296298027
1732437693995653887,0.0936509296298027
1732437694006882908,0.0936509296298027
1732437694006882908,0.0936509296298027
1732437694017015801,0.0936509296298027
1732437694017015801,0.0936509296298027
1732437694027130027,0.0936509296298027
1732437694027130027,0.0936509296298027
1732437694037297164,0.0936509296298027
1732437694037297164,0.0936509296298027
1732437694047393875,0.09848564863204956
1732437694047393875,0.09848564863204956
1732437694057520039,0.09848564863204956
1732437694057520039,0.09848564863204956
1732437694067960083,0.09848564863204956
1732437694067960083,0.09848564863204956
1732437694078661928,0.09848564863204956
1732437694078661928,0.09848564863204956
1732437694088720192,0.09848564863204956
1732437694088720192,0.09848564863204956
1732437694098879779,0.09848564863204956
1732437694098879779,0.09848564863204956
1732437694109489733,0.09848564863204956
1732437694109489733,0.09848564863204956
1732437694119833372,0.09848564863204956
1732437694119833372,0.09848564863204956
1732437694130152731,0.09848564863204956
1732437694130152731,0.09848564863204956
1732437694140493449,0.09848564863204956
1732437694140493449,0.09848564863204956
1732437694150790206,0.09014297276735306
1732437694150790206,0.09014297276735306
1732437694160864240,0.09014297276735306
1732437694160864240,0.09014297276735306
1732437694171117381,0.09014297276735306
1732437694171117381,0.09014297276735306
1732437694181774252,0.09014297276735306
1732437694181774252,0.09014297276735306
1732437694191982746,0.09014297276735306
1732437694191982746,0.09014297276735306
1732437694202183504,0.09014297276735306
1732437694202183504,0.09014297276735306
1732437694212807549,0.09014297276735306
1732437694212807549,0.09014297276735306
1732437694223132209,0.09014297276735306
1732437694223132209,0.09014297276735306
1732437694234014684,0.09014297276735306
1732437694234014684,0.09014297276735306
1732437694244340114,0.08441083133220673
1732437694244340114,0.08441083133220673
1732437694255133284,0.08441083133220673
1732437694255133284,0.08441083133220673
1732437694265765966,0.08441083133220673
1732437694265765966,0.08441083133220673
1732437694276119397,0.08441083133220673
1732437694276119397,0.08441083133220673
1732437694286562277,0.08441083133220673
1732437694286562277,0.08441083133220673
1732437694296933713,0.08441083133220673
1732437694296933713,0.08441083133220673
1732437694307156882,0.08441083133220673
1732437694307156882,0.08441083133220673
1732437694317458770,0.08441083133220673
1732437694317458770,0.08441083133220673
1732437694327783279,0.08441083133220673
1732437694327783279,0.08441083133220673
1732437694337987382,0.08441083133220673
1732437694337987382,0.08441083133220673
1732437694348361003,0.08031654357910156
1732437694348361003,0.08031654357910156
1732437694358628997,0.08031654357910156
1732437694358628997,0.08031654357910156
1732437694368884263,0.08031654357910156
1732437694368884263,0.08031654357910156
1732437694379185041,0.08031654357910156
1732437694379185041,0.08031654357910156
1732437694389568560,0.08031654357910156
1732437694389568560,0.08031654357910156
1732437694400190230,0.08031654357910156
1732437694400190230,0.08031654357910156
1732437694410628791,0.08031654357910156
1732437694410628791,0.08031654357910156
1732437694421105934,0.08031654357910156
1732437694421105934,0.08031654357910156
1732437694431851124,0.08031654357910156
1732437694431851124,0.08031654357910156
1732437694442230862,0.08031654357910156
1732437694442230862,0.08031654357910156
1732437694452447144,0.07769988477230072
1732437694452447144,0.07769988477230072
1732437694462828224,0.07769988477230072
1732437694462828224,0.07769988477230072
1732437694473065894,0.07769988477230072
1732437694473065894,0.07769988477230072
1732437694483537186,0.07769988477230072
1732437694483537186,0.07769988477230072
1732437694494071295,0.07769988477230072
1732437694494071295,0.07769988477230072
1732437694504182876,0.07769988477230072
1732437694504182876,0.07769988477230072
1732437694514544475,0.07769988477230072
1732437694514544475,0.07769988477230072
1732437694525158308,0.07769988477230072
1732437694525158308,0.07769988477230072
1732437694535412378,0.07769988477230072
1732437694535412378,0.07769988477230072
1732437694545494507,0.07445418834686279
1732437694545494507,0.07445418834686279
1732437694555684756,0.07445418834686279
1732437694555684756,0.07445418834686279
1732437694566103419,0.07445418834686279
1732437694566103419,0.07445418834686279
1732437694576276587,0.07445418834686279
1732437694576276587,0.07445418834686279
1732437694586895062,0.07445418834686279
1732437694586895062,0.07445418834686279
1732437694596972302,0.07445418834686279
1732437694596972302,0.07445418834686279
1732437694609065597,0.07445418834686279
1732437694609065597,0.07445418834686279
1732437694619390167,0.07445418834686279
1732437694619390167,0.07445418834686279
1732437694629777913,0.07445418834686279
1732437694629777913,0.07445418834686279
1732437694640948153,0.07445418834686279
1732437694640948153,0.07445418834686279
1732437694651515132,0.07434771955013275
1732437694651515132,0.07434771955013275
1732437694662110094,0.07434771955013275
1732437694662110094,0.07434771955013275
1732437694672682873,0.07434771955013275
1732437694672682873,0.07434771955013275
1732437694683430309,0.07434771955013275
1732437694683430309,0.07434771955013275
1732437694694128228,0.07434771955013275
1732437694694128228,0.07434771955013275
1732437694705462836,0.07434771955013275
1732437694705462836,0.07434771955013275
1732437694716016652,0.07434771955013275
1732437694716016652,0.07434771955013275
1732437694726617215,0.07434771955013275
1732437694726617215,0.07434771955013275
1732437694737454735,0.07434771955013275
1732437694737454735,0.07434771955013275
1732437694747673548,0.07266344875097275
1732437694747673548,0.07266344875097275
1732437694757904864,0.07266344875097275
1732437694757904864,0.07266344875097275
1732437694768731625,0.07266344875097275
1732437694768731625,0.07266344875097275
1732437694779016180,0.07266344875097275
1732437694779016180,0.07266344875097275
1732437694789104410,0.07266344875097275
1732437694789104410,0.07266344875097275
1732437694799884534,0.07266344875097275
1732437694799884534,0.07266344875097275
1732437694810561398,0.07266344875097275
1732437694810561398,0.07266344875097275
1732437694820976025,0.07266344875097275
1732437694820976025,0.07266344875097275
1732437694831574763,0.07266344875097275
1732437694831574763,0.07266344875097275
1732437694842037449,0.07266344875097275
1732437694842037449,0.07266344875097275
1732437694852188015,0.0724734291434288
1732437694852188015,0.0724734291434288
1732437694862754843,0.0724734291434288
1732437694862754843,0.0724734291434288
1732437694872870664,0.0724734291434288
1732437694872870664,0.0724734291434288
1732437694883081371,0.0724734291434288
1732437694883081371,0.0724734291434288
1732437694894838853,0.0724734291434288
1732437694894838853,0.0724734291434288
1732437694905055741,0.0724734291434288
1732437694905055741,0.0724734291434288
1732437694915332362,0.0724734291434288
1732437694915332362,0.0724734291434288
1732437694925737381,0.0724734291434288
1732437694925737381,0.0724734291434288
1732437694935995896,0.0724734291434288
1732437694935995896,0.0724734291434288
1732437694946160217,0.07145034521818161
1732437694946160217,0.07145034521818161
1732437694956292318,0.07145034521818161
1732437694956292318,0.07145034521818161
1732437694966586089,0.07145034521818161
1732437694966586089,0.07145034521818161
1732437694977059014,0.07145034521818161
1732437694977059014,0.07145034521818161
1732437694987644429,0.07145034521818161
1732437694987644429,0.07145034521818161
1732437694997934312,0.07145034521818161
1732437694997934312,0.07145034521818161
1732437695008243363,0.07145034521818161
1732437695008243363,0.07145034521818161
1732437695018438030,0.07145034521818161
1732437695018438030,0.07145034521818161
1732437695028882380,0.07145034521818161
1732437695028882380,0.07145034521818161
1732437695039209885,0.07145034521818161
1732437695039209885,0.07145034521818161
1732437695049874096,0.07248992472887039
1732437695049874096,0.07248992472887039
1732437695060512477,0.07248992472887039
1732437695060512477,0.07248992472887039
1732437695071027370,0.07248992472887039
1732437695071027370,0.07248992472887039
1732437695081207918,0.07248992472887039
1732437695081207918,0.07248992472887039
1732437695091374345,0.07248992472887039
1732437695091374345,0.07248992472887039
1732437695101711618,0.07248992472887039
1732437695101711618,0.07248992472887039
1732437695111888383,0.07248992472887039
1732437695111888383,0.07248992472887039
1732437695122468357,0.07248992472887039
1732437695122468357,0.07248992472887039
1732437695132832296,0.07248992472887039
1732437695132832296,0.07248992472887039
1732437695143311133,0.07277064025402069
1732437695143311133,0.07277064025402069
1732437695153683261,0.07277064025402069
1732437695153683261,0.07277064025402069
1732437695164275719,0.07277064025402069
1732437695164275719,0.07277064025402069
1732437695174738685,0.07277064025402069
1732437695174738685,0.07277064025402069
1732437695185281949,0.07277064025402069
1732437695185281949,0.07277064025402069
1732437695195831477,0.07277064025402069
1732437695195831477,0.07277064025402069
1732437695206359614,0.07277064025402069
1732437695206359614,0.07277064025402069
1732437695216963219,0.07277064025402069
1732437695216963219,0.07277064025402069
1732437695226988474,0.07277064025402069
1732437695226988474,0.07277064025402069
1732437695237184194,0.07277064025402069
1732437695237184194,0.07277064025402069
1732437695247688758,0.0756995677947998
1732437695247688758,0.0756995677947998
1732437695257933398,0.0756995677947998
1732437695257933398,0.0756995677947998
1732437695268465182,0.0756995677947998
1732437695268465182,0.0756995677947998
1732437695278532492,0.0756995677947998
1732437695278532492,0.0756995677947998
1732437695288793503,0.0756995677947998
1732437695288793503,0.0756995677947998
1732437695299424492,0.0756995677947998
1732437695299424492,0.0756995677947998
1732437695309803903,0.0756995677947998
1732437695309803903,0.0756995677947998
1732437695320285102,0.0756995677947998
1732437695320285102,0.0756995677947998
1732437695330449684,0.0756995677947998
1732437695330449684,0.0756995677947998
1732437695340961591,0.0756995677947998
1732437695340961591,0.0756995677947998
1732437695351255750,0.07754626870155334
1732437695351255750,0.07754626870155334
1732437695361500804,0.07754626870155334
1732437695361500804,0.07754626870155334
1732437695371924508,0.07754626870155334
1732437695371924508,0.07754626870155334
1732437695382203182,0.07754626870155334
1732437695382203182,0.07754626870155334
1732437695392726761,0.07754626870155334
1732437695392726761,0.07754626870155334
1732437695403528542,0.07754626870155334
1732437695403528542,0.07754626870155334
1732437695414073184,0.07754626870155334
1732437695414073184,0.07754626870155334
1732437695424287148,0.07754626870155334
1732437695424287148,0.07754626870155334
1732437695434805898,0.07754626870155334
1732437695434805898,0.07754626870155334
1732437695445140875,0.08393750339746475
1732437695445140875,0.08393750339746475
1732437695455579587,0.08393750339746475
1732437695455579587,0.08393750339746475
1732437695466181662,0.08393750339746475
1732437695466181662,0.08393750339746475
1732437695476958742,0.08393750339746475
1732437695476958742,0.08393750339746475
1732437695486997729,0.08393750339746475
1732437695486997729,0.08393750339746475
1732437695497197813,0.08393750339746475
1732437695497197813,0.08393750339746475
1732437695507426087,0.08393750339746475
1732437695507426087,0.08393750339746475
1732437695517561375,0.08393750339746475
1732437695517561375,0.08393750339746475
1732437695527943721,0.08393750339746475
1732437695527943721,0.08393750339746475
1732437695538501042,0.08393750339746475
1732437695538501042,0.08393750339746475
1732437695548972023,0.08479909598827362
1732437695548972023,0.08479909598827362
1732437695559587504,0.08479909598827362
1732437695559587504,0.08479909598827362
1732437695569858293,0.08479909598827362
1732437695569858293,0.08479909598827362
1732437695580251257,0.08479909598827362
1732437695580251257,0.08479909598827362
1732437695590596896,0.08479909598827362
1732437695590596896,0.08479909598827362
1732437695600948556,0.08479909598827362
1732437695600948556,0.08479909598827362
1732437695611255613,0.08479909598827362
1732437695611255613,0.08479909598827362
1732437695621631746,0.08479909598827362
1732437695621631746,0.08479909598827362
1732437695631952840,0.08479909598827362
1732437695631952840,0.08479909598827362
1732437695641995074,0.08479909598827362
1732437695641995074,0.08479909598827362
1732437695652233923,0.08488024771213531
1732437695652233923,0.08488024771213531
1732437695662366224,0.08488024771213531
1732437695662366224,0.08488024771213531
1732437695673071200,0.08488024771213531
1732437695673071200,0.08488024771213531
1732437695683306885,0.08488024771213531
1732437695683306885,0.08488024771213531
1732437695693558458,0.08488024771213531
1732437695693558458,0.08488024771213531
1732437695703973010,0.08488024771213531
1732437695703973010,0.08488024771213531
1732437695714194768,0.08488024771213531
1732437695714194768,0.08488024771213531
1732437695724371746,0.08488024771213531
1732437695724371746,0.08488024771213531
1732437695735209930,0.08488024771213531
1732437695735209930,0.08488024771213531
1732437695745681443,0.0868145301938057
1732437695745681443,0.0868145301938057
1732437695756132966,0.0868145301938057
1732437695756132966,0.0868145301938057
1732437695766408585,0.0868145301938057
1732437695766408585,0.0868145301938057
1732437695776817822,0.0868145301938057
1732437695776817822,0.0868145301938057
1732437695787626827,0.0868145301938057
1732437695787626827,0.0868145301938057
1732437695797800889,0.0868145301938057
1732437695797800889,0.0868145301938057
1732437695808383127,0.0868145301938057
1732437695808383127,0.0868145301938057
1732437695818934458,0.0868145301938057
1732437695818934458,0.0868145301938057
1732437695829258877,0.0868145301938057
1732437695829258877,0.0868145301938057
1732437695839612859,0.0868145301938057
1732437695839612859,0.0868145301938057
1732437695850059116,0.08525293320417404
1732437695850059116,0.08525293320417404
1732437695860617669,0.08525293320417404
1732437695860617669,0.08525293320417404
1732437695871102757,0.08525293320417404
1732437695871102757,0.08525293320417404
1732437695881717144,0.08525293320417404
1732437695881717144,0.08525293320417404
1732437695892456724,0.08525293320417404
1732437695892456724,0.08525293320417404
1732437695902930942,0.08525293320417404
1732437695902930942,0.08525293320417404
1732437695913171124,0.08525293320417404
1732437695913171124,0.08525293320417404
1732437695924332183,0.08525293320417404
1732437695924332183,0.08525293320417404
1732437695934497270,0.08525293320417404
1732437695934497270,0.08525293320417404
1732437695944612370,0.08615390211343765
1732437695944612370,0.08615390211343765
1732437695954820503,0.08615390211343765
1732437695954820503,0.08615390211343765
1732437695965297343,0.08615390211343765
1732437695965297343,0.08615390211343765
1732437695975594071,0.08615390211343765
1732437695975594071,0.08615390211343765
1732437695985808455,0.08615390211343765
1732437695985808455,0.08615390211343765
1732437695996004723,0.08615390211343765
1732437695996004723,0.08615390211343765
1732437696006229860,0.08615390211343765
1732437696006229860,0.08615390211343765
1732437696016823779,0.08615390211343765
1732437696016823779,0.08615390211343765
1732437696027334644,0.08615390211343765
1732437696027334644,0.08615390211343765
1732437696037549637,0.08615390211343765
1732437696037549637,0.08615390211343765
1732437696047701508,0.08852710574865341
1732437696047701508,0.08852710574865341
1732437696058016388,0.08852710574865341
1732437696058016388,0.08852710574865341
1732437696068513428,0.08852710574865341
1732437696068513428,0.08852710574865341
1732437696079206061,0.08852710574865341
1732437696079206061,0.08852710574865341
1732437696089682293,0.08852710574865341
1732437696089682293,0.08852710574865341
1732437696100053246,0.08852710574865341
1732437696100053246,0.08852710574865341
1732437696110375021,0.08852710574865341
1732437696110375021,0.08852710574865341
1732437696120597417,0.08852710574865341
1732437696120597417,0.08852710574865341
1732437696131465246,0.08852710574865341
1732437696131465246,0.08852710574865341
1732437696141840649,0.08852710574865341
1732437696141840649,0.08852710574865341
1732437696152418352,0.08907899260520935
1732437696152418352,0.08907899260520935
1732437696162586910,0.08907899260520935
1732437696162586910,0.08907899260520935
1732437696173247875,0.08907899260520935
1732437696173247875,0.08907899260520935
1732437696183730518,0.08907899260520935
1732437696183730518,0.08907899260520935
1732437696194280797,0.08907899260520935
1732437696194280797,0.08907899260520935
1732437696204821749,0.08907899260520935
1732437696204821749,0.08907899260520935
1732437696215255791,0.08907899260520935
1732437696215255791,0.08907899260520935
1732437696225638323,0.08907899260520935
1732437696225638323,0.08907899260520935
1732437696236238498,0.08907899260520935
1732437696236238498,0.08907899260520935
1732437696246961798,0.0890103355050087
1732437696246961798,0.0890103355050087
1732437696257210447,0.0890103355050087
1732437696257210447,0.0890103355050087
1732437696267513356,0.0890103355050087
1732437696267513356,0.0890103355050087
1732437696277650808,0.0890103355050087
1732437696277650808,0.0890103355050087
1732437696287776706,0.0890103355050087
1732437696287776706,0.0890103355050087
1732437696297965934,0.0890103355050087
1732437696297965934,0.0890103355050087
1732437696308457183,0.0890103355050087
1732437696308457183,0.0890103355050087
1732437696319070199,0.0890103355050087
1732437696319070199,0.0890103355050087
1732437696329660262,0.0890103355050087
1732437696329660262,0.0890103355050087
1732437696340303874,0.0890103355050087
1732437696340303874,0.0890103355050087
1732437696350649270,0.09229515492916107
1732437696350649270,0.09229515492916107
1732437696361303632,0.09229515492916107
1732437696361303632,0.09229515492916107
1732437696371670921,0.09229515492916107
1732437696371670921,0.09229515492916107
1732437696382960775,0.09229515492916107
1732437696382960775,0.09229515492916107
1732437696393951001,0.09229515492916107
1732437696393951001,0.09229515492916107
1732437696404348857,0.09229515492916107
1732437696404348857,0.09229515492916107
1732437696414501815,0.09229515492916107
1732437696414501815,0.09229515492916107
1732437696428240079,0.09229515492916107
1732437696428240079,0.09229515492916107
1732437696438571492,0.09229515492916107
1732437696438571492,0.09229515492916107
1732437696448906350,0.09435902535915375
1732437696448906350,0.09435902535915375
1732437696459076649,0.09435902535915375
1732437696459076649,0.09435902535915375
1732437696469319300,0.09435902535915375
1732437696469319300,0.09435902535915375
1732437696479669294,0.09435902535915375
1732437696479669294,0.09435902535915375
1732437696490340228,0.09435902535915375
1732437696490340228,0.09435902535915375
1732437696500779170,0.09435902535915375
1732437696500779170,0.09435902535915375
1732437696511054167,0.09435902535915375
1732437696511054167,0.09435902535915375
1732437696521428148,0.09435902535915375
1732437696521428148,0.09435902535915375
1732437696531959021,0.09435902535915375
1732437696531959021,0.09435902535915375
1732437696542269479,0.09435902535915375
1732437696542269479,0.09435902535915375
1732437696552622735,0.09579937905073166
1732437696552622735,0.09579937905073166
1732437696563281786,0.09579937905073166
1732437696563281786,0.09579937905073166
1732437696573626323,0.09579937905073166
1732437696573626323,0.09579937905073166
1732437696584172454,0.09579937905073166
1732437696584172454,0.09579937905073166
1732437696594602710,0.09579937905073166
1732437696594602710,0.09579937905073166
1732437696604809805,0.09579937905073166
1732437696604809805,0.09579937905073166
1732437696615201513,0.09579937905073166
1732437696615201513,0.09579937905073166
1732437696625460009,0.09579937905073166
1732437696625460009,0.09579937905073166
1732437696635966296,0.09579937905073166
1732437696635966296,0.09579937905073166
1732437696646302043,0.10152408480644226
1732437696646302043,0.10152408480644226
1732437696657034731,0.10152408480644226
1732437696657034731,0.10152408480644226
1732437696667156737,0.10152408480644226
1732437696667156737,0.10152408480644226
1732437696677440570,0.10152408480644226
1732437696677440570,0.10152408480644226
1732437696687638794,0.10152408480644226
1732437696687638794,0.10152408480644226
1732437696698051918,0.10152408480644226
1732437696698051918,0.10152408480644226
1732437696708811035,0.10152408480644226
1732437696708811035,0.10152408480644226
1732437696719340526,0.10152408480644226
1732437696719340526,0.10152408480644226
1732437696729822968,0.10152408480644226
1732437696729822968,0.10152408480644226
1732437696740231272,0.10152408480644226
1732437696740231272,0.10152408480644226
1732437696750381326,0.10277574509382248
1732437696750381326,0.10277574509382248
1732437696761416247,0.10277574509382248
1732437696761416247,0.10277574509382248
1732437696771781801,0.10277574509382248
1732437696771781801,0.10277574509382248
1732437696782339160,0.10277574509382248
1732437696782339160,0.10277574509382248
1732437696792818440,0.10277574509382248
1732437696792818440,0.10277574509382248
1732437696803422708,0.10277574509382248
1732437696803422708,0.10277574509382248
1732437696814350208,0.10277574509382248
1732437696814350208,0.10277574509382248
1732437696824720182,0.10277574509382248
1732437696824720182,0.10277574509382248
1732437696835496110,0.10277574509382248
1732437696835496110,0.10277574509382248
1732437696846086670,0.10550546646118164
1732437696846086670,0.10550546646118164
1732437696856336575,0.10550546646118164
1732437696856336575,0.10550546646118164
1732437696866890879,0.10550546646118164
1732437696866890879,0.10550546646118164
1732437696876915741,0.10550546646118164
1732437696876915741,0.10550546646118164
1732437696886961162,0.10550546646118164
1732437696886961162,0.10550546646118164
1732437696897029344,0.10550546646118164
1732437696897029344,0.10550546646118164
1732437696907573733,0.10550546646118164
1732437696907573733,0.10550546646118164
1732437696917706706,0.10550546646118164
1732437696917706706,0.10550546646118164
1732437696928094631,0.10550546646118164
1732437696928094631,0.10550546646118164
1732437696938225266,0.10550546646118164
1732437696938225266,0.10550546646118164
1732437696948731307,0.1077083945274353
1732437696948731307,0.1077083945274353
1732437696958909944,0.1077083945274353
1732437696958909944,0.1077083945274353
1732437696969493486,0.1077083945274353
1732437696969493486,0.1077083945274353
1732437696980016069,0.1077083945274353
1732437696980016069,0.1077083945274353
1732437696990518983,0.1077083945274353
1732437696990518983,0.1077083945274353
1732437697000887152,0.1077083945274353
1732437697000887152,0.1077083945274353
1732437697011380411,0.1077083945274353
1732437697011380411,0.1077083945274353
1732437697021976265,0.1077083945274353
1732437697021976265,0.1077083945274353
1732437697032516619,0.1077083945274353
1732437697032516619,0.1077083945274353
1732437697042825199,0.1077083945274353
1732437697042825199,0.1077083945274353
1732437697053195069,0.11376789212226868
1732437697053195069,0.11376789212226868
1732437697063800432,0.11376789212226868
1732437697063800432,0.11376789212226868
1732437697074260803,0.11376789212226868
1732437697074260803,0.11376789212226868
1732437697084754026,0.11376789212226868
1732437697084754026,0.11376789212226868
1732437697095108612,0.11376789212226868
1732437697095108612,0.11376789212226868
1732437697105437939,0.11376789212226868
1732437697105437939,0.11376789212226868
1732437697115803485,0.11376789212226868
1732437697115803485,0.11376789212226868
1732437697126404529,0.11376789212226868
1732437697126404529,0.11376789212226868
1732437697136932564,0.11376789212226868
1732437697136932564,0.11376789212226868
1732437697146991841,0.11627911776304245
1732437697146991841,0.11627911776304245
1732437697157430171,0.11627911776304245
1732437697157430171,0.11627911776304245
1732437697167829420,0.11627911776304245
1732437697167829420,0.11627911776304245
1732437697178562488,0.11627911776304245
1732437697178562488,0.11627911776304245
1732437697188751285,0.11627911776304245
1732437697188751285,0.11627911776304245
1732437697199357808,0.11627911776304245
1732437697199357808,0.11627911776304245
1732437697209768478,0.11627911776304245
1732437697209768478,0.11627911776304245
1732437697220170011,0.11627911776304245
1732437697220170011,0.11627911776304245
1732437697230750155,0.11627911776304245
1732437697230750155,0.11627911776304245
1732437697241107846,0.11627911776304245
1732437697241107846,0.11627911776304245
1732437697251494781,0.11858893185853958
1732437697251494781,0.11858893185853958
1732437697262133142,0.11858893185853958
1732437697262133142,0.11858893185853958
1732437697272658084,0.11858893185853958
1732437697272658084,0.11858893185853958
1732437697282932069,0.11858893185853958
1732437697282932069,0.11858893185853958
1732437697293266266,0.11858893185853958
1732437697293266266,0.11858893185853958
1732437697303657440,0.11858893185853958
1732437697303657440,0.11858893185853958
1732437697313874956,0.11858893185853958
1732437697313874956,0.11858893185853958
1732437697324407176,0.11858893185853958
1732437697324407176,0.11858893185853958
1732437697334823285,0.11858893185853958
1732437697334823285,0.11858893185853958
1732437697345126214,0.1217317059636116
1732437697345126214,0.1217317059636116
1732437697355370674,0.1217317059636116
1732437697355370674,0.1217317059636116
1732437697365553951,0.1217317059636116
1732437697365553951,0.1217317059636116
1732437697375987742,0.1217317059636116
1732437697375987742,0.1217317059636116
1732437697386515479,0.1217317059636116
1732437697386515479,0.1217317059636116
1732437697396963457,0.1217317059636116
1732437697396963457,0.1217317059636116
1732437697407007295,0.1217317059636116
1732437697407007295,0.1217317059636116
1732437697417155737,0.1217317059636116
1732437697417155737,0.1217317059636116
1732437697427608985,0.1217317059636116
1732437697427608985,0.1217317059636116
1732437697438020666,0.1217317059636116
1732437697438020666,0.1217317059636116
1732437697448673536,0.12138719856739044
1732437697448673536,0.12138719856739044
1732437697459458652,0.12138719856739044
1732437697459458652,0.12138719856739044
1732437697469708332,0.12138719856739044
1732437697469708332,0.12138719856739044
1732437697480083776,0.12138719856739044
1732437697480083776,0.12138719856739044
1732437697490324198,0.12138719856739044
1732437697490324198,0.12138719856739044
1732437697500978559,0.12138719856739044
1732437697500978559,0.12138719856739044
1732437697511527686,0.12138719856739044
1732437697511527686,0.12138719856739044
1732437697522058348,0.12138719856739044
1732437697522058348,0.12138719856739044
1732437697532274496,0.12138719856739044
1732437697532274496,0.12138719856739044
1732437697542414112,0.12138719856739044
1732437697542414112,0.12138719856739044
1732437697553067402,0.12645480036735535
1732437697553067402,0.12645480036735535
1732437697563544164,0.12645480036735535
1732437697563544164,0.12645480036735535
1732437697573954523,0.12645480036735535
1732437697573954523,0.12645480036735535
1732437697584508459,0.12645480036735535
1732437697584508459,0.12645480036735535
1732437697594929517,0.12645480036735535
1732437697594929517,0.12645480036735535
1732437697605408283,0.12645480036735535
1732437697605408283,0.12645480036735535
1732437697615810547,0.12645480036735535
1732437697615810547,0.12645480036735535
1732437697625977892,0.12645480036735535
1732437697625977892,0.12645480036735535
1732437697636786813,0.12645480036735535
1732437697636786813,0.12645480036735535
1732437697647291326,0.13036541640758514
1732437697647291326,0.13036541640758514
1732437697657299528,0.13036541640758514
1732437697657299528,0.13036541640758514
1732437697667528399,0.13036541640758514
1732437697667528399,0.13036541640758514
1732437697677687080,0.13036541640758514
1732437697677687080,0.13036541640758514
1732437697687947160,0.13036541640758514
1732437697687947160,0.13036541640758514
1732437697698305071,0.13036541640758514
1732437697698305071,0.13036541640758514
1732437697708745536,0.13036541640758514
1732437697708745536,0.13036541640758514
1732437697718885161,0.13036541640758514
1732437697718885161,0.13036541640758514
1732437697729354310,0.13036541640758514
1732437697729354310,0.13036541640758514
1732437697739958367,0.13036541640758514
1732437697739958367,0.13036541640758514
1732437697750348698,0.13187871873378754
1732437697750348698,0.13187871873378754
1732437697760845608,0.13187871873378754
1732437697760845608,0.13187871873378754
1732437697771136735,0.13187871873378754
1732437697771136735,0.13187871873378754
1732437697781931929,0.13187871873378754
1732437697781931929,0.13187871873378754
1732437697792044064,0.13187871873378754
1732437697792044064,0.13187871873378754
1732437697802635766,0.13187871873378754
1732437697802635766,0.13187871873378754
1732437697812996963,0.13187871873378754
1732437697812996963,0.13187871873378754
1732437697823427243,0.13187871873378754
1732437697823427243,0.13187871873378754
1732437697833982591,0.13187871873378754
1732437697833982591,0.13187871873378754
1732437697844534443,0.1369551122188568
1732437697844534443,0.1369551122188568
1732437697854814459,0.1369551122188568
1732437697854814459,0.1369551122188568
1732437697865145239,0.1369551122188568
1732437697865145239,0.1369551122188568
1732437697875427829,0.1369551122188568
1732437697875427829,0.1369551122188568
1732437697885944276,0.1369551122188568
1732437697885944276,0.1369551122188568
1732437697896383548,0.1369551122188568
1732437697896383548,0.1369551122188568
1732437697906938897,0.1369551122188568
1732437697906938897,0.1369551122188568
1732437697917537445,0.1369551122188568
1732437697917537445,0.1369551122188568
1732437697927692526,0.1369551122188568
1732437697927692526,0.1369551122188568
1732437697937960865,0.1369551122188568
1732437697937960865,0.1369551122188568
1732437697948585321,0.1420239955186844
1732437697948585321,0.1420239955186844
1732437697958821887,0.1420239955186844
1732437697958821887,0.1420239955186844
1732437697968964308,0.1420239955186844
1732437697968964308,0.1420239955186844
1732437697979563638,0.1420239955186844
1732437697979563638,0.1420239955186844
1732437697990000323,0.1420239955186844
1732437697990000323,0.1420239955186844
1732437698000418908,0.1420239955186844
1732437698000418908,0.1420239955186844
1732437698010764707,0.1420239955186844
1732437698010764707,0.1420239955186844
1732437698020800850,0.1420239955186844
1732437698020800850,0.1420239955186844
1732437698031139616,0.1420239955186844
1732437698031139616,0.1420239955186844
1732437698041483841,0.1420239955186844
1732437698041483841,0.1420239955186844
1732437698052003644,0.14642813801765442
1732437698052003644,0.14642813801765442
1732437698062276207,0.14642813801765442
1732437698062276207,0.14642813801765442
1732437698072513460,0.14642813801765442
1732437698072513460,0.14642813801765442
1732437698082755991,0.14642813801765442
1732437698082755991,0.14642813801765442
1732437698093273258,0.14642813801765442
1732437698093273258,0.14642813801765442
1732437698103889750,0.14642813801765442
1732437698103889750,0.14642813801765442
1732437698114172822,0.14642813801765442
1732437698114172822,0.14642813801765442
1732437698124545019,0.14642813801765442
1732437698124545019,0.14642813801765442
1732437698134683528,0.14642813801765442
1732437698134683528,0.14642813801765442
1732437698145211590,0.1558995395898819
1732437698145211590,0.1558995395898819
1732437698155550923,0.1558995395898819
1732437698155550923,0.1558995395898819
1732437698166078018,0.1558995395898819
1732437698166078018,0.1558995395898819
1732437698176373998,0.1558995395898819
1732437698176373998,0.1558995395898819
1732437698187019925,0.1558995395898819
1732437698187019925,0.1558995395898819
1732437698197242461,0.1558995395898819
1732437698197242461,0.1558995395898819
1732437698207581441,0.1558995395898819
1732437698207581441,0.1558995395898819
1732437698217799432,0.1558995395898819
1732437698217799432,0.1558995395898819
1732437698228312532,0.1558995395898819
1732437698228312532,0.1558995395898819
1732437698238561721,0.1558995395898819
1732437698238561721,0.1558995395898819
1732437698248946372,0.15105362236499786
1732437698248946372,0.15105362236499786
1732437698259279774,0.15105362236499786
1732437698259279774,0.15105362236499786
1732437698269555176,0.15105362236499786
1732437698269555176,0.15105362236499786
1732437698279964633,0.15105362236499786
1732437698279964633,0.15105362236499786
1732437698290194897,0.15105362236499786
1732437698290194897,0.15105362236499786
1732437698300789839,0.15105362236499786
1732437698300789839,0.15105362236499786
1732437698313400758,0.15105362236499786
1732437698313400758,0.15105362236499786
1732437698323792092,0.15105362236499786
1732437698323792092,0.15105362236499786
1732437698334215795,0.15105362236499786
1732437698334215795,0.15105362236499786
1732437698344866236,0.1551300436258316
1732437698344866236,0.1551300436258316
1732437698355096244,0.1551300436258316
1732437698355096244,0.1551300436258316
1732437698365500992,0.1551300436258316
1732437698365500992,0.1551300436258316
1732437698375586117,0.1551300436258316
1732437698375586117,0.1551300436258316
1732437698385781967,0.1551300436258316
1732437698385781967,0.1551300436258316
1732437698395990730,0.1551300436258316
1732437698395990730,0.1551300436258316
1732437698406395199,0.1551300436258316
1732437698406395199,0.1551300436258316
1732437698417113389,0.1551300436258316
1732437698417113389,0.1551300436258316
1732437698427349494,0.1551300436258316
1732437698427349494,0.1551300436258316
1732437698437551817,0.1551300436258316
1732437698437551817,0.1551300436258316
1732437698447646118,0.15981575846672058
1732437698447646118,0.15981575846672058
1732437698457983651,0.15981575846672058
1732437698457983651,0.15981575846672058
1732437698468236223,0.15981575846672058
1732437698468236223,0.15981575846672058
1732437698479073729,0.15981575846672058
1732437698479073729,0.15981575846672058
1732437698489668762,0.15981575846672058
1732437698489668762,0.15981575846672058
1732437698499955230,0.15981575846672058
1732437698499955230,0.15981575846672058
1732437698510129119,0.15981575846672058
1732437698510129119,0.15981575846672058
1732437698520355496,0.15981575846672058
1732437698520355496,0.15981575846672058
1732437698531105226,0.15981575846672058
1732437698531105226,0.15981575846672058
1732437698541134242,0.15981575846672058
1732437698541134242,0.15981575846672058
1732437698551320829,0.17159615457057953
1732437698551320829,0.17159615457057953
1732437698562564002,0.17159615457057953
1732437698562564002,0.17159615457057953
1732437698573063250,0.17159615457057953
1732437698573063250,0.17159615457057953
1732437698583773536,0.17159615457057953
1732437698583773536,0.17159615457057953
1732437698594119926,0.17159615457057953
1732437698594119926,0.17159615457057953
1732437698604741748,0.17159615457057953
1732437698604741748,0.17159615457057953
1732437698615058573,0.17159615457057953
1732437698615058573,0.17159615457057953
1732437698627244051,0.17159615457057953
1732437698627244051,0.17159615457057953
1732437698637706757,0.17159615457057953
1732437698637706757,0.17159615457057953
1732437698647910842,0.17609746754169464
1732437698647910842,0.17609746754169464
1732437698658220183,0.17609746754169464
1732437698658220183,0.17609746754169464
1732437698668530837,0.17609746754169464
1732437698668530837,0.17609746754169464
1732437698678875133,0.17609746754169464
1732437698678875133,0.17609746754169464
1732437698689216704,0.17609746754169464
1732437698689216704,0.17609746754169464
1732437698699948410,0.17609746754169464
1732437698699948410,0.17609746754169464
1732437698710519277,0.17609746754169464
1732437698710519277,0.17609746754169464
1732437698720824046,0.17609746754169464
1732437698720824046,0.17609746754169464
1732437698731076384,0.17609746754169464
1732437698731076384,0.17609746754169464
1732437698741962988,0.17609746754169464
1732437698741962988,0.17609746754169464
1732437698752712939,0.2086106836795807
1732437698752712939,0.2086106836795807
1732437698763374245,0.2086106836795807
1732437698763374245,0.2086106836795807
1732437698773692922,0.2086106836795807
1732437698773692922,0.2086106836795807
1732437698784328540,0.2086106836795807
1732437698784328540,0.2086106836795807
1732437698794783151,0.2086106836795807
1732437698794783151,0.2086106836795807
1732437698805246448,0.2086106836795807
1732437698805246448,0.2086106836795807
1732437698815527537,0.2086106836795807
1732437698815527537,0.2086106836795807
1732437698825893473,0.2086106836795807
1732437698825893473,0.2086106836795807
1732437698836042763,0.2086106836795807
1732437698836042763,0.2086106836795807
1732437698847097613,0.2170282006263733
1732437698847097613,0.2170282006263733
1732437698857232881,0.2170282006263733
1732437698857232881,0.2170282006263733
1732437698867526372,0.2170282006263733
1732437698867526372,0.2170282006263733
1732437698877800829,0.2170282006263733
1732437698877800829,0.2170282006263733
1732437698888121441,0.2170282006263733
1732437698888121441,0.2170282006263733
1732437698898384897,0.2170282006263733
1732437698898384897,0.2170282006263733
1732437698908892356,0.2170282006263733
1732437698908892356,0.2170282006263733
1732437698919528765,0.2170282006263733
1732437698919528765,0.2170282006263733
1732437698929985901,0.2170282006263733
1732437698929985901,0.2170282006263733
1732437698940325638,0.2170282006263733
1732437698940325638,0.2170282006263733
1732437698950868319,0.2619987726211548
1732437698950868319,0.2619987726211548
1732437698961339561,0.2619987726211548
1732437698961339561,0.2619987726211548
1732437698971553939,0.2619987726211548
1732437698971553939,0.2619987726211548
1732437698982035600,0.2619987726211548
1732437698982035600,0.2619987726211548
1732437698992296232,0.2619987726211548
1732437698992296232,0.2619987726211548
1732437699002711339,0.2619987726211548
1732437699002711339,0.2619987726211548
1732437699012803296,0.2619987726211548
1732437699012803296,0.2619987726211548
1732437699023021648,0.2619987726211548
1732437699023021648,0.2619987726211548
1732437699033149221,0.2619987726211548
1732437699033149221,0.2619987726211548
1732437699043627917,0.2619987726211548
1732437699043627917,0.26415157318115234
1732437699054186040,0.26415157318115234
1732437699054186040,0.26415157318115234
1732437699064515228,0.26415157318115234
1732437699064515228,0.26415157318115234
1732437699074978676,0.26415157318115234
1732437699074978676,0.26415157318115234
1732437699085072256,0.26415157318115234
1732437699085072256,0.26415157318115234
1732437699095317668,0.26415157318115234
1732437699095317668,0.26415157318115234
1732437699105747996,0.26415157318115234
1732437699105747996,0.26415157318115234
1732437699116507824,0.26415157318115234
1732437699116507824,0.26415157318115234
1732437699127470149,0.26415157318115234
1732437699127470149,0.26415157318115234
1732437699137550184,0.26415157318115234
1732437699137550184,0.26415157318115234
1732437699147870986,0.30275535583496094
1732437699147870986,0.30275535583496094
1732437699158134192,0.30275535583496094
1732437699158134192,0.30275535583496094
1732437699168516138,0.30275535583496094
1732437699168516138,0.30275535583496094
1732437699178844694,0.30275535583496094
1732437699178844694,0.30275535583496094
1732437699189425280,0.30275535583496094
1732437699189425280,0.30275535583496094
1732437699199950592,0.30275535583496094
1732437699199950592,0.30275535583496094
1732437699210111427,0.30275535583496094
1732437699210111427,0.30275535583496094
1732437699220490237,0.30275535583496094
1732437699220490237,0.30275535583496094
1732437699230997416,0.30275535583496094
1732437699230997416,0.30275535583496094
1732437699241489737,0.30275535583496094
1732437699241489737,0.30275535583496094
1732437699251850996,0.31354308128356934
1732437699251850996,0.31354308128356934
1732437699262231430,0.31354308128356934
1732437699262231430,0.31354308128356934
1732437699272472163,0.31354308128356934
1732437699272472163,0.31354308128356934
1732437699282733265,0.31354308128356934
1732437699282733265,0.31354308128356934
1732437699293132773,0.31354308128356934
1732437699293132773,0.31354308128356934
1732437699304235138,0.31354308128356934
1732437699304235138,0.31354308128356934
1732437699314747857,0.31354308128356934
1732437699314747857,0.31354308128356934
1732437699325112251,0.31354308128356934
1732437699325112251,0.31354308128356934
1732437699335752767,0.31354308128356934
1732437699335752767,0.31354308128356934
1732437699346207528,0.30714356899261475
1732437699346207528,0.30714356899261475
1732437699356773757,0.30714356899261475
1732437699356773757,0.30714356899261475
1732437699366931436,0.30714356899261475
1732437699366931436,0.30714356899261475
1732437699377026730,0.30714356899261475
1732437699377026730,0.30714356899261475
1732437699387186072,0.30714356899261475
1732437699387186072,0.30714356899261475
1732437699397499942,0.30714356899261475
1732437699397499942,0.30714356899261475
1732437699407730227,0.30714356899261475
1732437699407730227,0.30714356899261475
1732437699418311694,0.30714356899261475
1732437699418311694,0.30714356899261475
1732437699428522622,0.30714356899261475
1732437699428522622,0.30714356899261475
1732437699438855066,0.30714356899261475
1732437699438855066,0.30714356899261475
1732437699449033023,0.3087538182735443
1732437699449033023,0.3087538182735443
1732437699459751575,0.3087538182735443
1732437699459751575,0.3087538182735443
1732437699469939520,0.3087538182735443
1732437699469939520,0.3087538182735443
1732437699480133556,0.3087538182735443
1732437699480133556,0.3087538182735443
1732437699490428872,0.3087538182735443
1732437699490428872,0.3087538182735443
1732437699500929378,0.3087538182735443
1732437699500929378,0.3087538182735443
1732437699511256633,0.3087538182735443
1732437699511256633,0.3087538182735443
1732437699521799818,0.3087538182735443
1732437699521799818,0.3087538182735443
1732437699532055480,0.3087538182735443
1732437699532055480,0.3087538182735443
1732437699542256660,0.3087538182735443
1732437699542256660,0.3087538182735443
1732437699552711000,0.30706989765167236
1732437699552711000,0.30706989765167236
1732437699563603697,0.30706989765167236
1732437699563603697,0.30706989765167236
1732437699573891488,0.30706989765167236
1732437699573891488,0.30706989765167236
1732437699584192851,0.30706989765167236
1732437699584192851,0.30706989765167236
1732437699594840394,0.30706989765167236
1732437699594840394,0.30706989765167236
1732437699605152320,0.30706989765167236
1732437699605152320,0.30706989765167236
1732437699615844432,0.30706989765167236
1732437699615844432,0.30706989765167236
1732437699626834189,0.30706989765167236
1732437699626834189,0.30706989765167236
1732437699637027463,0.30706989765167236
1732437699637027463,0.30706989765167236
1732437699647311357,0.33297446370124817
1732437699647311357,0.33297446370124817
1732437699657418623,0.33297446370124817
1732437699657418623,0.33297446370124817
1732437699667516261,0.33297446370124817
1732437699667516261,0.33297446370124817
1732437699677942919,0.33297446370124817
1732437699677942919,0.33297446370124817
1732437699688525435,0.33297446370124817
1732437699688525435,0.33297446370124817
1732437699699124114,0.33297446370124817
1732437699699124114,0.33297446370124817
1732437699709666809,0.33297446370124817
1732437699709666809,0.33297446370124817
1732437699720161048,0.33297446370124817
1732437699720161048,0.33297446370124817
1732437699730349110,0.33297446370124817
1732437699730349110,0.33297446370124817
1732437699740463272,0.33297446370124817
1732437699740463272,0.33297446370124817
1732437699751088961,0.357559472322464
1732437699751088961,0.357559472322464
1732437699761790909,0.357559472322464
1732437699761790909,0.357559472322464
1732437699772219855,0.357559472322464
1732437699772219855,0.357559472322464
1732437699782529777,0.357559472322464
1732437699782529777,0.357559472322464
1732437699792946798,0.357559472322464
1732437699792946798,0.357559472322464
1732437699803688603,0.357559472322464
1732437699803688603,0.357559472322464
1732437699813807010,0.357559472322464
1732437699813807010,0.357559472322464
1732437699824101934,0.357559472322464
1732437699824101934,0.357559472322464
1732437699834306531,0.357559472322464
1732437699834306531,0.357559472322464
1732437699844680478,0.36054500937461853
1732437699844680478,0.36054500937461853
1732437699855581983,0.36054500937461853
1732437699855581983,0.36054500937461853
1732437699866035529,0.36054500937461853
1732437699866035529,0.36054500937461853
1732437699866035529,0.36054500937461853
1732437699876519627,0.36054500937461853
1732437699886778307,0.36054500937461853
1732437699886778307,0.36054500937461853
1732437699897698022,0.36054500937461853
1732437699897698022,0.36054500937461853
1732437699907912594,0.36054500937461853
1732437699907912594,0.36054500937461853
1732437699918379962,0.36054500937461853
1732437699918379962,0.36054500937461853
1732437699928807403,0.36054500937461853
1732437699928807403,0.36054500937461853
1732437699939152039,0.36054500937461853
1732437699939152039,0.36054500937461853
1732437699949697178,0.39003005623817444
1732437699949697178,0.39003005623817444
1732437699960125941,0.39003005623817444
1732437699960125941,0.39003005623817444
1732437699970817012,0.39003005623817444
1732437699970817012,0.39003005623817444
1732437699981232902,0.39003005623817444
1732437699981232902,0.39003005623817444
1732437699991631609,0.39003005623817444
1732437699991631609,0.39003005623817444
1732437700002180345,0.39003005623817444
1732437700002180345,0.39003005623817444
1732437700012571918,0.39003005623817444
1732437700012571918,0.39003005623817444
1732437700023062797,0.39003005623817444
1732437700023062797,0.39003005623817444
1732437700033451988,0.39003005623817444
1732437700033451988,0.39003005623817444
1732437700043754276,0.3982650637626648
1732437700043754276,0.3982650637626648
1732437700054049541,0.3982650637626648
1732437700054049541,0.3982650637626648
1732437700064863780,0.3982650637626648
1732437700064863780,0.3982650637626648
1732437700075530325,0.3982650637626648
1732437700075530325,0.3982650637626648
1732437700085837062,0.3982650637626648
1732437700085837062,0.3982650637626648
1732437700096326087,0.3982650637626648
1732437700096326087,0.3982650637626648
1732437700107009333,0.3982650637626648
1732437700107009333,0.3982650637626648
1732437700117235320,0.3982650637626648
1732437700117235320,0.3982650637626648
1732437700127341402,0.3982650637626648
1732437700127341402,0.3982650637626648
1732437700137518454,0.3982650637626648
1732437700137518454,0.3982650637626648
1732437700147647765,0.41113191843032837
1732437700147647765,0.41113191843032837
1732437700157872570,0.41113191843032837
1732437700157872570,0.41113191843032837
1732437700168418791,0.41113191843032837
1732437700168418791,0.41113191843032837
1732437700179031496,0.41113191843032837
1732437700179031496,0.41113191843032837
1732437700189588878,0.41113191843032837
1732437700189588878,0.41113191843032837
1732437700199868193,0.41113191843032837
1732437700199868193,0.41113191843032837
1732437700210353933,0.41113191843032837
1732437700210353933,0.41113191843032837
1732437700220620946,0.41113191843032837
1732437700220620946,0.41113191843032837
1732437700231156498,0.41113191843032837
1732437700231156498,0.41113191843032837
1732437700241360303,0.41113191843032837
1732437700241360303,0.41113191843032837
1732437700251688720,0.419338196516037
1732437700251688720,0.419338196516037
1732437700261964528,0.419338196516037
1732437700261964528,0.419338196516037
1732437700272463311,0.419338196516037
1732437700272463311,0.419338196516037
1732437700282725165,0.419338196516037
1732437700282725165,0.419338196516037
1732437700292838543,0.419338196516037
1732437700292838543,0.419338196516037
1732437700303250374,0.419338196516037
1732437700303250374,0.419338196516037
1732437700313417210,0.419338196516037
1732437700313417210,0.419338196516037
1732437700324105937,0.419338196516037
1732437700324105937,0.419338196516037
1732437700334523359,0.419338196516037
1732437700334523359,0.419338196516037
1732437700345128188,0.40766602754592896
1732437700345128188,0.40766602754592896
1732437700355575937,0.40766602754592896
1732437700355575937,0.40766602754592896
1732437700365802677,0.40766602754592896
1732437700365802677,0.40766602754592896
1732437700376019175,0.40766602754592896
1732437700376019175,0.40766602754592896
1732437700386293641,0.40766602754592896
1732437700386293641,0.40766602754592896
1732437700397001092,0.40766602754592896
1732437700397001092,0.40766602754592896
1732437700407006028,0.40766602754592896
1732437700407006028,0.40766602754592896
1732437700417311832,0.40766602754592896
1732437700417311832,0.40766602754592896
1732437700427489669,0.40766602754592896
1732437700427489669,0.40766602754592896
1732437700437779034,0.40766602754592896
1732437700437779034,0.40766602754592896
1732437700447975516,0.42049485445022583
1732437700447975516,0.42049485445022583
1732437700458219104,0.42049485445022583
1732437700458219104,0.42049485445022583
1732437700468383406,0.42049485445022583
1732437700468383406,0.42049485445022583
1732437700478652068,0.42049485445022583
1732437700478652068,0.42049485445022583
1732437700488719423,0.42049485445022583
1732437700488719423,0.42049485445022583
1732437700499153345,0.42049485445022583
1732437700499153345,0.42049485445022583
1732437700509664322,0.42049485445022583
1732437700509664322,0.42049485445022583
1732437700520033435,0.42049485445022583
1732437700520033435,0.42049485445022583
1732437700530497994,0.42049485445022583
1732437700530497994,0.42049485445022583
1732437700540653609,0.42049485445022583
1732437700540653609,0.42049485445022583
1732437700551129280,0.435073584318161
1732437700551129280,0.435073584318161
1732437700561211809,0.435073584318161
1732437700561211809,0.435073584318161
1732437700571847377,0.435073584318161
1732437700571847377,0.435073584318161
1732437700582448943,0.435073584318161
1732437700582448943,0.435073584318161
1732437700592719903,0.435073584318161
1732437700592719903,0.435073584318161
1732437700603364387,0.435073584318161
1732437700603364387,0.435073584318161
1732437700613698744,0.435073584318161
1732437700613698744,0.435073584318161
1732437700626027629,0.435073584318161
1732437700626027629,0.435073584318161
1732437700636773368,0.435073584318161
1732437700636773368,0.435073584318161
1732437700647434256,0.48080193996429443
1732437700647434256,0.48080193996429443
1732437700657576118,0.48080193996429443
1732437700657576118,0.48080193996429443
1732437700667734878,0.48080193996429443
1732437700667734878,0.48080193996429443
1732437700678270530,0.48080193996429443
1732437700678270530,0.48080193996429443
1732437700688502688,0.48080193996429443
1732437700688502688,0.48080193996429443
1732437700699042166,0.48080193996429443
1732437700699042166,0.48080193996429443
1732437700709600741,0.48080193996429443
1732437700709600741,0.48080193996429443
1732437700719819780,0.48080193996429443
1732437700719819780,0.48080193996429443
1732437700729945866,0.48080193996429443
1732437700729945866,0.48080193996429443
1732437700740489934,0.48080193996429443
1732437700740489934,0.48080193996429443
1732437700750806198,0.5361311435699463
1732437700750806198,0.5361311435699463
1732437700761032685,0.5361311435699463
1732437700761032685,0.5361311435699463
1732437700771690103,0.5361311435699463
1732437700771690103,0.5361311435699463
1732437700781980889,0.5361311435699463
1732437700781980889,0.5361311435699463
1732437700792338380,0.5361311435699463
1732437700792338380,0.5361311435699463
1732437700802862081,0.5361311435699463
1732437700802862081,0.5361311435699463
1732437700813176271,0.5361311435699463
1732437700813176271,0.5361311435699463
1732437700823636773,0.5361311435699463
1732437700823636773,0.5361311435699463
1732437700834636908,0.5361311435699463
1732437700834636908,0.5361311435699463
1732437700845121495,0.5933919548988342
1732437700845121495,0.5933919548988342
1732437700855528768,0.5933919548988342
1732437700855528768,0.5933919548988342
1732437700865919891,0.5933919548988342
1732437700865919891,0.5933919548988342
1732437700876114310,0.5933919548988342
1732437700876114310,0.5933919548988342
1732437700886458904,0.5933919548988342
1732437700886458904,0.5933919548988342
1732437700897029293,0.5933919548988342
1732437700897029293,0.5933919548988342
1732437700897029293,0.5933919548988342
1732437700897029293,0.5933919548988342
1732437700917412077,0.5933919548988342
1732437700917412077,0.5933919548988342
1732437700927887176,0.5933919548988342
1732437700927887176,0.5933919548988342
1732437700938014939,0.5933919548988342
1732437700938014939,0.5933919548988342
1732437700948642905,0.6082695722579956
1732437700948642905,0.6082695722579956
1732437700958775788,0.6082695722579956
1732437700958775788,0.6082695722579956
1732437700969387020,0.6082695722579956
1732437700969387020,0.6082695722579956
1732437700979700789,0.6082695722579956
1732437700979700789,0.6082695722579956
1732437700989853690,0.6082695722579956
1732437700989853690,0.6082695722579956
1732437701000434706,0.6082695722579956
1732437701000434706,0.6082695722579956
1732437701011073659,0.6082695722579956
1732437701011073659,0.6082695722579956
1732437701021185915,0.6082695722579956
1732437701021185915,0.6082695722579956
1732437701031502861,0.6082695722579956
1732437701031502861,0.6082695722579956
1732437701041668675,0.6082695722579956
1732437701041668675,0.6082695722579956
1732437701052082591,0.6227020025253296
1732437701052082591,0.6227020025253296
1732437701062725551,0.6227020025253296
1732437701062725551,0.6227020025253296
1732437701073215959,0.6227020025253296
1732437701073215959,0.6227020025253296
1732437701083602003,0.6227020025253296
1732437701083602003,0.6227020025253296
1732437701093739616,0.6227020025253296
1732437701093739616,0.6227020025253296
1732437701104550560,0.6227020025253296
1732437701104550560,0.6227020025253296
1732437701115080721,0.6227020025253296
1732437701115080721,0.6227020025253296
1732437701125503593,0.6227020025253296
1732437701125503593,0.6227020025253296
1732437701136095707,0.6227020025253296
1732437701136095707,0.6227020025253296
1732437701146600476,0.6353617906570435
1732437701146600476,0.6353617906570435
1732437701156893587,0.6353617906570435
1732437701156893587,0.6353617906570435
1732437701167006540,0.6353617906570435
1732437701167006540,0.6353617906570435
1732437701177283604,0.6353617906570435
1732437701177283604,0.6353617906570435
1732437701187376003,0.6353617906570435
1732437701187376003,0.6353617906570435
1732437701197745637,0.6353617906570435
1732437701197745637,0.6353617906570435
1732437701208312072,0.6353617906570435
1732437701208312072,0.6353617906570435
1732437701218494942,0.6353617906570435
1732437701218494942,0.6353617906570435
1732437701228719205,0.6353617906570435
1732437701228719205,0.6353617906570435
1732437701239051681,0.6353617906570435
1732437701239051681,0.6353617906570435
1732437701249529625,0.6342467069625854
1732437701249529625,0.6342467069625854
1732437701259686843,0.6342467069625854
1732437701259686843,0.6342467069625854
1732437701269941253,0.6342467069625854
1732437701269941253,0.6342467069625854
1732437701280193727,0.6342467069625854
1732437701280193727,0.6342467069625854
1732437701290781358,0.6342467069625854
1732437701290781358,0.6342467069625854
1732437701300941432,0.6342467069625854
1732437701300941432,0.6342467069625854
1732437701311296158,0.6342467069625854
1732437701311296158,0.6342467069625854
1732437701321841397,0.6342467069625854
1732437701321841397,0.6342467069625854
1732437701332023192,0.6342467069625854
1732437701332023192,0.6342467069625854
1732437701342364774,0.6342467069625854
1732437701342364774,0.6342467069625854
1732437701352721342,0.6549643278121948
1732437701352721342,0.6549643278121948
1732437701363144204,0.6549643278121948
1732437701363144204,0.6549643278121948
1732437701373258693,0.6549643278121948
1732437701373258693,0.6549643278121948
1732437701383668303,0.6549643278121948
1732437701383668303,0.6549643278121948
1732437701394066228,0.6549643278121948
1732437701394066228,0.6549643278121948
1732437701404383200,0.6549643278121948
1732437701404383200,0.6549643278121948
1732437701414765881,0.6549643278121948
1732437701414765881,0.6549643278121948
1732437701425139151,0.6549643278121948
1732437701425139151,0.6549643278121948
1732437701435444757,0.6549643278121948
1732437701435444757,0.6549643278121948
1732437701446146978,0.6660335659980774
1732437701446146978,0.6660335659980774
1732437701458088583,0.6660335659980774
1732437701458088583,0.6660335659980774
1732437701468701819,0.6660335659980774
1732437701468701819,0.6660335659980774
1732437701479352686,0.6660335659980774
1732437701479352686,0.6660335659980774
1732437701489729803,0.6660335659980774
1732437701489729803,0.6660335659980774
1732437701500011774,0.6660335659980774
1732437701500011774,0.6660335659980774
1732437701510344858,0.6660335659980774
1732437701510344858,0.6660335659980774
1732437701520975717,0.6660335659980774
1732437701520975717,0.6660335659980774
1732437701531562366,0.6660335659980774
1732437701531562366,0.6660335659980774
1732437701542398706,0.6660335659980774
1732437701542398706,0.6660335659980774
1732437701552886208,0.6823421120643616
1732437701552886208,0.6823421120643616
1732437701563168470,0.6823421120643616
1732437701563168470,0.6823421120643616
1732437701573640384,0.6823421120643616
1732437701573640384,0.6823421120643616
1732437701583986523,0.6823421120643616
1732437701583986523,0.6823421120643616
1732437701594391222,0.6823421120643616
1732437701594391222,0.6823421120643616
1732437701605010039,0.6823421120643616
1732437701605010039,0.6823421120643616
1732437701615619868,0.6823421120643616
1732437701615619868,0.6823421120643616
1732437701625940562,0.6823421120643616
1732437701625940562,0.6823421120643616
1732437701636205240,0.6823421120643616
1732437701636205240,0.6823421120643616
1732437701646784022,0.6732247471809387
1732437701646784022,0.6732247471809387
1732437701656901974,0.6732247471809387
1732437701656901974,0.6732247471809387
1732437701667080446,0.6732247471809387
1732437701667080446,0.6732247471809387
1732437701677081735,0.6732247471809387
1732437701677081735,0.6732247471809387
1732437701687307631,0.6732247471809387
1732437701687307631,0.6732247471809387
1732437701697392525,0.6732247471809387
1732437701697392525,0.6732247471809387
1732437701707672161,0.6732247471809387
1732437701707672161,0.6732247471809387
1732437701717839149,0.6732247471809387
1732437701717839149,0.6732247471809387
1732437701728370553,0.6732247471809387
1732437701728370553,0.6732247471809387
1732437701738471426,0.6732247471809387
1732437701738471426,0.6732247471809387
1732437701749055889,0.6386402249336243
1732437701749055889,0.6386402249336243
1732437701759703265,0.6386402249336243
1732437701759703265,0.6386402249336243
1732437701769905793,0.6386402249336243
1732437701769905793,0.6386402249336243
1732437701780087977,0.6386402249336243
1732437701780087977,0.6386402249336243
1732437701790367199,0.6386402249336243
1732437701790367199,0.6386402249336243
1732437701800815682,0.6386402249336243
1732437701800815682,0.6386402249336243
1732437701811472130,0.6386402249336243
1732437701811472130,0.6386402249336243
1732437701821791490,0.6386402249336243
1732437701821791490,0.6386402249336243
1732437701832349222,0.6386402249336243
1732437701832349222,0.6386402249336243
1732437701842435288,0.6386402249336243
1732437701842435288,0.6386402249336243
1732437701852700855,0.6244628429412842
1732437701852700855,0.6244628429412842
1732437701863276913,0.6244628429412842
1732437701863276913,0.6244628429412842
1732437701873837185,0.6244628429412842
1732437701873837185,0.6244628429412842
1732437701884543283,0.6244628429412842
1732437701884543283,0.6244628429412842
1732437701895185673,0.6244628429412842
1732437701895185673,0.6244628429412842
1732437701905709645,0.6244628429412842
1732437701905709645,0.6244628429412842
1732437701916383633,0.6244628429412842
1732437701916383633,0.6244628429412842
1732437701927053996,0.6244628429412842
1732437701927053996,0.6244628429412842
1732437701937205554,0.6244628429412842
1732437701937205554,0.6244628429412842
1732437701947280699,0.6003237366676331
1732437701947280699,0.6003237366676331
1732437701957640837,0.6003237366676331
1732437701957640837,0.6003237366676331
1732437701968210632,0.6003237366676331
1732437701968210632,0.6003237366676331
1732437701978495457,0.6003237366676331
1732437701978495457,0.6003237366676331
1732437701988846626,0.6003237366676331
1732437701988846626,0.6003237366676331
1732437701999013824,0.6003237366676331
1732437701999013824,0.6003237366676331
1732437702009534669,0.6003237366676331
1732437702009534669,0.6003237366676331
1732437702019743804,0.6003237366676331
1732437702019743804,0.6003237366676331
1732437702030096215,0.6003237366676331
1732437702030096215,0.6003237366676331
1732437702040403812,0.6003237366676331
1732437702040403812,0.6003237366676331
1732437702050774539,0.579759418964386
1732437702050774539,0.579759418964386
1732437702061355896,0.579759418964386
1732437702061355896,0.579759418964386
1732437702071761496,0.579759418964386
1732437702071761496,0.579759418964386
1732437702081936328,0.579759418964386
1732437702081936328,0.579759418964386
1732437702092511599,0.579759418964386
1732437702092511599,0.579759418964386
1732437702103339860,0.579759418964386
1732437702103339860,0.579759418964386
1732437702113562420,0.579759418964386
1732437702113562420,0.579759418964386
1732437702123638608,0.579759418964386
1732437702123638608,0.579759418964386
1732437702133831955,0.579759418964386
1732437702133831955,0.579759418964386
1732437702144254377,0.5480413436889648
1732437702144254377,0.5480413436889648
1732437702154553809,0.5480413436889648
1732437702154553809,0.5480413436889648
1732437702164955311,0.5480413436889648
1732437702164955311,0.5480413436889648
1732437702175049932,0.5480413436889648
1732437702175049932,0.5480413436889648
1732437702185934125,0.5480413436889648
1732437702185934125,0.5480413436889648
1732437702196330698,0.5480413436889648
1732437702196330698,0.5480413436889648
1732437702207115094,0.5480413436889648
1732437702207115094,0.5480413436889648
1732437702217493470,0.5480413436889648
1732437702217493470,0.5480413436889648
1732437702227931824,0.5480413436889648
1732437702227931824,0.5480413436889648
1732437702238079344,0.5480413436889648
1732437702238079344,0.5480413436889648
1732437702248841589,0.5496331453323364
1732437702248841589,0.5496331453323364
1732437702259071729,0.5496331453323364
1732437702259071729,0.5496331453323364
1732437702269200989,0.5496331453323364
1732437702269200989,0.5496331453323364
1732437702279590978,0.5496331453323364
1732437702279590978,0.5496331453323364
1732437702289703878,0.5496331453323364
1732437702289703878,0.5496331453323364
1732437702300061739,0.5496331453323364
1732437702300061739,0.5496331453323364
1732437702310900535,0.5496331453323364
1732437702310900535,0.5496331453323364
1732437702321558275,0.5496331453323364
1732437702321558275,0.5496331453323364
1732437702332783178,0.5496331453323364
1732437702332783178,0.5496331453323364
1732437702343030635,0.5496331453323364
1732437702343030635,0.5357751250267029
1732437702355725971,0.5357751250267029
1732437702355725971,0.5357751250267029
1732437702366228411,0.5357751250267029
1732437702366228411,0.5357751250267029
1732437702377067393,0.5357751250267029
1732437702377067393,0.5357751250267029
1732437702387341881,0.5357751250267029
1732437702387341881,0.5357751250267029
1732437702397867003,0.5357751250267029
1732437702397867003,0.5357751250267029
1732437702407967289,0.5357751250267029
1732437702407967289,0.5357751250267029
1732437702418412394,0.5357751250267029
1732437702418412394,0.5357751250267029
1732437702428564152,0.5357751250267029
1732437702428564152,0.5357751250267029
1732437702438893140,0.5357751250267029
1732437702438893140,0.5357751250267029
1732437702449212539,0.5361942052841187
1732437702449212539,0.5361942052841187
1732437702460034735,0.5361942052841187
1732437702460034735,0.5361942052841187
1732437702470402712,0.5361942052841187
1732437702470402712,0.5361942052841187
1732437702480674306,0.5361942052841187
1732437702480674306,0.5361942052841187
1732437702491106397,0.5361942052841187
1732437702491106397,0.5361942052841187
1732437702501704536,0.5361942052841187
1732437702501704536,0.5361942052841187
1732437702512090629,0.5361942052841187
1732437702512090629,0.5361942052841187
1732437702522625690,0.5361942052841187
1732437702522625690,0.5361942052841187
1732437702537291309,0.5361942052841187
1732437702537291309,0.5361942052841187
1732437702547966911,0.5333009958267212
1732437702547966911,0.5333009958267212
1732437702558128408,0.5333009958267212
1732437702558128408,0.5333009958267212
1732437702568414877,0.5333009958267212
1732437702568414877,0.5333009958267212
1732437702579115345,0.5333009958267212
1732437702579115345,0.5333009958267212
1732437702589257376,0.5333009958267212
1732437702589257376,0.5333009958267212
1732437702599706929,0.5333009958267212
1732437702599706929,0.5333009958267212
1732437702610870758,0.5333009958267212
1732437702610870758,0.5333009958267212
1732437702621438259,0.5333009958267212
1732437702621438259,0.5333009958267212
1732437702631611509,0.5333009958267212
1732437702631611509,0.5333009958267212
1732437702642589954,0.5333009958267212
1732437702642589954,0.5333009958267212
1732437702653002296,0.5183455944061279
1732437702653002296,0.5183455944061279
1732437702663192557,0.5183455944061279
1732437702663192557,0.5183455944061279
1732437702673957452,0.5183455944061279
1732437702673957452,0.5183455944061279
1732437702684389765,0.5183455944061279
1732437702684389765,0.5183455944061279
1732437702695039910,0.5183455944061279
1732437702695039910,0.5183455944061279
1732437702705389167,0.5183455944061279
1732437702705389167,0.5183455944061279
1732437702715654827,0.5183455944061279
1732437702715654827,0.5183455944061279
1732437702726065877,0.5183455944061279
1732437702726065877,0.5183455944061279
1732437702736745157,0.5183455944061279
1732437702736745157,0.5183455944061279
1732437702747060389,0.5167919993400574
1732437702747060389,0.5167919993400574
1732437702757394116,0.5167919993400574
1732437702757394116,0.5167919993400574
1732437702767497985,0.5167919993400574
1732437702767497985,0.5167919993400574
1732437702778085064,0.5167919993400574
1732437702778085064,0.5167919993400574
1732437702788731892,0.5167919993400574
1732437702788731892,0.5167919993400574
1732437702798927532,0.5167919993400574
1732437702798927532,0.5167919993400574
1732437702808979737,0.5167919993400574
1732437702808979737,0.5167919993400574
1732437702819711844,0.5167919993400574
1732437702819711844,0.5167919993400574
1732437702829962476,0.5167919993400574
1732437702829962476,0.5167919993400574
1732437702840154166,0.5167919993400574
1732437702840154166,0.5167919993400574
1732437702850458932,0.5263929963111877
1732437702850458932,0.5263929963111877
1732437702860963853,0.5263929963111877
1732437702860963853,0.5263929963111877
1732437702871354219,0.5263929963111877
1732437702871354219,0.5263929963111877
1732437702881734853,0.5263929963111877
1732437702881734853,0.5263929963111877
1732437702892857026,0.5263929963111877
1732437702892857026,0.5263929963111877
1732437702903500167,0.5263929963111877
1732437702903500167,0.5263929963111877
1732437702913909526,0.5263929963111877
1732437702913909526,0.5263929963111877
1732437702924161811,0.5263929963111877
1732437702924161811,0.5263929963111877
1732437702934516116,0.5263929963111877
1732437702934516116,0.5263929963111877
1732437702945049373,0.545807957649231
1732437702945049373,0.545807957649231
1732437702955547145,0.545807957649231
1732437702955547145,0.545807957649231
1732437702966255104,0.545807957649231
1732437702966255104,0.545807957649231
1732437702979364082,0.545807957649231
1732437702979364082,0.545807957649231
1732437702989905277,0.545807957649231
1732437702989905277,0.545807957649231
1732437703000375847,0.545807957649231
1732437703000375847,0.545807957649231
1732437703010581896,0.545807957649231
1732437703010581896,0.545807957649231
1732437703020841145,0.545807957649231
1732437703020841145,0.545807957649231
1732437703031246094,0.545807957649231
1732437703031246094,0.545807957649231
1732437703042259755,0.545807957649231
1732437703042259755,0.545807957649231
1732437703052350208,0.5590614676475525
1732437703052350208,0.5590614676475525
1732437703062881675,0.5590614676475525
1732437703062881675,0.5590614676475525
1732437703072950088,0.5590614676475525
1732437703072950088,0.5590614676475525
1732437703083578812,0.5590614676475525
1732437703083578812,0.5590614676475525
1732437703093931406,0.5590614676475525
1732437703093931406,0.5590614676475525
1732437703104332077,0.5590614676475525
1732437703104332077,0.5590614676475525
1732437703114785005,0.5590614676475525
1732437703114785005,0.5590614676475525
1732437703124875321,0.5590614676475525
1732437703124875321,0.5590614676475525
1732437703136082009,0.5590614676475525
1732437703136082009,0.5590614676475525
1732437703146294822,0.570673942565918
1732437703146294822,0.570673942565918
1732437703156778688,0.570673942565918
1732437703156778688,0.570673942565918
1732437703167039990,0.570673942565918
1732437703167039990,0.570673942565918
1732437703177132590,0.570673942565918
1732437703177132590,0.570673942565918
1732437703187341214,0.570673942565918
1732437703187341214,0.570673942565918
1732437703197457696,0.570673942565918
1732437703197457696,0.570673942565918
1732437703207785313,0.570673942565918
1732437703207785313,0.570673942565918
1732437703217936060,0.570673942565918
1732437703217936060,0.570673942565918
1732437703229120697,0.570673942565918
1732437703229120697,0.570673942565918
1732437703239728385,0.570673942565918
1732437703239728385,0.570673942565918
1732437703249996195,0.6103267073631287
1732437703249996195,0.6103267073631287
1732437703260103182,0.6103267073631287
1732437703260103182,0.6103267073631287
1732437703270334712,0.6103267073631287
1732437703270334712,0.6103267073631287
1732437703281259988,0.6103267073631287
1732437703281259988,0.6103267073631287
1732437703291720532,0.6103267073631287
1732437703291720532,0.6103267073631287
1732437703301963670,0.6103267073631287
1732437703301963670,0.6103267073631287
1732437703312139924,0.6103267073631287
1732437703312139924,0.6103267073631287
1732437703322431674,0.6103267073631287
1732437703322431674,0.6103267073631287
1732437703332961171,0.6103267073631287
1732437703332961171,0.6103267073631287
1732437703343228599,0.6555864810943604
1732437703343228599,0.6555864810943604
1732437703353477207,0.6555864810943604
1732437703353477207,0.6555864810943604
1732437703364088981,0.6555864810943604
1732437703364088981,0.6555864810943604
1732437703374801662,0.6555864810943604
1732437703374801662,0.6555864810943604
1732437703385166317,0.6555864810943604
1732437703385166317,0.6555864810943604
1732437703395743646,0.6555864810943604
1732437703395743646,0.6555864810943604
1732437703406263891,0.6555864810943604
1732437703406263891,0.6555864810943604
1732437703416950142,0.6555864810943604
1732437703416950142,0.6555864810943604
1732437703427169763,0.6555864810943604
1732437703427169763,0.6555864810943604
1732437703437391838,0.6555864810943604
1732437703437391838,0.6555864810943604
1732437703448043745,0.6776368021965027
1732437703448043745,0.6776368021965027
1732437703458389915,0.6776368021965027
1732437703458389915,0.6776368021965027
1732437703468712141,0.6776368021965027
1732437703468712141,0.6776368021965027
1732437703478988250,0.6776368021965027
1732437703478988250,0.6776368021965027
1732437703489266095,0.6776368021965027
1732437703489266095,0.6776368021965027
1732437703499486511,0.6776368021965027
1732437703499486511,0.6776368021965027
1732437703509986676,0.6776368021965027
1732437703509986676,0.6776368021965027
1732437703520168964,0.6776368021965027
1732437703520168964,0.6776368021965027
1732437703530339356,0.6776368021965027
1732437703530339356,0.6776368021965027
1732437703540727884,0.6776368021965027
1732437703540727884,0.6776368021965027
1732437703551314231,0.6833932399749756
1732437703551314231,0.6833932399749756
1732437703561693202,0.6833932399749756
1732437703561693202,0.6833932399749756
1732437703572061745,0.6833932399749756
1732437703572061745,0.6833932399749756
1732437703582362457,0.6833932399749756
1732437703582362457,0.6833932399749756
1732437703592606951,0.6833932399749756
1732437703592606951,0.6833932399749756
1732437703604463770,0.6833932399749756
1732437703604463770,0.6833932399749756
1732437703614850305,0.6833932399749756
1732437703614850305,0.6833932399749756
1732437703625171634,0.6833932399749756
1732437703625171634,0.6833932399749756
1732437703635449653,0.6833932399749756
1732437703635449653,0.6833932399749756
1732437703646952963,0.7142563462257385
1732437703646952963,0.7142563462257385
1732437703657078444,0.7142563462257385
1732437703657078444,0.7142563462257385
1732437703667236734,0.7142563462257385
1732437703667236734,0.7142563462257385
1732437703677352335,0.7142563462257385
1732437703677352335,0.7142563462257385
1732437703687764930,0.7142563462257385
1732437703687764930,0.7142563462257385
1732437703697982049,0.7142563462257385
1732437703697982049,0.7142563462257385
1732437703708388521,0.7142563462257385
1732437703708388521,0.7142563462257385
1732437703718887386,0.7142563462257385
1732437703718887386,0.7142563462257385
1732437703718887386,0.7142563462257385
1732437703718887386,0.7142563462257385
1732437703739383602,0.7142563462257385
1732437703739383602,0.7142563462257385
1732437703749656195,0.7401852011680603
1732437703749656195,0.7401852011680603
1732437703761282895,0.7401852011680603
1732437703761282895,0.7401852011680603
1732437703771823798,0.7401852011680603
1732437703771823798,0.7401852011680603
1732437703782174937,0.7401852011680603
1732437703782174937,0.7401852011680603
1732437703792608889,0.7401852011680603
1732437703792608889,0.7401852011680603
1732437703803462604,0.7401852011680603
1732437703803462604,0.7401852011680603
1732437703813955807,0.7401852011680603
1732437703813955807,0.7401852011680603
1732437703824177967,0.7401852011680603
1732437703824177967,0.7401852011680603
1732437703834839994,0.7401852011680603
1732437703834839994,0.7401852011680603
1732437703845290918,0.7472649812698364
1732437703845290918,0.7472649812698364
1732437703855698965,0.7472649812698364
1732437703855698965,0.7472649812698364
1732437703866220610,0.7472649812698364
1732437703866220610,0.7472649812698364
1732437703877030592,0.7472649812698364
1732437703877030592,0.7472649812698364
1732437703887272259,0.7472649812698364
1732437703887272259,0.7472649812698364
1732437703897588092,0.7472649812698364
1732437703897588092,0.7472649812698364
1732437703907759227,0.7472649812698364
1732437703907759227,0.7472649812698364
1732437703918102212,0.7472649812698364
1732437703918102212,0.7472649812698364
1732437703928693477,0.7472649812698364
1732437703928693477,0.7472649812698364
1732437703939126566,0.7472649812698364
1732437703939126566,0.7472649812698364
1732437703949266897,0.7543091177940369
1732437703949266897,0.7543091177940369
1732437703959476462,0.7543091177940369
1732437703959476462,0.7543091177940369
1732437703969932958,0.7543091177940369
1732437703969932958,0.7543091177940369
1732437703980064596,0.7543091177940369
1732437703980064596,0.7543091177940369
1732437703990757574,0.7543091177940369
1732437703990757574,0.7543091177940369
1732437704001105174,0.7543091177940369
1732437704001105174,0.7543091177940369
1732437704012370926,0.7543091177940369
1732437704012370926,0.7543091177940369
1732437704022650833,0.7543091177940369
1732437704022650833,0.7543091177940369
1732437704032968942,0.7543091177940369
1732437704032968942,0.7543091177940369
1732437704043171174,0.7623406648635864
1732437704043171174,0.7623406648635864
1732437704053414584,0.7623406648635864
1732437704053414584,0.7623406648635864
1732437704064120382,0.7623406648635864
1732437704064120382,0.7623406648635864
1732437704147902592,0.7629787921905518
1732437704147902592,0.7629787921905518
1732437704158139942,0.7629787921905518
1732437704158139942,0.7629787921905518
1732437704168514217,0.7629787921905518
1732437704168514217,0.7629787921905518
1732437704179038509,0.7629787921905518
1732437704179038509,0.7629787921905518
1732437704189668757,0.7629787921905518
1732437704189668757,0.7629787921905518
1732437704200162893,0.7629787921905518
1732437704200162893,0.7629787921905518
1732437704210467295,0.7629787921905518
1732437704210467295,0.7629787921905518
1732437704220657474,0.7629787921905518
1732437704220657474,0.7629787921905518
1732437704231054551,0.7629787921905518
1732437704231054551,0.7629787921905518
1732437704241684437,0.7629787921905518
1732437704241684437,0.7629787921905518
1732437704251818644,0.7634047269821167
1732437704251818644,0.7634047269821167
1732437704262272324,0.7634047269821167
1732437704262272324,0.7634047269821167
1732437704272553591,0.7634047269821167
1732437704272553591,0.7634047269821167
1732437704283211624,0.7634047269821167
1732437704283211624,0.7634047269821167
1732437704293640339,0.7634047269821167
1732437704293640339,0.7634047269821167
1732437704303678996,0.7634047269821167
1732437704303678996,0.7634047269821167
1732437704313972729,0.7634047269821167
1732437704313972729,0.7634047269821167
1732437704324630729,0.7634047269821167
1732437704324630729,0.7634047269821167
1732437704334843531,0.7634047269821167
1732437704334843531,0.7634047269821167
1732437704345055182,0.7621577382087708
1732437704345055182,0.7621577382087708
1732437704447879881,0.7347264885902405
1732437704447879881,0.7347264885902405
1732437704458220983,0.7347264885902405
1732437704458220983,0.7347264885902405
1732437704468482585,0.7347264885902405
1732437704468482585,0.7347264885902405
1732437704479081205,0.7347264885902405
1732437704479081205,0.7347264885902405
1732437704489482618,0.7347264885902405
1732437704489482618,0.7347264885902405
1732437704500045621,0.7347264885902405
1732437704500045621,0.7347264885902405
1732437704510493481,0.7347264885902405
1732437704510493481,0.7347264885902405
1732437704520888812,0.7347264885902405
1732437704520888812,0.7347264885902405
1732437704531177266,0.7347264885902405
1732437704531177266,0.7347264885902405
1732437704541694583,0.7347264885902405
1732437704541694583,0.7347264885902405
1732437704552422915,0.702899694442749
1732437704552422915,0.702899694442749
1732437704562690929,0.702899694442749
1732437704562690929,0.702899694442749
1732437704572763260,0.702899694442749
1732437704572763260,0.702899694442749
1732437704583198346,0.702899694442749
1732437704583198346,0.702899694442749
1732437704593721586,0.702899694442749
1732437704593721586,0.702899694442749
1732437704604400481,0.702899694442749
1732437704604400481,0.702899694442749
1732437704614824749,0.702899694442749
1732437704614824749,0.702899694442749
1732437704625079942,0.702899694442749
1732437704625079942,0.702899694442749
1732437704635468561,0.702899694442749
1732437704635468561,0.702899694442749
1732437704645677206,0.6743581891059875
1732437704645677206,0.6743581891059875
1732437704748070573,0.6610101461410522
1732437704748070573,0.6610101461410522
1732437704758546324,0.6610101461410522
1732437704758546324,0.6610101461410522
1732437704768735202,0.6610101461410522
1732437704768735202,0.6610101461410522
1732437704779277526,0.6610101461410522
1732437704779277526,0.6610101461410522
1732437704789758347,0.6610101461410522
1732437704789758347,0.6610101461410522
1732437704800104477,0.6610101461410522
1732437704800104477,0.6610101461410522
1732437704810335955,0.6610101461410522
1732437704810335955,0.6610101461410522
1732437704820747747,0.6610101461410522
1732437704820747747,0.6610101461410522
1732437704831130945,0.6610101461410522
1732437704831130945,0.6610101461410522
1732437704841245051,0.6610101461410522
1732437704841245051,0.6610101461410522
1732437704851690068,0.6149054765701294
1732437704851690068,0.6149054765701294
1732437704862220702,0.6149054765701294
1732437704862220702,0.6149054765701294
1732437704872957254,0.6149054765701294
1732437704872957254,0.6149054765701294
1732437704883512167,0.6149054765701294
1732437704883512167,0.6149054765701294
1732437704893898521,0.6149054765701294
1732437704893898521,0.6149054765701294
1732437704904380815,0.6149054765701294
1732437704904380815,0.6149054765701294
1732437704914750208,0.6149054765701294
1732437704914750208,0.6149054765701294
1732437704924879196,0.6149054765701294
1732437704924879196,0.6149054765701294
1732437704935288783,0.6149054765701294
1732437704935288783,0.6149054765701294
1732437704945445941,0.5908675193786621
1732437704945445941,0.5908675193786621
1732437704955992865,0.5908675193786621
1732437704955992865,0.5908675193786621
1732437704966221516,0.5908675193786621
1732437704966221516,0.5908675193786621
1732437704976611439,0.5908675193786621
1732437704976611439,0.5908675193786621
1732437704987486849,0.5908675193786621
1732437704987486849,0.5908675193786621
1732437704998151646,0.5908675193786621
1732437704998151646,0.5908675193786621
1732437705008850571,0.5908675193786621
1732437705008850571,0.5908675193786621
1732437705019131510,0.5908675193786621
1732437705019131510,0.5908675193786621
1732437705029294610,0.5908675193786621
1732437705029294610,0.5908675193786621
1732437705039841192,0.5908675193786621
1732437705039841192,0.5908675193786621
1732437705050124867,0.5737856030464172
1732437705050124867,0.5737856030464172
1732437705060612229,0.5737856030464172
1732437705060612229,0.5737856030464172
1732437705071253149,0.5737856030464172
1732437705071253149,0.5737856030464172
1732437705081712889,0.5737856030464172
1732437705081712889,0.5737856030464172
1732437705092723305,0.5737856030464172
1732437705092723305,0.5737856030464172
1732437705102867345,0.5737856030464172
1732437705102867345,0.5737856030464172
1732437705113220934,0.5737856030464172
1732437705113220934,0.5737856030464172
1732437705123555352,0.5737856030464172
1732437705123555352,0.5737856030464172
1732437705133851720,0.5737856030464172
1732437705133851720,0.5737856030464172
1732437705144307674,0.5510870218276978
1732437705144307674,0.5510870218276978
1732437705248022886,0.5302462577819824
1732437705248022886,0.5302462577819824
1732437705258489775,0.5302462577819824
1732437705258489775,0.5302462577819824
1732437705269173358,0.5302462577819824
1732437705269173358,0.5302462577819824
1732437705279715286,0.5302462577819824
1732437705279715286,0.5302462577819824
1732437705289845385,0.5302462577819824
1732437705289845385,0.5302462577819824
1732437705300225098,0.5302462577819824
1732437705300225098,0.5302462577819824
1732437705311771349,0.5302462577819824
1732437705311771349,0.5302462577819824
1732437705322175928,0.5302462577819824
1732437705322175928,0.5302462577819824
1732437705332665335,0.5302462577819824
1732437705332665335,0.5302462577819824
1732437705343023918,0.5156859755516052
1732437705343023918,0.5156859755516052
1732437705353505622,0.5156859755516052
1732437705353505622,0.5156859755516052
1732437705364092528,0.5156859755516052
1732437705364092528,0.5156859755516052
1732437705374576976,0.5156859755516052
1732437705374576976,0.5156859755516052
1732437705385020788,0.5156859755516052
1732437705385020788,0.5156859755516052
1732437705395338086,0.5156859755516052
1732437705395338086,0.5156859755516052
1732437705405705515,0.5156859755516052
1732437705405705515,0.5156859755516052
1732437705416333370,0.5156859755516052
1732437705416333370,0.5156859755516052
1732437705426757033,0.5156859755516052
1732437705426757033,0.5156859755516052
1732437705437069022,0.5156859755516052
1732437705437069022,0.5156859755516052
1732437705447104042,0.4813239276409149
1732437705447104042,0.4813239276409149
1732437705457521302,0.4813239276409149
1732437705457521302,0.4813239276409149
1732437705468144801,0.4813239276409149
1732437705468144801,0.4813239276409149
1732437705478829381,0.4813239276409149
1732437705478829381,0.4813239276409149
1732437705489185308,0.4813239276409149
1732437705489185308,0.4813239276409149
1732437705499609755,0.4813239276409149
1732437705499609755,0.4813239276409149
1732437705510086198,0.4813239276409149
1732437705510086198,0.4813239276409149
1732437705520375503,0.4813239276409149
1732437705520375503,0.4813239276409149
1732437705530638568,0.4813239276409149
1732437705530638568,0.4813239276409149
1732437705542591665,0.4813239276409149
1732437705542591665,0.4813239276409149
1732437705553074711,0.4770468473434448
1732437705553074711,0.4770468473434448
1732437705563338678,0.4770468473434448
1732437705563338678,0.4770468473434448
1732437705573715156,0.4770468473434448
1732437705573715156,0.4770468473434448
1732437705584006623,0.4770468473434448
1732437705584006623,0.4770468473434448
1732437705594488627,0.4770468473434448
1732437705594488627,0.4770468473434448
1732437705604774615,0.4770468473434448
1732437705604774615,0.4770468473434448
1732437705615416536,0.4770468473434448
1732437705615416536,0.4770468473434448
1732437705625729994,0.4770468473434448
1732437705625729994,0.4770468473434448
1732437705636263525,0.4770468473434448
1732437705636263525,0.4770468473434448
1732437705646431092,0.47507673501968384
1732437705646431092,0.47507673501968384
1732437705657454703,0.47507673501968384
1732437705657454703,0.47507673501968384
1732437705667577808,0.47507673501968384
1732437705667577808,0.47507673501968384
1732437705677895887,0.47507673501968384
1732437705677895887,0.47507673501968384
1732437705688453746,0.47507673501968384
1732437705688453746,0.47507673501968384
1732437705699085171,0.47507673501968384
1732437705699085171,0.47507673501968384
1732437705709281008,0.47507673501968384
1732437705709281008,0.47507673501968384
1732437705719893006,0.47507673501968384
1732437705719893006,0.47507673501968384
1732437705730360883,0.47507673501968384
1732437705730360883,0.47507673501968384
1732437705740918246,0.47507673501968384
1732437705740918246,0.47507673501968384
1732437705751203473,0.47819364070892334
1732437705751203473,0.47819364070892334
1732437705761624131,0.47819364070892334
1732437705761624131,0.47819364070892334
1732437705771911033,0.47819364070892334
1732437705771911033,0.47819364070892334
1732437705782399397,0.47819364070892334
1732437705782399397,0.47819364070892334
1732437705792876972,0.47819364070892334
1732437705792876972,0.47819364070892334
1732437705803504545,0.47819364070892334
1732437705803504545,0.47819364070892334
1732437705813827874,0.47819364070892334
1732437705813827874,0.47819364070892334
1732437705824552096,0.47819364070892334
1732437705824552096,0.47819364070892334
1732437705835184519,0.47819364070892334
1732437705835184519,0.47819364070892334
1732437705845274502,0.4382788836956024
1732437705845274502,0.4382788836956024
1732437705855683571,0.4382788836956024
1732437705855683571,0.4382788836956024
1732437705865844426,0.4382788836956024
1732437705865844426,0.4382788836956024
1732437705876059383,0.4382788836956024
1732437705876059383,0.4382788836956024
1732437705886507482,0.4382788836956024
1732437705886507482,0.4382788836956024
1732437705897200815,0.4382788836956024
1732437705897200815,0.4382788836956024
1732437705907504048,0.4382788836956024
1732437705907504048,0.4382788836956024
1732437705918498575,0.4382788836956024
1732437705918498575,0.4382788836956024
1732437705928753675,0.4382788836956024
1732437705928753675,0.4382788836956024
1732437705939026119,0.4382788836956024
1732437705939026119,0.4382788836956024
1732437705949349166,0.4155201017856598
1732437705949349166,0.4155201017856598
1732437705959928491,0.4155201017856598
1732437705959928491,0.4155201017856598
1732437705970141513,0.4155201017856598
1732437705970141513,0.4155201017856598
1732437705980540639,0.4155201017856598
1732437705980540639,0.4155201017856598
1732437705990699243,0.4155201017856598
1732437705990699243,0.4155201017856598
1732437706001605866,0.4155201017856598
1732437706001605866,0.4155201017856598
1732437706012091626,0.4155201017856598
1732437706012091626,0.4155201017856598
1732437706022653848,0.4155201017856598
1732437706022653848,0.4155201017856598
1732437706033429598,0.4155201017856598
1732437706033429598,0.4155201017856598
1732437706043584111,0.39374348521232605
1732437706043584111,0.39374348521232605
1732437706053825457,0.39374348521232605
1732437706053825457,0.39374348521232605
1732437706064139969,0.39374348521232605
1732437706064139969,0.39374348521232605
1732437706074550179,0.39374348521232605
1732437706074550179,0.39374348521232605
1732437706085072094,0.39374348521232605
1732437706085072094,0.39374348521232605
1732437706095725417,0.39374348521232605
1732437706095725417,0.39374348521232605
1732437706105871014,0.39374348521232605
1732437706105871014,0.39374348521232605
1732437706117750454,0.39374348521232605
1732437706117750454,0.39374348521232605
1732437706127998723,0.39374348521232605
1732437706127998723,0.39374348521232605
1732437706138725721,0.39374348521232605
1732437706138725721,0.39374348521232605
1732437706149038731,0.3897975981235504
1732437706149038731,0.3897975981235504
1732437706159471361,0.3897975981235504
1732437706159471361,0.3897975981235504
1732437706169851045,0.3897975981235504
1732437706169851045,0.3897975981235504
1732437706180407867,0.3897975981235504
1732437706180407867,0.3897975981235504
1732437706190625568,0.3897975981235504
1732437706190625568,0.3897975981235504
1732437706200888956,0.3897975981235504
1732437706200888956,0.3897975981235504
1732437706211438874,0.3897975981235504
1732437706211438874,0.3897975981235504
1732437706222016055,0.3897975981235504
1732437706222016055,0.3897975981235504
1732437706232561536,0.3897975981235504
1732437706232561536,0.3897975981235504
1732437706243229534,0.37106603384017944
1732437706243229534,0.37106603384017944
1732437706253481601,0.37106603384017944
1732437706253481601,0.37106603384017944
1732437706264013375,0.37106603384017944
1732437706264013375,0.37106603384017944
1732437706274450286,0.37106603384017944
1732437706274450286,0.37106603384017944
1732437706284862247,0.37106603384017944
1732437706284862247,0.37106603384017944
1732437706295376842,0.37106603384017944
1732437706295376842,0.37106603384017944
1732437706305469512,0.37106603384017944
1732437706305469512,0.37106603384017944
1732437706315771439,0.37106603384017944
1732437706315771439,0.37106603384017944
1732437706326224810,0.37106603384017944
1732437706326224810,0.37106603384017944
1732437706336768797,0.37106603384017944
1732437706336768797,0.37106603384017944
1732437706347000446,0.37072405219078064
1732437706347000446,0.37072405219078064
1732437706357051565,0.37072405219078064
1732437706357051565,0.37072405219078064
1732437706367452139,0.37072405219078064
1732437706367452139,0.37072405219078064
1732437706377940665,0.37072405219078064
1732437706377940665,0.37072405219078064
1732437706388397169,0.37072405219078064
1732437706388397169,0.37072405219078064
1732437706398921121,0.37072405219078064
1732437706398921121,0.37072405219078064
1732437706409545146,0.37072405219078064
1732437706409545146,0.37072405219078064
1732437706419939869,0.37072405219078064
1732437706419939869,0.37072405219078064
1732437706430130211,0.37072405219078064
1732437706430130211,0.37072405219078064
1732437706440446144,0.37072405219078064
1732437706440446144,0.37072405219078064
1732437706450947604,0.3558349907398224
1732437706450947604,0.3558349907398224
1732437706461399862,0.3558349907398224
1732437706461399862,0.3558349907398224
1732437706471683626,0.3558349907398224
1732437706471683626,0.3558349907398224
1732437706482224900,0.3558349907398224
1732437706482224900,0.3558349907398224
1732437706492442019,0.3558349907398224
1732437706492442019,0.3558349907398224
1732437706502592568,0.3558349907398224
1732437706502592568,0.3558349907398224
1732437706512928810,0.3558349907398224
1732437706512928810,0.3558349907398224
1732437706523477232,0.3558349907398224
1732437706523477232,0.3558349907398224
1732437706533738339,0.3558349907398224
1732437706533738339,0.3558349907398224
1732437706544600637,0.32726627588272095
1732437706544600637,0.32726627588272095
1732437706554731830,0.32726627588272095
1732437706554731830,0.32726627588272095
1732437706565103466,0.32726627588272095
1732437706565103466,0.32726627588272095
1732437706575682811,0.32726627588272095
1732437706575682811,0.32726627588272095
1732437706586193408,0.32726627588272095
1732437706586193408,0.32726627588272095
1732437706596324518,0.32726627588272095
1732437706596324518,0.32726627588272095
1732437706606703220,0.32726627588272095
1732437706606703220,0.32726627588272095
1732437706617109702,0.32726627588272095
1732437706617109702,0.32726627588272095
1732437706627470220,0.32726627588272095
1732437706627470220,0.32726627588272095
1732437706637578208,0.32726627588272095
1732437706637578208,0.32726627588272095
1732437706648049941,0.30273061990737915
1732437706648049941,0.30273061990737915
1732437706658477414,0.30273061990737915
1732437706658477414,0.30273061990737915
1732437706668919221,0.30273061990737915
1732437706668919221,0.30273061990737915
1732437706679533761,0.30273061990737915
1732437706679533761,0.30273061990737915
1732437706689857471,0.30273061990737915
1732437706689857471,0.30273061990737915
1732437706700230640,0.30273061990737915
1732437706700230640,0.30273061990737915
1732437706710784798,0.30273061990737915
1732437706710784798,0.30273061990737915
1732437706721228339,0.30273061990737915
1732437706721228339,0.30273061990737915
1732437706731814746,0.30273061990737915
1732437706731814746,0.30273061990737915
1732437706742525595,0.30273061990737915
1732437706742525595,0.30273061990737915
1732437706753116480,0.2950080931186676
1732437706753116480,0.2950080931186676
1732437706763708959,0.2950080931186676
1732437706763708959,0.2950080931186676
1732437706774025664,0.2950080931186676
1732437706774025664,0.2950080931186676
1732437706784673064,0.2950080931186676
1732437706784673064,0.2950080931186676
1732437706795291372,0.2950080931186676
1732437706795291372,0.2950080931186676
1732437706805507069,0.2950080931186676
1732437706805507069,0.2950080931186676
1732437706815670361,0.2950080931186676
1732437706815670361,0.2950080931186676
1732437706826081231,0.2950080931186676
1732437706826081231,0.2950080931186676
1732437706836442459,0.2950080931186676
1732437706836442459,0.2950080931186676
1732437706846854412,0.26528507471084595
1732437706846854412,0.26528507471084595
1732437706857314370,0.26528507471084595
1732437706857314370,0.26528507471084595
1732437706867586447,0.26528507471084595
1732437706867586447,0.26528507471084595
1732437706877962213,0.26528507471084595
1732437706877962213,0.26528507471084595
1732437706888256748,0.26528507471084595
1732437706888256748,0.26528507471084595
1732437706898643002,0.26528507471084595
1732437706898643002,0.26528507471084595
1732437706909050797,0.26528507471084595
1732437706909050797,0.26528507471084595
1732437706919309703,0.26528507471084595
1732437706919309703,0.26528507471084595
1732437706929468237,0.26528507471084595
1732437706929468237,0.26528507471084595
1732437706939994293,0.26528507471084595
1732437706939994293,0.26528507471084595
1732437706950713646,0.2510985732078552
1732437706950713646,0.2510985732078552
1732437706961847230,0.2510985732078552
1732437706961847230,0.2510985732078552
1732437706972328563,0.2510985732078552
1732437706972328563,0.2510985732078552
1732437706982553237,0.2510985732078552
1732437706982553237,0.2510985732078552
1732437706993418513,0.2510985732078552
1732437706993418513,0.2510985732078552
1732437707003542110,0.2510985732078552
1732437707003542110,0.2510985732078552
1732437707013976865,0.2510985732078552
1732437707013976865,0.2510985732078552
1732437707024484857,0.2510985732078552
1732437707024484857,0.2510985732078552
1732437707034693551,0.2510985732078552
1732437707034693551,0.2510985732078552
1732437707044777475,0.2290271818637848
1732437707044777475,0.2290271818637848
1732437707054969960,0.2290271818637848
1732437707054969960,0.2290271818637848
1732437707065194754,0.2290271818637848
1732437707065194754,0.2290271818637848
1732437707075748211,0.2290271818637848
1732437707075748211,0.2290271818637848
1732437707088853900,0.2290271818637848
1732437707088853900,0.2290271818637848
1732437707099089045,0.2290271818637848
1732437707099089045,0.2290271818637848
1732437707110052404,0.2290271818637848
1732437707110052404,0.2290271818637848
1732437707120296504,0.2290271818637848
1732437707120296504,0.2290271818637848
1732437707130712886,0.2290271818637848
1732437707130712886,0.2290271818637848
1732437707141107557,0.2290271818637848
1732437707141107557,0.2290271818637848
1732437707151332051,0.2091580033302307
1732437707151332051,0.2091580033302307
1732437707161517854,0.2091580033302307
1732437707161517854,0.2091580033302307
1732437707172035604,0.2091580033302307
1732437707172035604,0.2091580033302307
1732437707182598067,0.2091580033302307
1732437707182598067,0.2091580033302307
1732437707192844929,0.2091580033302307
1732437707192844929,0.2091580033302307
1732437707203327267,0.2091580033302307
1732437707203327267,0.2091580033302307
1732437707213513289,0.2091580033302307
1732437707213513289,0.2091580033302307
1732437707223862576,0.2091580033302307
1732437707223862576,0.2091580033302307
1732437707234389323,0.2091580033302307
1732437707234389323,0.2091580033302307
1732437707244682495,0.19274450838565826
1732437707244682495,0.19274450838565826
1732437707254859171,0.19274450838565826
1732437707254859171,0.19274450838565826
1732437707265568587,0.19274450838565826
1732437707265568587,0.19274450838565826
1732437707276136469,0.19274450838565826
1732437707276136469,0.19274450838565826
1732437707286326300,0.19274450838565826
1732437707286326300,0.19274450838565826
1732437707296555854,0.19274450838565826
1732437707296555854,0.19274450838565826
1732437707307162364,0.19274450838565826
1732437707307162364,0.19274450838565826
1732437707317268433,0.19274450838565826
1732437707317268433,0.19274450838565826
1732437707327700314,0.19274450838565826
1732437707327700314,0.19274450838565826
1732437707338089333,0.19274450838565826
1732437707338089333,0.19274450838565826
1732437707348236754,0.17909109592437744
1732437707348236754,0.17909109592437744
1732437707451466040,0.1612238734960556
1732437707451466040,0.1612238734960556
1732437707461997965,0.1612238734960556
1732437707461997965,0.1612238734960556
1732437707472787190,0.1612238734960556
1732437707472787190,0.1612238734960556
1732437707483225339,0.1612238734960556
1732437707483225339,0.1612238734960556
1732437707493414070,0.1612238734960556
1732437707493414070,0.1612238734960556
1732437707503942169,0.1612238734960556
1732437707503942169,0.1612238734960556
1732437707514382875,0.1612238734960556
1732437707514382875,0.1612238734960556
1732437707524847936,0.1612238734960556
1732437707524847936,0.1612238734960556
1732437707535338916,0.1612238734960556
1732437707535338916,0.1612238734960556
1732437707535338916,0.146253302693367
1732437707535338916,0.146253302693367
1732437707556202635,0.146253302693367
1732437707556202635,0.146253302693367
1732437707566696752,0.146253302693367
1732437707566696752,0.146253302693367
1732437707576932517,0.146253302693367
1732437707576932517,0.146253302693367
1732437707587148725,0.146253302693367
1732437707587148725,0.146253302693367
1732437707597274637,0.146253302693367
1732437707597274637,0.146253302693367
1732437707607544417,0.146253302693367
1732437707607544417,0.146253302693367
1732437707617694642,0.146253302693367
1732437707617694642,0.146253302693367
1732437707628059909,0.146253302693367
1732437707628059909,0.146253302693367
1732437707638439612,0.146253302693367
1732437707638439612,0.146253302693367
1732437707648551997,0.1320970356464386
1732437707648551997,0.1320970356464386
1732437707659117347,0.1320970356464386
1732437707659117347,0.1320970356464386
1732437707669541983,0.1320970356464386
1732437707669541983,0.1320970356464386
1732437707679751850,0.1320970356464386
1732437707679751850,0.1320970356464386
1732437707689938846,0.1320970356464386
1732437707689938846,0.1320970356464386
1732437707700724223,0.1320970356464386
1732437707700724223,0.1320970356464386
1732437707711112460,0.1320970356464386
1732437707711112460,0.1320970356464386
1732437707721432484,0.1320970356464386
1732437707721432484,0.1320970356464386
1732437707731689836,0.1320970356464386
1732437707731689836,0.1320970356464386
1732437707742006174,0.1320970356464386
1732437707742006174,0.1320970356464386
1732437707752238233,0.1210811585187912
1732437707752238233,0.1210811585187912
1732437707762361540,0.1210811585187912
1732437707762361540,0.1210811585187912
1732437707772922679,0.1210811585187912
1732437707772922679,0.1210811585187912
1732437707783336426,0.1210811585187912
1732437707783336426,0.1210811585187912
1732437707793917654,0.1210811585187912
1732437707793917654,0.1210811585187912
1732437707804204771,0.1210811585187912
1732437707804204771,0.1210811585187912
1732437707814808604,0.1210811585187912
1732437707814808604,0.1210811585187912
1732437707827725834,0.1210811585187912
1732437707827725834,0.1210811585187912
1732437707838300859,0.1210811585187912
1732437707838300859,0.1210811585187912
1732437707848616844,0.11021646112203598
1732437707848616844,0.11021646112203598
1732437707859044787,0.11021646112203598
1732437707859044787,0.11021646112203598
1732437707869387198,0.11021646112203598
1732437707869387198,0.11021646112203598
1732437707879663962,0.11021646112203598
1732437707879663962,0.11021646112203598
1732437707889888187,0.11021646112203598
1732437707889888187,0.11021646112203598
1732437707900458364,0.11021646112203598
1732437707900458364,0.11021646112203598
1732437707910653894,0.11021646112203598
1732437707910653894,0.11021646112203598
1732437707920815930,0.11021646112203598
1732437707920815930,0.11021646112203598
1732437707931430653,0.11021646112203598
1732437707931430653,0.11021646112203598
1732437707942183208,0.11021646112203598
1732437707942183208,0.11021646112203598
1732437707952402534,0.10344158858060837
1732437707952402534,0.10344158858060837
1732437707962710019,0.10344158858060837
1732437707962710019,0.10344158858060837
1732437707962710019,0.10344158858060837
1732437707962710019,0.10344158858060837
1732437707983257285,0.10344158858060837
1732437707983257285,0.10344158858060837
1732437707993729889,0.10344158858060837
1732437707993729889,0.10344158858060837
1732437708004192547,0.10344158858060837
1732437708004192547,0.10344158858060837
1732437708014697083,0.10344158858060837
1732437708014697083,0.10344158858060837
1732437708024757043,0.10344158858060837
1732437708024757043,0.10344158858060837
1732437708035277936,0.10344158858060837
1732437708035277936,0.10344158858060837
1732437708045656348,0.09325841814279556
1732437708045656348,0.09325841814279556
1732437708056011716,0.09325841814279556
1732437708056011716,0.09325841814279556
1732437708066418886,0.09325841814279556
1732437708066418886,0.09325841814279556
1732437708076989598,0.09325841814279556
1732437708076989598,0.09325841814279556
1732437708087186551,0.09325841814279556
1732437708087186551,0.09325841814279556
1732437708097213004,0.09325841814279556
1732437708097213004,0.09325841814279556
1732437708107753740,0.09325841814279556
1732437708107753740,0.09325841814279556
1732437708118082209,0.09325841814279556
1732437708118082209,0.09325841814279556
1732437708128642296,0.09325841814279556
1732437708128642296,0.09325841814279556
1732437708139212663,0.09325841814279556
1732437708139212663,0.09325841814279556
1732437708150128183,0.08640802651643753
1732437708150128183,0.08640802651643753
1732437708160477931,0.08640802651643753
1732437708160477931,0.08640802651643753
1732437708170886574,0.08640802651643753
1732437708170886574,0.08640802651643753
1732437708181129547,0.08640802651643753
1732437708181129547,0.08640802651643753
1732437708191424843,0.08640802651643753
1732437708191424843,0.08640802651643753
1732437708202015278,0.08640802651643753
1732437708202015278,0.08640802651643753
1732437708212417372,0.08640802651643753
1732437708212417372,0.08640802651643753
1732437708222908683,0.08640802651643753
1732437708222908683,0.08640802651643753
1732437708233231221,0.08640802651643753
1732437708233231221,0.08640802651643753
1732437708243547085,0.07958752661943436
1732437708243547085,0.07958752661943436
1732437708254280726,0.07958752661943436
1732437708254280726,0.07958752661943436
1732437708264520980,0.07958752661943436
1732437708264520980,0.07958752661943436
1732437708274701052,0.07958752661943436
1732437708274701052,0.07958752661943436
1732437708284897125,0.07958752661943436
1732437708284897125,0.07958752661943436
1732437708295112391,0.07958752661943436
1732437708295112391,0.07958752661943436
1732437708305157038,0.07958752661943436
1732437708305157038,0.07958752661943436
1732437708315899150,0.07958752661943436
1732437708315899150,0.07958752661943436
1732437708326557600,0.07958752661943436
1732437708326557600,0.07958752661943436
1732437708336941370,0.07958752661943436
1732437708336941370,0.07958752661943436
1732437708347265531,0.07629325985908508
1732437708347265531,0.07629325985908508
1732437708450867490,0.07127731293439865
1732437708450867490,0.07127731293439865
1732437708461412610,0.07127731293439865
1732437708461412610,0.07127731293439865
1732437708472173612,0.07127731293439865
1732437708472173612,0.07127731293439865
1732437708482819350,0.07127731293439865
1732437708482819350,0.07127731293439865
1732437708492900998,0.07127731293439865
1732437708492900998,0.07127731293439865
1732437708503945678,0.07127731293439865
1732437708503945678,0.07127731293439865
1732437708514507540,0.07127731293439865
1732437708514507540,0.07127731293439865
1732437708524785732,0.07127731293439865
1732437708524785732,0.07127731293439865
1732437708535019397,0.07127731293439865
1732437708535019397,0.07127731293439865
1732437708545433390,0.0674147978425026
1732437708545433390,0.0674147978425026
1732437708555540610,0.0674147978425026
1732437708555540610,0.0674147978425026
1732437708565867315,0.0674147978425026
1732437708565867315,0.0674147978425026
1732437708576192987,0.0674147978425026
1732437708576192987,0.0674147978425026
1732437708586900269,0.0674147978425026
1732437708586900269,0.0674147978425026
1732437708597032329,0.0674147978425026
1732437708597032329,0.0674147978425026
1732437708607302893,0.0674147978425026
1732437708607302893,0.0674147978425026
1732437708617487844,0.0674147978425026
1732437708617487844,0.0674147978425026
1732437708627756241,0.0674147978425026
1732437708627756241,0.0674147978425026
1732437708638057348,0.0674147978425026
1732437708638057348,0.0674147978425026
1732437708648315295,0.06653419882059097
1732437708648315295,0.06653419882059097
1732437708658499303,0.06653419882059097
1732437708658499303,0.06653419882059097
1732437708668990604,0.06653419882059097
1732437708668990604,0.06653419882059097
1732437708679573846,0.06653419882059097
1732437708679573846,0.06653419882059097
1732437708689893037,0.06653419882059097
1732437708689893037,0.06653419882059097
1732437708700490624,0.06653419882059097
1732437708700490624,0.06653419882059097
1732437708710829743,0.06653419882059097
1732437708710829743,0.06653419882059097
1732437708721398557,0.06653419882059097
1732437708721398557,0.06653419882059097
1732437708732035128,0.06653419882059097
1732437708732035128,0.06653419882059097
1732437708742276192,0.06447989493608475
1732437708742276192,0.06447989493608475
1732437708752553596,0.06447989493608475
1732437708752553596,0.06447989493608475
1732437708762731084,0.06447989493608475
1732437708762731084,0.06447989493608475
1732437708773426282,0.06447989493608475
1732437708773426282,0.06447989493608475
1732437708783747346,0.06447989493608475
1732437708783747346,0.06447989493608475
1732437708793837772,0.06447989493608475
1732437708793837772,0.06447989493608475
1732437708804698600,0.06447989493608475
1732437708804698600,0.06447989493608475
1732437708815417454,0.06447989493608475
1732437708815417454,0.06447989493608475
1732437708825708773,0.06447989493608475
1732437708825708773,0.06447989493608475
1732437708836226643,0.06447989493608475
1732437708836226643,0.06447989493608475
1732437708846994948,0.06326644122600555
1732437708846994948,0.06326644122600555
1732437708857317135,0.06326644122600555
1732437708857317135,0.06326644122600555
1732437708867677240,0.06326644122600555
1732437708867677240,0.06326644122600555
1732437708878166387,0.06326644122600555
1732437708878166387,0.06326644122600555
1732437708888731315,0.06326644122600555
1732437708888731315,0.06326644122600555
1732437708899188302,0.06326644122600555
1732437708899188302,0.06326644122600555
1732437708909914239,0.06326644122600555
1732437708909914239,0.06326644122600555
1732437708920453027,0.06326644122600555
1732437708920453027,0.06326644122600555
1732437708931206776,0.06326644122600555
1732437708931206776,0.06326644122600555
1732437708942222242,0.06326644122600555
1732437708942222242,0.06133124232292175
1732437708952599169,0.06133124232292175
1732437708952599169,0.06133124232292175
1732437708962949738,0.06133124232292175
1732437708962949738,0.06133124232292175
1732437708973400153,0.06133124232292175
1732437708973400153,0.06133124232292175
1732437708983600063,0.06133124232292175
1732437708983600063,0.06133124232292175
1732437708994153880,0.06133124232292175
1732437708994153880,0.06133124232292175
1732437709004281495,0.06133124232292175
1732437709004281495,0.06133124232292175
1732437709014500891,0.06133124232292175
1732437709014500891,0.06133124232292175
1732437709025076899,0.06133124232292175
1732437709025076899,0.06133124232292175
1732437709035822871,0.06133124232292175
1732437709035822871,0.06133124232292175
1732437709046348186,0.06036108359694481
1732437709046348186,0.06036108359694481
1732437709056877397,0.06036108359694481
1732437709056877397,0.06036108359694481
1732437709067585471,0.06036108359694481
1732437709067585471,0.06036108359694481
1732437709077696133,0.06036108359694481
1732437709077696133,0.06036108359694481
1732437709087959119,0.06036108359694481
1732437709087959119,0.06036108359694481
1732437709098362166,0.06036108359694481
1732437709098362166,0.06036108359694481
1732437709108990302,0.06036108359694481
1732437709108990302,0.06036108359694481
1732437709119580827,0.06036108359694481
1732437709119580827,0.06036108359694481
1732437709129909444,0.06036108359694481
1732437709129909444,0.06036108359694481
1732437709140385827,0.06036108359694481
1732437709140385827,0.06036108359694481
1732437709151287722,0.05692445486783981
1732437709151287722,0.05692445486783981
1732437709162046296,0.05692445486783981
1732437709162046296,0.05692445486783981
1732437709172343930,0.05692445486783981
1732437709172343930,0.05692445486783981
1732437709183048808,0.05692445486783981
1732437709183048808,0.05692445486783981
1732437709194094458,0.05692445486783981
1732437709194094458,0.05692445486783981
1732437709204562505,0.05692445486783981
1732437709204562505,0.05692445486783981
1732437709215048237,0.05692445486783981
1732437709215048237,0.05692445486783981
1732437709225501307,0.05692445486783981
1732437709225501307,0.05692445486783981
1732437709236139270,0.05692445486783981
1732437709236139270,0.05692445486783981
1732437709246937608,0.05594571679830551
1732437709246937608,0.05594571679830551
1732437709257108626,0.05594571679830551
1732437709257108626,0.05594571679830551
1732437709267526617,0.05594571679830551
1732437709267526617,0.05594571679830551
1732437709277784969,0.05594571679830551
1732437709277784969,0.05594571679830551
1732437709287945555,0.05594571679830551
1732437709287945555,0.05594571679830551
1732437709298301430,0.05594571679830551
1732437709298301430,0.05594571679830551
1732437709308388118,0.05594571679830551
1732437709308388118,0.05594571679830551
1732437709318759820,0.05594571679830551
1732437709318759820,0.05594571679830551
1732437709329051791,0.05594571679830551
1732437709329051791,0.05594571679830551
1732437709339344052,0.05594571679830551
1732437709339344052,0.05594571679830551
1732437709339344052,0.05435275658965111
1732437709339344052,0.05435275658965111
1732437709360104660,0.05435275658965111
1732437709360104660,0.05435275658965111
1732437709370633911,0.05435275658965111
1732437709370633911,0.05435275658965111
1732437709381233110,0.05435275658965111
1732437709381233110,0.05435275658965111
1732437709391701913,0.05435275658965111
1732437709391701913,0.05435275658965111
1732437709401820241,0.05435275658965111
1732437709401820241,0.05435275658965111
1732437709412041525,0.05435275658965111
1732437709412041525,0.05435275658965111
1732437709422780047,0.05435275658965111
1732437709422780047,0.05435275658965111
1732437709433281387,0.05435275658965111
1732437709433281387,0.05435275658965111
1732437709443695394,0.05321981757879257
1732437709443695394,0.05321981757879257
1732437709453857564,0.05321981757879257
1732437709453857564,0.05321981757879257
1732437709464332484,0.05321981757879257
1732437709464332484,0.05321981757879257
1732437709474795311,0.05321981757879257
1732437709474795311,0.05321981757879257
1732437709485215690,0.05321981757879257
1732437709485215690,0.05321981757879257
1732437709495674911,0.05321981757879257
1732437709495674911,0.05321981757879257
1732437709506537502,0.05321981757879257
1732437709506537502,0.05321981757879257
1732437709516987587,0.05321981757879257
1732437709516987587,0.05321981757879257
1732437709527529972,0.05321981757879257
1732437709527529972,0.05321981757879257
1732437709537649942,0.05321981757879257
1732437709537649942,0.05321981757879257
1732437709548032230,0.051115136593580246
1732437709548032230,0.051115136593580246
1732437709558237490,0.051115136593580246
1732437709558237490,0.051115136593580246
1732437709568840408,0.051115136593580246
1732437709568840408,0.051115136593580246
1732437709579395998,0.051115136593580246
1732437709579395998,0.051115136593580246
1732437709590009746,0.051115136593580246
1732437709590009746,0.051115136593580246
1732437709600489942,0.051115136593580246
1732437709600489942,0.051115136593580246
1732437709611980204,0.051115136593580246
1732437709611980204,0.051115136593580246
1732437709622400052,0.051115136593580246
1732437709622400052,0.051115136593580246
1732437709632982864,0.051115136593580246
1732437709632982864,0.051115136593580246
1732437709643077857,0.0503736287355423
1732437709643077857,0.0503736287355423
1732437709653148055,0.0503736287355423
1732437709653148055,0.0503736287355423
1732437709663652300,0.0503736287355423
1732437709663652300,0.0503736287355423
1732437709674024709,0.0503736287355423
1732437709674024709,0.0503736287355423
1732437709684288858,0.0503736287355423
1732437709684288858,0.0503736287355423
1732437709694749753,0.0503736287355423
1732437709694749753,0.0503736287355423
1732437709704868249,0.0503736287355423
1732437709704868249,0.0503736287355423
1732437709715239217,0.0503736287355423
1732437709715239217,0.0503736287355423
1732437709726471632,0.0503736287355423
1732437709726471632,0.0503736287355423
1732437709737059206,0.0503736287355423
1732437709737059206,0.0503736287355423
1732437709747365753,0.04945916682481766
1732437709747365753,0.04945916682481766
1732437709758468390,0.04945916682481766
1732437709758468390,0.04945916682481766
1732437709768629007,0.04945916682481766
1732437709768629007,0.04945916682481766
1732437709778864270,0.04945916682481766
1732437709778864270,0.04945916682481766
1732437709789112550,0.04945916682481766
1732437709789112550,0.04945916682481766
1732437709799430197,0.04945916682481766
1732437709799430197,0.04945916682481766
1732437709809904146,0.04945916682481766
1732437709809904146,0.04945916682481766
1732437709820070634,0.04945916682481766
1732437709820070634,0.04945916682481766
1732437709830262237,0.04945916682481766
1732437709830262237,0.04945916682481766
1732437709840479528,0.04945916682481766
1732437709840479528,0.04733716696500778
1732437709850635783,0.04733716696500778
1732437709850635783,0.04733716696500778
1732437709861117079,0.04733716696500778
1732437709861117079,0.04733716696500778
1732437709871495706,0.04733716696500778
1732437709871495706,0.04733716696500778
1732437709881855956,0.04733716696500778
1732437709881855956,0.04733716696500778
1732437709892454987,0.04733716696500778
1732437709892454987,0.04733716696500778
1732437709902793895,0.04733716696500778
1732437709902793895,0.04733716696500778
1732437709913107556,0.04733716696500778
1732437709913107556,0.04733716696500778
1732437709923353180,0.04733716696500778
1732437709923353180,0.04733716696500778
1732437709934032039,0.04733716696500778
1732437709934032039,0.04733716696500778
1732437709944225576,0.04677097499370575
1732437709944225576,0.04677097499370575
1732437709954841890,0.04677097499370575
1732437709954841890,0.04677097499370575
1732437709965189704,0.04677097499370575
1732437709965189704,0.04677097499370575
1732437709975410359,0.04677097499370575
1732437709975410359,0.04677097499370575
1732437709986172526,0.04677097499370575
1732437709986172526,0.04677097499370575
1732437709996880379,0.04677097499370575
1732437709996880379,0.04677097499370575
1732437710007198338,0.04677097499370575
1732437710007198338,0.04677097499370575
1732437710017478076,0.04677097499370575
1732437710017478076,0.04677097499370575
1732437710027840798,0.04677097499370575
1732437710027840798,0.04677097499370575
1732437710038253192,0.04677097499370575
1732437710038253192,0.04677097499370575
1732437710048476746,0.04543577879667282
1732437710048476746,0.04543577879667282
1732437710058682514,0.04543577879667282
1732437710058682514,0.04543577879667282
1732437710069144531,0.04543577879667282
1732437710069144531,0.04543577879667282
1732437710079313924,0.04543577879667282
1732437710079313924,0.04543577879667282
1732437710089603810,0.04543577879667282
1732437710089603810,0.04543577879667282
1732437710099850436,0.04543577879667282
1732437710099850436,0.04543577879667282
1732437710110312211,0.04543577879667282
1732437710110312211,0.04543577879667282
1732437710120545853,0.04543577879667282
1732437710120545853,0.04543577879667282
1732437710130968356,0.04543577879667282
1732437710130968356,0.04543577879667282
1732437710141080322,0.04543577879667282
1732437710141080322,0.04543577879667282
1732437710151405184,0.04485652968287468
1732437710151405184,0.04485652968287468
1732437710161997933,0.04485652968287468
1732437710161997933,0.04485652968287468
1732437710172601774,0.04485652968287468
1732437710172601774,0.04485652968287468
1732437710182986777,0.04485652968287468
1732437710182986777,0.04485652968287468
1732437710193308883,0.04485652968287468
1732437710193308883,0.04485652968287468
1732437710203553826,0.04485652968287468
1732437710203553826,0.04485652968287468
1732437710214014760,0.04485652968287468
1732437710214014760,0.04485652968287468
1732437710224456869,0.04485652968287468
1732437710224456869,0.04485652968287468
1732437710235024071,0.04485652968287468
1732437710235024071,0.04485652968287468
1732437710245510934,0.04447308927774429
1732437710245510934,0.04447308927774429
1732437710255890277,0.04447308927774429
1732437710255890277,0.04447308927774429
1732437710266665933,0.04447308927774429
1732437710266665933,0.04447308927774429
1732437710277188506,0.04447308927774429
1732437710277188506,0.04447308927774429
1732437710287322762,0.04447308927774429
1732437710287322762,0.04447308927774429
1732437710297347655,0.04447308927774429
1732437710297347655,0.04447308927774429
1732437710308125279,0.04447308927774429
1732437710308125279,0.04447308927774429
1732437710318564774,0.04447308927774429
1732437710318564774,0.04447308927774429
1732437710329076512,0.04447308927774429
1732437710329076512,0.04447308927774429
1732437710339308832,0.04447308927774429
1732437710339308832,0.04447308927774429
1732437710351991186,0.04286005720496178
1732437710351991186,0.04286005720496178
1732437710362287083,0.04286005720496178
1732437710362287083,0.04286005720496178
1732437710372406213,0.04286005720496178
1732437710372406213,0.04286005720496178
1732437710382609759,0.04286005720496178
1732437710382609759,0.04286005720496178
1732437710392903272,0.04286005720496178
1732437710392903272,0.04286005720496178
1732437710403461468,0.04286005720496178
1732437710403461468,0.04286005720496178
1732437710413814321,0.04286005720496178
1732437710413814321,0.04286005720496178
1732437710424391427,0.04286005720496178
1732437710424391427,0.04286005720496178
1732437710434957277,0.04286005720496178
1732437710434957277,0.04286005720496178
1732437710445151949,0.04142157360911369
1732437710445151949,0.04142157360911369
1732437710456126988,0.04142157360911369
1732437710456126988,0.04142157360911369
1732437710466777823,0.04142157360911369
1732437710466777823,0.04142157360911369
1732437710476928534,0.04142157360911369
1732437710476928534,0.04142157360911369
1732437710487265017,0.04142157360911369
1732437710487265017,0.04142157360911369
1732437710497565715,0.04142157360911369
1732437710497565715,0.04142157360911369
1732437710507734275,0.04142157360911369
1732437710507734275,0.04142157360911369
1732437710517893488,0.04142157360911369
1732437710517893488,0.04142157360911369
1732437710528371504,0.04142157360911369
1732437710528371504,0.04142157360911369
1732437710538970826,0.04142157360911369
1732437710538970826,0.04142157360911369
1732437710549289916,0.040872395038604736
1732437710549289916,0.040872395038604736
1732437710559667597,0.040872395038604736
1732437710559667597,0.040872395038604736
1732437710570366994,0.040872395038604736
1732437710570366994,0.040872395038604736
1732437710580492465,0.040872395038604736
1732437710580492465,0.040872395038604736
1732437710590908496,0.040872395038604736
1732437710590908496,0.040872395038604736
1732437710601498711,0.040872395038604736
1732437710601498711,0.040872395038604736
1732437710611892731,0.040872395038604736
1732437710611892731,0.040872395038604736
1732437710622038529,0.040872395038604736
1732437710622038529,0.040872395038604736
1732437710632379309,0.040872395038604736
1732437710632379309,0.040872395038604736
1732437710642696928,0.041211292147636414
1732437710642696928,0.041211292147636414
1732437710653199220,0.041211292147636414
1732437710653199220,0.041211292147636414
1732437710663468719,0.041211292147636414
1732437710663468719,0.041211292147636414
1732437710673999673,0.041211292147636414
1732437710673999673,0.041211292147636414
1732437710684208218,0.041211292147636414
1732437710684208218,0.041211292147636414
1732437710694625551,0.041211292147636414
1732437710694625551,0.041211292147636414
1732437710705046711,0.041211292147636414
1732437710705046711,0.041211292147636414
1732437710715420862,0.041211292147636414
1732437710715420862,0.041211292147636414
1732437710726133457,0.041211292147636414
1732437710726133457,0.041211292147636414
1732437710736897134,0.041211292147636414
1732437710736897134,0.041211292147636414
1732437710747305161,0.03928471729159355
1732437710747305161,0.03928471729159355
1732437710757633567,0.03928471729159355
1732437710757633567,0.03928471729159355
1732437710768210608,0.03928471729159355
1732437710768210608,0.03928471729159355
1732437710778839034,0.03928471729159355
1732437710778839034,0.03928471729159355
1732437710789002616,0.03928471729159355
1732437710789002616,0.03928471729159355
1732437710799504656,0.03928471729159355
1732437710799504656,0.03928471729159355
1732437710810189096,0.03928471729159355
1732437710810189096,0.03928471729159355
1732437710820572756,0.03928471729159355
1732437710820572756,0.03928471729159355
1732437710830795077,0.03928471729159355
1732437710830795077,0.03928471729159355
1732437710840972765,0.03928471729159355
1732437710840972765,0.03928471729159355
1732437710851479464,0.03962361067533493
1732437710851479464,0.03962361067533493
1732437710862023714,0.03962361067533493
1732437710862023714,0.03962361067533493
1732437710872487815,0.03962361067533493
1732437710872487815,0.03962361067533493
1732437710883117232,0.03962361067533493
1732437710883117232,0.03962361067533493
1732437710893220783,0.03962361067533493
1732437710893220783,0.03962361067533493
1732437710903492515,0.03962361067533493
1732437710903492515,0.03962361067533493
1732437710913901399,0.03962361067533493
1732437710913901399,0.03962361067533493
1732437710924252512,0.03962361067533493
1732437710924252512,0.03962361067533493
1732437710934432705,0.03962361067533493
1732437710934432705,0.03962361067533493
1732437710944559369,0.039895519614219666
1732437710944559369,0.039895519614219666
1732437710954967431,0.039895519614219666
1732437710954967431,0.039895519614219666
1732437710965117372,0.039895519614219666
1732437710965117372,0.039895519614219666
1732437710975436522,0.039895519614219666
1732437710975436522,0.039895519614219666
1732437710986260532,0.039895519614219666
1732437710986260532,0.039895519614219666
1732437710996585564,0.039895519614219666
1732437710996585564,0.039895519614219666
1732437711006998861,0.039895519614219666
1732437711006998861,0.039895519614219666
1732437711017360941,0.039895519614219666
1732437711017360941,0.039895519614219666
1732437711027790698,0.039895519614219666
1732437711027790698,0.039895519614219666
1732437711038014702,0.039895519614219666
1732437711038014702,0.039895519614219666
1732437711048319857,0.04031273350119591
1732437711048319857,0.04031273350119591
1732437711058697387,0.04031273350119591
1732437711058697387,0.04031273350119591
1732437711068936790,0.04031273350119591
1732437711068936790,0.04031273350119591
1732437711079292648,0.04031273350119591
1732437711079292648,0.04031273350119591
1732437711089644840,0.04031273350119591
1732437711089644840,0.04031273350119591
1732437711100074396,0.04031273350119591
1732437711100074396,0.04031273350119591
1732437711110670031,0.04031273350119591
1732437711110670031,0.04031273350119591
1732437711121042681,0.04031273350119591
1732437711121042681,0.04031273350119591
1732437711131537826,0.04031273350119591
1732437711131537826,0.04031273350119591
1732437711142119589,0.04031273350119591
1732437711142119589,0.04031273350119591
1732437711152467614,0.042594458907842636
1732437711152467614,0.042594458907842636
1732437711162796473,0.042594458907842636
1732437711162796473,0.042594458907842636
1732437711173013664,0.042594458907842636
1732437711173013664,0.042594458907842636
1732437711183204337,0.042594458907842636
1732437711183204337,0.042594458907842636
1732437711193511986,0.042594458907842636
1732437711193511986,0.042594458907842636
1732437711203573879,0.042594458907842636
1732437711203573879,0.042594458907842636
1732437711214399071,0.042594458907842636
1732437711214399071,0.042594458907842636
1732437711225060609,0.042594458907842636
1732437711225060609,0.042594458907842636
1732437711235356857,0.042594458907842636
1732437711235356857,0.042594458907842636
1732437711245725681,0.044224467128515244
1732437711245725681,0.044224467128515244
1732437711256828118,0.044224467128515244
1732437711256828118,0.044224467128515244
1732437711267169551,0.044224467128515244
1732437711267169551,0.044224467128515244
1732437711349940784,0.046106189489364624
1732437711349940784,0.046106189489364624
1732437711360272458,0.046106189489364624
1732437711360272458,0.046106189489364624
1732437711370702024,0.046106189489364624
1732437711370702024,0.046106189489364624
1732437711380852990,0.046106189489364624
1732437711380852990,0.046106189489364624
1732437711391688584,0.046106189489364624
1732437711391688584,0.046106189489364624
1732437711402404823,0.046106189489364624
1732437711402404823,0.046106189489364624
1732437711413726287,0.046106189489364624
1732437711413726287,0.046106189489364624
1732437711424979635,0.046106189489364624
1732437711424979635,0.046106189489364624
1732437711435435951,0.046106189489364624
1732437711435435951,0.046106189489364624
1732437711445849006,0.048701800405979156
1732437711445849006,0.048701800405979156
1732437711456269366,0.048701800405979156
1732437711456269366,0.048701800405979156
1732437711467003768,0.048701800405979156
1732437711467003768,0.048701800405979156
1732437711477220448,0.048701800405979156
1732437711477220448,0.048701800405979156
1732437711487685070,0.048701800405979156
1732437711487685070,0.048701800405979156
1732437711497786041,0.048701800405979156
1732437711497786041,0.048701800405979156
1732437711508235297,0.048701800405979156
1732437711508235297,0.048701800405979156
1732437711519085256,0.048701800405979156
1732437711519085256,0.048701800405979156
1732437711529249007,0.048701800405979156
1732437711529249007,0.048701800405979156
1732437711539829465,0.048701800405979156
1732437711539829465,0.048701800405979156
1732437711550178501,0.053666964173316956
1732437711550178501,0.053666964173316956
1732437711560439394,0.053666964173316956
1732437711560439394,0.053666964173316956
1732437711571072660,0.053666964173316956
1732437711571072660,0.053666964173316956
1732437711581550415,0.053666964173316956
1732437711581550415,0.053666964173316956
1732437711592508554,0.053666964173316956
1732437711592508554,0.053666964173316956
1732437711602782261,0.053666964173316956
1732437711602782261,0.053666964173316956
1732437711613619405,0.053666964173316956
1732437711613619405,0.053666964173316956
1732437711624282336,0.053666964173316956
1732437711624282336,0.053666964173316956
1732437711634437863,0.053666964173316956
1732437711634437863,0.053666964173316956
1732437711644785066,0.0580611526966095
1732437711644785066,0.0580611526966095
1732437711654880612,0.0580611526966095
1732437711654880612,0.0580611526966095
1732437711665057699,0.0580611526966095
1732437711665057699,0.0580611526966095
1732437711675458091,0.0580611526966095
1732437711675458091,0.0580611526966095
1732437711686251303,0.0580611526966095
1732437711686251303,0.0580611526966095
1732437711696752633,0.0580611526966095
1732437711696752633,0.0580611526966095
1732437711707498206,0.0580611526966095
1732437711707498206,0.0580611526966095
1732437711717666718,0.0580611526966095
1732437711717666718,0.0580611526966095
1732437711727749014,0.0580611526966095
1732437711727749014,0.0580611526966095
1732437711738002137,0.0580611526966095
1732437711738002137,0.0580611526966095
1732437711748265835,0.0629454255104065
1732437711748265835,0.0629454255104065
1732437711758644826,0.0629454255104065
1732437711758644826,0.0629454255104065
1732437711769241083,0.0629454255104065
1732437711769241083,0.0629454255104065
1732437711779415414,0.0629454255104065
1732437711779415414,0.0629454255104065
1732437711790529509,0.0629454255104065
1732437711790529509,0.0629454255104065
1732437711800893006,0.0629454255104065
1732437711800893006,0.0629454255104065
1732437711811518473,0.0629454255104065
1732437711811518473,0.0629454255104065
1732437711821868110,0.0629454255104065
1732437711821868110,0.0629454255104065
1732437711832204067,0.0629454255104065
1732437711832204067,0.0629454255104065
1732437711842300634,0.0629454255104065
1732437711842300634,0.0629454255104065
1732437711852454667,0.061738330870866776
1732437711852454667,0.061738330870866776
1732437711862678711,0.061738330870866776
1732437711862678711,0.061738330870866776
1732437711873247874,0.061738330870866776
1732437711873247874,0.061738330870866776
1732437711883752643,0.061738330870866776
1732437711883752643,0.061738330870866776
1732437711894167662,0.061738330870866776
1732437711894167662,0.061738330870866776
1732437711904627185,0.061738330870866776
1732437711904627185,0.061738330870866776
1732437711914938953,0.061738330870866776
1732437711914938953,0.061738330870866776
1732437711925385540,0.061738330870866776
1732437711925385540,0.061738330870866776
1732437711935766546,0.061738330870866776
1732437711935766546,0.061738330870866776
1732437711946364536,0.06628358364105225
1732437711946364536,0.06628358364105225
1732437711956914066,0.06628358364105225
1732437711956914066,0.06628358364105225
1732437711967558952,0.06628358364105225
1732437711967558952,0.06628358364105225
1732437711978341284,0.06628358364105225
1732437711978341284,0.06628358364105225
1732437711988580837,0.06628358364105225
1732437711988580837,0.06628358364105225
1732437711999284733,0.06628358364105225
1732437711999284733,0.06628358364105225
1732437712009546057,0.06628358364105225
1732437712009546057,0.06628358364105225
1732437712019829318,0.06628358364105225
1732437712019829318,0.06628358364105225
1732437712030260581,0.06628358364105225
1732437712030260581,0.06628358364105225
1732437712040902611,0.06628358364105225
1732437712040902611,0.06628358364105225
1732437712051498186,0.06951310485601425
1732437712051498186,0.06951310485601425
1732437712061970032,0.06951310485601425
1732437712061970032,0.06951310485601425
1732437712072596673,0.06951310485601425
1732437712072596673,0.06951310485601425
1732437712082966809,0.06951310485601425
1732437712082966809,0.06951310485601425
1732437712093342797,0.06951310485601425
1732437712093342797,0.06951310485601425
1732437712103537215,0.06951310485601425
1732437712103537215,0.06951310485601425
1732437712113799902,0.06951310485601425
1732437712113799902,0.06951310485601425
1732437712124344442,0.06951310485601425
1732437712124344442,0.06951310485601425
1732437712134792212,0.06951310485601425
1732437712134792212,0.06951310485601425
1732437712145152911,0.0721169114112854
1732437712145152911,0.0721169114112854
1732437712155689857,0.0721169114112854
1732437712155689857,0.0721169114112854
1732437712166382462,0.0721169114112854
1732437712166382462,0.0721169114112854
1732437712176674953,0.0721169114112854
1732437712176674953,0.0721169114112854
1732437712187290866,0.0721169114112854
1732437712187290866,0.0721169114112854
1732437712197414443,0.0721169114112854
1732437712197414443,0.0721169114112854
1732437712208965314,0.0721169114112854
1732437712208965314,0.0721169114112854
1732437712219560859,0.0721169114112854
1732437712219560859,0.0721169114112854
1732437712230317680,0.0721169114112854
1732437712230317680,0.0721169114112854
1732437712240869867,0.0721169114112854
1732437712240869867,0.0721169114112854
1732437712251134298,0.07334158569574356
1732437712251134298,0.07334158569574356
1732437712261852610,0.07334158569574356
1732437712261852610,0.07334158569574356
1732437712272191589,0.07334158569574356
1732437712272191589,0.07334158569574356
1732437712282566443,0.07334158569574356
1732437712282566443,0.07334158569574356
1732437712293661678,0.07334158569574356
1732437712293661678,0.07334158569574356
1732437712303965739,0.07334158569574356
1732437712303965739,0.07334158569574356
1732437712314195273,0.07334158569574356
1732437712314195273,0.07334158569574356
1732437712324566091,0.07334158569574356
1732437712324566091,0.07334158569574356
1732437712334788302,0.07334158569574356
1732437712334788302,0.07334158569574356
1732437712345286446,0.0712784081697464
1732437712345286446,0.0712784081697464
1732437712355756328,0.0712784081697464
1732437712355756328,0.0712784081697464
1732437712366141241,0.0712784081697464
1732437712366141241,0.0712784081697464
1732437712376881765,0.0712784081697464
1732437712376881765,0.0712784081697464
1732437712387406227,0.0712784081697464
1732437712387406227,0.0712784081697464
1732437712397923016,0.0712784081697464
1732437712397923016,0.0712784081697464
1732437712408150787,0.0712784081697464
1732437712408150787,0.0712784081697464
1732437712418734771,0.0712784081697464
1732437712418734771,0.0712784081697464
1732437712430231900,0.0712784081697464
1732437712430231900,0.0712784081697464
1732437712441000365,0.0712784081697464
1732437712441000365,0.0712784081697464
1732437712451397612,0.07636214047670364
1732437712451397612,0.07636214047670364
1732437712461857184,0.07636214047670364
1732437712461857184,0.07636214047670364
1732437712472100766,0.07636214047670364
1732437712472100766,0.07636214047670364
1732437712482590413,0.07636214047670364
1732437712482590413,0.07636214047670364
1732437712492954840,0.07636214047670364
1732437712492954840,0.07636214047670364
1732437712503570592,0.07636214047670364
1732437712503570592,0.07636214047670364
1732437712514054168,0.07636214047670364
1732437712514054168,0.07636214047670364
1732437712524489535,0.07636214047670364
1732437712524489535,0.07636214047670364
1732437712534890790,0.07636214047670364
1732437712534890790,0.07636214047670364
1732437712545263390,0.07296619564294815
1732437712545263390,0.07296619564294815
1732437712555898157,0.07296619564294815
1732437712555898157,0.07296619564294815
1732437712566517427,0.07296619564294815
1732437712566517427,0.07296619564294815
1732437712577003378,0.07296619564294815
1732437712577003378,0.07296619564294815
1732437712587206633,0.07296619564294815
1732437712587206633,0.07296619564294815
1732437712597574983,0.07296619564294815
1732437712597574983,0.07296619564294815
1732437712608129635,0.07296619564294815
1732437712608129635,0.07296619564294815
1732437712618635592,0.07296619564294815
1732437712618635592,0.07296619564294815
1732437712628830172,0.07296619564294815
1732437712628830172,0.07296619564294815
1732437712638935101,0.07296619564294815
1732437712638935101,0.07296619564294815
1732437712650075331,0.07032926380634308
1732437712650075331,0.07032926380634308
1732437712660558288,0.07032926380634308
1732437712660558288,0.07032926380634308
1732437712671128737,0.07032926380634308
1732437712671128737,0.07032926380634308
1732437712681617624,0.07032926380634308
1732437712681617624,0.07032926380634308
1732437712692069322,0.07032926380634308
1732437712692069322,0.07032926380634308
1732437712702465192,0.07032926380634308
1732437712702465192,0.07032926380634308
1732437712712531193,0.07032926380634308
1732437712712531193,0.07032926380634308
1732437712722876114,0.07032926380634308
1732437712722876114,0.07032926380634308
1732437712733089540,0.07032926380634308
1732437712733089540,0.07032926380634308
1732437712743422427,0.0748206228017807
1732437712743422427,0.0748206228017807
1732437712754026177,0.0748206228017807
1732437712754026177,0.0748206228017807
1732437712764681924,0.0748206228017807
1732437712764681924,0.0748206228017807
1732437712774883065,0.0748206228017807
1732437712774883065,0.0748206228017807
1732437712785134280,0.0748206228017807
1732437712785134280,0.0748206228017807
1732437712795446776,0.0748206228017807
1732437712795446776,0.0748206228017807
1732437712805779626,0.0748206228017807
1732437712805779626,0.0748206228017807
1732437712816433239,0.0748206228017807
1732437712816433239,0.0748206228017807
1732437712827268569,0.0748206228017807
1732437712827268569,0.0748206228017807
1732437712837896534,0.0748206228017807
1732437712837896534,0.0748206228017807
1732437712848114664,0.07941819727420807
1732437712848114664,0.07941819727420807
1732437712858608844,0.07941819727420807
1732437712858608844,0.07941819727420807
1732437712868853937,0.07941819727420807
1732437712868853937,0.07941819727420807
1732437712879497382,0.07941819727420807
1732437712879497382,0.07941819727420807
1732437712890428397,0.07941819727420807
1732437712890428397,0.07941819727420807
1732437712900567848,0.07941819727420807
1732437712900567848,0.07941819727420807
1732437712910846603,0.07941819727420807
1732437712910846603,0.07941819727420807
1732437712921249157,0.07941819727420807
1732437712921249157,0.07941819727420807
1732437712931755479,0.07941819727420807
1732437712931755479,0.07941819727420807
1732437712942326379,0.07941819727420807
1732437712942326379,0.07941819727420807
1732437712952960836,0.10688187927007675
1732437712952960836,0.10688187927007675
1732437712963224154,0.10688187927007675
1732437712963224154,0.10688187927007675
1732437712973828214,0.10688187927007675
1732437712973828214,0.10688187927007675
1732437712984268761,0.10688187927007675
1732437712984268761,0.10688187927007675
1732437712994676768,0.10688187927007675
1732437712994676768,0.10688187927007675
1732437713005015882,0.10688187927007675
1732437713005015882,0.10688187927007675
1732437713015431255,0.10688187927007675
1732437713015431255,0.10688187927007675
1732437713025783878,0.10688187927007675
1732437713025783878,0.10688187927007675
1732437713036193087,0.10688187927007675
1732437713036193087,0.10688187927007675
1732437713046483875,0.10378307104110718
1732437713046483875,0.10378307104110718
1732437713046483875,0.10378307104110718
1732437713056962853,0.10378307104110718
1732437713067287074,0.10378307104110718
1732437713067287074,0.10378307104110718
1732437713077446959,0.10378307104110718
1732437713077446959,0.10378307104110718
1732437713087681021,0.10378307104110718
1732437713087681021,0.10378307104110718
1732437713097874079,0.10378307104110718
1732437713097874079,0.10378307104110718
1732437713108063428,0.10378307104110718
1732437713108063428,0.10378307104110718
1732437713118420881,0.10378307104110718
1732437713118420881,0.10378307104110718
1732437713128860898,0.10378307104110718
1732437713128860898,0.10378307104110718
1732437713139170591,0.10378307104110718
1732437713139170591,0.10378307104110718
1732437713149584339,0.11138308048248291
1732437713149584339,0.11138308048248291
1732437713160343639,0.11138308048248291
1732437713160343639,0.11138308048248291
1732437713170880564,0.11138308048248291
1732437713170880564,0.11138308048248291
1732437713181370092,0.11138308048248291
1732437713181370092,0.11138308048248291
1732437713191702197,0.11138308048248291
1732437713191702197,0.11138308048248291
1732437713202070149,0.11138308048248291
1732437713202070149,0.11138308048248291
1732437713212242709,0.11138308048248291
1732437713212242709,0.11138308048248291
1732437713222930775,0.11138308048248291
1732437713222930775,0.11138308048248291
1732437713233457142,0.11138308048248291
1732437713233457142,0.11138308048248291
1732437713243685614,0.11052541434764862
1732437713243685614,0.11052541434764862
1732437713253761253,0.11052541434764862
1732437713253761253,0.11052541434764862
1732437713263987519,0.11052541434764862
1732437713263987519,0.11052541434764862
1732437713274206605,0.11052541434764862
1732437713274206605,0.11052541434764862
1732437713284525285,0.11052541434764862
1732437713284525285,0.11052541434764862
1732437713294689949,0.11052541434764862
1732437713294689949,0.11052541434764862
1732437713305043784,0.11052541434764862
1732437713305043784,0.11052541434764862
1732437713315618412,0.11052541434764862
1732437713315618412,0.11052541434764862
1732437713326469432,0.11052541434764862
1732437713326469432,0.11052541434764862
1732437713337117404,0.11052541434764862
1732437713337117404,0.11052541434764862
1732437713347275726,0.11242883652448654
1732437713347275726,0.11242883652448654
1732437713357956777,0.11242883652448654
1732437713357956777,0.11242883652448654
1732437713368404892,0.11242883652448654
1732437713368404892,0.11242883652448654
1732437713379124074,0.11242883652448654
1732437713379124074,0.11242883652448654
1732437713389716937,0.11242883652448654
1732437713389716937,0.11242883652448654
1732437713399978972,0.11242883652448654
1732437713399978972,0.11242883652448654
1732437713410503475,0.11242883652448654
1732437713410503475,0.11242883652448654
1732437713420902325,0.11242883652448654
1732437713420902325,0.11242883652448654
1732437713431300022,0.11242883652448654
1732437713431300022,0.11242883652448654
1732437713441547419,0.11242883652448654
1732437713441547419,0.11024918407201767
1732437713451788395,0.11024918407201767
1732437713451788395,0.11024918407201767
1732437713462198446,0.11024918407201767
1732437713462198446,0.11024918407201767
1732437713472694475,0.11024918407201767
1732437713472694475,0.11024918407201767
1732437713483062168,0.11024918407201767
1732437713483062168,0.11024918407201767
1732437713493657353,0.11024918407201767
1732437713493657353,0.11024918407201767
1732437713503923141,0.11024918407201767
1732437713503923141,0.11024918407201767
1732437713514556791,0.11024918407201767
1732437713514556791,0.11024918407201767
1732437713524880600,0.11024918407201767
1732437713524880600,0.11024918407201767
1732437713535529344,0.11024918407201767
1732437713535529344,0.11024918407201767
1732437713545937801,0.12488580495119095
1732437713545937801,0.12488580495119095
1732437713557062530,0.12488580495119095
1732437713557062530,0.12488580495119095
1732437713567138800,0.12488580495119095
1732437713567138800,0.12488580495119095
1732437713577479532,0.12488580495119095
1732437713577479532,0.12488580495119095
1732437713587943622,0.12488580495119095
1732437713587943622,0.12488580495119095
1732437713598172155,0.12488580495119095
1732437713598172155,0.12488580495119095
1732437713608961540,0.12488580495119095
1732437713608961540,0.12488580495119095
1732437713619311465,0.12488580495119095
1732437713619311465,0.12488580495119095
1732437713629394531,0.12488580495119095
1732437713629394531,0.12488580495119095
1732437713639798730,0.12488580495119095
1732437713639798730,0.12488580495119095
1732437713650255705,0.13381722569465637
1732437713650255705,0.13381722569465637
1732437713660904874,0.13381722569465637
1732437713660904874,0.13381722569465637
1732437713671108840,0.13381722569465637
1732437713671108840,0.13381722569465637
1732437713681642961,0.13381722569465637
1732437713681642961,0.13381722569465637
1732437713691887924,0.13381722569465637
1732437713691887924,0.13381722569465637
1732437713702256964,0.13381722569465637
1732437713702256964,0.13381722569465637
1732437713712867217,0.13381722569465637
1732437713712867217,0.13381722569465637
1732437713723517066,0.13381722569465637
1732437713723517066,0.13381722569465637
1732437713733855203,0.13381722569465637
1732437713733855203,0.13381722569465637
1732437713744247561,0.15270306169986725
1732437713744247561,0.15270306169986725
1732437713755056011,0.15270306169986725
1732437713755056011,0.15270306169986725
1732437713765523969,0.15270306169986725
1732437713765523969,0.15270306169986725
1732437713775868668,0.15270306169986725
1732437713775868668,0.15270306169986725
1732437713786103279,0.15270306169986725
1732437713786103279,0.15270306169986725
1732437713796537868,0.15270306169986725
1732437713796537868,0.15270306169986725
1732437713807160503,0.15270306169986725
1732437713807160503,0.15270306169986725
1732437713817342760,0.15270306169986725
1732437713817342760,0.15270306169986725
1732437713827534264,0.15270306169986725
1732437713827534264,0.15270306169986725
1732437713837891075,0.15270306169986725
1732437713837891075,0.15270306169986725
1732437713848143853,0.17158623039722443
1732437713848143853,0.17158623039722443
1732437713858231024,0.17158623039722443
1732437713858231024,0.17158623039722443
1732437713868534586,0.17158623039722443
1732437713868534586,0.17158623039722443
1732437713878825916,0.17158623039722443
1732437713878825916,0.17158623039722443
1732437713889318045,0.17158623039722443
1732437713889318045,0.17158623039722443
1732437713900127009,0.17158623039722443
1732437713900127009,0.17158623039722443
1732437713910617269,0.17158623039722443
1732437713910617269,0.17158623039722443
1732437713920983714,0.17158623039722443
1732437713920983714,0.17158623039722443
1732437713931213433,0.17158623039722443
1732437713931213433,0.17158623039722443
1732437713941564555,0.1882380247116089
1732437713941564555,0.1882380247116089
1732437713951959887,0.1882380247116089
1732437713951959887,0.1882380247116089
1732437713962168764,0.1882380247116089
1732437713962168764,0.1882380247116089
1732437713972282493,0.1882380247116089
1732437713972282493,0.1882380247116089
1732437713982497240,0.1882380247116089
1732437713982497240,0.1882380247116089
1732437713992871053,0.1882380247116089
1732437713992871053,0.1882380247116089
1732437714003668379,0.1882380247116089
1732437714003668379,0.1882380247116089
1732437714014198667,0.1882380247116089
1732437714014198667,0.1882380247116089
1732437714024879411,0.1882380247116089
1732437714024879411,0.1882380247116089
1732437714034977842,0.1882380247116089
1732437714034977842,0.1882380247116089
1732437714045806821,0.2081114947795868
1732437714045806821,0.2081114947795868
1732437714056463279,0.2081114947795868
1732437714056463279,0.2081114947795868
1732437714066969988,0.2081114947795868
1732437714066969988,0.2081114947795868
1732437714077192170,0.2081114947795868
1732437714077192170,0.2081114947795868
1732437714087525888,0.2081114947795868
1732437714087525888,0.2081114947795868
1732437714097844174,0.2081114947795868
1732437714097844174,0.2081114947795868
1732437714108418043,0.2081114947795868
1732437714108418043,0.2081114947795868
1732437714118640547,0.2081114947795868
1732437714118640547,0.2081114947795868
1732437714128719271,0.2081114947795868
1732437714128719271,0.2081114947795868
1732437714138821478,0.2081114947795868
1732437714138821478,0.2081114947795868
1732437714149164224,0.25525858998298645
1732437714149164224,0.25525858998298645
1732437714159964039,0.25525858998298645
1732437714159964039,0.25525858998298645
1732437714170105661,0.25525858998298645
1732437714170105661,0.25525858998298645
1732437714180229879,0.25525858998298645
1732437714180229879,0.25525858998298645
1732437714190731751,0.25525858998298645
1732437714190731751,0.25525858998298645
1732437714200848056,0.25525858998298645
1732437714200848056,0.25525858998298645
1732437714211120842,0.25525858998298645
1732437714211120842,0.25525858998298645
1732437714221631889,0.25525858998298645
1732437714221631889,0.25525858998298645
1732437714231809968,0.25525858998298645
1732437714231809968,0.25525858998298645
1732437714243103952,0.25525858998298645
1732437714243103952,0.25525858998298645
1732437714253589634,0.30516523122787476
1732437714253589634,0.30516523122787476
1732437714264226173,0.30516523122787476
1732437714264226173,0.30516523122787476
1732437714274621496,0.30516523122787476
1732437714274621496,0.30516523122787476
1732437714284951046,0.30516523122787476
1732437714284951046,0.30516523122787476
1732437714295249840,0.30516523122787476
1732437714295249840,0.30516523122787476
1732437714305554327,0.30516523122787476
1732437714305554327,0.30516523122787476
1732437714315650115,0.30516523122787476
1732437714315650115,0.30516523122787476
1732437714325807084,0.30516523122787476
1732437714325807084,0.30516523122787476
1732437714336578873,0.30516523122787476
1732437714336578873,0.30516523122787476
1732437714347007792,0.35345783829689026
1732437714347007792,0.35345783829689026
1732437714357368761,0.35345783829689026
1732437714357368761,0.35345783829689026
1732437714367639529,0.35345783829689026
1732437714367639529,0.35345783829689026
1732437714377804978,0.35345783829689026
1732437714377804978,0.35345783829689026
1732437714388136162,0.35345783829689026
1732437714388136162,0.35345783829689026
1732437714399305404,0.35345783829689026
1732437714399305404,0.35345783829689026
1732437714409923521,0.35345783829689026
1732437714409923521,0.35345783829689026
1732437714420152311,0.35345783829689026
1732437714420152311,0.35345783829689026
1732437714430782554,0.35345783829689026
1732437714430782554,0.35345783829689026
1732437714440907556,0.35345783829689026
1732437714440907556,0.4010627567768097
1732437714451079794,0.4010627567768097
1732437714451079794,0.4010627567768097
1732437714461219993,0.4010627567768097
1732437714461219993,0.4010627567768097
1732437714471716513,0.4010627567768097
1732437714471716513,0.4010627567768097
1732437714482100696,0.4010627567768097
1732437714482100696,0.4010627567768097
1732437714492335030,0.4010627567768097
1732437714492335030,0.4010627567768097
1732437714503114683,0.4010627567768097
1732437714503114683,0.4010627567768097
1732437714513414659,0.4010627567768097
1732437714513414659,0.4010627567768097
1732437714523500139,0.4010627567768097
1732437714523500139,0.4010627567768097
1732437714533928774,0.4010627567768097
1732437714533928774,0.4010627567768097
1732437714544116050,0.41313624382019043
1732437714544116050,0.41313624382019043
1732437714554593365,0.41313624382019043
1732437714554593365,0.41313624382019043
1732437714565183742,0.41313624382019043
1732437714565183742,0.41313624382019043
1732437714575577441,0.41313624382019043
1732437714575577441,0.41313624382019043
1732437714586159552,0.41313624382019043
1732437714586159552,0.41313624382019043
1732437714596790732,0.41313624382019043
1732437714596790732,0.41313624382019043
1732437714607640491,0.41313624382019043
1732437714607640491,0.41313624382019043
1732437714617906193,0.41313624382019043
1732437714617906193,0.41313624382019043
1732437714628513721,0.41313624382019043
1732437714628513721,0.41313624382019043
1732437714638808426,0.41313624382019043
1732437714638808426,0.41313624382019043
1732437714648961359,0.4688604176044464
1732437714648961359,0.4688604176044464
1732437714659421975,0.4688604176044464
1732437714659421975,0.4688604176044464
1732437714669718665,0.4688604176044464
1732437714669718665,0.4688604176044464
1732437714680237778,0.4688604176044464
1732437714680237778,0.4688604176044464
1732437714690719712,0.4688604176044464
1732437714690719712,0.4688604176044464
1732437714701268720,0.4688604176044464
1732437714701268720,0.4688604176044464
1732437714711483037,0.4688604176044464
1732437714711483037,0.4688604176044464
1732437714721961034,0.4688604176044464
1732437714721961034,0.4688604176044464
1732437714732486599,0.4688604176044464
1732437714732486599,0.4688604176044464
1732437714744605796,0.4688604176044464
1732437714744605796,0.4688604176044464
1732437714755071720,0.5444034934043884
1732437714755071720,0.5444034934043884
1732437714766140676,0.5444034934043884
1732437714766140676,0.5444034934043884
1732437714776351236,0.5444034934043884
1732437714776351236,0.5444034934043884
1732437714786755165,0.5444034934043884
1732437714786755165,0.5444034934043884
1732437714796869135,0.5444034934043884
1732437714796869135,0.5444034934043884
1732437714807033749,0.5444034934043884
1732437714807033749,0.5444034934043884
1732437714817095322,0.5444034934043884
1732437714817095322,0.5444034934043884
1732437714827557549,0.5444034934043884
1732437714827557549,0.5444034934043884
1732437714838079217,0.5444034934043884
1732437714838079217,0.5444034934043884
1732437714849098189,0.569372832775116
1732437714849098189,0.569372832775116
1732437714859204255,0.569372832775116
1732437714859204255,0.569372832775116
1732437714869471871,0.569372832775116
1732437714869471871,0.569372832775116
1732437714879679073,0.569372832775116
1732437714879679073,0.569372832775116
1732437714889884563,0.569372832775116
1732437714889884563,0.569372832775116
1732437714900341932,0.569372832775116
1732437714900341932,0.569372832775116
1732437714910474437,0.569372832775116
1732437714910474437,0.569372832775116
1732437714920738364,0.569372832775116
1732437714920738364,0.569372832775116
1732437714931282554,0.569372832775116
1732437714931282554,0.569372832775116
1732437714941454894,0.569372832775116
1732437714941454894,0.569372832775116
1732437714951962495,0.6053026914596558
1732437714951962495,0.6053026914596558
1732437714962488981,0.6053026914596558
1732437714962488981,0.6053026914596558
1732437714972997675,0.6053026914596558
1732437714972997675,0.6053026914596558
1732437714983475362,0.6053026914596558
1732437714983475362,0.6053026914596558
1732437714993732488,0.6053026914596558
1732437714993732488,0.6053026914596558
1732437715003884158,0.6053026914596558
1732437715003884158,0.6053026914596558
1732437715014107551,0.6053026914596558
1732437715014107551,0.6053026914596558
1732437715024168592,0.6053026914596558
1732437715024168592,0.6053026914596558
1732437715034357522,0.6053026914596558
1732437715034357522,0.6053026914596558
1732437715045593469,0.6333807110786438
1732437715045593469,0.6333807110786438
1732437715056099535,0.6333807110786438
1732437715056099535,0.6333807110786438
1732437715066610924,0.6333807110786438
1732437715066610924,0.6333807110786438
1732437715077899537,0.6333807110786438
1732437715077899537,0.6333807110786438
1732437715088160321,0.6333807110786438
1732437715088160321,0.6333807110786438
1732437715098882451,0.6333807110786438
1732437715098882451,0.6333807110786438
1732437715109150568,0.6333807110786438
1732437715109150568,0.6333807110786438
1732437715119263753,0.6333807110786438
1732437715119263753,0.6333807110786438
1732437715129844754,0.6333807110786438
1732437715129844754,0.6333807110786438
1732437715140218448,0.6333807110786438
1732437715140218448,0.6333807110786438
1732437715150669625,0.6773505210876465
1732437715150669625,0.6773505210876465
1732437715161072448,0.6773505210876465
1732437715161072448,0.6773505210876465
1732437715171441446,0.6773505210876465
1732437715171441446,0.6773505210876465
1732437715181737967,0.6773505210876465
1732437715181737967,0.6773505210876465
1732437715192269793,0.6773505210876465
1732437715192269793,0.6773505210876465
1732437715202517842,0.6773505210876465
1732437715202517842,0.6773505210876465
1732437715213150888,0.6773505210876465
1732437715213150888,0.6773505210876465
1732437715223813238,0.6773505210876465
1732437715223813238,0.6773505210876465
1732437715234168266,0.6773505210876465
1732437715234168266,0.6773505210876465
1732437715234168266,0.7087221145629883
1732437715244822100,0.7087221145629883
1732437715255237008,0.7087221145629883
1732437715255237008,0.7087221145629883
1732437715265876215,0.7087221145629883
1732437715265876215,0.7087221145629883
1732437715275978249,0.7087221145629883
1732437715275978249,0.7087221145629883
1732437715286622779,0.7087221145629883
1732437715286622779,0.7087221145629883
1732437715297348457,0.7087221145629883
1732437715297348457,0.7087221145629883
1732437715307801567,0.7087221145629883
1732437715307801567,0.7087221145629883
1732437715318281738,0.7087221145629883
1732437715318281738,0.7087221145629883
1732437715328816558,0.7087221145629883
1732437715328816558,0.7087221145629883
1732437715339113959,0.7087221145629883
1732437715339113959,0.7087221145629883
1732437715349644436,0.7535505890846252
1732437715349644436,0.7535505890846252
1732437715359869093,0.7535505890846252
1732437715359869093,0.7535505890846252
1732437715371018107,0.7535505890846252
1732437715371018107,0.7535505890846252
1732437715381574569,0.7535505890846252
1732437715381574569,0.7535505890846252
1732437715391745995,0.7535505890846252
1732437715391745995,0.7535505890846252
1732437715402147229,0.7535505890846252
1732437715402147229,0.7535505890846252
1732437715412805101,0.7535505890846252
1732437715412805101,0.7535505890846252
1732437715423069511,0.7535505890846252
1732437715423069511,0.7535505890846252
1732437715433488588,0.7535505890846252
1732437715433488588,0.7535505890846252
1732437715443676576,0.7959208488464355
1732437715443676576,0.7959208488464355
1732437715454443710,0.7959208488464355
1732437715454443710,0.7959208488464355
1732437715465222526,0.7959208488464355
1732437715465222526,0.7959208488464355
1732437715475440039,0.7959208488464355
1732437715475440039,0.7959208488464355
1732437715485847695,0.7959208488464355
1732437715485847695,0.7959208488464355
1732437715496142380,0.7959208488464355
1732437715496142380,0.7959208488464355
1732437715506460671,0.7959208488464355
1732437715506460671,0.7959208488464355
1732437715516600068,0.7959208488464355
1732437715516600068,0.7959208488464355
1732437715527586410,0.7959208488464355
1732437715527586410,0.7959208488464355
1732437715537663572,0.7959208488464355
1732437715537663572,0.7959208488464355
1732437715548029900,0.8280293941497803
1732437715548029900,0.8280293941497803
1732437715558530940,0.8280293941497803
1732437715558530940,0.8280293941497803
1732437715568691387,0.8280293941497803
1732437715568691387,0.8280293941497803
1732437715578839882,0.8280293941497803
1732437715578839882,0.8280293941497803
1732437715588940508,0.8280293941497803
1732437715588940508,0.8280293941497803
1732437715599214947,0.8280293941497803
1732437715599214947,0.8280293941497803
1732437715609934352,0.8280293941497803
1732437715609934352,0.8280293941497803
1732437715620170088,0.8280293941497803
1732437715620170088,0.8280293941497803
1732437715630727914,0.8280293941497803
1732437715630727914,0.8280293941497803
1732437715640933605,0.8280293941497803
1732437715640933605,0.8280293941497803
1732437715651245001,0.8481191992759705
1732437715651245001,0.8481191992759705
1732437715661952165,0.8481191992759705
1732437715661952165,0.8481191992759705
1732437715672451380,0.8481191992759705
1732437715672451380,0.8481191992759705
1732437715683004616,0.8481191992759705
1732437715683004616,0.8481191992759705
1732437715693522357,0.8481191992759705
1732437715693522357,0.8481191992759705
1732437715703923981,0.8481191992759705
1732437715703923981,0.8481191992759705
1732437715714255786,0.8481191992759705
1732437715714255786,0.8481191992759705
1732437715724817230,0.8481191992759705
1732437715724817230,0.8481191992759705
1732437715734961176,0.8481191992759705
1732437715734961176,0.8481191992759705
1732437715745230314,0.8680539727210999
1732437715745230314,0.8680539727210999
1732437715756240771,0.8680539727210999
1732437715756240771,0.8680539727210999
1732437715766899453,0.8680539727210999
1732437715766899453,0.8680539727210999
1732437715777152021,0.8680539727210999
1732437715777152021,0.8680539727210999
1732437715787238380,0.8680539727210999
1732437715787238380,0.8680539727210999
1732437715797955322,0.8680539727210999
1732437715797955322,0.8680539727210999
1732437715808610338,0.8680539727210999
1732437715808610338,0.8680539727210999
1732437715818934811,0.8680539727210999
1732437715818934811,0.8680539727210999
1732437715829242391,0.8680539727210999
1732437715829242391,0.8680539727210999
1732437715839657942,0.8680539727210999
1732437715839657942,0.8680539727210999
1732437715850201671,0.8664625287055969
1732437715850201671,0.8664625287055969
1732437715860831520,0.8664625287055969
1732437715860831520,0.8664625287055969
1732437715871267187,0.8664625287055969
1732437715871267187,0.8664625287055969
1732437715881748970,0.8664625287055969
1732437715881748970,0.8664625287055969
1732437715893146076,0.8664625287055969
1732437715893146076,0.8664625287055969
1732437715903595396,0.8664625287055969
1732437715903595396,0.8664625287055969
1732437715913988469,0.8664625287055969
1732437715913988469,0.8664625287055969
1732437715924615360,0.8664625287055969
1732437715924615360,0.8664625287055969
1732437715934871996,0.8664625287055969
1732437715934871996,0.8664625287055969
1732437715945118682,0.8775562047958374
1732437715945118682,0.8775562047958374
1732437715955566753,0.8775562047958374
1732437715955566753,0.8775562047958374
1732437715965733955,0.8775562047958374
1732437715965733955,0.8775562047958374
1732437715975992293,0.8775562047958374
1732437715975992293,0.8775562047958374
1732437715986123276,0.8775562047958374
1732437715986123276,0.8775562047958374
1732437715996485809,0.8775562047958374
1732437715996485809,0.8775562047958374
1732437716007105208,0.8775562047958374
1732437716007105208,0.8775562047958374
1732437716017184954,0.8775562047958374
1732437716017184954,0.8775562047958374
1732437716027389453,0.8775562047958374
1732437716027389453,0.8775562047958374
1732437716037959087,0.8775562047958374
1732437716037959087,0.8775562047958374
1732437716048346388,0.8913794159889221
1732437716048346388,0.8913794159889221
1732437716058539496,0.8913794159889221
1732437716058539496,0.8913794159889221
1732437716069084887,0.8913794159889221
1732437716069084887,0.8913794159889221
1732437716079315975,0.8913794159889221
1732437716079315975,0.8913794159889221
1732437716089543446,0.8913794159889221
1732437716089543446,0.8913794159889221
1732437716099997468,0.8913794159889221
1732437716099997468,0.8913794159889221
1732437716110236351,0.8913794159889221
1732437716110236351,0.8913794159889221
1732437716120455278,0.8913794159889221
1732437716120455278,0.8913794159889221
1732437716131074669,0.8913794159889221
1732437716131074669,0.8913794159889221
1732437716142091265,0.9037339687347412
1732437716142091265,0.9037339687347412
1732437716152588999,0.9037339687347412
1732437716152588999,0.9037339687347412
1732437716162975305,0.9037339687347412
1732437716162975305,0.9037339687347412
1732437716173343898,0.9037339687347412
1732437716173343898,0.9037339687347412
1732437716183951835,0.9037339687347412
1732437716183951835,0.9037339687347412
1732437716194281146,0.9037339687347412
1732437716194281146,0.9037339687347412
1732437716204653475,0.9037339687347412
1732437716204653475,0.9037339687347412
1732437716214949674,0.9037339687347412
1732437716214949674,0.9037339687347412
1732437716225328015,0.9037339687347412
1732437716225328015,0.9037339687347412
1732437716235492912,0.9037339687347412
1732437716235492912,0.9037339687347412
1732437716245980074,0.9174702763557434
1732437716245980074,0.9174702763557434
1732437716257412655,0.9174702763557434
1732437716257412655,0.9174702763557434
1732437716267680901,0.9174702763557434
1732437716267680901,0.9174702763557434
1732437716278006134,0.9174702763557434
1732437716278006134,0.9174702763557434
1732437716288191928,0.9174702763557434
1732437716288191928,0.9174702763557434
1732437716298495040,0.9174702763557434
1732437716298495040,0.9174702763557434
1732437716309172087,0.9174702763557434
1732437716309172087,0.9174702763557434
1732437716319518759,0.9174702763557434
1732437716319518759,0.9174702763557434
1732437716329907461,0.9174702763557434
1732437716329907461,0.9174702763557434
1732437716340071533,0.9174702763557434
1732437716340071533,0.9174702763557434
1732437716350700893,0.9264905452728271
1732437716350700893,0.9264905452728271
1732437716360798263,0.9264905452728271
1732437716360798263,0.9264905452728271
1732437716371454289,0.9264905452728271
1732437716371454289,0.9264905452728271
1732437716382072046,0.9264905452728271
1732437716382072046,0.9264905452728271
1732437716392382462,0.9264905452728271
1732437716392382462,0.9264905452728271
1732437716403095135,0.9264905452728271
1732437716403095135,0.9264905452728271
1732437716413336171,0.9264905452728271
1732437716413336171,0.9264905452728271
1732437716423984774,0.9264905452728271
1732437716423984774,0.9264905452728271
1732437716434424118,0.9264905452728271
1732437716434424118,0.9264905452728271
1732437716444871307,0.9362223148345947
1732437716444871307,0.9362223148345947
1732437716454956043,0.9362223148345947
1732437716454956043,0.9362223148345947
1732437716465268181,0.9362223148345947
1732437716465268181,0.9362223148345947
1732437716475634192,0.9362223148345947
1732437716475634192,0.9362223148345947
1732437716486261697,0.9362223148345947
1732437716486261697,0.9362223148345947
1732437716496898346,0.9362223148345947
1732437716496898346,0.9362223148345947
1732437716507439520,0.9362223148345947
1732437716507439520,0.9362223148345947
1732437716517956058,0.9362223148345947
1732437716517956058,0.9362223148345947
1732437716528220117,0.9362223148345947
1732437716528220117,0.9362223148345947
1732437716538502793,0.9362223148345947
1732437716538502793,0.9362223148345947
1732437716548671715,0.9420272707939148
1732437716548671715,0.9420272707939148
1732437716558914796,0.9420272707939148
1732437716558914796,0.9420272707939148
1732437716569282047,0.9420272707939148
1732437716569282047,0.9420272707939148
1732437716579578187,0.9420272707939148
1732437716579578187,0.9420272707939148
1732437716590203428,0.9420272707939148
1732437716590203428,0.9420272707939148
1732437716600790628,0.9420272707939148
1732437716600790628,0.9420272707939148
1732437716611637492,0.9420272707939148
1732437716611637492,0.9420272707939148
1732437716622080776,0.9420272707939148
1732437716622080776,0.9420272707939148
1732437716632376093,0.9420272707939148
1732437716632376093,0.9420272707939148
1732437716643936242,0.9420272707939148
1732437716643936242,0.9420272707939148
1732437716654126233,0.9478331804275513
1732437716654126233,0.9478331804275513
1732437716664265403,0.9478331804275513
1732437716664265403,0.9478331804275513
1732437716674534399,0.9478331804275513
1732437716674534399,0.9478331804275513
1732437716684877966,0.9478331804275513
1732437716684877966,0.9478331804275513
1732437716684877966,0.9478331804275513
1732437716684877966,0.9478331804275513
1732437716705888528,0.9478331804275513
1732437716705888528,0.9478331804275513
1732437716716345437,0.9478331804275513
1732437716716345437,0.9478331804275513
1732437716726766918,0.9478331804275513
1732437716726766918,0.9478331804275513
1732437716736949045,0.9478331804275513
1732437716736949045,0.9478331804275513
1732437716747046254,0.9501555562019348
1732437716747046254,0.9501555562019348
1732437716757116303,0.9501555562019348
1732437716757116303,0.9501555562019348
1732437716767390291,0.9501555562019348
1732437716767390291,0.9501555562019348
1732437716777846807,0.9501555562019348
1732437716777846807,0.9501555562019348
1732437716788006712,0.9501555562019348
1732437716788006712,0.9501555562019348
1732437716798738520,0.9501555562019348
1732437716798738520,0.9501555562019348
1732437716809534478,0.9501555562019348
1732437716809534478,0.9501555562019348
1732437716820761470,0.9501555562019348
1732437716820761470,0.9501555562019348
1732437716831067156,0.9501555562019348
1732437716831067156,0.9501555562019348
1732437716841254143,0.9501555562019348
1732437716841254143,0.9501555562019348
1732437716851718336,0.9585935473442078
1732437716851718336,0.9585935473442078
1732437716862173059,0.9585935473442078
1732437716862173059,0.9585935473442078
1732437716872829220,0.9585935473442078
1732437716872829220,0.9585935473442078
1732437716882954269,0.9585935473442078
1732437716882954269,0.9585935473442078
1732437716893642757,0.9585935473442078
1732437716893642757,0.9585935473442078
1732437716903697668,0.9585935473442078
1732437716903697668,0.9585935473442078
1732437716914468490,0.9585935473442078
1732437716914468490,0.9585935473442078
1732437716924942787,0.9585935473442078
1732437716924942787,0.9585935473442078
1732437716935036620,0.9585935473442078
1732437716935036620,0.9585935473442078
1732437716945458535,0.9596881866455078
1732437716945458535,0.9596881866455078
1732437716955775433,0.9596881866455078
1732437716955775433,0.9596881866455078
1732437716965989118,0.9596881866455078
1732437716965989118,0.9596881866455078
1732437716976162127,0.9596881866455078
1732437716976162127,0.9596881866455078
1732437716986487061,0.9596881866455078
1732437716986487061,0.9596881866455078
1732437716996783860,0.9596881866455078
1732437716996783860,0.9596881866455078
1732437717006977329,0.9596881866455078
1732437717006977329,0.9596881866455078
1732437717017258239,0.9596881866455078
1732437717017258239,0.9596881866455078
1732437717027403876,0.9596881866455078
1732437717027403876,0.9596881866455078
1732437717037764297,0.9596881866455078
1732437717037764297,0.9596881866455078
1732437717047982618,0.9518956542015076
1732437717047982618,0.9518956542015076
1732437717058458748,0.9518956542015076
1732437717058458748,0.9518956542015076
1732437717068656207,0.9518956542015076
1732437717068656207,0.9518956542015076
1732437717079270357,0.9518956542015076
1732437717079270357,0.9518956542015076
1732437717089778129,0.9518956542015076
1732437717089778129,0.9518956542015076
1732437717100087172,0.9518956542015076
1732437717100087172,0.9518956542015076
1732437717110525335,0.9518956542015076
1732437717110525335,0.9518956542015076
1732437717120710087,0.9518956542015076
1732437717120710087,0.9518956542015076
1732437717131115284,0.9518956542015076
1732437717131115284,0.9518956542015076
1732437717141805699,0.9518956542015076
1732437717141805699,0.9518956542015076
1732437717151971318,0.9533233642578125
1732437717151971318,0.9533233642578125
1732437717162095327,0.9533233642578125
1732437717162095327,0.9533233642578125
1732437717172748590,0.9533233642578125
1732437717172748590,0.9533233642578125
1732437717183334998,0.9533233642578125
1732437717183334998,0.9533233642578125
1732437717193734700,0.9533233642578125
1732437717193734700,0.9533233642578125
1732437717204247333,0.9533233642578125
1732437717204247333,0.9533233642578125
1732437717214445219,0.9533233642578125
1732437717214445219,0.9533233642578125
1732437717225045945,0.9533233642578125
1732437717225045945,0.9533233642578125
1732437717235264530,0.9533233642578125
1732437717235264530,0.9533233642578125
1732437717245543646,0.9453327655792236
1732437717245543646,0.9453327655792236
1732437717256008398,0.9453327655792236
1732437717256008398,0.9453327655792236
1732437717266718716,0.9453327655792236
1732437717266718716,0.9453327655792236
1732437717277044972,0.9453327655792236
1732437717277044972,0.9453327655792236
1732437717287238901,0.9453327655792236
1732437717287238901,0.9453327655792236
1732437717297572429,0.9453327655792236
1732437717297572429,0.9453327655792236
1732437717308019608,0.9453327655792236
1732437717308019608,0.9453327655792236
1732437717318430429,0.9453327655792236
1732437717318430429,0.9453327655792236
1732437717328898647,0.9453327655792236
1732437717328898647,0.9453327655792236
1732437717339532574,0.9453327655792236
1732437717339532574,0.9453327655792236
1732437717350137657,0.9292100071907043
1732437717350137657,0.9292100071907043
1732437717360677764,0.9292100071907043
1732437717360677764,0.9292100071907043
1732437717371175854,0.9292100071907043
1732437717371175854,0.9292100071907043
1732437717381702552,0.9292100071907043
1732437717381702552,0.9292100071907043
1732437717392046118,0.9292100071907043
1732437717392046118,0.9292100071907043
1732437717402259405,0.9292100071907043
1732437717402259405,0.9292100071907043
1732437717414709014,0.9292100071907043
1732437717414709014,0.9292100071907043
1732437717425291938,0.9292100071907043
1732437717425291938,0.9292100071907043
1732437717435630915,0.9292100071907043
1732437717435630915,0.9292100071907043
1732437717446059740,0.9362381100654602
1732437717446059740,0.9362381100654602
1732437717456440126,0.9362381100654602
1732437717456440126,0.9362381100654602
1732437717466727760,0.9362381100654602
1732437717466727760,0.9362381100654602
1732437717476962585,0.9362381100654602
1732437717476962585,0.9362381100654602
1732437717487163356,0.9362381100654602
1732437717487163356,0.9362381100654602
1732437717497623451,0.9362381100654602
1732437717497623451,0.9362381100654602
1732437717508171148,0.9362381100654602
1732437717508171148,0.9362381100654602
1732437717518366051,0.9362381100654602
1732437717518366051,0.9362381100654602
1732437717529247645,0.9362381100654602
1732437717529247645,0.9362381100654602
1732437717539832464,0.9362381100654602
1732437717539832464,0.9362381100654602
1732437717550180338,0.9419894814491272
1732437717550180338,0.9419894814491272
1732437717560274851,0.9419894814491272
1732437717560274851,0.9419894814491272
1732437717570351182,0.9419894814491272
1732437717570351182,0.9419894814491272
1732437717580659041,0.9419894814491272
1732437717580659041,0.9419894814491272
1732437717591166275,0.9419894814491272
1732437717591166275,0.9419894814491272
1732437717601867946,0.9419894814491272
1732437717601867946,0.9419894814491272
1732437717612358526,0.9419894814491272
1732437717612358526,0.9419894814491272
1732437717622474907,0.9419894814491272
1732437717622474907,0.9419894814491272
1732437717633014523,0.9419894814491272
1732437717633014523,0.9419894814491272
1732437717643400599,0.9419894814491272
1732437717643400599,0.9380133748054504
1732437717653548304,0.9380133748054504
1732437717653548304,0.9380133748054504
1732437717664052510,0.9380133748054504
1732437717664052510,0.9380133748054504
1732437717674717996,0.9380133748054504
1732437717674717996,0.9380133748054504
1732437717684929207,0.9380133748054504
1732437717684929207,0.9380133748054504
1732437717695549921,0.9380133748054504
1732437717695549921,0.9380133748054504
1732437717706311556,0.9380133748054504
1732437717706311556,0.9380133748054504
1732437717716949461,0.9380133748054504
1732437717716949461,0.9380133748054504
1732437717727416919,0.9380133748054504
1732437717727416919,0.9380133748054504
1732437717737873749,0.9380133748054504
1732437717737873749,0.9380133748054504
1732437717748887071,0.9266802072525024
1732437717748887071,0.9266802072525024
1732437717759368966,0.9266802072525024
1732437717759368966,0.9266802072525024
1732437717769940215,0.9266802072525024
1732437717769940215,0.9266802072525024
1732437717780434663,0.9266802072525024
1732437717780434663,0.9266802072525024
1732437717790742224,0.9266802072525024
1732437717790742224,0.9266802072525024
1732437717800823934,0.9266802072525024
1732437717800823934,0.9266802072525024
1732437717811327185,0.9266802072525024
1732437717811327185,0.9266802072525024
1732437717821842515,0.9266802072525024
1732437717821842515,0.9266802072525024
1732437717832072582,0.9266802072525024
1732437717832072582,0.9266802072525024
1732437717842507088,0.9266802072525024
1732437717842507088,0.9266802072525024
1732437717853165999,0.9262706637382507
1732437717853165999,0.9262706637382507
1732437717863565584,0.9262706637382507
1732437717863565584,0.9262706637382507
1732437717873797819,0.9262706637382507
1732437717873797819,0.9262706637382507
1732437717884247018,0.9262706637382507
1732437717884247018,0.9262706637382507
1732437717894578522,0.9262706637382507
1732437717894578522,0.9262706637382507
1732437717905029218,0.9262706637382507
1732437717905029218,0.9262706637382507
1732437717915600920,0.9262706637382507
1732437717915600920,0.9262706637382507
1732437717925851674,0.9262706637382507
1732437717925851674,0.9262706637382507
1732437717936241467,0.9262706637382507
1732437717936241467,0.9262706637382507
1732437717946566337,0.9176895618438721
1732437717946566337,0.9176895618438721
1732437717957266717,0.9176895618438721
1732437717957266717,0.9176895618438721
1732437717967372123,0.9176895618438721
1732437717967372123,0.9176895618438721
1732437717977539973,0.9176895618438721
1732437717977539973,0.9176895618438721
1732437717987655696,0.9176895618438721
1732437717987655696,0.9176895618438721
1732437717998226576,0.9176895618438721
1732437717998226576,0.9176895618438721
1732437718008712548,0.9176895618438721
1732437718008712548,0.9176895618438721
1732437718019396765,0.9176895618438721
1732437718019396765,0.9176895618438721
1732437718029722042,0.9176895618438721
1732437718029722042,0.9176895618438721
1732437718039968249,0.9176895618438721
1732437718039968249,0.9176895618438721
1732437718050609544,0.909769594669342
1732437718050609544,0.909769594669342
1732437718061107172,0.909769594669342
1732437718061107172,0.909769594669342
1732437718071643197,0.909769594669342
1732437718071643197,0.909769594669342
1732437718082165444,0.909769594669342
1732437718082165444,0.909769594669342
1732437718092427160,0.909769594669342
1732437718092427160,0.909769594669342
1732437718103357239,0.909769594669342
1732437718103357239,0.909769594669342
1732437718113546861,0.909769594669342
1732437718113546861,0.909769594669342
1732437718123875828,0.909769594669342
1732437718123875828,0.909769594669342
1732437718134034746,0.909769594669342
1732437718134034746,0.909769594669342
1732437718144177639,0.9106459021568298
1732437718144177639,0.9106459021568298
1732437718154453129,0.9106459021568298
1732437718154453129,0.9106459021568298
1732437718165015622,0.9106459021568298
1732437718165015622,0.9106459021568298
1732437718175384156,0.9106459021568298
1732437718175384156,0.9106459021568298
1732437718186112349,0.9106459021568298
1732437718186112349,0.9106459021568298
1732437718196364386,0.9106459021568298
1732437718196364386,0.9106459021568298
1732437718207351027,0.9106459021568298
1732437718207351027,0.9106459021568298
1732437718217618414,0.9106459021568298
1732437718217618414,0.9106459021568298
1732437718228843953,0.9106459021568298
1732437718228843953,0.9106459021568298
1732437718239351413,0.9106459021568298
1732437718239351413,0.9106459021568298
1732437718249705159,0.9139604568481445
1732437718249705159,0.9139604568481445
1732437718260184147,0.9139604568481445
1732437718260184147,0.9139604568481445
1732437718270616551,0.9139604568481445
1732437718270616551,0.9139604568481445
1732437718280949557,0.9139604568481445
1732437718280949557,0.9139604568481445
1732437718291063547,0.9139604568481445
1732437718291063547,0.9139604568481445
1732437718301454412,0.9139604568481445
1732437718301454412,0.9139604568481445
1732437718311875413,0.9139604568481445
1732437718311875413,0.9139604568481445
1732437718322233189,0.9139604568481445
1732437718322233189,0.9139604568481445
1732437718332770665,0.9139604568481445
1732437718332770665,0.9139604568481445
1732437718342914693,0.915015459060669
1732437718342914693,0.915015459060669
1732437718353088353,0.915015459060669
1732437718353088353,0.915015459060669
1732437718363452790,0.915015459060669
1732437718363452790,0.915015459060669
1732437718373833122,0.915015459060669
1732437718373833122,0.915015459060669
1732437718384038174,0.915015459060669
1732437718384038174,0.915015459060669
1732437718394464986,0.915015459060669
1732437718394464986,0.915015459060669
1732437718405086863,0.915015459060669
1732437718405086863,0.915015459060669
1732437718415298803,0.915015459060669
1732437718415298803,0.915015459060669
1732437718425372781,0.915015459060669
1732437718425372781,0.915015459060669
1732437718435783831,0.915015459060669
1732437718435783831,0.915015459060669
1732437718446352147,0.9156750440597534
1732437718446352147,0.9156750440597534
1732437718456691264,0.9156750440597534
1732437718456691264,0.9156750440597534
1732437718466779137,0.9156750440597534
1732437718466779137,0.9156750440597534
1732437718476861650,0.9156750440597534
1732437718476861650,0.9156750440597534
1732437718487131010,0.9156750440597534
1732437718487131010,0.9156750440597534
1732437718497241364,0.9156750440597534
1732437718497241364,0.9156750440597534
1732437718507333264,0.9156750440597534
1732437718507333264,0.9156750440597534
1732437718517908332,0.9156750440597534
1732437718517908332,0.9156750440597534
1732437718528059941,0.9156750440597534
1732437718528059941,0.9156750440597534
1732437718538211573,0.9156750440597534
1732437718538211573,0.9156750440597534
1732437718548496899,0.9096261858940125
1732437718548496899,0.9096261858940125
1732437718558806165,0.9096261858940125
1732437718558806165,0.9096261858940125
1732437718569199417,0.9096261858940125
1732437718569199417,0.9096261858940125
1732437718579569952,0.9096261858940125
1732437718579569952,0.9096261858940125
1732437718590090495,0.9096261858940125
1732437718590090495,0.9096261858940125
1732437718600309493,0.9096261858940125
1732437718600309493,0.9096261858940125
1732437718610608137,0.9096261858940125
1732437718610608137,0.9096261858940125
1732437718621009043,0.9096261858940125
1732437718621009043,0.9096261858940125
1732437718631294552,0.9096261858940125
1732437718631294552,0.9096261858940125
1732437718641750129,0.8994693160057068
1732437718641750129,0.8994693160057068
1732437718652104286,0.8994693160057068
1732437718652104286,0.8994693160057068
1732437718662593222,0.8994693160057068
1732437718662593222,0.8994693160057068
1732437718672867821,0.8994693160057068
1732437718672867821,0.8994693160057068
1732437718683063122,0.8994693160057068
1732437718683063122,0.8994693160057068
1732437718694457869,0.8994693160057068
1732437718694457869,0.8994693160057068
1732437718704713534,0.8994693160057068
1732437718704713534,0.8994693160057068
1732437718714930828,0.8994693160057068
1732437718714930828,0.8994693160057068
1732437718725009602,0.8994693160057068
1732437718725009602,0.8994693160057068
1732437718735437766,0.8994693160057068
1732437718735437766,0.8994693160057068
1732437718745792996,0.8927989602088928
1732437718745792996,0.8927989602088928
1732437718755954575,0.8927989602088928
1732437718755954575,0.8927989602088928
1732437718766199978,0.8927989602088928
1732437718766199978,0.8927989602088928
1732437718776345798,0.8927989602088928
1732437718776345798,0.8927989602088928
1732437718786621619,0.8927989602088928
1732437718786621619,0.8927989602088928
1732437718797139789,0.8927989602088928
1732437718797139789,0.8927989602088928
1732437718807788223,0.8927989602088928
1732437718807788223,0.8927989602088928
1732437718818040751,0.8927989602088928
1732437718818040751,0.8927989602088928
1732437718828507959,0.8927989602088928
1732437718828507959,0.8927989602088928
1732437718838720164,0.8927989602088928
1732437718838720164,0.8927989602088928
1732437718849273892,0.8661226630210876
1732437718849273892,0.8661226630210876
1732437718859670055,0.8661226630210876
1732437718859670055,0.8661226630210876
1732437718870541896,0.8661226630210876
1732437718870541896,0.8661226630210876
1732437718881225346,0.8661226630210876
1732437718881225346,0.8661226630210876
1732437718891792420,0.8661226630210876
1732437718891792420,0.8661226630210876
1732437718902339023,0.8661226630210876
1732437718902339023,0.8661226630210876
1732437718912616688,0.8661226630210876
1732437718912616688,0.8661226630210876
1732437718923345810,0.8661226630210876
1732437718923345810,0.8661226630210876
1732437718933573324,0.8661226630210876
1732437718933573324,0.8661226630210876
1732437718943923912,0.8719266653060913
1732437718943923912,0.8719266653060913
1732437718954086875,0.8719266653060913
1732437718954086875,0.8719266653060913
1732437718964414364,0.8719266653060913
1732437718964414364,0.8719266653060913
1732437718974574470,0.8719266653060913
1732437718974574470,0.8719266653060913
1732437718985010099,0.8719266653060913
1732437718985010099,0.8719266653060913
1732437718995381568,0.8719266653060913
1732437718995381568,0.8719266653060913
1732437719005482735,0.8719266653060913
1732437719005482735,0.8719266653060913
1732437719016289681,0.8719266653060913
1732437719016289681,0.8719266653060913
1732437719026973312,0.8719266653060913
1732437719026973312,0.8719266653060913
1732437719037178424,0.8719266653060913
1732437719037178424,0.8719266653060913
1732437719047627156,0.8795642852783203
1732437719047627156,0.8795642852783203
1732437719057710395,0.8795642852783203
1732437719057710395,0.8795642852783203
1732437719068620089,0.8795642852783203
1732437719068620089,0.8795642852783203
1732437719079374951,0.8795642852783203
1732437719079374951,0.8795642852783203
1732437719089669526,0.8795642852783203
1732437719089669526,0.8795642852783203
1732437719100204942,0.8795642852783203
1732437719100204942,0.8795642852783203
1732437719110620322,0.8795642852783203
1732437719110620322,0.8795642852783203
1732437719120887680,0.8795642852783203
1732437719120887680,0.8795642852783203
1732437719131433473,0.8795642852783203
1732437719131433473,0.8795642852783203
1732437719141934743,0.8795642852783203
1732437719141934743,0.8795642852783203
1732437719152187330,0.8668158054351807
1732437719152187330,0.8668158054351807
1732437719162700190,0.8668158054351807
1732437719162700190,0.8668158054351807
1732437719173021597,0.8668158054351807
1732437719173021597,0.8668158054351807
1732437719183208256,0.8668158054351807
1732437719183208256,0.8668158054351807
1732437719193347734,0.8668158054351807
1732437719193347734,0.8668158054351807
1732437719204150814,0.8668158054351807
1732437719204150814,0.8668158054351807
1732437719215411728,0.8668158054351807
1732437719215411728,0.8668158054351807
1732437719225796411,0.8668158054351807
1732437719225796411,0.8668158054351807
1732437719236200752,0.8668158054351807
1732437719236200752,0.8668158054351807
1732437719246487193,0.8838281035423279
1732437719246487193,0.8838281035423279
1732437719257039930,0.8838281035423279
1732437719257039930,0.8838281035423279
1732437719267386142,0.8838281035423279
1732437719267386142,0.8838281035423279
1732437719277797285,0.8838281035423279
1732437719277797285,0.8838281035423279
1732437719288062468,0.8838281035423279
1732437719288062468,0.8838281035423279
1732437719298559421,0.8838281035423279
1732437719298559421,0.8838281035423279
1732437719308748273,0.8838281035423279
1732437719308748273,0.8838281035423279
1732437719319016701,0.8838281035423279
1732437719319016701,0.8838281035423279
1732437719329119170,0.8838281035423279
1732437719329119170,0.8838281035423279
1732437719339318229,0.8838281035423279
1732437719339318229,0.8838281035423279
1732437719349659338,0.878292441368103
1732437719349659338,0.878292441368103
1732437719360307286,0.878292441368103
1732437719360307286,0.878292441368103
1732437719370794700,0.878292441368103
1732437719370794700,0.878292441368103
1732437719381358386,0.878292441368103
1732437719381358386,0.878292441368103
1732437719391701623,0.878292441368103
1732437719391701623,0.878292441368103
1732437719402580485,0.878292441368103
1732437719402580485,0.878292441368103
1732437719412932901,0.878292441368103
1732437719412932901,0.878292441368103
1732437719423403935,0.878292441368103
1732437719423403935,0.878292441368103
1732437719433658508,0.878292441368103
1732437719433658508,0.878292441368103
1732437719446026436,0.8778550028800964
1732437719446026436,0.8778550028800964
1732437719456258849,0.8778550028800964
1732437719456258849,0.8778550028800964
1732437719466916721,0.8778550028800964
1732437719466916721,0.8778550028800964
1732437719476977122,0.8778550028800964
1732437719476977122,0.8778550028800964
1732437719487239418,0.8778550028800964
1732437719487239418,0.8778550028800964
1732437719497670428,0.8778550028800964
1732437719497670428,0.8778550028800964
1732437719508153353,0.8778550028800964
1732437719508153353,0.8778550028800964
1732437719518612424,0.8778550028800964
1732437719518612424,0.8778550028800964
1732437719529126029,0.8778550028800964
1732437719529126029,0.8778550028800964
1732437719539701266,0.8778550028800964
1732437719539701266,0.8778550028800964
1732437719550080581,0.8797751069068909
1732437719550080581,0.8797751069068909
1732437719560457161,0.8797751069068909
1732437719560457161,0.8797751069068909
1732437719570643755,0.8797751069068909
1732437719570643755,0.8797751069068909
1732437719581186514,0.8797751069068909
1732437719581186514,0.8797751069068909
1732437719591737697,0.8797751069068909
1732437719591737697,0.8797751069068909
1732437719602038595,0.8797751069068909
1732437719602038595,0.8797751069068909
1732437719612549573,0.8797751069068909
1732437719612549573,0.8797751069068909
1732437719622677018,0.8797751069068909
1732437719622677018,0.8797751069068909
1732437719632859395,0.8797751069068909
1732437719632859395,0.8797751069068909
1732437719642994494,0.8704939484596252
1732437719642994494,0.8704939484596252
1732437719746991247,0.8596426248550415
1732437719746991247,0.8596426248550415
1732437719757211085,0.8596426248550415
1732437719757211085,0.8596426248550415
1732437719767487217,0.8596426248550415
1732437719767487217,0.8596426248550415
1732437719777527281,0.8596426248550415
1732437719777527281,0.8596426248550415
1732437719787636982,0.8596426248550415
1732437719787636982,0.8596426248550415
1732437719797707544,0.8596426248550415
1732437719797707544,0.8596426248550415
1732437719807946726,0.8596426248550415
1732437719807946726,0.8596426248550415
1732437719818061590,0.8596426248550415
1732437719818061590,0.8596426248550415
1732437719828181280,0.8596426248550415
1732437719828181280,0.8596426248550415
1732437719838711765,0.8596426248550415
1732437719838711765,0.8596426248550415
1732437719849122196,0.8662996888160706
1732437719849122196,0.8662996888160706
1732437719859470645,0.8662996888160706
1732437719859470645,0.8662996888160706
1732437719869713079,0.8662996888160706
1732437719869713079,0.8662996888160706
1732437719880290033,0.8662996888160706
1732437719880290033,0.8662996888160706
1732437719890770974,0.8662996888160706
1732437719890770974,0.8662996888160706
1732437719901350760,0.8662996888160706
1732437719901350760,0.8662996888160706
1732437719911669517,0.8662996888160706
1732437719911669517,0.8662996888160706
1732437719921882665,0.8662996888160706
1732437719921882665,0.8662996888160706
1732437719932100178,0.8662996888160706
1732437719932100178,0.8662996888160706
1732437719942151534,0.8662996888160706
1732437719942151534,0.8662996888160706
1732437719952906266,0.8214735388755798
1732437719952906266,0.8214735388755798
1732437719963162903,0.8214735388755798
1732437719963162903,0.8214735388755798
1732437719974260840,0.8214735388755798
1732437719974260840,0.8214735388755798
1732437719984805041,0.8214735388755798
1732437719984805041,0.8214735388755798
1732437719995029146,0.8214735388755798
1732437719995029146,0.8214735388755798
1732437720005330796,0.8214735388755798
1732437720005330796,0.8214735388755798
1732437720015573035,0.8214735388755798
1732437720015573035,0.8214735388755798
1732437720026128206,0.8214735388755798
1732437720026128206,0.8214735388755798
1732437720036931067,0.8214735388755798
1732437720036931067,0.8214735388755798
1732437720047058524,0.7980643510818481
1732437720047058524,0.7980643510818481
1732437720057289052,0.7980643510818481
1732437720057289052,0.7980643510818481
1732437720067663737,0.7980643510818481
1732437720067663737,0.7980643510818481
1732437720078269171,0.7980643510818481
1732437720078269171,0.7980643510818481
1732437720088534883,0.7980643510818481
1732437720088534883,0.7980643510818481
1732437720098930448,0.7980643510818481
1732437720098930448,0.7980643510818481
1732437720109440684,0.7980643510818481
1732437720109440684,0.7980643510818481
1732437720119912160,0.7980643510818481
1732437720119912160,0.7980643510818481
1732437720130513358,0.7980643510818481
1732437720130513358,0.7980643510818481
1732437720140792705,0.7980643510818481
1732437720140792705,0.7980643510818481
1732437720151156697,0.7501678466796875
1732437720151156697,0.7501678466796875
1732437720161340178,0.7501678466796875
1732437720161340178,0.7501678466796875
1732437720171847142,0.7501678466796875
1732437720171847142,0.7501678466796875
1732437720182141317,0.7501678466796875
1732437720182141317,0.7501678466796875
1732437720192241083,0.7501678466796875
1732437720192241083,0.7501678466796875
1732437720203348228,0.7501678466796875
1732437720203348228,0.7501678466796875
1732437720213584487,0.7501678466796875
1732437720213584487,0.7501678466796875
1732437720224154094,0.7501678466796875
1732437720224154094,0.7501678466796875
1732437720234696041,0.7501678466796875
1732437720234696041,0.7501678466796875
1732437720244841007,0.7358680367469788
1732437720244841007,0.7358680367469788
1732437720255171233,0.7358680367469788
1732437720255171233,0.7358680367469788
1732437720265690629,0.7358680367469788
1732437720265690629,0.7358680367469788
1732437720276056819,0.7358680367469788
1732437720276056819,0.7358680367469788
1732437720287120764,0.7358680367469788
1732437720287120764,0.7358680367469788
1732437720297315406,0.7358680367469788
1732437720297315406,0.7358680367469788
1732437720307678298,0.7358680367469788
1732437720307678298,0.7358680367469788
1732437720317804985,0.7358680367469788
1732437720317804985,0.7358680367469788
1732437720327939009,0.7358680367469788
1732437720327939009,0.7358680367469788
1732437720338516352,0.7358680367469788
1732437720338516352,0.7358680367469788
1732437720349114495,0.7070974111557007
1732437720349114495,0.7070974111557007
1732437720359429589,0.7070974111557007
1732437720359429589,0.7070974111557007
1732437720370134128,0.7070974111557007
1732437720370134128,0.7070974111557007
1732437720380486272,0.7070974111557007
1732437720380486272,0.7070974111557007
1732437720390864854,0.7070974111557007
1732437720390864854,0.7070974111557007
1732437720401092846,0.7070974111557007
1732437720401092846,0.7070974111557007
1732437720411521742,0.7070974111557007
1732437720411521742,0.7070974111557007
1732437720422083476,0.7070974111557007
1732437720422083476,0.7070974111557007
1732437720432445907,0.7070974111557007
1732437720432445907,0.7070974111557007
1732437720442457608,0.7070974111557007
1732437720442457608,0.7070974111557007
1732437720453201189,0.6415606141090393
1732437720453201189,0.6415606141090393
1732437720463498912,0.6415606141090393
1732437720463498912,0.6415606141090393
1732437720473875527,0.6415606141090393
1732437720473875527,0.6415606141090393
1732437720484169372,0.6415606141090393
1732437720484169372,0.6415606141090393
1732437720494643183,0.6415606141090393
1732437720494643183,0.6415606141090393
1732437720504957399,0.6415606141090393
1732437720504957399,0.6415606141090393
1732437720515428986,0.6415606141090393
1732437720515428986,0.6415606141090393
1732437720526040109,0.6415606141090393
1732437720526040109,0.6415606141090393
1732437720536570003,0.6415606141090393
1732437720536570003,0.6415606141090393
1732437720547351345,0.577961802482605
1732437720547351345,0.577961802482605
1732437720557652152,0.577961802482605
1732437720557652152,0.577961802482605
1732437720567798293,0.577961802482605
1732437720567798293,0.577961802482605
1732437720578787562,0.577961802482605
1732437720578787562,0.577961802482605
1732437720591027895,0.577961802482605
1732437720591027895,0.577961802482605
1732437720601549403,0.577961802482605
1732437720601549403,0.577961802482605
1732437720612056325,0.577961802482605
1732437720612056325,0.577961802482605
1732437720622611656,0.577961802482605
1732437720622611656,0.577961802482605
1732437720633176475,0.577961802482605
1732437720633176475,0.577961802482605
1732437720643714955,0.502821147441864
1732437720643714955,0.502821147441864
1732437720653835447,0.502821147441864
1732437720653835447,0.502821147441864
1732437720664242465,0.502821147441864
1732437720664242465,0.502821147441864
1732437720674581824,0.502821147441864
1732437720674581824,0.502821147441864
1732437720846080132,0.3953830301761627
1732437720846080132,0.3953830301761627
1732437720856514450,0.3953830301761627
1732437720949362095,0.35110825300216675
1732437720949362095,0.35110825300216675
1732437720959739245,0.35110825300216675
1732437720959739245,0.35110825300216675
1732437720970217844,0.35110825300216675
1732437720970217844,0.35110825300216675
1732437720980423425,0.35110825300216675
1732437720980423425,0.35110825300216675
1732437720990825039,0.35110825300216675
1732437720990825039,0.35110825300216675
1732437721001010031,0.35110825300216675
1732437721001010031,0.35110825300216675
1732437721011403579,0.35110825300216675
1732437721011403579,0.35110825300216675
1732437721022353666,0.35110825300216675
1732437721022353666,0.35110825300216675
1732437721032951256,0.35110825300216675
1732437721032951256,0.35110825300216675
1732437721043456976,0.35110825300216675
1732437721043456976,0.3092934191226959
1732437721053803838,0.3092934191226959
1732437721053803838,0.3092934191226959
1732437721063990583,0.3092934191226959
1732437721063990583,0.3092934191226959
1732437721074515505,0.3092934191226959
1732437721074515505,0.3092934191226959
1732437721085070551,0.3092934191226959
1732437721085070551,0.3092934191226959
1732437721095308140,0.3092934191226959
1732437721095308140,0.3092934191226959
1732437721105929665,0.3092934191226959
1732437721105929665,0.3092934191226959
1732437721116580723,0.3092934191226959
1732437721116580723,0.3092934191226959
1732437721116580723,0.3092934191226959
1732437721116580723,0.3092934191226959
1732437721137223627,0.3092934191226959
1732437721137223627,0.3092934191226959
1732437721147529805,0.2762048840522766
1732437721147529805,0.2762048840522766
1732437721157748050,0.2762048840522766
1732437721157748050,0.2762048840522766
1732437721167904359,0.2762048840522766
1732437721167904359,0.2762048840522766
1732437721178351766,0.2762048840522766
1732437721178351766,0.2762048840522766
1732437721188480859,0.2762048840522766
1732437721188480859,0.2762048840522766
1732437721198908001,0.2762048840522766
1732437721198908001,0.2762048840522766
1732437721208969705,0.2762048840522766
1732437721208969705,0.2762048840522766
1732437721219303315,0.2762048840522766
1732437721219303315,0.2762048840522766
1732437721229907496,0.2762048840522766
1732437721229907496,0.2762048840522766
1732437721240567784,0.2762048840522766
1732437721240567784,0.2762048840522766
1732437721251217780,0.24661889672279358
1732437721251217780,0.24661889672279358
1732437721261458148,0.24661889672279358
1732437721261458148,0.24661889672279358
1732437721272135646,0.24661889672279358
1732437721272135646,0.24661889672279358
1732437721282267710,0.24661889672279358
1732437721282267710,0.24661889672279358
1732437721292910504,0.24661889672279358
1732437721292910504,0.24661889672279358
1732437721303663242,0.24661889672279358
1732437721303663242,0.24661889672279358
1732437721313863654,0.24661889672279358
1732437721313863654,0.24661889672279358
1732437721324191449,0.24661889672279358
1732437721324191449,0.24661889672279358
1732437721334969002,0.24661889672279358
1732437721334969002,0.24661889672279358
1732437721345794781,0.23123610019683838
1732437721345794781,0.23123610019683838
1732437721356471107,0.23123610019683838
1732437721356471107,0.23123610019683838
1732437721366756595,0.23123610019683838
1732437721366756595,0.23123610019683838
1732437721377234945,0.23123610019683838
1732437721377234945,0.23123610019683838
1732437721387371488,0.23123610019683838
1732437721387371488,0.23123610019683838
1732437721397555869,0.23123610019683838
1732437721397555869,0.23123610019683838
1732437721407698739,0.23123610019683838
1732437721407698739,0.23123610019683838
1732437721417998790,0.23123610019683838
1732437721417998790,0.23123610019683838
1732437721429508878,0.23123610019683838
1732437721429508878,0.23123610019683838
1732437721440047278,0.23123610019683838
1732437721440047278,0.23123610019683838
1732437721450792391,0.2204093635082245
1732437721450792391,0.2204093635082245
1732437721461018992,0.2204093635082245
1732437721461018992,0.2204093635082245
1732437721471309692,0.2204093635082245
1732437721471309692,0.2204093635082245
1732437721481830158,0.2204093635082245
1732437721481830158,0.2204093635082245
1732437721481830158,0.2204093635082245
1732437721492042232,0.2204093635082245
1732437721502546068,0.2204093635082245
1732437721502546068,0.2204093635082245
1732437721513177800,0.2204093635082245
1732437721513177800,0.2204093635082245
1732437721523348346,0.2204093635082245
1732437721523348346,0.2204093635082245
1732437721533962787,0.2204093635082245
1732437721533962787,0.2204093635082245
1732437721544468586,0.21252836287021637
1732437721544468586,0.21252836287021637
1732437721554868509,0.21252836287021637
1732437721554868509,0.21252836287021637
1732437721565346991,0.21252836287021637
1732437721565346991,0.21252836287021637
1732437721575940088,0.21252836287021637
1732437721575940088,0.21252836287021637
1732437721586123215,0.21252836287021637
1732437721586123215,0.21252836287021637
1732437721596324468,0.21252836287021637
1732437721596324468,0.21252836287021637
1732437721606870011,0.21252836287021637
1732437721606870011,0.21252836287021637
1732437721616881335,0.21252836287021637
1732437721616881335,0.21252836287021637
1732437721627143821,0.21252836287021637
1732437721627143821,0.21252836287021637
1732437721637416687,0.21252836287021637
1732437721637416687,0.21252836287021637
1732437721647840775,0.1966070532798767
1732437721647840775,0.1966070532798767
1732437721752537488,0.18940423429012299
1732437721752537488,0.18940423429012299
1732437721763152888,0.18940423429012299
1732437721763152888,0.18940423429012299
1732437721773641970,0.18940423429012299
1732437721773641970,0.18940423429012299
1732437721784159682,0.18940423429012299
1732437721784159682,0.18940423429012299
1732437721794827587,0.18940423429012299
1732437721794827587,0.18940423429012299
1732437721805369760,0.18940423429012299
1732437721805369760,0.18940423429012299
1732437721815718226,0.18940423429012299
1732437721815718226,0.18940423429012299
1732437721825985984,0.18940423429012299
1732437721825985984,0.18940423429012299
1732437721836277565,0.18940423429012299
1732437721836277565,0.18940423429012299
1732437721846530332,0.18079574406147003
1732437721846530332,0.18079574406147003
1732437721857084912,0.18079574406147003
1732437721857084912,0.18079574406147003
1732437721867352379,0.18079574406147003
1732437721867352379,0.18079574406147003
1732437721877376003,0.18079574406147003
1732437721877376003,0.18079574406147003
1732437721887627087,0.18079574406147003
1732437721887627087,0.18079574406147003
1732437721898233576,0.18079574406147003
1732437721898233576,0.18079574406147003
1732437721908758640,0.18079574406147003
1732437721908758640,0.18079574406147003
1732437721919109722,0.18079574406147003
1732437721919109722,0.18079574406147003
1732437721929282501,0.18079574406147003
1732437721929282501,0.18079574406147003
1732437721939625678,0.18079574406147003
1732437721939625678,0.18079574406147003
1732437721950111019,0.1740230917930603
1732437721950111019,0.1740230917930603
1732437721961104445,0.1740230917930603
1732437721961104445,0.1740230917930603
1732437721971660849,0.1740230917930603
1732437721971660849,0.1740230917930603
1732437721982088604,0.1740230917930603
1732437721982088604,0.1740230917930603
1732437721992854045,0.1740230917930603
1732437721992854045,0.1740230917930603
1732437722003391891,0.1740230917930603
1732437722003391891,0.1740230917930603
1732437722013698142,0.1740230917930603
1732437722013698142,0.1740230917930603
1732437722024286956,0.1740230917930603
1732437722024286956,0.1740230917930603
1732437722034570011,0.1740230917930603
1732437722034570011,0.1740230917930603
1732437722044707346,0.16109101474285126
1732437722044707346,0.16109101474285126
1732437722148675073,0.15021094679832458
1732437722148675073,0.15021094679832458
1732437722158972765,0.15021094679832458
1732437722158972765,0.15021094679832458
1732437722169351298,0.15021094679832458
1732437722169351298,0.15021094679832458
1732437722179462083,0.15021094679832458
1732437722179462083,0.15021094679832458
1732437722189773861,0.15021094679832458
1732437722189773861,0.15021094679832458
1732437722200427614,0.15021094679832458
1732437722200427614,0.15021094679832458
1732437722210565139,0.15021094679832458
1732437722210565139,0.15021094679832458
1732437722220957358,0.15021094679832458
1732437722220957358,0.15021094679832458
1732437722231503292,0.15021094679832458
1732437722231503292,0.15021094679832458
1732437722242445142,0.15021094679832458
1732437722242445142,0.15021094679832458
1732437722253166093,0.1373453587293625
1732437722253166093,0.1373453587293625
1732437722263634691,0.1373453587293625
1732437722263634691,0.1373453587293625
1732437722273946190,0.1373453587293625
1732437722273946190,0.1373453587293625
1732437722284537727,0.1373453587293625
1732437722284537727,0.1373453587293625
1732437722295079886,0.1373453587293625
1732437722295079886,0.1373453587293625
1732437722305270469,0.1373453587293625
1732437722305270469,0.1373453587293625
1732437722315413535,0.1373453587293625
1732437722315413535,0.1373453587293625
1732437722325638531,0.1373453587293625
1732437722325638531,0.1373453587293625
1732437722335924172,0.1373453587293625
1732437722335924172,0.1373453587293625
1732437722346256548,0.12532231211662292
1732437722346256548,0.12532231211662292
1732437722356459937,0.12532231211662292
1732437722356459937,0.12532231211662292
1732437722367064771,0.12532231211662292
1732437722367064771,0.12532231211662292
1732437722377493967,0.12532231211662292
1732437722377493967,0.12532231211662292
1732437722387722742,0.12532231211662292
1732437722387722742,0.12532231211662292
1732437722398205004,0.12532231211662292
1732437722398205004,0.12532231211662292
1732437722408570757,0.12532231211662292
1732437722408570757,0.12532231211662292
1732437722418918683,0.12532231211662292
1732437722418918683,0.12532231211662292
1732437722429240499,0.12532231211662292
1732437722429240499,0.12532231211662292
1732437722439391245,0.12532231211662292
1732437722439391245,0.12532231211662292
1732437722452661367,0.11559246480464935
1732437722452661367,0.11559246480464935
1732437722463200598,0.11559246480464935
1732437722463200598,0.11559246480464935
1732437722473248568,0.11559246480464935
1732437722473248568,0.11559246480464935
1732437722483582343,0.11559246480464935
1732437722483582343,0.11559246480464935
1732437722493820709,0.11559246480464935
1732437722493820709,0.11559246480464935
1732437722504231261,0.11559246480464935
1732437722504231261,0.11559246480464935
1732437722514456098,0.11559246480464935
1732437722514456098,0.11559246480464935
1732437722525501892,0.11559246480464935
1732437722525501892,0.11559246480464935
1732437722535707825,0.11559246480464935
1732437722535707825,0.11559246480464935
1732437722545845625,0.10505951195955276
1732437722545845625,0.10505951195955276
1732437722556075475,0.10505951195955276
1732437722556075475,0.10505951195955276
1732437722566875499,0.10505951195955276
1732437722566875499,0.10505951195955276
1732437722576906278,0.10505951195955276
1732437722576906278,0.10505951195955276
1732437722587188370,0.10505951195955276
1732437722587188370,0.10505951195955276
1732437722597391769,0.10505951195955276
1732437722597391769,0.10505951195955276
1732437722597391769,0.10505951195955276
1732437722607724326,0.10505951195955276
1732437722617817247,0.10505951195955276
1732437722617817247,0.10505951195955276
1732437722628119017,0.10505951195955276
1732437722628119017,0.10505951195955276
1732437722638713683,0.10505951195955276
1732437722638713683,0.10505951195955276
1732437722649135287,0.09751997888088226
1732437722649135287,0.09751997888088226
1732437722659733266,0.09751997888088226
1732437722659733266,0.09751997888088226
1732437722669867966,0.09751997888088226
1732437722669867966,0.09751997888088226
1732437722680579297,0.09751997888088226
1732437722680579297,0.09751997888088226
1732437722690763265,0.09751997888088226
1732437722690763265,0.09751997888088226
1732437722701370027,0.09751997888088226
1732437722701370027,0.09751997888088226
1732437722712111344,0.09751997888088226
1732437722712111344,0.09751997888088226
1732437722722804231,0.09751997888088226
1732437722722804231,0.09751997888088226
1732437722732964096,0.09751997888088226
1732437722732964096,0.09751997888088226
1732437722743121258,0.08859627693891525
1732437722743121258,0.08859627693891525
1732437722848599634,0.08124595880508423
1732437722848599634,0.08124595880508423
1732437722858934512,0.08124595880508423
1732437722858934512,0.08124595880508423
1732437722869710528,0.08124595880508423
1732437722869710528,0.08124595880508423
1732437722879957816,0.08124595880508423
1732437722879957816,0.08124595880508423
1732437722890615458,0.08124595880508423
1732437722890615458,0.08124595880508423
1732437722900924632,0.08124595880508423
1732437722900924632,0.08124595880508423
1732437722911328732,0.08124595880508423
1732437722911328732,0.08124595880508423
1732437722921787755,0.08124595880508423
1732437722921787755,0.08124595880508423
1732437722932356371,0.08124595880508423
1732437722932356371,0.08124595880508423
1732437722942552101,0.07540500909090042
1732437722942552101,0.07540500909090042
1732437722953055489,0.07540500909090042
1732437722953055489,0.07540500909090042
1732437722963492240,0.07540500909090042
1732437722963492240,0.07540500909090042
1732437722973958717,0.07540500909090042
1732437722973958717,0.07540500909090042
1732437722984476208,0.07540500909090042
1732437722984476208,0.07540500909090042
1732437722994857583,0.07540500909090042
1732437722994857583,0.07540500909090042
1732437723005057337,0.07540500909090042
1732437723005057337,0.07540500909090042
1732437723015392629,0.07540500909090042
1732437723015392629,0.07540500909090042
1732437723025740985,0.07540500909090042
1732437723025740985,0.07540500909090042
1732437723036570867,0.07540500909090042
1732437723036570867,0.07540500909090042
1732437723049231482,0.07006993144750595
1732437723049231482,0.07006993144750595
1732437723059448294,0.07006993144750595
1732437723059448294,0.07006993144750595
1732437723069949215,0.07006993144750595
1732437723069949215,0.07006993144750595
1732437723080264968,0.07006993144750595
1732437723080264968,0.07006993144750595
1732437723090822937,0.07006993144750595
1732437723090822937,0.07006993144750595
1732437723101081527,0.07006993144750595
1732437723101081527,0.07006993144750595
1732437723111896932,0.07006993144750595
1732437723111896932,0.07006993144750595
1732437723122369230,0.07006993144750595
1732437723122369230,0.07006993144750595
1732437723132801644,0.07006993144750595
1732437723132801644,0.07006993144750595
1732437723143249515,0.07006993144750595
1732437723143249515,0.07006993144750595
1732437723153260550,0.06486780196428299
1732437723153260550,0.06486780196428299
1732437723163392284,0.06486780196428299
1732437723163392284,0.06486780196428299
1732437723173681656,0.06486780196428299
1732437723173681656,0.06486780196428299
1732437723183808130,0.06486780196428299
1732437723183808130,0.06486780196428299
1732437723194168939,0.06486780196428299
1732437723194168939,0.06486780196428299
1732437723204713591,0.06486780196428299
1732437723204713591,0.06486780196428299
1732437723214904496,0.06486780196428299
1732437723214904496,0.06486780196428299
1732437723225341248,0.06486780196428299
1732437723225341248,0.06486780196428299
1732437723235532261,0.06486780196428299
1732437723235532261,0.06486780196428299
1732437723245793958,0.06116478145122528
1732437723245793958,0.06116478145122528
1732437723256324574,0.06116478145122528
1732437723256324574,0.06116478145122528
1732437723266482466,0.06116478145122528
1732437723266482466,0.06116478145122528
1732437723277170063,0.06116478145122528
1732437723277170063,0.06116478145122528
1732437723287865075,0.06116478145122528
1732437723287865075,0.06116478145122528
1732437723297953049,0.06116478145122528
1732437723297953049,0.06116478145122528
1732437723308299001,0.06116478145122528
1732437723308299001,0.06116478145122528
1732437723318435043,0.06116478145122528
1732437723318435043,0.06116478145122528
1732437723328826078,0.06116478145122528
1732437723328826078,0.06116478145122528
1732437723339329675,0.06116478145122528
1732437723339329675,0.06116478145122528
1732437723349633078,0.05676497146487236
1732437723349633078,0.05676497146487236
1732437723360012392,0.05676497146487236
1732437723360012392,0.05676497146487236
1732437723370498846,0.05676497146487236
1732437723370498846,0.05676497146487236
1732437723380631061,0.05676497146487236
1732437723380631061,0.05676497146487236
1732437723391130459,0.05676497146487236
1732437723391130459,0.05676497146487236
1732437723401927079,0.05676497146487236
1732437723401927079,0.05676497146487236
1732437723412101152,0.05676497146487236
1732437723412101152,0.05676497146487236
1732437723422569192,0.05676497146487236
1732437723422569192,0.05676497146487236
1732437723432667413,0.05676497146487236
1732437723432667413,0.05676497146487236
1732437723443637375,0.05398082733154297
1732437723443637375,0.05398082733154297
1732437723453949974,0.05398082733154297
1732437723453949974,0.05398082733154297
1732437723464910992,0.05398082733154297
1732437723464910992,0.05398082733154297
1732437723475213663,0.05398082733154297
1732437723475213663,0.05398082733154297
1732437723485815802,0.05398082733154297
1732437723485815802,0.05398082733154297
1732437723496466701,0.05398082733154297
1732437723496466701,0.05398082733154297
1732437723507155488,0.05398082733154297
1732437723507155488,0.05398082733154297
1732437723517352687,0.05398082733154297
1732437723517352687,0.05398082733154297
1732437723527670918,0.05398082733154297
1732437723527670918,0.05398082733154297
1732437723537783236,0.05398082733154297
1732437723537783236,0.05398082733154297
1732437723548114081,0.05010264366865158
1732437723548114081,0.05010264366865158
1732437723558437401,0.05010264366865158
1732437723558437401,0.05010264366865158
1732437723568769087,0.05010264366865158
1732437723568769087,0.05010264366865158
1732437723579384330,0.05010264366865158
1732437723579384330,0.05010264366865158
1732437723590198453,0.05010264366865158
1732437723590198453,0.05010264366865158
1732437723600283831,0.05010264366865158
1732437723600283831,0.05010264366865158
1732437723611117290,0.05010264366865158
1732437723611117290,0.05010264366865158
1732437723621703168,0.05010264366865158
1732437723621703168,0.05010264366865158
1732437723631987806,0.05010264366865158
1732437723631987806,0.05010264366865158
1732437723642170776,0.05010264366865158
1732437723642170776,0.05010264366865158
1732437723652905982,0.046916402876377106
1732437723652905982,0.046916402876377106
1732437723663244962,0.046916402876377106
1732437723663244962,0.046916402876377106
1732437723673616082,0.046916402876377106
1732437723673616082,0.046916402876377106
1732437723683997259,0.046916402876377106
1732437723683997259,0.046916402876377106
1732437723694644350,0.046916402876377106
1732437723694644350,0.046916402876377106
1732437723704915765,0.046916402876377106
1732437723704915765,0.046916402876377106
1732437723715209389,0.046916402876377106
1732437723715209389,0.046916402876377106
1732437723725655729,0.046916402876377106
1732437723725655729,0.046916402876377106
1732437723736024644,0.046916402876377106
1732437723736024644,0.046916402876377106
1732437723746589322,0.044257260859012604
1732437723746589322,0.044257260859012604
1732437723756910068,0.044257260859012604
1732437723756910068,0.044257260859012604
1732437723766975120,0.044257260859012604
1732437723766975120,0.044257260859012604
1732437723777179675,0.044257260859012604
1732437723777179675,0.044257260859012604
1732437723787534748,0.044257260859012604
1732437723787534748,0.044257260859012604
1732437723797694845,0.044257260859012604
1732437723797694845,0.044257260859012604
1732437723808000643,0.044257260859012604
1732437723808000643,0.044257260859012604
1732437723818417105,0.044257260859012604
1732437723818417105,0.044257260859012604
1732437723829087130,0.044257260859012604
1732437723829087130,0.044257260859012604
1732437723839465754,0.044257260859012604
1732437723839465754,0.044257260859012604
1732437723849947389,0.04178689420223236
1732437723849947389,0.04178689420223236
1732437723860169752,0.04178689420223236
1732437723860169752,0.04178689420223236
1732437723870614898,0.04178689420223236
1732437723870614898,0.04178689420223236
1732437723880883456,0.04178689420223236
1732437723880883456,0.04178689420223236
1732437723891085682,0.04178689420223236
1732437723891085682,0.04178689420223236
1732437723901528414,0.04178689420223236
1732437723901528414,0.04178689420223236
1732437723911790790,0.04178689420223236
1732437723911790790,0.04178689420223236
1732437723922144164,0.04178689420223236
1732437723922144164,0.04178689420223236
1732437723932520606,0.04178689420223236
1732437723932520606,0.04178689420223236
1732437723942674161,0.03995463252067566
1732437723942674161,0.03995463252067566
1732437723953192924,0.03995463252067566
1732437723953192924,0.03995463252067566
1732437723963535661,0.03995463252067566
1732437723963535661,0.03995463252067566
1732437723974274004,0.03995463252067566
1732437723974274004,0.03995463252067566
1732437723984624203,0.03995463252067566
1732437723984624203,0.03995463252067566
1732437723994838060,0.03995463252067566
1732437723994838060,0.03995463252067566
1732437724005332097,0.03995463252067566
1732437724005332097,0.03995463252067566
1732437724015759582,0.03995463252067566
1732437724015759582,0.03995463252067566
1732437724026002432,0.03995463252067566
1732437724026002432,0.03995463252067566
1732437724036604026,0.03995463252067566
1732437724036604026,0.03995463252067566
1732437724046967735,0.03821491822600365
1732437724046967735,0.03821491822600365
1732437724056984887,0.03821491822600365
1732437724056984887,0.03821491822600365
1732437724067242845,0.03821491822600365
1732437724067242845,0.03821491822600365
1732437724077527303,0.03821491822600365
1732437724077527303,0.03821491822600365
1732437724087840083,0.03821491822600365
1732437724087840083,0.03821491822600365
1732437724098537420,0.03821491822600365
1732437724098537420,0.03821491822600365
1732437724112046933,0.03821491822600365
1732437724112046933,0.03821491822600365
1732437724122423141,0.03821491822600365
1732437724122423141,0.03821491822600365
1732437724132651424,0.03821491822600365
1732437724132651424,0.03821491822600365
1732437724132651424,0.03821491822600365
1732437724143133778,0.03718983009457588
1732437724153256790,0.03718983009457588
1732437724153256790,0.03718983009457588
1732437724163544233,0.03718983009457588
1732437724163544233,0.03718983009457588
1732437724174127117,0.03718983009457588
1732437724174127117,0.03718983009457588
1732437724184594715,0.03718983009457588
1732437724184594715,0.03718983009457588
1732437724195253015,0.03718983009457588
1732437724195253015,0.03718983009457588
1732437724205454944,0.03718983009457588
1732437724205454944,0.03718983009457588
1732437724216015204,0.03718983009457588
1732437724216015204,0.03718983009457588
1732437724226300450,0.03718983009457588
1732437724226300450,0.03718983009457588
1732437724237077749,0.03718983009457588
1732437724237077749,0.03718983009457588
1732437724247289632,0.036349937319755554
1732437724247289632,0.036349937319755554
1732437724257682031,0.036349937319755554
1732437724257682031,0.036349937319755554
1732437724267943817,0.036349937319755554
1732437724267943817,0.036349937319755554
1732437724278452833,0.036349937319755554
1732437724278452833,0.036349937319755554
1732437724288744764,0.036349937319755554
1732437724288744764,0.036349937319755554
1732437724299392008,0.036349937319755554
1732437724299392008,0.036349937319755554
1732437724309622305,0.036349937319755554
1732437724309622305,0.036349937319755554
1732437724319995919,0.036349937319755554
1732437724319995919,0.036349937319755554
1732437724330462963,0.036349937319755554
1732437724330462963,0.036349937319755554
1732437724341436817,0.036349937319755554
1732437724341436817,0.036349937319755554
1732437724352055706,0.035583965480327606
1732437724352055706,0.035583965480327606
1732437724362456662,0.035583965480327606
1732437724362456662,0.035583965480327606
1732437724372886276,0.035583965480327606
1732437724372886276,0.035583965480327606
1732437724383455043,0.035583965480327606
1732437724383455043,0.035583965480327606
1732437724393666298,0.035583965480327606
1732437724393666298,0.035583965480327606
1732437724403679703,0.035583965480327606
1732437724403679703,0.035583965480327606
1732437724414199859,0.035583965480327606
1732437724414199859,0.035583965480327606
1732437724424910438,0.035583965480327606
1732437724424910438,0.035583965480327606
1732437724435511347,0.035583965480327606
1732437724435511347,0.035583965480327606
1732437724446291034,0.03584594652056694
1732437724446291034,0.03584594652056694
1732437724456455931,0.03584594652056694
1732437724456455931,0.03584594652056694
1732437724467176580,0.03584594652056694
1732437724467176580,0.03584594652056694
1732437724477337369,0.03584594652056694
1732437724477337369,0.03584594652056694
1732437724487576061,0.03584594652056694
1732437724487576061,0.03584594652056694
1732437724497721201,0.03584594652056694
1732437724497721201,0.03584594652056694
1732437724508077769,0.03584594652056694
1732437724508077769,0.03584594652056694
1732437724518248800,0.03584594652056694
1732437724518248800,0.03584594652056694
1732437724528868332,0.03584594652056694
1732437724528868332,0.03584594652056694
1732437724539453408,0.03584594652056694
1732437724539453408,0.03584594652056694
1732437724551700785,0.03576338291168213
1732437724551700785,0.03576338291168213
1732437724562355151,0.03576338291168213
1732437724562355151,0.03576338291168213
1732437724572863316,0.03576338291168213
1732437724572863316,0.03576338291168213
1732437724582947882,0.03576338291168213
1732437724582947882,0.03576338291168213
1732437724593080036,0.03576338291168213
1732437724593080036,0.03576338291168213
1732437724603360759,0.03576338291168213
1732437724603360759,0.03576338291168213
1732437724613999545,0.03576338291168213
1732437724613999545,0.03576338291168213
1732437724624244139,0.03576338291168213
1732437724624244139,0.03576338291168213
1732437724634812906,0.03576338291168213
1732437724634812906,0.03576338291168213
1732437724645608555,0.03640815615653992
1732437724645608555,0.03640815615653992
1732437724656221954,0.03640815615653992
1732437724656221954,0.03640815615653992
1732437724667004415,0.03640815615653992
1732437724667004415,0.03640815615653992
1732437724677103823,0.03640815615653992
1732437724677103823,0.03640815615653992
1732437724687355186,0.03640815615653992
1732437724687355186,0.03640815615653992
1732437724697745555,0.03640815615653992
1732437724697745555,0.03640815615653992
1732437724708270330,0.03640815615653992
1732437724708270330,0.03640815615653992
1732437724718461664,0.03640815615653992
1732437724718461664,0.03640815615653992
1732437724728975789,0.03640815615653992
1732437724728975789,0.03640815615653992
1732437724739594350,0.03640815615653992
1732437724739594350,0.03640815615653992
1732437724750268732,0.03617401048541069
1732437724750268732,0.03617401048541069
1732437724760702588,0.03617401048541069
1732437724760702588,0.03617401048541069
1732437724771203951,0.03617401048541069
1732437724771203951,0.03617401048541069
1732437724781777976,0.03617401048541069
1732437724781777976,0.03617401048541069
1732437724792252388,0.03617401048541069
1732437724792252388,0.03617401048541069
1732437724802486121,0.03617401048541069
1732437724802486121,0.03617401048541069
1732437724812893449,0.03617401048541069
1732437724812893449,0.03617401048541069
1732437724823511647,0.03617401048541069
1732437724823511647,0.03617401048541069
1732437724833933732,0.03617401048541069
1732437724833933732,0.03617401048541069
1732437724844630686,0.035777755081653595
1732437724844630686,0.035777755081653595
1732437724855412108,0.035777755081653595
1732437724855412108,0.035777755081653595
1732437724866375930,0.035777755081653595
1732437724866375930,0.035777755081653595
1732437724877016059,0.035777755081653595
1732437724877016059,0.035777755081653595
1732437724887143104,0.035777755081653595
1732437724887143104,0.035777755081653595
1732437724897387938,0.035777755081653595
1732437724897387938,0.035777755081653595
1732437724908001789,0.035777755081653595
1732437724908001789,0.035777755081653595
1732437724918148819,0.035777755081653595
1732437724918148819,0.035777755081653595
1732437724928509598,0.035777755081653595
1732437724928509598,0.035777755081653595
1732437724938787299,0.035777755081653595
1732437724938787299,0.035777755081653595
1732437724949105569,0.03589557856321335
1732437724949105569,0.03589557856321335
1732437724959449408,0.03589557856321335
1732437724959449408,0.03589557856321335
1732437724969867705,0.03589557856321335
1732437724969867705,0.03589557856321335
1732437724980153175,0.03589557856321335
1732437724980153175,0.03589557856321335
1732437724990530522,0.03589557856321335
1732437724990530522,0.03589557856321335
1732437725001201364,0.03589557856321335
1732437725001201364,0.03589557856321335
1732437725011439485,0.03589557856321335
1732437725011439485,0.03589557856321335
1732437725021852511,0.03589557856321335
1732437725021852511,0.03589557856321335
1732437725032146358,0.03589557856321335
1732437725032146358,0.03589557856321335
1732437725042618205,0.03589557856321335
1732437725042618205,0.03608814999461174
1732437725053218289,0.03608814999461174
1732437725053218289,0.03608814999461174
1732437725063513858,0.03608814999461174
1732437725063513858,0.03608814999461174
1732437725073710223,0.03608814999461174
1732437725073710223,0.03608814999461174
1732437725084501754,0.03608814999461174
1732437725084501754,0.03608814999461174
1732437725094731070,0.03608814999461174
1732437725094731070,0.03608814999461174
1732437725105129940,0.03608814999461174
1732437725105129940,0.03608814999461174
1732437725115489087,0.03608814999461174
1732437725115489087,0.03608814999461174
1732437725126470612,0.03608814999461174
1732437725126470612,0.03608814999461174
1732437725137001318,0.03608814999461174
1732437725137001318,0.03608814999461174
1732437725148864698,0.03706249222159386
1732437725148864698,0.03706249222159386
1732437725158989484,0.03706249222159386
1732437725158989484,0.03706249222159386
1732437725169507886,0.03706249222159386
1732437725169507886,0.03706249222159386
1732437725179912107,0.03706249222159386
1732437725179912107,0.03706249222159386
1732437725190135559,0.03706249222159386
1732437725190135559,0.03706249222159386
1732437725200605926,0.03706249222159386
1732437725200605926,0.03706249222159386
1732437725211171578,0.03706249222159386
1732437725211171578,0.03706249222159386
1732437725221764730,0.03706249222159386
1732437725221764730,0.03706249222159386
1732437725232433482,0.03706249222159386
1732437725232433482,0.03706249222159386
1732437725242467145,0.03706249222159386
1732437725242467145,0.03706249222159386
1732437725252859092,0.036176521331071854
1732437725252859092,0.036176521331071854
1732437725263408144,0.036176521331071854
1732437725263408144,0.036176521331071854
1732437725273904506,0.036176521331071854
1732437725273904506,0.036176521331071854
1732437725284631817,0.036176521331071854
1732437725284631817,0.036176521331071854
1732437725294919722,0.036176521331071854
1732437725294919722,0.036176521331071854
1732437725305811849,0.036176521331071854
1732437725305811849,0.036176521331071854
1732437725316297982,0.036176521331071854
1732437725316297982,0.036176521331071854
1732437725327237870,0.036176521331071854
1732437725327237870,0.036176521331071854
1732437725337663270,0.036176521331071854
1732437725337663270,0.036176521331071854
1732437725348338536,0.03872491419315338
1732437725348338536,0.03872491419315338
1732437725358543576,0.03872491419315338
1732437725358543576,0.03872491419315338
1732437725369171191,0.03872491419315338
1732437725369171191,0.03872491419315338
1732437725379704704,0.03872491419315338
1732437725379704704,0.03872491419315338
1732437725389783669,0.03872491419315338
1732437725389783669,0.03872491419315338
1732437725400251059,0.03872491419315338
1732437725400251059,0.03872491419315338
1732437725410442754,0.03872491419315338
1732437725410442754,0.03872491419315338
1732437725421020918,0.03872491419315338
1732437725421020918,0.03872491419315338
1732437725431312500,0.03872491419315338
1732437725431312500,0.03872491419315338
1732437725441604432,0.03872491419315338
1732437725441604432,0.03872491419315338
1732437725452414537,0.0394914485514164
1732437725452414537,0.0394914485514164
1732437725462569585,0.0394914485514164
1732437725462569585,0.0394914485514164
1732437725473164340,0.0394914485514164
1732437725473164340,0.0394914485514164
1732437725484375231,0.0394914485514164
1732437725484375231,0.0394914485514164
1732437725494757180,0.0394914485514164
1732437725494757180,0.0394914485514164
1732437725505234546,0.0394914485514164
1732437725505234546,0.0394914485514164
1732437725515450278,0.0394914485514164
1732437725515450278,0.0394914485514164
1732437725526086330,0.0394914485514164
1732437725526086330,0.0394914485514164
1732437725536403229,0.0394914485514164
1732437725536403229,0.0394914485514164
1732437725547300887,0.04257586970925331
1732437725547300887,0.04257586970925331
1732437725557398227,0.04257586970925331
1732437725557398227,0.04257586970925331
1732437725567549900,0.04257586970925331
1732437725567549900,0.04257586970925331
1732437725578134806,0.04257586970925331
1732437725578134806,0.04257586970925331
1732437725588520453,0.04257586970925331
1732437725588520453,0.04257586970925331
1732437725599532223,0.04257586970925331
1732437725599532223,0.04257586970925331
1732437725609899494,0.04257586970925331
1732437725609899494,0.04257586970925331
1732437725620601280,0.04257586970925331
1732437725620601280,0.04257586970925331
1732437725631170567,0.04257586970925331
1732437725631170567,0.04257586970925331
1732437725641623725,0.04257586970925331
1732437725641623725,0.04257586970925331
1732437725652170165,0.04317452013492584
1732437725652170165,0.04317452013492584
1732437725662636240,0.04317452013492584
1732437725662636240,0.04317452013492584
1732437725672986278,0.04317452013492584
1732437725672986278,0.04317452013492584
1732437725683092928,0.04317452013492584
1732437725683092928,0.04317452013492584
1732437725693211057,0.04317452013492584
1732437725693211057,0.04317452013492584
1732437725703472904,0.04317452013492584
1732437725703472904,0.04317452013492584
1732437725713779753,0.04317452013492584
1732437725713779753,0.04317452013492584
1732437725724011465,0.04317452013492584
1732437725724011465,0.04317452013492584
1732437725734432276,0.04317452013492584
1732437725734432276,0.04317452013492584
1732437725744780542,0.043797146528959274
1732437725744780542,0.043797146528959274
1732437725755060664,0.043797146528959274
1732437725755060664,0.043797146528959274
1732437725765410303,0.043797146528959274
1732437725765410303,0.043797146528959274
1732437725775746008,0.043797146528959274
1732437725775746008,0.043797146528959274
1732437725786129760,0.043797146528959274
1732437725786129760,0.043797146528959274
1732437725796361590,0.043797146528959274
1732437725796361590,0.043797146528959274
1732437725806694900,0.043797146528959274
1732437725806694900,0.043797146528959274
1732437725817306075,0.043797146528959274
1732437725817306075,0.043797146528959274
1732437725827515774,0.043797146528959274
1732437725827515774,0.043797146528959274
1732437725837840287,0.043797146528959274
1732437725837840287,0.043797146528959274
1732437725848437077,0.044219695031642914
1732437725848437077,0.044219695031642914
1732437725860029447,0.044219695031642914
1732437725860029447,0.044219695031642914
1732437725870327009,0.044219695031642914
1732437725870327009,0.044219695031642914
1732437725880887229,0.044219695031642914
1732437725880887229,0.044219695031642914
1732437725891130662,0.044219695031642914
1732437725891130662,0.044219695031642914
1732437725901913436,0.044219695031642914
1732437725901913436,0.044219695031642914
1732437725913642611,0.044219695031642914
1732437725913642611,0.044219695031642914
1732437725924083600,0.044219695031642914
1732437725924083600,0.044219695031642914
1732437725934614415,0.044219695031642914
1732437725934614415,0.044219695031642914
1732437725945083138,0.04411143437027931
1732437725955777978,0.04411143437027931
1732437725955777978,0.04411143437027931
1732437725966116708,0.04411143437027931
1732437725966116708,0.04411143437027931
1732437725976730729,0.04411143437027931
1732437725976730729,0.04411143437027931
1732437725987073983,0.04411143437027931
1732437725987073983,0.04411143437027931
1732437725997187117,0.04411143437027931
1732437725997187117,0.04411143437027931
1732437726007590296,0.04411143437027931
1732437726007590296,0.04411143437027931
1732437726018066320,0.04411143437027931
1732437726018066320,0.04411143437027931
1732437726028464130,0.04411143437027931
1732437726028464130,0.04411143437027931
1732437726038877797,0.04411143437027931
1732437726038877797,0.04411143437027931
1732437726049024450,0.045175615698099136
1732437726049024450,0.045175615698099136
1732437726059167892,0.045175615698099136
1732437726059167892,0.045175615698099136
1732437726069532102,0.045175615698099136
1732437726069532102,0.045175615698099136
1732437726079692798,0.045175615698099136
1732437726079692798,0.045175615698099136
1732437726090385207,0.045175615698099136
1732437726090385207,0.045175615698099136
1732437726100495293,0.045175615698099136
1732437726100495293,0.045175615698099136
1732437726111545263,0.045175615698099136
1732437726111545263,0.045175615698099136
1732437726121766084,0.045175615698099136
1732437726121766084,0.045175615698099136
1732437726132764129,0.045175615698099136
1732437726132764129,0.045175615698099136
1732437726142861255,0.04531913995742798
1732437726142861255,0.04531913995742798
1732437726153277573,0.04531913995742798
1732437726153277573,0.04531913995742798
1732437726163655384,0.04531913995742798
1732437726163655384,0.04531913995742798
1732437726174056670,0.04531913995742798
1732437726174056670,0.04531913995742798
1732437726184559144,0.04531913995742798
1732437726184559144,0.04531913995742798
1732437726194965029,0.04531913995742798
1732437726194965029,0.04531913995742798
1732437726205051224,0.04531913995742798
1732437726205051224,0.04531913995742798
1732437726215502537,0.04531913995742798
1732437726215502537,0.04531913995742798
1732437726226092550,0.04531913995742798
1732437726226092550,0.04531913995742798
1732437726236611505,0.04531913995742798
1732437726236611505,0.04531913995742798
1732437726247217283,0.04566922038793564
1732437726247217283,0.04566922038793564
1732437726257444105,0.04566922038793564
1732437726257444105,0.04566922038793564
1732437726267789577,0.04566922038793564
1732437726267789577,0.04566922038793564
1732437726278043429,0.04566922038793564
1732437726278043429,0.04566922038793564
1732437726288291225,0.04566922038793564
1732437726298594441,0.04566922038793564
1732437726298594441,0.04566922038793564
1732437726298594441,0.04566922038793564
1732437726309049688,0.04566922038793564
1732437726309049688,0.04566922038793564
1732437726319465470,0.04566922038793564
1732437726319465470,0.04566922038793564
1732437726319465470,0.04566922038793564
1732437726319465470,0.04566922038793564
1732437726340135411,0.04566922038793564
1732437726340135411,0.04566922038793564
1732437726350441922,0.0478270947933197
1732437726350441922,0.0478270947933197
1732437726360891870,0.0478270947933197
1732437726360891870,0.0478270947933197
1732437726371062117,0.0478270947933197
1732437726371062117,0.0478270947933197
1732437726381598995,0.0478270947933197
1732437726381598995,0.0478270947933197
1732437726392398651,0.0478270947933197
1732437726392398651,0.0478270947933197
1732437726403006631,0.0478270947933197
1732437726403006631,0.0478270947933197
1732437726413229984,0.0478270947933197
1732437726413229984,0.0478270947933197
1732437726423718590,0.0478270947933197
1732437726423718590,0.0478270947933197
1732437726433999004,0.0478270947933197
1732437726433999004,0.0478270947933197
1732437726444146124,0.04883363097906113
1732437726444146124,0.04883363097906113
1732437726454547663,0.04883363097906113
1732437726454547663,0.04883363097906113
1732437726465253596,0.04883363097906113
1732437726465253596,0.04883363097906113
1732437726475855915,0.04883363097906113
1732437726475855915,0.04883363097906113
1732437726486939641,0.04883363097906113
1732437726486939641,0.04883363097906113
1732437726497189464,0.04883363097906113
1732437726497189464,0.04883363097906113
1732437726507367796,0.04883363097906113
1732437726507367796,0.04883363097906113
1732437726517654267,0.04883363097906113
1732437726517654267,0.04883363097906113
1732437726528593472,0.04883363097906113
1732437726528593472,0.04883363097906113
1732437726539029854,0.04883363097906113
1732437726539029854,0.04883363097906113
1732437726549609737,0.05136965587735176
1732437726549609737,0.05136965587735176
1732437726559958987,0.05136965587735176
1732437726559958987,0.05136965587735176
1732437726570620429,0.05136965587735176
1732437726570620429,0.05136965587735176
1732437726580944559,0.05136965587735176
1732437726580944559,0.05136965587735176
1732437726591118304,0.05136965587735176
1732437726591118304,0.05136965587735176
1732437726601402022,0.05136965587735176
1732437726601402022,0.05136965587735176
1732437726612108584,0.05136965587735176
1732437726612108584,0.05136965587735176
1732437726622496847,0.05136965587735176
1732437726622496847,0.05136965587735176
1732437726632839142,0.05136965587735176
1732437726632839142,0.05136965587735176
1732437726644302169,0.051300499588251114
1732437726644302169,0.051300499588251114
1732437726654561383,0.051300499588251114
1732437726654561383,0.051300499588251114
1732437726665025044,0.051300499588251114
1732437726665025044,0.051300499588251114
1732437726675559458,0.051300499588251114
1732437726675559458,0.051300499588251114
1732437726685751183,0.051300499588251114
1732437726685751183,0.051300499588251114
1732437726696303761,0.051300499588251114
1732437726696303761,0.051300499588251114
1732437726707011746,0.051300499588251114
1732437726707011746,0.051300499588251114
1732437726717012318,0.051300499588251114
1732437726717012318,0.051300499588251114
1732437726727433269,0.051300499588251114
1732437726727433269,0.051300499588251114
1732437726737837803,0.051300499588251114
1732437726737837803,0.051300499588251114
1732437726748008148,0.052296482026576996
1732437726748008148,0.052296482026576996
1732437726758520651,0.052296482026576996
1732437726758520651,0.052296482026576996
1732437726769244335,0.052296482026576996
1732437726769244335,0.052296482026576996
1732437726779705953,0.052296482026576996
1732437726779705953,0.052296482026576996
1732437726789907177,0.052296482026576996
1732437726789907177,0.052296482026576996
1732437726800764329,0.052296482026576996
1732437726800764329,0.052296482026576996
1732437726811248760,0.052296482026576996
1732437726811248760,0.052296482026576996
1732437726821786699,0.052296482026576996
1732437726821786699,0.052296482026576996
1732437726832169733,0.052296482026576996
1732437726832169733,0.052296482026576996
1732437726842317706,0.052296482026576996
1732437726842317706,0.052296482026576996
1732437726852919265,0.053211506456136703
1732437726852919265,0.053211506456136703
1732437726863601152,0.053211506456136703
1732437726863601152,0.053211506456136703
1732437726874402693,0.053211506456136703
1732437726874402693,0.053211506456136703
1732437726884645893,0.053211506456136703
1732437726884645893,0.053211506456136703
1732437726895107562,0.053211506456136703
1732437726895107562,0.053211506456136703
1732437726905542991,0.053211506456136703
1732437726905542991,0.053211506456136703
1732437726916151351,0.053211506456136703
1732437726916151351,0.053211506456136703
1732437726926466036,0.053211506456136703
1732437726926466036,0.053211506456136703
1732437726936593051,0.053211506456136703
1732437726936593051,0.053211506456136703
1732437726951506697,0.05375560000538826
1732437726951506697,0.05375560000538826
1732437726961999271,0.05375560000538826
1732437726961999271,0.05375560000538826
1732437726972281977,0.05375560000538826
1732437726972281977,0.05375560000538826
1732437726982746970,0.05375560000538826
1732437726982746970,0.05375560000538826
1732437726992992718,0.05375560000538826
1732437726992992718,0.05375560000538826
1732437727003436872,0.05375560000538826
1732437727003436872,0.05375560000538826
1732437727014024194,0.05375560000538826
1732437727014024194,0.05375560000538826
1732437727024169354,0.05375560000538826
1732437727024169354,0.05375560000538826
1732437727034626522,0.05375560000538826
1732437727034626522,0.05375560000538826
1732437727045010687,0.05472865700721741
1732437727045010687,0.05472865700721741
1732437727055510195,0.05472865700721741
1732437727055510195,0.05472865700721741
1732437727066052674,0.05472865700721741
1732437727066052674,0.05472865700721741
1732437727076536031,0.05472865700721741
1732437727076536031,0.05472865700721741
1732437727086952696,0.05472865700721741
1732437727086952696,0.05472865700721741
1732437727097399015,0.05472865700721741
1732437727097399015,0.05472865700721741
1732437727107447887,0.05472865700721741
1732437727107447887,0.05472865700721741
1732437727117910545,0.05472865700721741
1732437727117910545,0.05472865700721741
1732437727128596932,0.05472865700721741
1732437727128596932,0.05472865700721741
1732437727138981195,0.05472865700721741
1732437727138981195,0.05472865700721741
1732437727149278619,0.0529131218791008
1732437727149278619,0.0529131218791008
1732437727159710360,0.0529131218791008
1732437727159710360,0.0529131218791008
1732437727170136253,0.0529131218791008
1732437727170136253,0.0529131218791008
1732437727180522359,0.0529131218791008
1732437727180522359,0.0529131218791008
1732437727190839079,0.0529131218791008
1732437727190839079,0.0529131218791008
1732437727201216191,0.0529131218791008
1732437727201216191,0.0529131218791008
1732437727211781831,0.0529131218791008
1732437727211781831,0.0529131218791008
1732437727222386074,0.0529131218791008
1732437727222386074,0.0529131218791008
1732437727232827265,0.0529131218791008
1732437727232827265,0.0529131218791008
1732437727243036754,0.05271335318684578
1732437727243036754,0.05271335318684578
1732437727253280356,0.05271335318684578
1732437727253280356,0.05271335318684578
1732437727263747685,0.05271335318684578
1732437727263747685,0.05271335318684578
1732437727274007767,0.05271335318684578
1732437727274007767,0.05271335318684578
1732437727284300663,0.05271335318684578
1732437727284300663,0.05271335318684578
1732437727294766978,0.05271335318684578
1732437727294766978,0.05271335318684578
1732437727305112722,0.05271335318684578
1732437727305112722,0.05271335318684578
1732437727315761286,0.05271335318684578
1732437727315761286,0.05271335318684578
1732437727327404402,0.05271335318684578
1732437727327404402,0.05271335318684578
1732437727337711992,0.05271335318684578
1732437727337711992,0.05271335318684578
1732437727350689905,0.05198012664914131
1732437727350689905,0.05198012664914131
1732437727361189116,0.05198012664914131
1732437727361189116,0.05198012664914131
1732437727371908153,0.05198012664914131
1732437727371908153,0.05198012664914131
1732437727382201768,0.05198012664914131
1732437727382201768,0.05198012664914131
1732437727392854281,0.05198012664914131
1732437727392854281,0.05198012664914131
1732437727403809887,0.05198012664914131
1732437727403809887,0.05198012664914131
1732437727414234076,0.05198012664914131
1732437727414234076,0.05198012664914131
1732437727424884746,0.05198012664914131
1732437727424884746,0.05198012664914131
1732437727435138096,0.05198012664914131
1732437727435138096,0.05198012664914131
1732437727445534583,0.05176252871751785
1732437727445534583,0.05176252871751785
1732437727455700631,0.05176252871751785
1732437727455700631,0.05176252871751785
1732437727465938894,0.05176252871751785
1732437727465938894,0.05176252871751785
1732437727476467466,0.05176252871751785
1732437727476467466,0.05176252871751785
1732437727486991381,0.05176252871751785
1732437727486991381,0.05176252871751785
1732437727497549437,0.05176252871751785
1732437727497549437,0.05176252871751785
1732437727507965388,0.05176252871751785
1732437727507965388,0.05176252871751785
1732437727518306901,0.05176252871751785
1732437727518306901,0.05176252871751785
1732437727528683846,0.05176252871751785
1732437727528683846,0.05176252871751785
1732437727539245350,0.05176252871751785
1732437727539245350,0.05176252871751785
1732437727549537763,0.05190153792500496
1732437727549537763,0.05190153792500496
1732437727559927687,0.05190153792500496
1732437727559927687,0.05190153792500496
1732437727570499531,0.05190153792500496
1732437727570499531,0.05190153792500496
1732437727580739167,0.05190153792500496
1732437727580739167,0.05190153792500496
1732437727590984271,0.05190153792500496
1732437727590984271,0.05190153792500496
1732437727601162122,0.05190153792500496
1732437727601162122,0.05190153792500496
1732437727611486571,0.05190153792500496
1732437727611486571,0.05190153792500496
1732437727621869486,0.05190153792500496
1732437727621869486,0.05190153792500496
1732437727632476454,0.05190153792500496
1732437727632476454,0.05190153792500496
1732437727642679842,0.049977947026491165
1732437727642679842,0.049977947026491165
1732437727652882107,0.049977947026491165
1732437727652882107,0.049977947026491165
1732437727663094603,0.049977947026491165
1732437727663094603,0.049977947026491165
1732437727673145697,0.049977947026491165
1732437727673145697,0.049977947026491165
1732437727683608367,0.049977947026491165
1732437727683608367,0.049977947026491165
1732437727694137581,0.049977947026491165
1732437727694137581,0.049977947026491165
1732437727704746363,0.049977947026491165
1732437727704746363,0.049977947026491165
1732437727715130787,0.049977947026491165
1732437727715130787,0.049977947026491165
1732437727725579521,0.049977947026491165
1732437727725579521,0.049977947026491165
1732437727735674708,0.049977947026491165
1732437727735674708,0.049977947026491165
1732437727746080252,0.05104530602693558
1732437727746080252,0.05104530602693558
1732437727756778140,0.05104530602693558
1732437727756778140,0.05104530602693558
1732437727766892801,0.05104530602693558
1732437727766892801,0.05104530602693558
1732437727776989863,0.05104530602693558
1732437727776989863,0.05104530602693558
1732437727787226501,0.05104530602693558
1732437727787226501,0.05104530602693558
1732437727797883603,0.05104530602693558
1732437727797883603,0.05104530602693558
1732437727808621314,0.05104530602693558
1732437727808621314,0.05104530602693558
1732437727819947676,0.05104530602693558
1732437727819947676,0.05104530602693558
1732437727830326794,0.05104530602693558
1732437727830326794,0.05104530602693558
1732437727840776360,0.05104530602693558
1732437727840776360,0.05104530602693558
1732437727851319269,0.051343221217393875
1732437727851319269,0.051343221217393875
1732437727861930365,0.051343221217393875
1732437727861930365,0.051343221217393875
1732437727872129224,0.051343221217393875
1732437727872129224,0.051343221217393875
1732437727882509101,0.051343221217393875
1732437727882509101,0.051343221217393875
1732437727892935724,0.051343221217393875
1732437727892935724,0.051343221217393875
1732437727903172423,0.051343221217393875
1732437727903172423,0.051343221217393875
1732437727913669568,0.051343221217393875
1732437727913669568,0.051343221217393875
1732437727924136725,0.051343221217393875
1732437727924136725,0.051343221217393875
1732437727934484552,0.051343221217393875
1732437727934484552,0.051343221217393875
1732437727944928657,0.05116187036037445
1732437727944928657,0.05116187036037445
1732437727955100343,0.05116187036037445
1732437727955100343,0.05116187036037445
1732437727965637995,0.05116187036037445
1732437727965637995,0.05116187036037445
1732437727975776790,0.05116187036037445
1732437727975776790,0.05116187036037445
1732437727985969351,0.05116187036037445
1732437727985969351,0.05116187036037445
1732437727996167550,0.05116187036037445
1732437727996167550,0.05116187036037445
1732437728006608299,0.05116187036037445
1732437728006608299,0.05116187036037445
1732437728017038639,0.05116187036037445
1732437728017038639,0.05116187036037445
1732437728027065199,0.05116187036037445
1732437728027065199,0.05116187036037445
1732437728037280297,0.05116187036037445
1732437728037280297,0.05116187036037445
1732437728047831633,0.05017222464084625
1732437728047831633,0.05017222464084625
1732437728058403101,0.05017222464084625
1732437728058403101,0.05017222464084625
1732437728068904166,0.05017222464084625
1732437728068904166,0.05017222464084625
1732437728079504361,0.05017222464084625
1732437728079504361,0.05017222464084625
1732437728090149992,0.05017222464084625
1732437728090149992,0.05017222464084625
1732437728100616728,0.05017222464084625
1732437728100616728,0.05017222464084625
1732437728111446151,0.05017222464084625
1732437728111446151,0.05017222464084625
1732437728121861864,0.05017222464084625
1732437728121861864,0.05017222464084625
1732437728132747419,0.05017222464084625
1732437728132747419,0.05017222464084625
1732437728142976406,0.05228257179260254
1732437728142976406,0.05228257179260254
1732437728153238001,0.05228257179260254
1732437728153238001,0.05228257179260254
1732437728163529333,0.05228257179260254
1732437728163529333,0.05228257179260254
1732437728174202354,0.05228257179260254
1732437728174202354,0.05228257179260254
1732437728184619308,0.05228257179260254
1732437728184619308,0.05228257179260254
1732437728195180673,0.05228257179260254
1732437728195180673,0.05228257179260254
1732437728206019922,0.05228257179260254
1732437728206019922,0.05228257179260254
1732437728216255080,0.05228257179260254
1732437728216255080,0.05228257179260254
1732437728227424183,0.05228257179260254
1732437728227424183,0.05228257179260254
1732437728237805391,0.05228257179260254
1732437728237805391,0.05228257179260254
1732437728247994203,0.05184434726834297
1732437728247994203,0.05184434726834297
1732437728258699493,0.05184434726834297
1732437728258699493,0.05184434726834297
1732437728268805932,0.05184434726834297
1732437728268805932,0.05184434726834297
1732437728278907608,0.05184434726834297
1732437728278907608,0.05184434726834297
1732437728289130354,0.05184434726834297
1732437728289130354,0.05184434726834297
1732437728299334314,0.05184434726834297
1732437728299334314,0.05184434726834297
1732437728309614785,0.05184434726834297
1732437728309614785,0.05184434726834297
1732437728320243173,0.05184434726834297
1732437728320243173,0.05184434726834297
1732437728330617219,0.05184434726834297
1732437728330617219,0.05184434726834297
1732437728340810618,0.05184434726834297
1732437728351342558,0.05137171223759651
1732437728351342558,0.05137171223759651
1732437728351342558,0.05137171223759651
1732437728361754830,0.05137171223759651
1732437728361754830,0.05137171223759651
1732437728372342876,0.05137171223759651
1732437728372342876,0.05137171223759651
1732437728382728604,0.05137171223759651
1732437728382728604,0.05137171223759651
1732437728393008102,0.05137171223759651
1732437728393008102,0.05137171223759651
1732437728403531523,0.05137171223759651
1732437728403531523,0.05137171223759651
1732437728413983356,0.05137171223759651
1732437728413983356,0.05137171223759651
1732437728424435817,0.05137171223759651
1732437728424435817,0.05137171223759651
1732437728434702323,0.05137171223759651
1732437728434702323,0.05137171223759651
1732437728445108758,0.04938758164644241
1732437728445108758,0.04938758164644241
1732437728455373811,0.04938758164644241
1732437728455373811,0.04938758164644241
1732437728465594722,0.04938758164644241
1732437728465594722,0.04938758164644241
1732437728475764146,0.04938758164644241
1732437728475764146,0.04938758164644241
1732437728486044778,0.04938758164644241
1732437728486044778,0.04938758164644241
1732437728496137450,0.04938758164644241
1732437728496137450,0.04938758164644241
1732437728506536291,0.04938758164644241
1732437728506536291,0.04938758164644241
1732437728517131926,0.04938758164644241
1732437728517131926,0.04938758164644241
1732437728527357989,0.04938758164644241
1732437728527357989,0.04938758164644241
1732437728537844654,0.04938758164644241
1732437728537844654,0.04938758164644241
1732437728548444288,0.04582823067903519
1732437728548444288,0.04582823067903519
1732437728558702375,0.04582823067903519
1732437728558702375,0.04582823067903519
1732437728568865843,0.04582823067903519
1732437728568865843,0.04582823067903519
1732437728579468242,0.04582823067903519
1732437728579468242,0.04582823067903519
1732437728589701656,0.04582823067903519
1732437728589701656,0.04582823067903519
1732437728599827119,0.04582823067903519
1732437728599827119,0.04582823067903519
1732437728610074328,0.04582823067903519
1732437728610074328,0.04582823067903519
1732437728620489751,0.04582823067903519
1732437728620489751,0.04582823067903519
1732437728630882510,0.04582823067903519
1732437728630882510,0.04582823067903519
1732437728641117197,0.04285522177815437
1732437728641117197,0.04285522177815437
1732437728653824479,0.04285522177815437
1732437728653824479,0.04285522177815437
1732437728664241034,0.04285522177815437
1732437728664241034,0.04285522177815437
1732437728674848184,0.04285522177815437
1732437728674848184,0.04285522177815437
1732437728685160122,0.04285522177815437
1732437728685160122,0.04285522177815437
1732437728695997310,0.04285522177815437
1732437728695997310,0.04285522177815437
1732437728706281688,0.04285522177815437
1732437728706281688,0.04285522177815437
1732437728716376062,0.04285522177815437
1732437728716376062,0.04285522177815437
1732437728727107703,0.04285522177815437
1732437728727107703,0.04285522177815437
1732437728737154930,0.04285522177815437
1732437728737154930,0.04285522177815437
1732437728747208109,0.04069015011191368
1732437728747208109,0.04069015011191368
1732437728757423260,0.04069015011191368
1732437728757423260,0.04069015011191368
1732437728767868587,0.04069015011191368
1732437728767868587,0.04069015011191368
1732437728778219370,0.04069015011191368
1732437728778219370,0.04069015011191368
1732437728788943591,0.04069015011191368
1732437728788943591,0.04069015011191368
1732437728799194238,0.04069015011191368
1732437728799194238,0.04069015011191368
1732437728809322089,0.04069015011191368
1732437728809322089,0.04069015011191368
1732437728819766605,0.04069015011191368
1732437728819766605,0.04069015011191368
1732437728830322208,0.04069015011191368
1732437728830322208,0.04069015011191368
1732437728840498004,0.04069015011191368
1732437728840498004,0.04069015011191368
1732437728850731298,0.03904341533780098
1732437728850731298,0.03904341533780098
1732437728861238502,0.03904341533780098
1732437728861238502,0.03904341533780098
1732437728871402535,0.03904341533780098
1732437728871402535,0.03904341533780098
1732437728881975942,0.03904341533780098
1732437728881975942,0.03904341533780098
1732437728892727665,0.03904341533780098
1732437728892727665,0.03904341533780098
1732437728903191522,0.03904341533780098
1732437728903191522,0.03904341533780098
1732437728913561426,0.03904341533780098
1732437728913561426,0.03904341533780098
1732437728924120368,0.03904341533780098
1732437728924120368,0.03904341533780098
1732437728934409807,0.03904341533780098
1732437728934409807,0.03904341533780098
1732437728944835958,0.03769442439079285
1732437728944835958,0.03769442439079285
1732437728955071626,0.03769442439079285
1732437728955071626,0.03769442439079285
1732437728965725222,0.03769442439079285
1732437728965725222,0.03769442439079285
1732437728976207998,0.03769442439079285
1732437728976207998,0.03769442439079285
1732437728986590480,0.03769442439079285
1732437728986590480,0.03769442439079285
1732437728997240527,0.03769442439079285
1732437728997240527,0.03769442439079285
1732437729007720851,0.03769442439079285
1732437729007720851,0.03769442439079285
1732437729017925471,0.03769442439079285
1732437729017925471,0.03769442439079285
1732437729028182688,0.03769442439079285
1732437729028182688,0.03769442439079285
1732437729038699329,0.03769442439079285
1732437729038699329,0.03769442439079285
1732437729142301526,0.03770800307393074
1732437729152389149,0.03770800307393074
1732437729152389149,0.03770800307393074
1732437729152389149,0.03770800307393074
1732437729162585104,0.03770800307393074
1732437729162585104,0.03770800307393074
1732437729174034126,0.03770800307393074
1732437729174034126,0.03770800307393074
1732437729184490626,0.03770800307393074
1732437729184490626,0.03770800307393074
1732437729246847417,0.04019954800605774
1732437729246847417,0.04019954800605774
1732437729257443947,0.04019954800605774
1732437729257443947,0.04019954800605774
1732437729267811670,0.04019954800605774
1732437729267811670,0.04019954800605774
1732437729278310447,0.04019954800605774
1732437729278310447,0.04019954800605774
1732437729288740468,0.04019954800605774
1732437729288740468,0.04019954800605774
1732437729299214549,0.04019954800605774
1732437729299214549,0.04019954800605774
1732437729309699270,0.04019954800605774
1732437729309699270,0.04019954800605774
1732437729320235978,0.04019954800605774
1732437729320235978,0.04019954800605774
1732437729330891727,0.04019954800605774
1732437729330891727,0.04019954800605774
1732437729341358495,0.04019954800605774
1732437729341358495,0.04019954800605774
1732437729447222296,0.03996921703219414
1732437729447222296,0.03996921703219414
1732437729457490786,0.03996921703219414
1732437729457490786,0.03996921703219414
1732437729467613259,0.03996921703219414
1732437729467613259,0.03996921703219414
1732437729478339944,0.03996921703219414
1732437729478339944,0.03996921703219414
1732437729488812343,0.03996921703219414
1732437729488812343,0.03996921703219414
1732437729499024717,0.03996921703219414
1732437729499024717,0.03996921703219414
1732437729499024717,0.03996921703219414
1732437729499024717,0.03996921703219414
1732437729519809888,0.03996921703219414
1732437729519809888,0.03996921703219414
1732437729530483729,0.03996921703219414
1732437729530483729,0.03996921703219414
1732437729540839822,0.03996921703219414
1732437729540839822,0.03996921703219414
1732437729551176419,0.040203195065259933
1732437729551176419,0.040203195065259933
1732437729561278437,0.040203195065259933
1732437729561278437,0.040203195065259933
1732437729571903420,0.040203195065259933
1732437729571903420,0.040203195065259933
1732437729582040956,0.040203195065259933
1732437729582040956,0.040203195065259933
1732437729582040956,0.040203195065259933
1732437729592770691,0.040203195065259933
1732437729592770691,0.040203195065259933
1732437729603334587,0.040203195065259933
1732437729613962328,0.040203195065259933
1732437729613962328,0.040203195065259933
1732437729624178659,0.040203195065259933
1732437729624178659,0.040203195065259933
1732437729634690341,0.040203195065259933
1732437729634690341,0.040203195065259933
1732437729644910230,0.04173896461725235
1732437729644910230,0.04173896461725235
1732437729654967156,0.04173896461725235
1732437729654967156,0.04173896461725235
1732437729747423503,0.0395217165350914
1732437729747423503,0.0395217165350914
1732437729757702431,0.0395217165350914
1732437729757702431,0.0395217165350914
1732437729768232877,0.0395217165350914
1732437729768232877,0.0395217165350914
1732437729778587514,0.0395217165350914
1732437729778587514,0.0395217165350914
1732437729788949079,0.0395217165350914
1732437729788949079,0.0395217165350914
1732437729799087416,0.0395217165350914
1732437729799087416,0.0395217165350914
1732437729809215746,0.0395217165350914
1732437729809215746,0.0395217165350914
1732437729820072097,0.0395217165350914
1732437729820072097,0.0395217165350914
1732437729830835937,0.0395217165350914
1732437729830835937,0.0395217165350914
1732437729841271137,0.0395217165350914
1732437729841271137,0.0395217165350914
1732437729851758081,0.04133341461420059
1732437729851758081,0.04133341461420059
1732437729862445058,0.04133341461420059
1732437729862445058,0.04133341461420059
1732437729873258000,0.04133341461420059
1732437729873258000,0.04133341461420059
1732437729883407607,0.04133341461420059
1732437729883407607,0.04133341461420059
1732437729893753351,0.04133341461420059
1732437729893753351,0.04133341461420059
1732437729904118450,0.04133341461420059
1732437729904118450,0.04133341461420059
1732437729914721159,0.04133341461420059
1732437729914721159,0.04133341461420059
1732437729925295939,0.04133341461420059
1732437729925295939,0.04133341461420059
1732437729935923355,0.04133341461420059
1732437729935923355,0.04133341461420059
1732437729946891785,0.03957691416144371
1732437729946891785,0.03957691416144371
1732437729957046603,0.03957691416144371
1732437729957046603,0.03957691416144371
1732437729967074746,0.03957691416144371
1732437729967074746,0.03957691416144371
1732437729977382499,0.03957691416144371
1732437729977382499,0.03957691416144371
1732437729987581828,0.03957691416144371
1732437729987581828,0.03957691416144371
1732437729998348050,0.03957691416144371
1732437729998348050,0.03957691416144371
1732437730009495477,0.03957691416144371
1732437730009495477,0.03957691416144371
1732437730020128042,0.03957691416144371
1732437730020128042,0.03957691416144371
1732437730030492480,0.03957691416144371
1732437730030492480,0.03957691416144371
1732437730040694076,0.03957691416144371
1732437730040694076,0.03957691416144371
1732437730053123120,0.03925703093409538
1732437730053123120,0.03925703093409538
1732437730148209369,0.038571443408727646
1732437730148209369,0.038571443408727646
1732437730158316977,0.038571443408727646
1732437730158316977,0.038571443408727646
1732437730168970192,0.038571443408727646
1732437730168970192,0.038571443408727646
1732437730179872677,0.038571443408727646
1732437730179872677,0.038571443408727646
1732437730190021988,0.038571443408727646
1732437730190021988,0.038571443408727646
1732437730200459601,0.038571443408727646
1732437730200459601,0.038571443408727646
1732437730210997358,0.038571443408727646
1732437730210997358,0.038571443408727646
1732437730221317748,0.038571443408727646
1732437730221317748,0.038571443408727646
1732437730231938633,0.038571443408727646
1732437730231938633,0.038571443408727646
1732437730242437860,0.038571443408727646
1732437730242437860,0.038571443408727646
1732437730252685140,0.037916332483291626
1732437730252685140,0.037916332483291626
1732437730262937370,0.037916332483291626
1732437730262937370,0.037916332483291626
1732437730273743629,0.037916332483291626
1732437730273743629,0.037916332483291626
1732437730284177886,0.037916332483291626
1732437730284177886,0.037916332483291626
1732437730294599991,0.037916332483291626
1732437730294599991,0.037916332483291626
1732437730305110901,0.037916332483291626
1732437730305110901,0.037916332483291626
1732437730315596695,0.037916332483291626
1732437730315596695,0.037916332483291626
1732437730325997940,0.037916332483291626
1732437730325997940,0.037916332483291626
1732437730336606862,0.037916332483291626
1732437730336606862,0.037916332483291626
1732437730347108816,0.0390753373503685
1732437730347108816,0.0390753373503685
1732437730357240772,0.0390753373503685
1732437730357240772,0.0390753373503685
1732437730450227255,0.038562990725040436
1732437730450227255,0.038562990725040436
1732437730460619594,0.038562990725040436
1732437730460619594,0.038562990725040436
1732437730471024789,0.038562990725040436
1732437730471024789,0.038562990725040436
1732437730481732835,0.038562990725040436
1732437730481732835,0.038562990725040436
1732437730492024416,0.038562990725040436
1732437730492024416,0.038562990725040436
1732437730502532301,0.038562990725040436
1732437730502532301,0.038562990725040436
1732437730512598184,0.038562990725040436
1732437730512598184,0.038562990725040436
1732437730522831345,0.038562990725040436
1732437730522831345,0.038562990725040436
1732437730533219119,0.038562990725040436
1732437730533219119,0.038562990725040436
1732437730543374548,0.037728484719991684
1732437730543374548,0.037728484719991684
1732437730553857817,0.037728484719991684
1732437730553857817,0.037728484719991684
1732437730564385108,0.037728484719991684
1732437730564385108,0.037728484719991684
1732437730574829873,0.037728484719991684
1732437730574829873,0.037728484719991684
1732437730585041267,0.037728484719991684
1732437730585041267,0.037728484719991684
1732437730595534865,0.037728484719991684
1732437730595534865,0.037728484719991684
1732437730606212054,0.037728484719991684
1732437730606212054,0.037728484719991684
1732437730616828579,0.037728484719991684
1732437730616828579,0.037728484719991684
1732437730627366441,0.037728484719991684
1732437730627366441,0.037728484719991684
1732437730637471025,0.037728484719991684
1732437730637471025,0.037728484719991684
1732437730647749524,0.039927590638399124
1732437730647749524,0.039927590638399124
1732437730657771504,0.039927590638399124
1732437730657771504,0.039927590638399124
1732437730668183360,0.039927590638399124
1732437730668183360,0.039927590638399124
1732437730751698506,0.03925562649965286
1732437730751698506,0.03925562649965286
1732437730762189309,0.03925562649965286
1732437730762189309,0.03925562649965286
1732437730772645458,0.03925562649965286
1732437730772645458,0.03925562649965286
1732437730783112013,0.03925562649965286
1732437730783112013,0.03925562649965286
1732437730793906181,0.03925562649965286
1732437730793906181,0.03925562649965286
1732437730804054297,0.03925562649965286
1732437730804054297,0.03925562649965286
1732437730814282340,0.03925562649965286
1732437730814282340,0.03925562649965286
1732437730824765535,0.03925562649965286
1732437730824765535,0.03925562649965286
1732437730835583851,0.03925562649965286
1732437730835583851,0.03925562649965286
1732437730846025222,0.039403244853019714
1732437730846025222,0.039403244853019714
1732437730856501347,0.039403244853019714
1732437730856501347,0.039403244853019714
1732437730867638677,0.039403244853019714
1732437730867638677,0.039403244853019714
1732437730877995926,0.039403244853019714
1732437730877995926,0.039403244853019714
1732437730888415703,0.039403244853019714
1732437730888415703,0.039403244853019714
1732437730898808867,0.039403244853019714
1732437730898808867,0.039403244853019714
1732437730911693300,0.039403244853019714
1732437730911693300,0.039403244853019714
1732437730921838791,0.039403244853019714
1732437730921838791,0.039403244853019714
1732437730932271766,0.039403244853019714
1732437730932271766,0.039403244853019714
1732437730942869463,0.04066670686006546
1732437730942869463,0.04066670686006546
1732437730952968682,0.04066670686006546
1732437730952968682,0.04066670686006546
1732437730963110572,0.04066670686006546
1732437730963110572,0.04066670686006546
1732437730973258400,0.04066670686006546
1732437730973258400,0.04066670686006546
1732437730983473350,0.04066670686006546
1732437730983473350,0.04066670686006546
1732437730994056744,0.04066670686006546
1732437730994056744,0.04066670686006546
1732437731004201504,0.04066670686006546
1732437731004201504,0.04066670686006546
1732437731015089896,0.04066670686006546
1732437731015089896,0.04066670686006546
1732437731025198549,0.04066670686006546
1732437731025198549,0.04066670686006546
1732437731035591599,0.04066670686006546
1732437731035591599,0.04066670686006546
1732437731045951068,0.0409640297293663
1732437731045951068,0.0409640297293663
1732437731060868861,0.0409640297293663
1732437731060868861,0.0409640297293663
1732437731143827983,0.04366600885987282
1732437731143827983,0.04366600885987282
1732437731154324063,0.04366600885987282
1732437731154324063,0.04366600885987282
1732437731164912541,0.04366600885987282
1732437731164912541,0.04366600885987282
1732437731175439188,0.04366600885987282
1732437731175439188,0.04366600885987282
1732437731186105699,0.04366600885987282
1732437731186105699,0.04366600885987282
1732437731196213820,0.04366600885987282
1732437731196213820,0.04366600885987282
1732437731206362086,0.04366600885987282
1732437731206362086,0.04366600885987282
1732437731216818055,0.04366600885987282
1732437731216818055,0.04366600885987282
1732437731227444480,0.04366600885987282
1732437731227444480,0.04366600885987282
1732437731237462111,0.04366600885987282
1732437731237462111,0.04366600885987282
1732437731247879878,0.04267597198486328
1732437731247879878,0.04267597198486328
1732437731258190646,0.04267597198486328
1732437731258190646,0.04267597198486328
1732437731268622401,0.04267597198486328
1732437731268622401,0.04267597198486328
1732437731278919934,0.04267597198486328
1732437731278919934,0.04267597198486328
1732437731289469335,0.04267597198486328
1732437731289469335,0.04267597198486328
1732437731300297915,0.04267597198486328
1732437731300297915,0.04267597198486328
1732437731310743064,0.04267597198486328
1732437731310743064,0.04267597198486328
1732437731321101460,0.04267597198486328
1732437731321101460,0.04267597198486328
1732437731331620282,0.04267597198486328
1732437731331620282,0.04267597198486328
1732437731342106530,0.04267597198486328
1732437731342106530,0.04267597198486328
1732437731357217621,0.04475969448685646
1732437731357217621,0.04475969448685646
1732437731367491902,0.04475969448685646
1732437731367491902,0.04475969448685646
1732437731377774587,0.04475969448685646
1732437731377774587,0.04475969448685646
1732437731387902857,0.04475969448685646
1732437731387902857,0.04475969448685646
1732437731398080278,0.04475969448685646
1732437731398080278,0.04475969448685646
1732437731408689365,0.04475969448685646
1732437731408689365,0.04475969448685646
1732437731419345599,0.04475969448685646
1732437731419345599,0.04475969448685646
1732437731429754366,0.04475969448685646
1732437731429754366,0.04475969448685646
1732437731440340941,0.04475969448685646
1732437731440340941,0.04475969448685646
1732437731450503684,0.04609789326786995
1732437731450503684,0.04609789326786995
1732437731460945983,0.04609789326786995
1732437731460945983,0.04609789326786995
1732437731471304118,0.04609789326786995
1732437731471304118,0.04609789326786995
1732437731481918333,0.04609789326786995
1732437731481918333,0.04609789326786995
1732437731492265129,0.04609789326786995
1732437731492265129,0.04609789326786995
1732437731503489025,0.04609789326786995
1732437731503489025,0.04609789326786995
1732437731513752705,0.04609789326786995
1732437731513752705,0.04609789326786995
1732437731524571573,0.04609789326786995
1732437731524571573,0.04609789326786995
1732437731535023327,0.04609789326786995
1732437731535023327,0.04609789326786995
1732437731545395570,0.04480317607522011
1732437731545395570,0.04480317607522011
1732437731556068602,0.04480317607522011
1732437731556068602,0.04480317607522011
1732437731566447908,0.04480317607522011
1732437731566447908,0.04480317607522011
1732437731577293029,0.04480317607522011
1732437731577293029,0.04480317607522011
1732437731587422459,0.04480317607522011
1732437731587422459,0.04480317607522011
1732437731598207038,0.04480317607522011
1732437731598207038,0.04480317607522011
1732437731609118523,0.04480317607522011
1732437731609118523,0.04480317607522011
1732437731619544425,0.04480317607522011
1732437731619544425,0.04480317607522011
1732437731629824386,0.04480317607522011
1732437731629824386,0.04480317607522011
1732437731640170809,0.04480317607522011
1732437731640170809,0.04480317607522011
1732437731650310089,0.04304911196231842
1732437731650310089,0.04304911196231842
1732437731661818644,0.04304911196231842
1732437731661818644,0.04304911196231842
1732437731672456080,0.04304911196231842
1732437731672456080,0.04304911196231842
1732437731683077192,0.04304911196231842
1732437731683077192,0.04304911196231842
1732437731693715291,0.04304911196231842
1732437731693715291,0.04304911196231842
1732437731704042048,0.04304911196231842
1732437731704042048,0.04304911196231842
1732437731714561625,0.04304911196231842
1732437731714561625,0.04304911196231842
1732437731725034434,0.04304911196231842
1732437731725034434,0.04304911196231842
1732437731735413821,0.04304911196231842
1732437731735413821,0.04304911196231842
1732437731745946130,0.04493644833564758
1732437731745946130,0.04493644833564758
1732437731756213914,0.04493644833564758
1732437731756213914,0.04493644833564758
1732437731767093613,0.04493644833564758
1732437731767093613,0.04493644833564758
1732437731777119171,0.04493644833564758
1732437731777119171,0.04493644833564758
1732437731787308794,0.04493644833564758
1732437731787308794,0.04493644833564758
1732437731797365236,0.04493644833564758
1732437731797365236,0.04493644833564758
1732437731808026991,0.04493644833564758
1732437731808026991,0.04493644833564758
1732437731818356412,0.04493644833564758
1732437731818356412,0.04493644833564758
1732437731828765363,0.04493644833564758
1732437731828765363,0.04493644833564758
1732437731839053088,0.04493644833564758
1732437731839053088,0.04493644833564758
1732437731849195745,0.04620426520705223
1732437731849195745,0.04620426520705223
1732437731859618632,0.04620426520705223
1732437731859618632,0.04620426520705223
1732437731870153095,0.04620426520705223
1732437731870153095,0.04620426520705223
1732437731880398290,0.04620426520705223
1732437731880398290,0.04620426520705223
1732437731891381058,0.04620426520705223
1732437731891381058,0.04620426520705223
1732437731901950848,0.04620426520705223
1732437731901950848,0.04620426520705223
1732437731912547688,0.04620426520705223
1732437731912547688,0.04620426520705223
1732437731923415492,0.04620426520705223
1732437731923415492,0.04620426520705223
1732437731933849318,0.04620426520705223
1732437731933849318,0.04620426520705223
1732437731944130170,0.043212201446294785
1732437731944130170,0.043212201446294785
1732437731954415582,0.043212201446294785
1732437731954415582,0.043212201446294785
1732437731964685464,0.043212201446294785
1732437731964685464,0.043212201446294785
1732437731975456237,0.043212201446294785
1732437731975456237,0.043212201446294785
1732437731985699911,0.043212201446294785
1732437731985699911,0.043212201446294785
1732437731995803052,0.043212201446294785
1732437731995803052,0.043212201446294785
1732437732005990831,0.043212201446294785
1732437732005990831,0.043212201446294785
1732437732016835443,0.043212201446294785
1732437732016835443,0.043212201446294785
1732437732026917145,0.043212201446294785
1732437732026917145,0.043212201446294785
1732437732037167551,0.043212201446294785
1732437732037167551,0.043212201446294785
1732437732047531478,0.04539730027318001
1732437732047531478,0.04539730027318001
1732437732061526284,0.04539730027318001
1732437732061526284,0.04539730027318001
1732437732072347020,0.04539730027318001
1732437732072347020,0.04539730027318001
1732437732082730029,0.04539730027318001
1732437732082730029,0.04539730027318001
1732437732147616007,0.04802054166793823
1732437732147616007,0.04802054166793823
1732437732157895798,0.04802054166793823
1732437732157895798,0.04802054166793823
1732437732168408423,0.04802054166793823
1732437732168408423,0.04802054166793823
1732437732178935953,0.04802054166793823
1732437732178935953,0.04802054166793823
1732437732178935953,0.04802054166793823
1732437732189180950,0.04802054166793823
1732437732199421718,0.04802054166793823
1732437732199421718,0.04802054166793823
1732437732209979250,0.04802054166793823
1732437732209979250,0.04802054166793823
1732437732220530315,0.04802054166793823
1732437732220530315,0.04802054166793823
1732437732231006945,0.04802054166793823
1732437732231006945,0.04802054166793823
1732437732241273853,0.04802054166793823
1732437732241273853,0.04802054166793823
1732437732251987436,0.05607724189758301
1732437732251987436,0.05607724189758301
1732437732262604346,0.05607724189758301
1732437732262604346,0.05607724189758301
1732437732273453186,0.05607724189758301
1732437732273453186,0.05607724189758301
1732437732283757492,0.05607724189758301
1732437732283757492,0.05607724189758301
1732437732294079521,0.05607724189758301
1732437732294079521,0.05607724189758301
1732437732304434210,0.05607724189758301
1732437732304434210,0.05607724189758301
1732437732314859570,0.05607724189758301
1732437732314859570,0.05607724189758301
1732437732325145323,0.05607724189758301
1732437732325145323,0.05607724189758301
1732437732335457745,0.05607724189758301
1732437732335457745,0.05607724189758301
1732437732348882541,0.05322381108999252
1732437732348882541,0.05322381108999252
1732437732359068037,0.05322381108999252
1732437732359068037,0.05322381108999252
1732437732369433587,0.05322381108999252
1732437732369433587,0.05322381108999252
1732437732380053109,0.05322381108999252
1732437732380053109,0.05322381108999252
1732437732390329364,0.05322381108999252
1732437732390329364,0.05322381108999252
1732437732400416565,0.05322381108999252
1732437732400416565,0.05322381108999252
1732437732410774717,0.05322381108999252
1732437732410774717,0.05322381108999252
1732437732420930922,0.05322381108999252
1732437732420930922,0.05322381108999252
1732437732431593204,0.05322381108999252
1732437732431593204,0.05322381108999252
1732437732441932716,0.05322381108999252
1732437732441932716,0.05322381108999252
1732437732456933563,0.052125778049230576
1732437732456933563,0.052125778049230576
1732437732467564437,0.052125778049230576
1732437732467564437,0.052125778049230576
1732437732477933684,0.052125778049230576
1732437732477933684,0.052125778049230576
1732437732488236006,0.052125778049230576
1732437732488236006,0.052125778049230576
1732437732498933482,0.052125778049230576
1732437732498933482,0.052125778049230576
1732437732509552019,0.052125778049230576
1732437732509552019,0.052125778049230576
1732437732520255451,0.052125778049230576
1732437732520255451,0.052125778049230576
1732437732530830982,0.052125778049230576
1732437732530830982,0.052125778049230576
1732437732540964120,0.052125778049230576
1732437732540964120,0.052125778049230576
1732437732551400050,0.04864801466464996
1732437732551400050,0.04864801466464996
1732437732561654775,0.04864801466464996
1732437732561654775,0.04864801466464996
1732437732572057304,0.04864801466464996
1732437732572057304,0.04864801466464996
1732437732582522840,0.04864801466464996
1732437732582522840,0.04864801466464996
1732437732593034512,0.04864801466464996
1732437732593034512,0.04864801466464996
1732437732603096176,0.04864801466464996
1732437732603096176,0.04864801466464996
1732437732613455224,0.04864801466464996
1732437732613455224,0.04864801466464996
1732437732623775570,0.04864801466464996
1732437732623775570,0.04864801466464996
1732437732633980992,0.04864801466464996
1732437732633980992,0.04864801466464996
1732437732644573966,0.05044107511639595
1732437732644573966,0.05044107511639595
1732437732654793140,0.05044107511639595
1732437732654793140,0.05044107511639595
1732437732665392268,0.05044107511639595
1732437732665392268,0.05044107511639595
1732437732675974561,0.05044107511639595
1732437732675974561,0.05044107511639595
1732437732686415431,0.05044107511639595
1732437732686415431,0.05044107511639595
1732437732696587115,0.05044107511639595
1732437732696587115,0.05044107511639595
1732437732707784055,0.05044107511639595
1732437732707784055,0.05044107511639595
1732437732718199158,0.05044107511639595
1732437732718199158,0.05044107511639595
1732437732730911250,0.05044107511639595
1732437732730911250,0.05044107511639595
1732437732741213449,0.05044107511639595
1732437732741213449,0.05044107511639595
1732437732751773064,0.053426049649715424
1732437732751773064,0.053426049649715424
1732437732762307217,0.053426049649715424
1732437732762307217,0.053426049649715424
1732437732772507800,0.053426049649715424
1732437732772507800,0.053426049649715424
1732437732783018681,0.053426049649715424
1732437732783018681,0.053426049649715424
1732437732793461112,0.053426049649715424
1732437732793461112,0.053426049649715424
1732437732803812446,0.053426049649715424
1732437732803812446,0.053426049649715424
1732437732814258696,0.053426049649715424
1732437732814258696,0.053426049649715424
1732437732824412152,0.053426049649715424
1732437732824412152,0.053426049649715424
1732437732834625960,0.053426049649715424
1732437732834625960,0.053426049649715424
1732437732844756774,0.05215667188167572
1732437732844756774,0.05215667188167572
1732437732855037577,0.05215667188167572
1732437732855037577,0.05215667188167572
1732437732865526436,0.05215667188167572
1732437732865526436,0.05215667188167572
1732437732876497151,0.05215667188167572
1732437732876497151,0.05215667188167572
1732437732886956894,0.05215667188167572
1732437732886956894,0.05215667188167572
1732437732897586566,0.05215667188167572
1732437732897586566,0.05215667188167572
1732437732907941036,0.05215667188167572
1732437732907941036,0.05215667188167572
1732437732918136089,0.05215667188167572
1732437732918136089,0.05215667188167572
1732437732928615321,0.05215667188167572
1732437732928615321,0.05215667188167572
1732437732938944483,0.05215667188167572
1732437732938944483,0.05215667188167572
1732437732949073012,0.05671073496341705
1732437732949073012,0.05671073496341705
1732437733041854848,0.0575207881629467
1732437733052089885,0.0575207881629467
1732437733052089885,0.0575207881629467
1732437733062575840,0.0575207881629467
1732437733062575840,0.0575207881629467
1732437733072835152,0.0575207881629467
1732437733072835152,0.0575207881629467
1732437733083040509,0.0575207881629467
1732437733083040509,0.0575207881629467
1732437733094244321,0.0575207881629467
1732437733094244321,0.0575207881629467
1732437733104320934,0.0575207881629467
1732437733104320934,0.0575207881629467
1732437733114502092,0.0575207881629467
1732437733114502092,0.0575207881629467
1732437733124847355,0.0575207881629467
1732437733124847355,0.0575207881629467
1732437733134971226,0.0575207881629467
1732437733134971226,0.0575207881629467
1732437733145036658,0.05452203005552292
1732437733145036658,0.05452203005552292
1732437733155405003,0.05452203005552292
1732437733155405003,0.05452203005552292
1732437733166093854,0.05452203005552292
1732437733166093854,0.05452203005552292
1732437733176222194,0.05452203005552292
1732437733176222194,0.05452203005552292
1732437733186491545,0.05452203005552292
1732437733186491545,0.05452203005552292
1732437733197308565,0.05452203005552292
1732437733197308565,0.05452203005552292
1732437733207578136,0.05452203005552292
1732437733207578136,0.05452203005552292
1732437733218101700,0.05452203005552292
1732437733218101700,0.05452203005552292
1732437733228265716,0.05452203005552292
1732437733228265716,0.05452203005552292
1732437733238843741,0.05452203005552292
1732437733238843741,0.05452203005552292
1732437733251718957,0.052735939621925354
1732437733251718957,0.052735939621925354
1732437733262404583,0.052735939621925354
1732437733262404583,0.052735939621925354
1732437733272904081,0.052735939621925354
1732437733272904081,0.052735939621925354
1732437733283294227,0.052735939621925354
1732437733283294227,0.052735939621925354
1732437733293429089,0.052735939621925354
1732437733293429089,0.052735939621925354
1732437733303660730,0.052735939621925354
1732437733303660730,0.052735939621925354
1732437733314037350,0.052735939621925354
1732437733314037350,0.052735939621925354
1732437733324297384,0.052735939621925354
1732437733324297384,0.052735939621925354
1732437733334847817,0.052735939621925354
1732437733334847817,0.052735939621925354
1732437733345077976,0.05148810148239136
1732437733345077976,0.05148810148239136
1732437733355541207,0.05148810148239136
1732437733355541207,0.05148810148239136
1732437733365917898,0.05148810148239136
1732437733365917898,0.05148810148239136
1732437733376131797,0.05148810148239136
1732437733376131797,0.05148810148239136
1732437733386870360,0.05148810148239136
1732437733386870360,0.05148810148239136
1732437733397001004,0.05148810148239136
1732437733397001004,0.05148810148239136
1732437733407199704,0.05148810148239136
1732437733407199704,0.05148810148239136
1732437733417323925,0.05148810148239136
1732437733417323925,0.05148810148239136
1732437733427659760,0.05148810148239136
1732437733427659760,0.05148810148239136
1732437733437793389,0.05148810148239136
1732437733437793389,0.05148810148239136
1732437733447981660,0.05017487332224846
1732437733447981660,0.05017487332224846
1732437733458083470,0.05017487332224846
1732437733458083470,0.05017487332224846
1732437733468179499,0.05017487332224846
1732437733468179499,0.05017487332224846
1732437733478650806,0.05017487332224846
1732437733478650806,0.05017487332224846
1732437733488908957,0.05017487332224846
1732437733488908957,0.05017487332224846
1732437733499529220,0.05017487332224846
1732437733499529220,0.05017487332224846
1732437733510302729,0.05017487332224846
1732437733510302729,0.05017487332224846
1732437733520717060,0.05017487332224846
1732437733520717060,0.05017487332224846
1732437733530944483,0.05017487332224846
1732437733530944483,0.05017487332224846
1732437733541092458,0.05017487332224846
1732437733541092458,0.057165104895830154
1732437733551397476,0.057165104895830154
1732437733551397476,0.057165104895830154
1732437733562004676,0.057165104895830154
1732437733562004676,0.057165104895830154
1732437733572373792,0.057165104895830154
1732437733572373792,0.057165104895830154
1732437733582624490,0.057165104895830154
1732437733582624490,0.057165104895830154
1732437733593005398,0.057165104895830154
1732437733593005398,0.057165104895830154
1732437733603217012,0.057165104895830154
1732437733603217012,0.057165104895830154
1732437733613865137,0.057165104895830154
1732437733613865137,0.057165104895830154
1732437733624466635,0.057165104895830154
1732437733624466635,0.057165104895830154
1732437733635086187,0.057165104895830154
1732437733635086187,0.057165104895830154
1732437733645508179,0.05298963189125061
1732437733645508179,0.05298963189125061
1732437733655942507,0.05298963189125061
1732437733655942507,0.05298963189125061
1732437733666147182,0.05298963189125061
1732437733666147182,0.05298963189125061
1732437733676332978,0.05298963189125061
1732437733676332978,0.05298963189125061
1732437733686674713,0.05298963189125061
1732437733686674713,0.05298963189125061
1732437733697393520,0.05298963189125061
1732437733697393520,0.05298963189125061
1732437733707656480,0.05298963189125061
1732437733707656480,0.05298963189125061
1732437733717739034,0.05298963189125061
1732437733717739034,0.05298963189125061
1732437733728179183,0.05298963189125061
1732437733728179183,0.05298963189125061
1732437733738727663,0.05298963189125061
1732437733738727663,0.05298963189125061
1732437733748904793,0.058827776461839676
1732437733748904793,0.058827776461839676
1732437733759063028,0.058827776461839676
1732437733759063028,0.058827776461839676
1732437733769221614,0.058827776461839676
1732437733769221614,0.058827776461839676
1732437733779451832,0.058827776461839676
1732437733779451832,0.058827776461839676
1732437733789805410,0.058827776461839676
1732437733789805410,0.058827776461839676
1732437733800252462,0.058827776461839676
1732437733800252462,0.058827776461839676
1732437733810471897,0.058827776461839676
1732437733810471897,0.058827776461839676
1732437733821054835,0.058827776461839676
1732437733821054835,0.058827776461839676
1732437733831285755,0.058827776461839676
1732437733831285755,0.058827776461839676
1732437733843730020,0.058827776461839676
1732437733843730020,0.058827776461839676
1732437733853887683,0.05401157960295677
1732437733853887683,0.05401157960295677
1732437733864035088,0.05401157960295677
1732437733864035088,0.05401157960295677
1732437733874545016,0.05401157960295677
1732437733874545016,0.05401157960295677
1732437733884873357,0.05401157960295677
1732437733884873357,0.05401157960295677
1732437733895212288,0.05401157960295677
1732437733895212288,0.05401157960295677
1732437733905956532,0.05401157960295677
1732437733905956532,0.05401157960295677
1732437733916390408,0.05401157960295677
1732437733916390408,0.05401157960295677
1732437733927279612,0.05401157960295677
1732437733927279612,0.05401157960295677
1732437733937464536,0.05401157960295677
1732437733937464536,0.05401157960295677
1732437733947641476,0.06194783374667168
1732437733947641476,0.06194783374667168
1732437733958077858,0.06194783374667168
1732437733958077858,0.06194783374667168
1732437733969079169,0.06194783374667168
1732437733969079169,0.06194783374667168
1732437733979225629,0.06194783374667168
1732437733979225629,0.06194783374667168
1732437733989572909,0.06194783374667168
1732437733989572909,0.06194783374667168
1732437734000405838,0.06194783374667168
1732437734000405838,0.06194783374667168
1732437734010819938,0.06194783374667168
1732437734010819938,0.06194783374667168
1732437734021427830,0.06194783374667168
1732437734021427830,0.06194783374667168
1732437734032339103,0.06194783374667168
1732437734032339103,0.06194783374667168
1732437734042585722,0.057049673050642014
1732437734042585722,0.057049673050642014
1732437734052962704,0.057049673050642014
1732437734052962704,0.057049673050642014
1732437734063658348,0.057049673050642014
1732437734063658348,0.057049673050642014
1732437734074260047,0.057049673050642014
1732437734074260047,0.057049673050642014
1732437734084763844,0.057049673050642014
1732437734084763844,0.057049673050642014
1732437734095369943,0.057049673050642014
1732437734095369943,0.057049673050642014
1732437734105680181,0.057049673050642014
1732437734105680181,0.057049673050642014
1732437734115969850,0.057049673050642014
1732437734115969850,0.057049673050642014
1732437734126143765,0.057049673050642014
1732437734126143765,0.057049673050642014
1732437734136601686,0.057049673050642014
1732437734136601686,0.057049673050642014
1732437734147022620,0.0542643778026104
1732437734147022620,0.0542643778026104
1732437734157224236,0.0542643778026104
1732437734157224236,0.0542643778026104
1732437734167340803,0.0542643778026104
1732437734167340803,0.0542643778026104
1732437734177525486,0.0542643778026104
1732437734177525486,0.0542643778026104
1732437734188089185,0.0542643778026104
1732437734188089185,0.0542643778026104
1732437734198279038,0.0542643778026104
1732437734198279038,0.0542643778026104
1732437734208552237,0.0542643778026104
1732437734208552237,0.0542643778026104
1732437734218754203,0.0542643778026104
1732437734218754203,0.0542643778026104
1732437734228826324,0.0542643778026104
1732437734228826324,0.0542643778026104
1732437734240072692,0.0542643778026104
1732437734240072692,0.0542643778026104
1732437734251862434,0.0611417181789875
1732437734251862434,0.0611417181789875
1732437734262567415,0.0611417181789875
1732437734262567415,0.0611417181789875
1732437734273024956,0.0611417181789875
1732437734273024956,0.0611417181789875
1732437734283666569,0.0611417181789875
1732437734283666569,0.0611417181789875
1732437734294030308,0.0611417181789875
1732437734294030308,0.0611417181789875
1732437734304263759,0.0611417181789875
1732437734304263759,0.0611417181789875
1732437734314536650,0.0611417181789875
1732437734314536650,0.0611417181789875
1732437734324938248,0.0611417181789875
1732437734324938248,0.0611417181789875
1732437734335193643,0.0611417181789875
1732437734335193643,0.0611417181789875
1732437734345841164,0.061593301594257355
1732437734345841164,0.061593301594257355
1732437734356170311,0.061593301594257355
1732437734356170311,0.061593301594257355
1732437734366470960,0.061593301594257355
1732437734366470960,0.061593301594257355
1732437734376725574,0.061593301594257355
1732437734376725574,0.061593301594257355
1732437734387036191,0.061593301594257355
1732437734387036191,0.061593301594257355
1732437734397998348,0.061593301594257355
1732437734397998348,0.061593301594257355
1732437734408340949,0.061593301594257355
1732437734408340949,0.061593301594257355
1732437734418603447,0.061593301594257355
1732437734418603447,0.061593301594257355
1732437734428978365,0.061593301594257355
1732437734428978365,0.061593301594257355
1732437734439097347,0.061593301594257355
1732437734439097347,0.061593301594257355
1732437734449710898,0.0654742494225502
1732437734449710898,0.0654742494225502
1732437734459847673,0.0654742494225502
1732437734459847673,0.0654742494225502
1732437734470085743,0.0654742494225502
1732437734470085743,0.0654742494225502
1732437734480975300,0.0654742494225502
1732437734480975300,0.0654742494225502
1732437734491439164,0.0654742494225502
1732437734491439164,0.0654742494225502
1732437734501779146,0.0654742494225502
1732437734501779146,0.0654742494225502
1732437734512074546,0.0654742494225502
1732437734512074546,0.0654742494225502
1732437734522426000,0.0654742494225502
1732437734522426000,0.0654742494225502
1732437734532616625,0.0654742494225502
1732437734532616625,0.0654742494225502
1732437734542715630,0.05981805548071861
1732437734542715630,0.05981805548071861
1732437734553021890,0.05981805548071861
1732437734553021890,0.05981805548071861
1732437734563522261,0.05981805548071861
1732437734563522261,0.05981805548071861
1732437734574077123,0.05981805548071861
1732437734574077123,0.05981805548071861
1732437734584921794,0.05981805548071861
1732437734584921794,0.05981805548071861
1732437734595329083,0.05981805548071861
1732437734595329083,0.05981805548071861
1732437734605444308,0.05981805548071861
1732437734605444308,0.05981805548071861
1732437734615915214,0.05981805548071861
1732437734615915214,0.05981805548071861
1732437734626468804,0.05981805548071861
1732437734626468804,0.05981805548071861
1732437734638544804,0.05981805548071861
1732437734638544804,0.05981805548071861
1732437734648950268,0.06491179764270782
1732437734648950268,0.06491179764270782
1732437734659057428,0.06491179764270782
1732437734659057428,0.06491179764270782
1732437734670265815,0.06491179764270782
1732437734670265815,0.06491179764270782
1732437734680649720,0.06491179764270782
1732437734680649720,0.06491179764270782
1732437734691107892,0.06491179764270782
1732437734691107892,0.06491179764270782
1732437734702481626,0.06491179764270782
1732437734702481626,0.06491179764270782
1732437734712676900,0.06491179764270782
1732437734712676900,0.06491179764270782
1732437734722879507,0.06491179764270782
1732437734722879507,0.06491179764270782
1732437734733117952,0.06491179764270782
1732437734733117952,0.06491179764270782
1732437734743427417,0.06140703707933426
1732437734743427417,0.06140703707933426
1732437734753918030,0.06140703707933426
1732437734753918030,0.06140703707933426
1732437734764403673,0.06140703707933426
1732437734764403673,0.06140703707933426
1732437734774700967,0.06140703707933426
1732437734774700967,0.06140703707933426
1732437734785018284,0.06140703707933426
1732437734785018284,0.06140703707933426
1732437734795205476,0.06140703707933426
1732437734795205476,0.06140703707933426
1732437734805439372,0.06140703707933426
1732437734805439372,0.06140703707933426
1732437734815962241,0.06140703707933426
1732437734815962241,0.06140703707933426
1732437734826574069,0.06140703707933426
1732437734826574069,0.06140703707933426
1732437734837081857,0.06140703707933426
1732437734837081857,0.06140703707933426
1732437734847269817,0.06543122977018356
1732437734847269817,0.06543122977018356
1732437734857761057,0.06543122977018356
1732437734857761057,0.06543122977018356
1732437734868101514,0.06543122977018356
1732437734868101514,0.06543122977018356
1732437734878725556,0.06543122977018356
1732437734878725556,0.06543122977018356
1732437734889061061,0.06543122977018356
1732437734889061061,0.06543122977018356
1732437734899608449,0.06543122977018356
1732437734899608449,0.06543122977018356
1732437734910949810,0.06543122977018356
1732437734910949810,0.06543122977018356
1732437734921136031,0.06543122977018356
1732437734921136031,0.06543122977018356
1732437734931660867,0.06543122977018356
1732437734931660867,0.06543122977018356
1732437734942131002,0.0610707588493824
1732437734942131002,0.0610707588493824
1732437734952772976,0.0610707588493824
1732437734952772976,0.0610707588493824
1732437734962905793,0.0610707588493824
1732437734962905793,0.0610707588493824
1732437734973040775,0.0610707588493824
1732437734973040775,0.0610707588493824
1732437734983494960,0.0610707588493824
1732437734983494960,0.0610707588493824
1732437734993938926,0.0610707588493824
1732437734993938926,0.0610707588493824
1732437735004194361,0.0610707588493824
1732437735004194361,0.0610707588493824
1732437735014654327,0.0610707588493824
1732437735014654327,0.0610707588493824
1732437735024854650,0.0610707588493824
1732437735024854650,0.0610707588493824
1732437735035519317,0.0610707588493824
1732437735035519317,0.0610707588493824
1732437735046158476,0.06427644938230515
1732437735046158476,0.06427644938230515
1732437735057951205,0.06427644938230515
1732437735057951205,0.06427644938230515
1732437735068731260,0.06427644938230515
1732437735068731260,0.06427644938230515
1732437735079272616,0.06427644938230515
1732437735079272616,0.06427644938230515
1732437735089972478,0.06427644938230515
1732437735089972478,0.06427644938230515
1732437735100605566,0.06427644938230515
1732437735100605566,0.06427644938230515
1732437735111454946,0.06427644938230515
1732437735111454946,0.06427644938230515
1732437735121613211,0.06427644938230515
1732437735121613211,0.06427644938230515
1732437735132136045,0.06427644938230515
1732437735132136045,0.06427644938230515
1732437735142658276,0.06427644938230515
1732437735142658276,0.06427644938230515
1732437735153041817,0.06570658087730408
1732437735153041817,0.06570658087730408
1732437735163508899,0.06570658087730408
1732437735163508899,0.06570658087730408
1732437735174132419,0.06570658087730408
1732437735174132419,0.06570658087730408
1732437735184378266,0.06570658087730408
1732437735184378266,0.06570658087730408
1732437735194491588,0.06570658087730408
1732437735194491588,0.06570658087730408
1732437735204865744,0.06570658087730408
1732437735204865744,0.06570658087730408
1732437735215492590,0.06570658087730408
1732437735215492590,0.06570658087730408
1732437735226016086,0.06570658087730408
1732437735226016086,0.06570658087730408
1732437735236518567,0.06570658087730408
1732437735236518567,0.06570658087730408
1732437735247248508,0.062284696847200394
1732437735247248508,0.062284696847200394
1732437735257765299,0.062284696847200394
1732437735257765299,0.062284696847200394
1732437735267880935,0.062284696847200394
1732437735267880935,0.062284696847200394
1732437735278014113,0.062284696847200394
1732437735278014113,0.062284696847200394
1732437735288552014,0.062284696847200394
1732437735288552014,0.062284696847200394
1732437735299189400,0.062284696847200394
1732437735299189400,0.062284696847200394
1732437735312850466,0.062284696847200394
1732437735312850466,0.062284696847200394
1732437735323088377,0.062284696847200394
1732437735323088377,0.062284696847200394
1732437735333465860,0.062284696847200394
1732437735333465860,0.062284696847200394
1732437735343794956,0.05966107174754143
1732437735343794956,0.05966107174754143
1732437735353975793,0.05966107174754143
1732437735353975793,0.05966107174754143
1732437735364935598,0.05966107174754143
1732437735364935598,0.05966107174754143
1732437735375254030,0.05966107174754143
1732437735375254030,0.05966107174754143
1732437735385597075,0.05966107174754143
1732437735385597075,0.05966107174754143
1732437735395864927,0.05966107174754143
1732437735395864927,0.05966107174754143
1732437735406215570,0.05966107174754143
1732437735406215570,0.05966107174754143
1732437735416596639,0.05966107174754143
1732437735416596639,0.05966107174754143
1732437735427283498,0.05966107174754143
1732437735427283498,0.05966107174754143
1732437735437475566,0.05966107174754143
1732437735437475566,0.05966107174754143
1732437735447528825,0.05614486709237099
1732437735447528825,0.05614486709237099
1732437735457751550,0.05614486709237099
1732437735457751550,0.05614486709237099
1732437735467928851,0.05614486709237099
1732437735467928851,0.05614486709237099
1732437735478370482,0.05614486709237099
1732437735478370482,0.05614486709237099
1732437735488652507,0.05614486709237099
1732437735488652507,0.05614486709237099
1732437735498818837,0.05614486709237099
1732437735498818837,0.05614486709237099
1732437735509159678,0.05614486709237099
1732437735509159678,0.05614486709237099
1732437735519739962,0.05614486709237099
1732437735519739962,0.05614486709237099
1732437735530010386,0.05614486709237099
1732437735530010386,0.05614486709237099
1732437735540756360,0.05614486709237099
1732437735540756360,0.05614486709237099
1732437735551087740,0.061826955527067184
1732437735551087740,0.061826955527067184
1732437735561235405,0.061826955527067184
1732437735561235405,0.061826955527067184
1732437735571538369,0.061826955527067184
1732437735571538369,0.061826955527067184
1732437735581941910,0.061826955527067184
1732437735581941910,0.061826955527067184
1732437735592572673,0.061826955527067184
1732437735592572673,0.061826955527067184
1732437735602841704,0.061826955527067184
1732437735602841704,0.061826955527067184
1732437735602841704,0.061826955527067184
1732437735602841704,0.061826955527067184
1732437735623379577,0.061826955527067184
1732437735623379577,0.061826955527067184
1732437735635141804,0.061826955527067184
1732437735635141804,0.061826955527067184
1732437735649043598,0.06035385653376579
1732437735649043598,0.06035385653376579
1732437735660797789,0.06035385653376579
1732437735660797789,0.06035385653376579
1732437735671336993,0.06035385653376579
1732437735671336993,0.06035385653376579
1732437735743376350,0.06293048709630966
1732437735743376350,0.06293048709630966
1732437735753666660,0.06293048709630966
1732437735753666660,0.06293048709630966
1732437735763995803,0.06293048709630966
1732437735763995803,0.06293048709630966
1732437735774519107,0.06293048709630966
1732437735774519107,0.06293048709630966
1732437735784867856,0.06293048709630966
1732437735784867856,0.06293048709630966
1732437735795217172,0.06293048709630966
1732437735795217172,0.06293048709630966
1732437735805414223,0.06293048709630966
1732437735805414223,0.06293048709630966
1732437735815712138,0.06293048709630966
1732437735815712138,0.06293048709630966
1732437735825958447,0.06293048709630966
1732437735825958447,0.06293048709630966
1732437735836415147,0.06293048709630966
1732437735836415147,0.06293048709630966
1732437735846912212,0.06394469738006592
1732437735846912212,0.06394469738006592
1732437735857037686,0.06394469738006592
1732437735857037686,0.06394469738006592
1732437735867116052,0.06394469738006592
1732437735867116052,0.06394469738006592
1732437735877730665,0.06394469738006592
1732437735877730665,0.06394469738006592
1732437735888049148,0.06394469738006592
1732437735888049148,0.06394469738006592
1732437735898573203,0.06394469738006592
1732437735898573203,0.06394469738006592
1732437735909448020,0.06394469738006592
1732437735909448020,0.06394469738006592
1732437735919740867,0.06394469738006592
1732437735919740867,0.06394469738006592
1732437735930337366,0.06394469738006592
1732437735930337366,0.06394469738006592
1732437735940431031,0.06394469738006592
1732437735940431031,0.06394469738006592
1732437735950941530,0.06483114510774612
1732437735950941530,0.06483114510774612
1732437735961074639,0.06483114510774612
1732437735961074639,0.06483114510774612
1732437735971755906,0.06483114510774612
1732437735971755906,0.06483114510774612
1732437735982297834,0.06483114510774612
1732437735982297834,0.06483114510774612
1732437735994379815,0.06483114510774612
1732437735994379815,0.06483114510774612
1732437736004601989,0.06483114510774612
1732437736004601989,0.06483114510774612
1732437736014791523,0.06483114510774612
1732437736014791523,0.06483114510774612
1732437736025250738,0.06483114510774612
1732437736025250738,0.06483114510774612
1732437736035770354,0.06483114510774612
1732437736035770354,0.06483114510774612
1732437736046239307,0.06024988740682602
1732437736046239307,0.06024988740682602
1732437736056953204,0.06024988740682602
1732437736056953204,0.06024988740682602
1732437736067132318,0.06024988740682602
1732437736067132318,0.06024988740682602
1732437736077257572,0.06024988740682602
1732437736077257572,0.06024988740682602
1732437736087513147,0.06024988740682602
1732437736087513147,0.06024988740682602
1732437736097804259,0.06024988740682602
1732437736097804259,0.06024988740682602
1732437736107907724,0.06024988740682602
1732437736107907724,0.06024988740682602
1732437736118023109,0.06024988740682602
1732437736118023109,0.06024988740682602
1732437736128604341,0.06024988740682602
1732437736128604341,0.06024988740682602
1732437736140311084,0.06024988740682602
1732437736140311084,0.06012364476919174
1732437736150980249,0.06012364476919174
1732437736150980249,0.06012364476919174
1732437736161389660,0.06012364476919174
1732437736161389660,0.06012364476919174
1732437736172186695,0.06012364476919174
1732437736172186695,0.06012364476919174
1732437736182504056,0.06012364476919174
1732437736182504056,0.06012364476919174
1732437736193240726,0.06012364476919174
1732437736193240726,0.06012364476919174
1732437736203331976,0.06012364476919174
1732437736203331976,0.06012364476919174
1732437736213614372,0.06012364476919174
1732437736213614372,0.06012364476919174
1732437736223955478,0.06012364476919174
1732437736223955478,0.06012364476919174
1732437736234206465,0.06012364476919174
1732437736234206465,0.06012364476919174
1732437736244742412,0.05595654994249344
1732437736244742412,0.05595654994249344
1732437736258418708,0.05595654994249344
1732437736258418708,0.05595654994249344
1732437736268975423,0.05595654994249344
1732437736268975423,0.05595654994249344
1732437736351980790,0.053442589938640594
1732437736351980790,0.053442589938640594
1732437736362525202,0.053442589938640594
1732437736362525202,0.053442589938640594
1732437736373170011,0.053442589938640594
1732437736373170011,0.053442589938640594
1732437736383388838,0.053442589938640594
1732437736383388838,0.053442589938640594
1732437736393847663,0.053442589938640594
1732437736393847663,0.053442589938640594
1732437736403924057,0.053442589938640594
1732437736403924057,0.053442589938640594
1732437736414283465,0.053442589938640594
1732437736414283465,0.053442589938640594
1732437736424898299,0.053442589938640594
1732437736424898299,0.053442589938640594
1732437736435178200,0.053442589938640594
1732437736435178200,0.053442589938640594
1732437736445683457,0.05238838866353035
1732437736445683457,0.05238838866353035
1732437736455854068,0.05238838866353035
1732437736455854068,0.05238838866353035
1732437736466200144,0.05238838866353035
1732437736466200144,0.05238838866353035
1732437736476821249,0.05238838866353035
1732437736476821249,0.05238838866353035
1732437736486910906,0.05238838866353035
1732437736486910906,0.05238838866353035
1732437736497156153,0.05238838866353035
1732437736497156153,0.05238838866353035
1732437736507370201,0.05238838866353035
1732437736507370201,0.05238838866353035
1732437736517791215,0.05238838866353035
1732437736517791215,0.05238838866353035
1732437736528220024,0.05238838866353035
1732437736528220024,0.05238838866353035
1732437736538451886,0.05238838866353035
1732437736538451886,0.05238838866353035
1732437736548604541,0.0520368292927742
1732437736548604541,0.0520368292927742
1732437736558949573,0.0520368292927742
1732437736558949573,0.0520368292927742
1732437736570238770,0.0520368292927742
1732437736570238770,0.0520368292927742
1732437736581014745,0.0520368292927742
1732437736581014745,0.0520368292927742
1732437736591352794,0.0520368292927742
1732437736591352794,0.0520368292927742
1732437736601894162,0.0520368292927742
1732437736601894162,0.0520368292927742
1732437736612337917,0.0520368292927742
1732437736612337917,0.0520368292927742
1732437736622840412,0.0520368292927742
1732437736622840412,0.0520368292927742
1732437736633307591,0.0520368292927742
1732437736633307591,0.0520368292927742
1732437736643486125,0.04970882460474968
1732437736643486125,0.04970882460474968
1732437736653843871,0.04970882460474968
1732437736653843871,0.04970882460474968
1732437736664380259,0.04970882460474968
1732437736664380259,0.04970882460474968
1732437736674676570,0.04970882460474968
1732437736674676570,0.04970882460474968
1732437736685136185,0.04970882460474968
1732437736685136185,0.04970882460474968
1732437736695448626,0.04970882460474968
1732437736695448626,0.04970882460474968
1732437736705776459,0.04970882460474968
1732437736705776459,0.04970882460474968
1732437736716410638,0.04970882460474968
1732437736716410638,0.04970882460474968
1732437736727301962,0.04970882460474968
1732437736727301962,0.04970882460474968
1732437736737656897,0.04970882460474968
1732437736737656897,0.04970882460474968
1732437736748265488,0.049256183207035065
1732437736748265488,0.049256183207035065
1732437736758629788,0.049256183207035065
1732437736758629788,0.049256183207035065
1732437736851741220,0.04621236398816109
1732437736851741220,0.04621236398816109
1732437736862136164,0.04621236398816109
1732437736862136164,0.04621236398816109
1732437736872442436,0.04621236398816109
1732437736872442436,0.04621236398816109
1732437736882939010,0.04621236398816109
1732437736882939010,0.04621236398816109
1732437736893313267,0.04621236398816109
1732437736893313267,0.04621236398816109
1732437736903819449,0.04621236398816109
1732437736903819449,0.04621236398816109
1732437736914219984,0.04621236398816109
1732437736914219984,0.04621236398816109
1732437736924432029,0.04621236398816109
1732437736924432029,0.04621236398816109
1732437736934953561,0.04621236398816109
1732437736934953561,0.04621236398816109
1732437736945135099,0.044263679534196854
1732437736945135099,0.044263679534196854
1732437736955621644,0.044263679534196854
1732437736955621644,0.044263679534196854
1732437736966009425,0.044263679534196854
1732437736966009425,0.044263679534196854
1732437736976400523,0.044263679534196854
1732437736976400523,0.044263679534196854
1732437736986995490,0.044263679534196854
1732437736986995490,0.044263679534196854
1732437736997335414,0.044263679534196854
1732437736997335414,0.044263679534196854
1732437737007587874,0.044263679534196854
1732437737007587874,0.044263679534196854
1732437737017885078,0.044263679534196854
1732437737017885078,0.044263679534196854
1732437737027971038,0.044263679534196854
1732437737027971038,0.044263679534196854
1732437737038209702,0.044263679534196854
1732437737038209702,0.044263679534196854
1732437737048701569,0.04478687047958374
1732437737048701569,0.04478687047958374
1732437737058823006,0.04478687047958374
1732437737058823006,0.04478687047958374
1732437737069189458,0.04478687047958374
1732437737069189458,0.04478687047958374
1732437737079571909,0.04478687047958374
1732437737079571909,0.04478687047958374
1732437737089765660,0.04478687047958374
1732437737089765660,0.04478687047958374
1732437737100129718,0.04478687047958374
1732437737100129718,0.04478687047958374
1732437737110888240,0.04478687047958374
1732437737110888240,0.04478687047958374
1732437737121245394,0.04478687047958374
1732437737121245394,0.04478687047958374
1732437737131494839,0.04478687047958374
1732437737131494839,0.04478687047958374
1732437737141785640,0.04478687047958374
1732437737141785640,0.04478687047958374
1732437737152398508,0.04576344043016434
1732437737152398508,0.04576344043016434
1732437737162731231,0.04576344043016434
1732437737162731231,0.04576344043016434
1732437737172981878,0.04576344043016434
1732437737172981878,0.04576344043016434
1732437737183339924,0.04576344043016434
1732437737183339924,0.04576344043016434
1732437737193667065,0.04576344043016434
1732437737193667065,0.04576344043016434
1732437737204023067,0.04576344043016434
1732437737204023067,0.04576344043016434
1732437737214478264,0.04576344043016434
1732437737214478264,0.04576344043016434
1732437737224645796,0.04576344043016434
1732437737224645796,0.04576344043016434
1732437737235081188,0.04576344043016434
1732437737235081188,0.04576344043016434
1732437737245393910,0.046854160726070404
1732437737245393910,0.046854160726070404
1732437737255985821,0.046854160726070404
1732437737255985821,0.046854160726070404
1732437737266333688,0.046854160726070404
1732437737266333688,0.046854160726070404
1732437737277103793,0.046854160726070404
1732437737277103793,0.046854160726070404
1732437737287316168,0.046854160726070404
1732437737287316168,0.046854160726070404
1732437737297334483,0.046854160726070404
1732437737297334483,0.046854160726070404
1732437737307458504,0.046854160726070404
1732437737307458504,0.046854160726070404
1732437737317868759,0.046854160726070404
1732437737317868759,0.046854160726070404
1732437737328354873,0.046854160726070404
1732437737328354873,0.046854160726070404
1732437737339672102,0.046854160726070404
1732437737339672102,0.046854160726070404
1732437737350038494,0.04718424007296562
1732437737350038494,0.04718424007296562
1732437737360428792,0.04718424007296562
1732437737360428792,0.04718424007296562
1732437737371102536,0.04718424007296562
1732437737371102536,0.04718424007296562
1732437737381707721,0.04718424007296562
1732437737381707721,0.04718424007296562
1732437737391916640,0.04718424007296562
1732437737391916640,0.04718424007296562
1732437737402150257,0.04718424007296562
1732437737402150257,0.04718424007296562
1732437737412769920,0.04718424007296562
1732437737412769920,0.04718424007296562
1732437737423164334,0.04718424007296562
1732437737423164334,0.04718424007296562
1732437737433686895,0.04718424007296562
1732437737433686895,0.04718424007296562
1732437737444195634,0.04660578444600105
1732437737444195634,0.04660578444600105
1732437737548101632,0.04676072672009468
1732437737548101632,0.04676072672009468
1732437737558274283,0.04676072672009468
1732437737558274283,0.04676072672009468
1732437737568767216,0.04676072672009468
1732437737568767216,0.04676072672009468
1732437737579090884,0.04676072672009468
1732437737579090884,0.04676072672009468
1732437737589537168,0.04676072672009468
1732437737589537168,0.04676072672009468
1732437737599959945,0.04676072672009468
1732437737599959945,0.04676072672009468
1732437737610565902,0.04676072672009468
1732437737610565902,0.04676072672009468
1732437737621813263,0.04676072672009468
1732437737621813263,0.04676072672009468
1732437737632041829,0.04676072672009468
1732437737632041829,0.04676072672009468
1732437737642430602,0.04676072672009468
1732437737642430602,0.04676072672009468
1732437737652808427,0.048773184418678284
1732437737652808427,0.048773184418678284
1732437737663338794,0.048773184418678284
1732437737663338794,0.048773184418678284
1732437737673849875,0.048773184418678284
1732437737673849875,0.048773184418678284
1732437737684068291,0.048773184418678284
1732437737684068291,0.048773184418678284
1732437737694642169,0.048773184418678284
1732437737694642169,0.048773184418678284
1732437737704851270,0.048773184418678284
1732437737704851270,0.048773184418678284
1732437737715090385,0.048773184418678284
1732437737715090385,0.048773184418678284
1732437737725577441,0.048773184418678284
1732437737725577441,0.048773184418678284
1732437737735773668,0.048773184418678284
1732437737735773668,0.048773184418678284
1732437737746462339,0.04957660660147667
1732437737746462339,0.04957660660147667
1732437737757023283,0.04957660660147667
1732437737757023283,0.04957660660147667
1732437737767172040,0.04957660660147667
1732437737767172040,0.04957660660147667
1732437737777470756,0.04957660660147667
1732437737777470756,0.04957660660147667
1732437737787656049,0.04957660660147667
1732437737787656049,0.04957660660147667
1732437737797689586,0.04957660660147667
1732437737797689586,0.04957660660147667
1732437737807953747,0.04957660660147667
1732437737807953747,0.04957660660147667
1732437737818385291,0.04957660660147667
1732437737818385291,0.04957660660147667
1732437737829174961,0.04957660660147667
1732437737829174961,0.04957660660147667
1732437737839501929,0.04957660660147667
1732437737839501929,0.04957660660147667
1732437737850178488,0.05229468643665314
1732437737850178488,0.05229468643665314
1732437737860643142,0.05229468643665314
1732437737860643142,0.05229468643665314
1732437737871216560,0.05229468643665314
1732437737871216560,0.05229468643665314
1732437737881828218,0.05229468643665314
1732437737881828218,0.05229468643665314
1732437737892878472,0.05229468643665314
1732437737892878472,0.05229468643665314
1732437737903636423,0.05229468643665314
1732437737903636423,0.05229468643665314
1732437737914381415,0.05229468643665314
1732437737914381415,0.05229468643665314
1732437737924738974,0.05229468643665314
1732437737924738974,0.05229468643665314
1732437737934869487,0.05229468643665314
1732437737934869487,0.05229468643665314
1732437737945268580,0.05012120306491852
1732437737945268580,0.05012120306491852
1732437737955940452,0.05012120306491852
1732437737955940452,0.05012120306491852
1732437737966134393,0.05012120306491852
1732437737966134393,0.05012120306491852
1732437737976598065,0.05012120306491852
1732437737976598065,0.05012120306491852
1732437737987033266,0.05012120306491852
1732437737987033266,0.05012120306491852
1732437737997582709,0.05012120306491852
1732437737997582709,0.05012120306491852
1732437738008418633,0.05012120306491852
1732437738008418633,0.05012120306491852
1732437738018649292,0.05012120306491852
1732437738018649292,0.05012120306491852
1732437738029038477,0.05012120306491852
1732437738029038477,0.05012120306491852
1732437738039532628,0.05012120306491852
1732437738039532628,0.05012120306491852
1732437738150781974,0.05001474916934967
1732437738150781974,0.05001474916934967
1732437738161159956,0.05001474916934967
1732437738161159956,0.05001474916934967
1732437738172088554,0.05001474916934967
1732437738172088554,0.05001474916934967
1732437738182481877,0.05001474916934967
1732437738182481877,0.05001474916934967
1732437738192773970,0.05001474916934967
1732437738192773970,0.05001474916934967
1732437738203550585,0.05001474916934967
1732437738203550585,0.05001474916934967
1732437738214023747,0.05001474916934967
1732437738214023747,0.05001474916934967
1732437738224407491,0.05001474916934967
1732437738224407491,0.05001474916934967
1732437738234648179,0.05001474916934967
1732437738234648179,0.05001474916934967
1732437738245066480,0.048670072108507156
1732437738245066480,0.048670072108507156
1732437738255639776,0.048670072108507156
1732437738255639776,0.048670072108507156
1732437738266168349,0.048670072108507156
1732437738266168349,0.048670072108507156
1732437738276757637,0.048670072108507156
1732437738276757637,0.048670072108507156
1732437738286967258,0.048670072108507156
1732437738286967258,0.048670072108507156
1732437738297249453,0.048670072108507156
1732437738297249453,0.048670072108507156
1732437738307595227,0.048670072108507156
1732437738307595227,0.048670072108507156
1732437738317867255,0.048670072108507156
1732437738317867255,0.048670072108507156
1732437738328268832,0.048670072108507156
1732437738328268832,0.048670072108507156
1732437738338807314,0.048670072108507156
1732437738338807314,0.048670072108507156
1732437738349633982,0.04807940497994423
1732437738453260606,0.046370089054107666
1732437738453260606,0.046370089054107666
1732437738463592714,0.046370089054107666
1732437738463592714,0.046370089054107666
1732437738474407933,0.046370089054107666
1732437738474407933,0.046370089054107666
1732437738484674849,0.046370089054107666
1732437738484674849,0.046370089054107666
1732437738494933882,0.046370089054107666
1732437738494933882,0.046370089054107666
1732437738505419727,0.046370089054107666
1732437738505419727,0.046370089054107666
1732437738515601586,0.046370089054107666
1732437738515601586,0.046370089054107666
1732437738525979960,0.046370089054107666
1732437738525979960,0.046370089054107666
1732437738536649157,0.046370089054107666
1732437738536649157,0.046370089054107666
1732437738546955737,0.04483213648200035
1732437738546955737,0.04483213648200035
1732437738556965122,0.04483213648200035
1732437738556965122,0.04483213648200035
1732437738567309616,0.04483213648200035
1732437738567309616,0.04483213648200035
1732437738577415576,0.04483213648200035
1732437738577415576,0.04483213648200035
1732437738588143529,0.04483213648200035
1732437738588143529,0.04483213648200035
1732437738598724009,0.04483213648200035
1732437738598724009,0.04483213648200035
1732437738608838254,0.04483213648200035
1732437738608838254,0.04483213648200035
1732437738619024652,0.04483213648200035
1732437738619024652,0.04483213648200035
1732437738629101365,0.04483213648200035
1732437738629101365,0.04483213648200035
1732437738639483598,0.04483213648200035
1732437738639483598,0.04483213648200035
1732437738649551294,0.04662885516881943
1732437738649551294,0.04662885516881943
1732437738659901526,0.04662885516881943
1732437738659901526,0.04662885516881943
1732437738673365979,0.04662885516881943
1732437738673365979,0.04662885516881943
1732437738683761906,0.04662885516881943
1732437738683761906,0.04662885516881943
1732437738694153845,0.04662885516881943
1732437738694153845,0.04662885516881943
1732437738704766737,0.04662885516881943
1732437738704766737,0.04662885516881943
1732437738715555013,0.04662885516881943
1732437738715555013,0.04662885516881943
1732437738725876291,0.04662885516881943
1732437738725876291,0.04662885516881943
1732437738736181540,0.04662885516881943
1732437738736181540,0.04662885516881943
1732437738746750449,0.04635939002037048
1732437738746750449,0.04635939002037048
1732437738756868208,0.04635939002037048
1732437738756868208,0.04635939002037048
1732437738767193305,0.04635939002037048
1732437738767193305,0.04635939002037048
1732437738946027840,0.050330255180597305
1732437738946027840,0.050330255180597305
1732437738956413989,0.050330255180597305
1732437738956413989,0.050330255180597305
1732437738966853188,0.050330255180597305
1732437738966853188,0.050330255180597305
1732437738978084688,0.050330255180597305
1732437738978084688,0.050330255180597305
1732437738988254660,0.050330255180597305
1732437738988254660,0.050330255180597305
1732437738998851195,0.050330255180597305
1732437738998851195,0.050330255180597305
1732437739009351757,0.050330255180597305
1732437739009351757,0.050330255180597305
1732437739019578769,0.050330255180597305
1732437739019578769,0.050330255180597305
1732437739029751843,0.050330255180597305
1732437739029751843,0.050330255180597305
1732437739040616077,0.050330255180597305
1732437739040616077,0.053816139698028564
1732437739051044788,0.053816139698028564
1732437739051044788,0.053816139698028564
1732437739061392518,0.053816139698028564
1732437739061392518,0.053816139698028564
1732437739071771994,0.053816139698028564
1732437739071771994,0.053816139698028564
1732437739082143254,0.053816139698028564
1732437739082143254,0.053816139698028564
1732437739092677669,0.053816139698028564
1732437739092677669,0.053816139698028564
1732437739103838209,0.053816139698028564
1732437739103838209,0.053816139698028564
1732437739114381950,0.053816139698028564
1732437739114381950,0.053816139698028564
1732437739124568970,0.053816139698028564
1732437739124568970,0.053816139698028564
1732437739134977430,0.053816139698028564
1732437739134977430,0.053816139698028564
1732437739145120066,0.05748719722032547
1732437739145120066,0.05748719722032547
1732437739155479246,0.05748719722032547
1732437739155479246,0.05748719722032547
1732437739165727859,0.05748719722032547
1732437739165727859,0.05748719722032547
1732437739175936398,0.05748719722032547
1732437739175936398,0.05748719722032547
1732437739186228713,0.05748719722032547
1732437739186228713,0.05748719722032547
1732437739196706673,0.05748719722032547
1732437739196706673,0.05748719722032547
1732437739207167251,0.05748719722032547
1732437739207167251,0.05748719722032547
1732437739217207126,0.05748719722032547
1732437739217207126,0.05748719722032547
1732437739227213760,0.05748719722032547
1732437739227213760,0.05748719722032547
1732437739237625958,0.05748719722032547
1732437739237625958,0.05748719722032547
1732437739248011897,0.06376238167285919
1732437739248011897,0.06376238167285919
1732437739259651927,0.06376238167285919
1732437739259651927,0.06376238167285919
1732437739342610624,0.06057176738977432
1732437739342610624,0.06057176738977432
1732437739352962452,0.06057176738977432
1732437739352962452,0.06057176738977432
1732437739363717979,0.06057176738977432
1732437739363717979,0.06057176738977432
1732437739374022245,0.06057176738977432
1732437739374022245,0.06057176738977432
1732437739384357409,0.06057176738977432
1732437739384357409,0.06057176738977432
1732437739395064366,0.06057176738977432
1732437739395064366,0.06057176738977432
1732437739405263654,0.06057176738977432
1732437739405263654,0.06057176738977432
1732437739415854178,0.06057176738977432
1732437739415854178,0.06057176738977432
1732437739426771974,0.06057176738977432
1732437739426771974,0.06057176738977432
1732437739436914150,0.06057176738977432
1732437739436914150,0.06057176738977432
1732437739447443957,0.05757864937186241
1732437739447443957,0.05757864937186241
1732437739457521471,0.05757864937186241
1732437739457521471,0.05757864937186241
1732437739467970804,0.05757864937186241
1732437739467970804,0.05757864937186241
1732437739478140787,0.05757864937186241
1732437739478140787,0.05757864937186241
1732437739489201088,0.05757864937186241
1732437739489201088,0.05757864937186241
1732437739499561347,0.05757864937186241
1732437739499561347,0.05757864937186241
1732437739509687936,0.05757864937186241
1732437739509687936,0.05757864937186241
1732437739519875335,0.05757864937186241
1732437739519875335,0.05757864937186241
1732437739529992154,0.05757864937186241
1732437739529992154,0.05757864937186241
1732437739540496112,0.05757864937186241
1732437739540496112,0.05757864937186241
1732437739554157882,0.05323712155222893
1732437739554157882,0.05323712155222893
1732437739647789852,0.04990451782941818
1732437739647789852,0.04990451782941818
1732437739658123536,0.04990451782941818
1732437739658123536,0.04990451782941818
1732437739668783446,0.04990451782941818
1732437739668783446,0.04990451782941818
1732437739679019552,0.04990451782941818
1732437739679019552,0.04990451782941818
1732437739689591447,0.04990451782941818
1732437739689591447,0.04990451782941818
1732437739699829875,0.04990451782941818
1732437739699829875,0.04990451782941818
1732437739710662724,0.04990451782941818
1732437739710662724,0.04990451782941818
1732437739720872045,0.04990451782941818
1732437739720872045,0.04990451782941818
1732437739731195978,0.04990451782941818
1732437739731195978,0.04990451782941818
1732437739741587037,0.04990451782941818
1732437739741587037,0.04990451782941818
1732437739752215196,0.04828914999961853
1732437739752215196,0.04828914999961853
1732437739762547474,0.04828914999961853
1732437739762547474,0.04828914999961853
1732437739773048935,0.04828914999961853
1732437739773048935,0.04828914999961853
1732437739783571100,0.04828914999961853
1732437739783571100,0.04828914999961853
1732437739794600757,0.04828914999961853
1732437739794600757,0.04828914999961853
1732437739804910794,0.04828914999961853
1732437739804910794,0.04828914999961853
1732437739815527511,0.04828914999961853
1732437739815527511,0.04828914999961853
1732437739825930222,0.04828914999961853
1732437739825930222,0.04828914999961853
1732437739836605338,0.04828914999961853
1732437739836605338,0.04828914999961853
1732437739847281847,0.04640141502022743
1732437739847281847,0.04640141502022743
1732437739857596975,0.04640141502022743
1732437739857596975,0.04640141502022743
1732437739868538767,0.04640141502022743
1732437739868538767,0.04640141502022743
1732437739878715006,0.04640141502022743
1732437739878715006,0.04640141502022743
1732437739889185141,0.04640141502022743
1732437739889185141,0.04640141502022743
1732437739899628086,0.04640141502022743
1732437739899628086,0.04640141502022743
1732437739909786362,0.04640141502022743
1732437739909786362,0.04640141502022743
1732437739919960847,0.04640141502022743
1732437739919960847,0.04640141502022743
1732437739930592143,0.04640141502022743
1732437739930592143,0.04640141502022743
1732437739940700084,0.04640141502022743
1732437739940700084,0.04640141502022743
1732437739951026012,0.04563777893781662
1732437739951026012,0.04563777893781662
1732437739961265979,0.04563777893781662
1732437739961265979,0.04563777893781662
1732437739972416930,0.04563777893781662
1732437739972416930,0.04563777893781662
1732437739982840960,0.04563777893781662
1732437739982840960,0.04563777893781662
1732437739993393928,0.04563777893781662
1732437739993393928,0.04563777893781662
1732437740003667094,0.04563777893781662
1732437740003667094,0.04563777893781662
1732437740014140539,0.04563777893781662
1732437740014140539,0.04563777893781662
1732437740024522651,0.04563777893781662
1732437740024522651,0.04563777893781662
1732437740034759753,0.04563777893781662
1732437740034759753,0.04563777893781662
1732437740044838170,0.0444934256374836
1732437740044838170,0.0444934256374836
1732437740151046426,0.04440615698695183
1732437740151046426,0.04440615698695183
1732437740161545386,0.04440615698695183
1732437740161545386,0.04440615698695183
1732437740171868517,0.04440615698695183
1732437740171868517,0.04440615698695183
1732437740182421397,0.04440615698695183
1732437740182421397,0.04440615698695183
1732437740192922770,0.04440615698695183
1732437740192922770,0.04440615698695183
1732437740203747315,0.04440615698695183
1732437740203747315,0.04440615698695183
1732437740214051091,0.04440615698695183
1732437740214051091,0.04440615698695183
1732437740224520526,0.04440615698695183
1732437740224520526,0.04440615698695183
1732437740235091208,0.04440615698695183
1732437740235091208,0.04440615698695183
1732437740245227441,0.043499503284692764
1732437740245227441,0.043499503284692764
1732437740255448585,0.043499503284692764
1732437740255448585,0.043499503284692764
1732437740266102802,0.043499503284692764
1732437740266102802,0.043499503284692764
1732437740276757091,0.043499503284692764
1732437740276757091,0.043499503284692764
1732437740287198742,0.043499503284692764
1732437740287198742,0.043499503284692764
1732437740297605260,0.043499503284692764
1732437740297605260,0.043499503284692764
1732437740308055378,0.043499503284692764
1732437740308055378,0.043499503284692764
1732437740318535483,0.043499503284692764
1732437740318535483,0.043499503284692764
1732437740330896713,0.043499503284692764
1732437740330896713,0.043499503284692764
1732437740341046884,0.043499503284692764
1732437740341046884,0.043499503284692764
1732437740351168772,0.04301593080163002
1732437740351168772,0.04301593080163002
1732437740361349130,0.04301593080163002
1732437740361349130,0.04301593080163002
1732437740371661541,0.04301593080163002
1732437740371661541,0.04301593080163002
1732437740381869559,0.04301593080163002
1732437740381869559,0.04301593080163002
1732437740391953647,0.04301593080163002
1732437740391953647,0.04301593080163002
1732437740402314339,0.04301593080163002
1732437740402314339,0.04301593080163002
1732437740412630018,0.04301593080163002
1732437740412630018,0.04301593080163002
1732437740423091236,0.04301593080163002
1732437740423091236,0.04301593080163002
1732437740433478539,0.04301593080163002
1732437740433478539,0.04301593080163002
1732437740444046645,0.04337545484304428
1732437740444046645,0.04337545484304428
1732437740454498648,0.04337545484304428
1732437740454498648,0.04337545484304428
1732437740464783047,0.04337545484304428
1732437740464783047,0.04337545484304428
1732437740475266007,0.04337545484304428
1732437740475266007,0.04337545484304428
1732437740485414344,0.04337545484304428
1732437740485414344,0.04337545484304428
1732437740495696139,0.04337545484304428
1732437740495696139,0.04337545484304428
1732437740506093857,0.04337545484304428
1732437740506093857,0.04337545484304428
1732437740516176966,0.04337545484304428
1732437740516176966,0.04337545484304428
1732437740526546375,0.04337545484304428
1732437740526546375,0.04337545484304428
1732437740536875648,0.04337545484304428
1732437740536875648,0.04337545484304428
1732437740547325757,0.043527353554964066
1732437740547325757,0.043527353554964066
1732437740557781474,0.043527353554964066
1732437740557781474,0.043527353554964066
1732437740568245970,0.043527353554964066
1732437740568245970,0.043527353554964066
1732437740578466521,0.043527353554964066
1732437740578466521,0.043527353554964066
1732437740588765429,0.043527353554964066
1732437740588765429,0.043527353554964066
1732437740599200579,0.043527353554964066
1732437740599200579,0.043527353554964066
1732437740609499726,0.043527353554964066
1732437740609499726,0.043527353554964066
1732437740619890665,0.043527353554964066
1732437740619890665,0.043527353554964066
1732437740630082161,0.043527353554964066
1732437740630082161,0.043527353554964066
1732437740640566915,0.043527353554964066
1732437740640566915,0.043527353554964066
1732437740749046645,0.04238700866699219
1732437740749046645,0.04238700866699219
1732437740759429617,0.04238700866699219
1732437740759429617,0.04238700866699219
1732437740769560341,0.04238700866699219
1732437740769560341,0.04238700866699219
1732437740779782316,0.04238700866699219
1732437740779782316,0.04238700866699219
1732437740790110283,0.04238700866699219
1732437740790110283,0.04238700866699219
1732437740800281193,0.04238700866699219
1732437740800281193,0.04238700866699219
1732437740810768219,0.04238700866699219
1732437740810768219,0.04238700866699219
1732437740820976873,0.04238700866699219
1732437740820976873,0.04238700866699219
1732437740831215757,0.04238700866699219
1732437740831215757,0.04238700866699219
1732437740841444064,0.04238700866699219
1732437740841444064,0.04238700866699219
1732437740851928532,0.043107494711875916
1732437740851928532,0.043107494711875916
1732437740862104355,0.043107494711875916
1732437740862104355,0.043107494711875916
1732437740872708699,0.043107494711875916
1732437740872708699,0.043107494711875916
1732437740882997324,0.043107494711875916
1732437740882997324,0.043107494711875916
1732437740894015983,0.043107494711875916
1732437740894015983,0.043107494711875916
1732437740904297547,0.043107494711875916
1732437740904297547,0.043107494711875916
1732437740914705758,0.043107494711875916
1732437740914705758,0.043107494711875916
1732437740924773745,0.043107494711875916
1732437740924773745,0.043107494711875916
1732437740935004236,0.043107494711875916
1732437740935004236,0.043107494711875916
1732437740945142541,0.042845845222473145
1732437740945142541,0.042845845222473145
1732437740955747542,0.042845845222473145
1732437740955747542,0.042845845222473145
1732437741049719308,0.04251338168978691
1732437741049719308,0.04251338168978691
1732437741059895667,0.04251338168978691
1732437741059895667,0.04251338168978691
1732437741070680639,0.04251338168978691
1732437741070680639,0.04251338168978691
1732437741081170059,0.04251338168978691
1732437741081170059,0.04251338168978691
1732437741091335509,0.04251338168978691
1732437741091335509,0.04251338168978691
1732437741102054096,0.04251338168978691
1732437741102054096,0.04251338168978691
1732437741112554067,0.04251338168978691
1732437741112554067,0.04251338168978691
1732437741122842855,0.04251338168978691
1732437741122842855,0.04251338168978691
1732437741132926874,0.04251338168978691
1732437741132926874,0.04251338168978691
1732437741143231310,0.04295117035508156
1732437741143231310,0.04295117035508156
1732437741153615277,0.04295117035508156
1732437741153615277,0.04295117035508156
1732437741164154570,0.04295117035508156
1732437741164154570,0.04295117035508156
1732437741174809971,0.04295117035508156
1732437741174809971,0.04295117035508156
1732437741185220064,0.04295117035508156
1732437741185220064,0.04295117035508156
1732437741195549989,0.04295117035508156
1732437741195549989,0.04295117035508156
1732437741206129458,0.04295117035508156
1732437741206129458,0.04295117035508156
1732437741217324037,0.04295117035508156
1732437741217324037,0.04295117035508156
1732437741227569849,0.04295117035508156
1732437741227569849,0.04295117035508156
1732437741237876160,0.04295117035508156
1732437741237876160,0.04295117035508156
1732437741247980586,0.043387655168771744
1732437741247980586,0.043387655168771744
1732437741258418100,0.043387655168771744
1732437741258418100,0.043387655168771744
1732437741268851004,0.043387655168771744
1732437741268851004,0.043387655168771744
1732437741279325056,0.043387655168771744
1732437741279325056,0.043387655168771744
1732437741289584715,0.043387655168771744
1732437741289584715,0.043387655168771744
1732437741299922694,0.043387655168771744
1732437741299922694,0.043387655168771744
1732437741311291898,0.043387655168771744
1732437741311291898,0.043387655168771744
1732437741321623675,0.043387655168771744
1732437741321623675,0.043387655168771744
1732437741331728647,0.043387655168771744
1732437741331728647,0.043387655168771744
1732437741343072736,0.043387655168771744
1732437741343072736,0.043387655168771744
1732437741353474014,0.043739043176174164
1732437741353474014,0.043739043176174164
1732437741363690989,0.043739043176174164
1732437741363690989,0.043739043176174164
1732437741374650274,0.043739043176174164
1732437741374650274,0.043739043176174164
1732437741385238891,0.043739043176174164
1732437741385238891,0.043739043176174164
1732437741395675413,0.043739043176174164
1732437741395675413,0.043739043176174164
1732437741406071237,0.043739043176174164
1732437741406071237,0.043739043176174164
1732437741416370855,0.043739043176174164
1732437741416370855,0.043739043176174164
1732437741426947904,0.043739043176174164
1732437741426947904,0.043739043176174164
1732437741437176135,0.043739043176174164
1732437741437176135,0.043739043176174164
1732437741447829777,0.04360818862915039
1732437741447829777,0.04360818862915039
1732437741544317869,0.04399464279413223
1732437741544317869,0.04399464279413223
1732437741554503979,0.04399464279413223
1732437741554503979,0.04399464279413223
1732437741565738036,0.04399464279413223
1732437741565738036,0.04399464279413223
1732437741575861503,0.04399464279413223
1732437741575861503,0.04399464279413223
1732437741586496620,0.04399464279413223
1732437741586496620,0.04399464279413223
1732437741586496620,0.04399464279413223
1732437741586496620,0.04399464279413223
1732437741607232911,0.04399464279413223
1732437741607232911,0.04399464279413223
1732437741617355670,0.04399464279413223
1732437741617355670,0.04399464279413223
1732437741628022703,0.04399464279413223
1732437741628022703,0.04399464279413223
1732437741638437104,0.04399464279413223
1732437741638437104,0.04399464279413223
1732437741649056508,0.04343046247959137
1732437741649056508,0.04343046247959137
1732437741659260816,0.04343046247959137
1732437741659260816,0.04343046247959137
1732437741669735971,0.04343046247959137
1732437741669735971,0.04343046247959137
1732437741680234603,0.04343046247959137
1732437741680234603,0.04343046247959137
1732437741690499533,0.04343046247959137
1732437741690499533,0.04343046247959137
1732437741700849710,0.04343046247959137
1732437741700849710,0.04343046247959137
1732437741711078245,0.04343046247959137
1732437741711078245,0.04343046247959137
1732437741721696207,0.04343046247959137
1732437741721696207,0.04343046247959137
1732437741732187671,0.04343046247959137
1732437741732187671,0.04343046247959137
1732437741742439402,0.04343046247959137
1732437741742439402,0.04343046247959137
1732437741753213251,0.04235483333468437
1732437741753213251,0.04235483333468437
1732437741764360433,0.04235483333468437
1732437741764360433,0.04235483333468437
1732437741774690427,0.04235483333468437
1732437741774690427,0.04235483333468437
1732437741785044130,0.04235483333468437
1732437741785044130,0.04235483333468437
1732437741795373964,0.04235483333468437
1732437741795373964,0.04235483333468437
1732437741806041829,0.04235483333468437
1732437741806041829,0.04235483333468437
1732437741816261978,0.04235483333468437
1732437741816261978,0.04235483333468437
1732437741826883613,0.04235483333468437
1732437741826883613,0.04235483333468437
1732437741837181901,0.04235483333468437
1732437741837181901,0.04235483333468437
1732437741847364994,0.044357575476169586
1732437741847364994,0.044357575476169586
1732437741857501028,0.044357575476169586
1732437741857501028,0.044357575476169586
1732437741951025201,0.04437560960650444
1732437741951025201,0.04437560960650444
1732437741961407097,0.04437560960650444
1732437741961407097,0.04437560960650444
1732437741971504699,0.04437560960650444
1732437741971504699,0.04437560960650444
1732437741982063140,0.04437560960650444
1732437741982063140,0.04437560960650444
1732437741982063140,0.04437560960650444
1732437741982063140,0.04437560960650444
1732437742002947964,0.04437560960650444
1732437742002947964,0.04437560960650444
1732437742013096574,0.04437560960650444
1732437742013096574,0.04437560960650444
1732437742023315845,0.04437560960650444
1732437742023315845,0.04437560960650444
1732437742033916823,0.04437560960650444
1732437742033916823,0.04437560960650444
1732437742044029344,0.046852219849824905
1732437742044029344,0.046852219849824905
1732437742054344090,0.046852219849824905
1732437742054344090,0.046852219849824905
1732437742064630365,0.046852219849824905
1732437742064630365,0.046852219849824905
1732437742075082497,0.046852219849824905
1732437742075082497,0.046852219849824905
1732437742085242195,0.046852219849824905
1732437742085242195,0.046852219849824905
1732437742095691953,0.046852219849824905
1732437742095691953,0.046852219849824905
1732437742105959992,0.046852219849824905
1732437742105959992,0.046852219849824905
1732437742116384250,0.046852219849824905
1732437742116384250,0.046852219849824905
1732437742127032951,0.046852219849824905
1732437742127032951,0.046852219849824905
1732437742137299264,0.046852219849824905
1732437742137299264,0.046852219849824905
1732437742147326590,0.04770703613758087
1732437742147326590,0.04770703613758087
1732437742157390911,0.04770703613758087
1732437742157390911,0.04770703613758087
1732437742167751634,0.04770703613758087
1732437742167751634,0.04770703613758087
1732437742177960610,0.04770703613758087
1732437742177960610,0.04770703613758087
1732437742188259232,0.04770703613758087
1732437742188259232,0.04770703613758087
1732437742198690074,0.04770703613758087
1732437742198690074,0.04770703613758087
1732437742208893300,0.04770703613758087
1732437742208893300,0.04770703613758087
1732437742219463456,0.04770703613758087
1732437742219463456,0.04770703613758087
1732437742230031492,0.04770703613758087
1732437742230031492,0.04770703613758087
1732437742240466573,0.04770703613758087
1732437742240466573,0.04770703613758087
1732437742250582941,0.04954557493329048
1732437742250582941,0.04954557493329048
1732437742260844580,0.04954557493329048
1732437742260844580,0.04954557493329048
1732437742271226792,0.04954557493329048
1732437742271226792,0.04954557493329048
1732437742281862004,0.04954557493329048
1732437742281862004,0.04954557493329048
1732437742292724931,0.04954557493329048
1732437742292724931,0.04954557493329048
1732437742303414745,0.04954557493329048
1732437742303414745,0.04954557493329048
1732437742313774445,0.04954557493329048
1732437742313774445,0.04954557493329048
1732437742323959461,0.04954557493329048
1732437742323959461,0.04954557493329048
1732437742334441468,0.04954557493329048
1732437742334441468,0.04954557493329048
1732437742344652924,0.050007399171590805
1732437742344652924,0.050007399171590805
1732437742355006903,0.050007399171590805
1732437742355006903,0.050007399171590805
1732437742365054463,0.050007399171590805
1732437742365054463,0.050007399171590805
1732437742375366566,0.050007399171590805
1732437742375366566,0.050007399171590805
1732437742385917387,0.050007399171590805
1732437742385917387,0.050007399171590805
1732437742396266052,0.050007399171590805
1732437742396266052,0.050007399171590805
1732437742406922674,0.050007399171590805
1732437742406922674,0.050007399171590805
1732437742416964343,0.050007399171590805
1732437742416964343,0.050007399171590805
1732437742427132718,0.050007399171590805
1732437742427132718,0.050007399171590805
1732437742437449848,0.050007399171590805
1732437742437449848,0.050007399171590805
1732437742447950952,0.0501846969127655
1732437742447950952,0.0501846969127655
1732437742552864163,0.051486872136592865
1732437742552864163,0.051486872136592865
1732437742563002041,0.051486872136592865
1732437742563002041,0.051486872136592865
1732437742573507322,0.051486872136592865
1732437742573507322,0.051486872136592865
1732437742583910270,0.051486872136592865
1732437742583910270,0.051486872136592865
1732437742594214320,0.051486872136592865
1732437742594214320,0.051486872136592865
1732437742604716566,0.051486872136592865
1732437742604716566,0.051486872136592865
1732437742615493301,0.051486872136592865
1732437742615493301,0.051486872136592865
1732437742625946965,0.051486872136592865
1732437742625946965,0.051486872136592865
1732437742636376306,0.051486872136592865
1732437742636376306,0.051486872136592865
1732437742647001776,0.05150654539465904
1732437742647001776,0.05150654539465904
1732437742657333319,0.05150654539465904
1732437742657333319,0.05150654539465904
1732437742667390967,0.05150654539465904
1732437742667390967,0.05150654539465904
1732437742677555575,0.05150654539465904
1732437742677555575,0.05150654539465904
1732437742687681891,0.05150654539465904
1732437742687681891,0.05150654539465904
1732437742698098767,0.05150654539465904
1732437742698098767,0.05150654539465904
1732437742708358593,0.05150654539465904
1732437742708358593,0.05150654539465904
1732437742718805766,0.05150654539465904
1732437742718805766,0.05150654539465904
1732437742729116796,0.05150654539465904
1732437742729116796,0.05150654539465904
1732437742739470185,0.05150654539465904
1732437742739470185,0.05150654539465904
1732437742750032421,0.051220376044511795
1732437742750032421,0.051220376044511795
1732437742760489904,0.051220376044511795
1732437742760489904,0.051220376044511795
1732437742771148350,0.051220376044511795
1732437742771148350,0.051220376044511795
1732437742781657908,0.051220376044511795
1732437742781657908,0.051220376044511795
1732437742791869895,0.051220376044511795
1732437742791869895,0.051220376044511795
1732437742802377158,0.051220376044511795
1732437742802377158,0.051220376044511795
1732437742814669062,0.051220376044511795
1732437742814669062,0.051220376044511795
1732437742825064868,0.051220376044511795
1732437742825064868,0.051220376044511795
1732437742835478880,0.051220376044511795
1732437742835478880,0.051220376044511795
1732437742845804729,0.051834236830472946
1732437742845804729,0.051834236830472946
1732437742856380300,0.051834236830472946
1732437742856380300,0.051834236830472946
1732437742866611271,0.051834236830472946
1732437742866611271,0.051834236830472946
1732437742877077829,0.051834236830472946
1732437742877077829,0.051834236830472946
1732437742887460763,0.051834236830472946
1732437742887460763,0.051834236830472946
1732437742897663920,0.051834236830472946
1732437742897663920,0.051834236830472946
1732437742907837837,0.051834236830472946
1732437742907837837,0.051834236830472946
1732437742917975456,0.051834236830472946
1732437742917975456,0.051834236830472946
1732437742928203250,0.051834236830472946
1732437742928203250,0.051834236830472946
1732437742938500114,0.051834236830472946
1732437742938500114,0.051834236830472946
1732437742948898007,0.05215664952993393
1732437742948898007,0.05215664952993393
1732437742959446557,0.05215664952993393
1732437742959446557,0.05215664952993393
1732437742969523329,0.05215664952993393
1732437742969523329,0.05215664952993393
1732437742980017702,0.05215664952993393
1732437742980017702,0.05215664952993393
1732437742990269472,0.05215664952993393
1732437742990269472,0.05215664952993393
1732437743000748716,0.05215664952993393
1732437743000748716,0.05215664952993393
1732437743011122551,0.05215664952993393
1732437743011122551,0.05215664952993393
1732437743021653250,0.05215664952993393
1732437743021653250,0.05215664952993393
1732437743032160714,0.05215664952993393
1732437743032160714,0.05215664952993393
1732437743042365537,0.0519748292863369
1732437743053158654,0.0519748292863369
1732437743053158654,0.0519748292863369
1732437743149437713,0.052223075181245804
1732437743149437713,0.052223075181245804
1732437743159873985,0.052223075181245804
1732437743159873985,0.052223075181245804
1732437743170165129,0.052223075181245804
1732437743170165129,0.052223075181245804
1732437743180461222,0.052223075181245804
1732437743180461222,0.052223075181245804
1732437743190831481,0.052223075181245804
1732437743190831481,0.052223075181245804
1732437743200972376,0.052223075181245804
1732437743200972376,0.052223075181245804
1732437743211457479,0.052223075181245804
1732437743211457479,0.052223075181245804
1732437743221911745,0.052223075181245804
1732437743221911745,0.052223075181245804
1732437743232555084,0.052223075181245804
1732437743232555084,0.052223075181245804
1732437743242632509,0.052223075181245804
1732437743242632509,0.052400801330804825
1732437743253154962,0.052400801330804825
1732437743253154962,0.052400801330804825
1732437743263512094,0.052400801330804825
1732437743263512094,0.052400801330804825
1732437743273620110,0.052400801330804825
1732437743273620110,0.052400801330804825
1732437743283823640,0.052400801330804825
1732437743283823640,0.052400801330804825
1732437743294050885,0.052400801330804825
1732437743294050885,0.052400801330804825
1732437743304189820,0.052400801330804825
1732437743304189820,0.052400801330804825
1732437743314718278,0.052400801330804825
1732437743314718278,0.052400801330804825
1732437743325164741,0.052400801330804825
1732437743325164741,0.052400801330804825
1732437743335767624,0.052400801330804825
1732437743335767624,0.052400801330804825
1732437743346009354,0.05212737247347832
1732437743346009354,0.05212737247347832
1732437743356259879,0.05212737247347832
1732437743356259879,0.05212737247347832
1732437743366592803,0.05212737247347832
1732437743366592803,0.05212737247347832
1732437743377313925,0.05212737247347832
1732437743377313925,0.05212737247347832
1732437743387589951,0.05212737247347832
1732437743387589951,0.05212737247347832
1732437743397892765,0.05212737247347832
1732437743397892765,0.05212737247347832
1732437743408590504,0.05212737247347832
1732437743408590504,0.05212737247347832
1732437743419268466,0.05212737247347832
1732437743419268466,0.05212737247347832
1732437743429754561,0.05212737247347832
1732437743429754561,0.05212737247347832
1732437743439881358,0.05212737247347832
1732437743439881358,0.05212737247347832
1732437743450377133,0.05078945308923721
1732437743450377133,0.05078945308923721
1732437743461176600,0.05078945308923721
1732437743461176600,0.05078945308923721
1732437743471461642,0.05078945308923721
1732437743471461642,0.05078945308923721
1732437743481880172,0.05078945308923721
1732437743481880172,0.05078945308923721
1732437743492456476,0.05078945308923721
1732437743492456476,0.05078945308923721
1732437743503097228,0.05078945308923721
1732437743503097228,0.05078945308923721
1732437743513576130,0.05078945308923721
1732437743513576130,0.05078945308923721
1732437743524788156,0.05078945308923721
1732437743524788156,0.05078945308923721
1732437743535203909,0.05078945308923721
1732437743535203909,0.05078945308923721
1732437743545677472,0.04974374547600746
1732437743545677472,0.04974374547600746
1732437743555897844,0.04974374547600746
1732437743555897844,0.04974374547600746
1732437743566105701,0.04974374547600746
1732437743566105701,0.04974374547600746
1732437743576565860,0.04974374547600746
1732437743576565860,0.04974374547600746
1732437743587002222,0.04974374547600746
1732437743587002222,0.04974374547600746
1732437743597296922,0.04974374547600746
1732437743597296922,0.04974374547600746
1732437743607549314,0.04974374547600746
1732437743607549314,0.04974374547600746
1732437743617922700,0.04974374547600746
1732437743617922700,0.04974374547600746
1732437743628417610,0.04974374547600746
1732437743628417610,0.04974374547600746
1732437743638804723,0.04974374547600746
1732437743638804723,0.04974374547600746
1732437743649137544,0.05013293772935867
1732437743649137544,0.05013293772935867
1732437743659269210,0.05013293772935867
1732437743659269210,0.05013293772935867
1732437743669471969,0.05013293772935867
1732437743669471969,0.05013293772935867
1732437743679821350,0.05013293772935867
1732437743679821350,0.05013293772935867
1732437743690310431,0.05013293772935867
1732437743690310431,0.05013293772935867
1732437743700786488,0.05013293772935867
1732437743700786488,0.05013293772935867
1732437743711073143,0.05013293772935867
1732437743711073143,0.05013293772935867
1732437743721604392,0.05013293772935867
1732437743721604392,0.05013293772935867
1732437743731921744,0.05013293772935867
1732437743731921744,0.05013293772935867
1732437743742386019,0.05013293772935867
1732437743742386019,0.05013293772935867
1732437743742386019,0.051536425948143005
1732437743742386019,0.051536425948143005
1732437743763333965,0.051536425948143005
1732437743763333965,0.051536425948143005
1732437743773924775,0.051536425948143005
1732437743773924775,0.051536425948143005
1732437743784387937,0.051536425948143005
1732437743784387937,0.051536425948143005
1732437743795045352,0.051536425948143005
1732437743795045352,0.051536425948143005
1732437743805541397,0.051536425948143005
1732437743805541397,0.051536425948143005
1732437743816071413,0.051536425948143005
1732437743816071413,0.051536425948143005
1732437743826529377,0.051536425948143005
1732437743826529377,0.051536425948143005
1732437743836977021,0.051536425948143005
1732437743836977021,0.051536425948143005
1732437743847379006,0.052286893129348755
1732437743847379006,0.052286893129348755
1732437743857733080,0.052286893129348755
1732437743857733080,0.052286893129348755
1732437743867896977,0.052286893129348755
1732437743867896977,0.052286893129348755
1732437743878607218,0.052286893129348755
1732437743878607218,0.052286893129348755
1732437743888811170,0.052286893129348755
1732437743888811170,0.052286893129348755
1732437743899309658,0.052286893129348755
1732437743899309658,0.052286893129348755
1732437743899309658,0.052286893129348755
1732437743899309658,0.052286893129348755
1732437743919821140,0.052286893129348755
1732437743919821140,0.052286893129348755
1732437743930107347,0.052286893129348755
1732437743930107347,0.052286893129348755
1732437743940713575,0.052286893129348755
1732437743940713575,0.052286893129348755
1732437743951078697,0.05445990711450577
1732437743951078697,0.05445990711450577
1732437743961136196,0.05445990711450577
1732437743961136196,0.05445990711450577
1732437743971720563,0.05445990711450577
1732437743971720563,0.05445990711450577
1732437743982140086,0.05445990711450577
1732437743982140086,0.05445990711450577
1732437743992629287,0.05445990711450577
1732437743992629287,0.05445990711450577
1732437744003149796,0.05445990711450577
1732437744003149796,0.05445990711450577
1732437744013516159,0.05445990711450577
1732437744013516159,0.05445990711450577
1732437744023672712,0.05445990711450577
1732437744023672712,0.05445990711450577
1732437744033937796,0.05445990711450577
1732437744033937796,0.05445990711450577
1732437744044229151,0.05521057918667793
1732437744044229151,0.05521057918667793
1732437744054354264,0.05521057918667793
1732437744054354264,0.05521057918667793
1732437744064625090,0.05521057918667793
1732437744064625090,0.05521057918667793
1732437744074729783,0.05521057918667793
1732437744074729783,0.05521057918667793
1732437744084825443,0.05521057918667793
1732437744084825443,0.05521057918667793
1732437744095274232,0.05521057918667793
1732437744095274232,0.05521057918667793
1732437744105502569,0.05521057918667793
1732437744105502569,0.05521057918667793
1732437744115830530,0.05521057918667793
1732437744115830530,0.05521057918667793
1732437744126261733,0.05521057918667793
1732437744126261733,0.05521057918667793
1732437744136970483,0.05521057918667793
1732437744136970483,0.05521057918667793
1732437744147084888,0.05705578625202179
1732437744147084888,0.05705578625202179
1732437744157205475,0.05705578625202179
1732437744157205475,0.05705578625202179
1732437744167264341,0.05705578625202179
1732437744167264341,0.05705578625202179
1732437744177914706,0.05705578625202179
1732437744177914706,0.05705578625202179
1732437744188263768,0.05705578625202179
1732437744188263768,0.05705578625202179
1732437744198803282,0.05705578625202179
1732437744198803282,0.05705578625202179
1732437744208878634,0.05705578625202179
1732437744208878634,0.05705578625202179
1732437744219076344,0.05705578625202179
1732437744219076344,0.05705578625202179
1732437744229702441,0.05705578625202179
1732437744229702441,0.05705578625202179
1732437744240131550,0.05705578625202179
1732437744240131550,0.05705578625202179
1732437744250714004,0.05705578625202179
1732437744250714004,0.05705578625202179
1732437744261287633,0.062055524438619614
1732437744261287633,0.062055524438619614
1732437744271481034,0.062055524438619614
1732437744271481034,0.062055524438619614
1732437744281771126,0.062055524438619614
1732437744281771126,0.062055524438619614
1732437744291871584,0.062055524438619614
1732437744291871584,0.062055524438619614
1732437744302448309,0.062055524438619614
1732437744302448309,0.062055524438619614
1732437744312866519,0.062055524438619614
1732437744312866519,0.062055524438619614
1732437744323361450,0.062055524438619614
1732437744323361450,0.062055524438619614
1732437744333862052,0.062055524438619614
1732437744333862052,0.062055524438619614
1732437744344054533,0.06409379094839096
1732437744344054533,0.06409379094839096
1732437744358183381,0.06409379094839096
1732437744358183381,0.06409379094839096
1732437744368526532,0.06409379094839096
1732437744368526532,0.06409379094839096
1732437744378891190,0.06409379094839096
1732437744378891190,0.06409379094839096
1732437744389083671,0.06409379094839096
1732437744389083671,0.06409379094839096
1732437744399886185,0.06409379094839096
1732437744399886185,0.06409379094839096
1732437744410577247,0.06409379094839096
1732437744410577247,0.06409379094839096
1732437744420852725,0.06409379094839096
1732437744420852725,0.06409379094839096
1732437744431379517,0.06409379094839096
1732437744431379517,0.06409379094839096
1732437744441891841,0.06409379094839096
1732437744441891841,0.06409379094839096
1732437744452146718,0.06628882884979248
1732437744452146718,0.06628882884979248
1732437744462573131,0.06628882884979248
1732437744462573131,0.06628882884979248
1732437744472994677,0.06628882884979248
1732437744472994677,0.06628882884979248
1732437744483367693,0.06628882884979248
1732437744483367693,0.06628882884979248
1732437744493921554,0.06628882884979248
1732437744493921554,0.06628882884979248
1732437744504074681,0.06628882884979248
1732437744504074681,0.06628882884979248
1732437744514554155,0.06628882884979248
1732437744514554155,0.06628882884979248
1732437744524827845,0.06628882884979248
1732437744524827845,0.06628882884979248
1732437744535375374,0.06628882884979248
1732437744535375374,0.06628882884979248
1732437744545768117,0.06654254347085953
1732437744545768117,0.06654254347085953
1732437744555976016,0.06654254347085953
1732437744555976016,0.06654254347085953
1732437744566175454,0.06654254347085953
1732437744566175454,0.06654254347085953
1732437744576607923,0.06654254347085953
1732437744576607923,0.06654254347085953
1732437744587577729,0.06654254347085953
1732437744587577729,0.06654254347085953
1732437744597846180,0.06654254347085953
1732437744597846180,0.06654254347085953
1732437744608002162,0.06654254347085953
1732437744608002162,0.06654254347085953
1732437744618170666,0.06654254347085953
1732437744618170666,0.06654254347085953
1732437744628509335,0.06654254347085953
1732437744628509335,0.06654254347085953
1732437744639103455,0.06654254347085953
1732437744639103455,0.06654254347085953
1732437744649181932,0.0668552815914154
1732437744649181932,0.0668552815914154
1732437744659404715,0.0668552815914154
1732437744659404715,0.0668552815914154
1732437744669939325,0.0668552815914154
1732437744669939325,0.0668552815914154
1732437744680285491,0.0668552815914154
1732437744680285491,0.0668552815914154
1732437744691012975,0.0668552815914154
1732437744691012975,0.0668552815914154
1732437744701780123,0.0668552815914154
1732437744701780123,0.0668552815914154
1732437744713578780,0.0668552815914154
1732437744713578780,0.0668552815914154
1732437744724164090,0.0668552815914154
1732437744724164090,0.0668552815914154
1732437744734701891,0.0668552815914154
1732437744734701891,0.0668552815914154
1732437744745161838,0.06630098074674606
1732437744745161838,0.06630098074674606
1732437744755279478,0.06630098074674606
1732437744755279478,0.06630098074674606
1732437744765735228,0.06630098074674606
1732437744765735228,0.06630098074674606
1732437744776276286,0.06630098074674606
1732437744776276286,0.06630098074674606
1732437744786751010,0.06630098074674606
1732437744786751010,0.06630098074674606
1732437744797325470,0.06630098074674606
1732437744797325470,0.06630098074674606
1732437744807499074,0.06630098074674606
1732437744807499074,0.06630098074674606
1732437744817758078,0.06630098074674606
1732437744817758078,0.06630098074674606
1732437744828003045,0.06630098074674606
1732437744828003045,0.06630098074674606
1732437744838108063,0.06630098074674606
1732437744838108063,0.06630098074674606
1732437744848372316,0.06830833852291107
1732437744848372316,0.06830833852291107
1732437744858634014,0.06830833852291107
1732437744858634014,0.06830833852291107
1732437744868878962,0.06830833852291107
1732437744868878962,0.06830833852291107
1732437744879310807,0.06830833852291107
1732437744879310807,0.06830833852291107
1732437744889740066,0.06830833852291107
1732437744889740066,0.06830833852291107
1732437744900030798,0.06830833852291107
1732437744900030798,0.06830833852291107
1732437744910290283,0.06830833852291107
1732437744910290283,0.06830833852291107
1732437744920663900,0.06830833852291107
1732437744920663900,0.06830833852291107
1732437744931203415,0.06830833852291107
1732437744931203415,0.06830833852291107
1732437744941727251,0.06830833852291107
1732437744941727251,0.06830833852291107
1732437744952224437,0.06763449311256409
1732437744952224437,0.06763449311256409
1732437744962626156,0.06763449311256409
1732437744962626156,0.06763449311256409
1732437744973154129,0.06763449311256409
1732437744973154129,0.06763449311256409
1732437744983542423,0.06763449311256409
1732437744983542423,0.06763449311256409
1732437744993745213,0.06763449311256409
1732437744993745213,0.06763449311256409
1732437745003923766,0.06763449311256409
1732437745003923766,0.06763449311256409
1732437745014550313,0.06763449311256409
1732437745014550313,0.06763449311256409
1732437745027511450,0.06763449311256409
1732437745027511450,0.06763449311256409
1732437745037730790,0.06763449311256409
1732437745037730790,0.06763449311256409
1732437745048040498,0.06851973384618759
1732437745048040498,0.06851973384618759
1732437745058731524,0.06851973384618759
1732437745058731524,0.06851973384618759
1732437745068910920,0.06851973384618759
1732437745068910920,0.06851973384618759
1732437745079073204,0.06851973384618759
1732437745079073204,0.06851973384618759
1732437745089853998,0.06851973384618759
1732437745089853998,0.06851973384618759
1732437745100499569,0.06851973384618759
1732437745100499569,0.06851973384618759
1732437745111167493,0.06851973384618759
1732437745111167493,0.06851973384618759
1732437745121748035,0.06851973384618759
1732437745121748035,0.06851973384618759
1732437745131997581,0.06851973384618759
1732437745131997581,0.06851973384618759
1732437745142277463,0.06851973384618759
1732437745142277463,0.06851973384618759
1732437745155496801,0.06990238279104233
1732437745155496801,0.06990238279104233
1732437745165719546,0.06990238279104233
1732437745165719546,0.06990238279104233
1732437745176088895,0.06990238279104233
1732437745176088895,0.06990238279104233
1732437745186432577,0.06990238279104233
1732437745186432577,0.06990238279104233
1732437745196839034,0.06990238279104233
1732437745196839034,0.06990238279104233
1732437745206995297,0.06990238279104233
1732437745206995297,0.06990238279104233
1732437745217186119,0.06990238279104233
1732437745217186119,0.06990238279104233
1732437745227526949,0.06990238279104233
1732437745227526949,0.06990238279104233
1732437745237953404,0.06990238279104233
1732437745237953404,0.06990238279104233
1732437745248439000,0.07207518815994263
1732437745248439000,0.07207518815994263
1732437745259034389,0.07207518815994263
1732437745259034389,0.07207518815994263
1732437745269584223,0.07207518815994263
1732437745269584223,0.07207518815994263
1732437745279831373,0.07207518815994263
1732437745279831373,0.07207518815994263
1732437745290440187,0.07207518815994263
1732437745290440187,0.07207518815994263
1732437745300579800,0.07207518815994263
1732437745300579800,0.07207518815994263
1732437745311346687,0.07207518815994263
1732437745311346687,0.07207518815994263
1732437745321723411,0.07207518815994263
1732437745321723411,0.07207518815994263
1732437745332150455,0.07207518815994263
1732437745332150455,0.07207518815994263
1732437745342953150,0.07207518815994263
1732437745342953150,0.07265306264162064
1732437745353162211,0.07265306264162064
1732437745353162211,0.07265306264162064
1732437745363470617,0.07265306264162064
1732437745363470617,0.07265306264162064
1732437745373977872,0.07265306264162064
1732437745373977872,0.07265306264162064
1732437745384672115,0.07265306264162064
1732437745384672115,0.07265306264162064
1732437745395366136,0.07265306264162064
1732437745395366136,0.07265306264162064
1732437745405789275,0.07265306264162064
1732437745405789275,0.07265306264162064
1732437745416397689,0.07265306264162064
1732437745416397689,0.07265306264162064
1732437745427143377,0.07265306264162064
1732437745427143377,0.07265306264162064
1732437745437519656,0.07265306264162064
1732437745437519656,0.07265306264162064
1732437745450754955,0.07278376072645187
1732437745450754955,0.07278376072645187
1732437745461075393,0.07278376072645187
1732437745461075393,0.07278376072645187
1732437745471312726,0.07278376072645187
1732437745471312726,0.07278376072645187
1732437745481699398,0.07278376072645187
1732437745481699398,0.07278376072645187
1732437745492172029,0.07278376072645187
1732437745492172029,0.07278376072645187
1732437745502933016,0.07278376072645187
1732437745502933016,0.07278376072645187
1732437745513353870,0.07278376072645187
1732437745513353870,0.07278376072645187
1732437745523728929,0.07278376072645187
1732437745523728929,0.07278376072645187
1732437745534059886,0.07278376072645187
1732437745534059886,0.07278376072645187
1732437745544522509,0.07452113926410675
1732437745544522509,0.07452113926410675
1732437745554860991,0.07452113926410675
1732437745554860991,0.07452113926410675
1732437745565266866,0.07452113926410675
1732437745565266866,0.07452113926410675
1732437745575711435,0.07452113926410675
1732437745575711435,0.07452113926410675
1732437745585986970,0.07452113926410675
1732437745585986970,0.07452113926410675
1732437745596706420,0.07452113926410675
1732437745596706420,0.07452113926410675
1732437745607733862,0.07452113926410675
1732437745607733862,0.07452113926410675
1732437745617901667,0.07452113926410675
1732437745617901667,0.07452113926410675
1732437745628470194,0.07452113926410675
1732437745628470194,0.07452113926410675
1732437745638945871,0.07452113926410675
1732437745638945871,0.07452113926410675
1732437745649348763,0.07187183201313019
1732437745649348763,0.07187183201313019
1732437745660165244,0.07187183201313019
1732437745660165244,0.07187183201313019
1732437745670389072,0.07187183201313019
1732437745670389072,0.07187183201313019
1732437745680591970,0.07187183201313019
1732437745680591970,0.07187183201313019
1732437745690851184,0.07187183201313019
1732437745690851184,0.07187183201313019
1732437745701330027,0.07187183201313019
1732437745701330027,0.07187183201313019
1732437745711498829,0.07187183201313019
1732437745711498829,0.07187183201313019
1732437745721946965,0.07187183201313019
1732437745721946965,0.07187183201313019
1732437745732528612,0.07187183201313019
1732437745732528612,0.07187183201313019
1732437745742748762,0.07187183201313019
1732437745742748762,0.07187183201313019
1732437745757994898,0.07322423905134201
1732437745757994898,0.07322423905134201
1732437745768480924,0.07322423905134201
1732437745768480924,0.07322423905134201
1732437745778732193,0.07322423905134201
1732437745778732193,0.07322423905134201
1732437745789342389,0.07322423905134201
1732437745789342389,0.07322423905134201
1732437745799502920,0.07322423905134201
1732437745799502920,0.07322423905134201
1732437745809821013,0.07322423905134201
1732437745809821013,0.07322423905134201
1732437745820037176,0.07322423905134201
1732437745820037176,0.07322423905134201
1732437745830446490,0.07322423905134201
1732437745830446490,0.07322423905134201
1732437745840639842,0.07322423905134201
1732437745840639842,0.07322423905134201
1732437745850983944,0.07223402708768845
1732437745850983944,0.07223402708768845
1732437745861542464,0.07223402708768845
1732437745861542464,0.07223402708768845
1732437745872077771,0.07223402708768845
1732437745872077771,0.07223402708768845
1732437745882415211,0.07223402708768845
1732437745882415211,0.07223402708768845
1732437745893098945,0.07223402708768845
1732437745893098945,0.07223402708768845
1732437745903205565,0.07223402708768845
1732437745903205565,0.07223402708768845
1732437745913613465,0.07223402708768845
1732437745913613465,0.07223402708768845
1732437745924181042,0.07223402708768845
1732437745924181042,0.07223402708768845
1732437745934442500,0.07223402708768845
1732437745934442500,0.07223402708768845
1732437745944895585,0.07236961275339127
1732437745944895585,0.07236961275339127
1732437745955026250,0.07236961275339127
1732437745955026250,0.07236961275339127
1732437745965602072,0.07236961275339127
1732437745965602072,0.07236961275339127
1732437745975993431,0.07236961275339127
1732437745975993431,0.07236961275339127
1732437745986442018,0.07236961275339127
1732437745986442018,0.07236961275339127
1732437745996723303,0.07236961275339127
1732437745996723303,0.07236961275339127
1732437746007098332,0.07236961275339127
1732437746007098332,0.07236961275339127
1732437746017635534,0.07236961275339127
1732437746017635534,0.07236961275339127
1732437746027887543,0.07236961275339127
1732437746027887543,0.07236961275339127
1732437746038343473,0.07236961275339127
1732437746038343473,0.07236961275339127
1732437746048846951,0.07142384350299835
1732437746048846951,0.07142384350299835
1732437746059125241,0.07142384350299835
1732437746059125241,0.07142384350299835
1732437746069564701,0.07142384350299835
1732437746069564701,0.07142384350299835
1732437746079776966,0.07142384350299835
1732437746079776966,0.07142384350299835
1732437746090334806,0.07142384350299835
1732437746090334806,0.07142384350299835
1732437746100885161,0.07142384350299835
1732437746100885161,0.07142384350299835
1732437746111147852,0.07142384350299835
1732437746111147852,0.07142384350299835
1732437746121494459,0.07142384350299835
1732437746121494459,0.07142384350299835
1732437746131974163,0.07142384350299835
1732437746131974163,0.07142384350299835
1732437746142501355,0.07142384350299835
1732437746142501355,0.07142384350299835
1732437746153061778,0.07080131769180298
1732437746153061778,0.07080131769180298
1732437746163671754,0.07080131769180298
1732437746163671754,0.07080131769180298
1732437746174023821,0.07080131769180298
1732437746174023821,0.07080131769180298
1732437746184112448,0.07080131769180298
1732437746184112448,0.07080131769180298
1732437746194298066,0.07080131769180298
1732437746194298066,0.07080131769180298
1732437746205512356,0.07080131769180298
1732437746205512356,0.07080131769180298
1732437746215981841,0.07080131769180298
1732437746215981841,0.07080131769180298
1732437746226539450,0.07080131769180298
1732437746226539450,0.07080131769180298
1732437746237035846,0.07080131769180298
1732437746237035846,0.07080131769180298
1732437746247342317,0.07051926106214523
1732437746247342317,0.07051926106214523
1732437746257519047,0.07051926106214523
1732437746257519047,0.07051926106214523
1732437746268269364,0.07051926106214523
1732437746268269364,0.07051926106214523
1732437746278555218,0.07051926106214523
1732437746278555218,0.07051926106214523
1732437746289062384,0.07051926106214523
1732437746289062384,0.07051926106214523
1732437746299248091,0.07051926106214523
1732437746299248091,0.07051926106214523
1732437746309661913,0.07051926106214523
1732437746309661913,0.07051926106214523
1732437746319860754,0.07051926106214523
1732437746319860754,0.07051926106214523
1732437746330175972,0.07051926106214523
1732437746330175972,0.07051926106214523
1732437746340310620,0.07051926106214523
1732437746340310620,0.07051926106214523
1732437746350743371,0.07056723535060883
1732437746350743371,0.07056723535060883
1732437746361133008,0.07056723535060883
1732437746361133008,0.07056723535060883
1732437746371490024,0.07056723535060883
1732437746371490024,0.07056723535060883
1732437746382004743,0.07056723535060883
1732437746382004743,0.07056723535060883
1732437746392271381,0.07056723535060883
1732437746392271381,0.07056723535060883
1732437746402767315,0.07056723535060883
1732437746402767315,0.07056723535060883
1732437746412996623,0.07056723535060883
1732437746412996623,0.07056723535060883
1732437746423303008,0.07056723535060883
1732437746423303008,0.07056723535060883
1732437746433939542,0.07056723535060883
1732437746433939542,0.07056723535060883
1732437746444520924,0.07175460457801819
1732437746444520924,0.07175460457801819
1732437746454754520,0.07175460457801819
1732437746454754520,0.07175460457801819
1732437746465084095,0.07175460457801819
1732437746465084095,0.07175460457801819
1732437746475296161,0.07175460457801819
1732437746475296161,0.07175460457801819
1732437746486128651,0.07175460457801819
1732437746486128651,0.07175460457801819
1732437746496311132,0.07175460457801819
1732437746496311132,0.07175460457801819
1732437746506882046,0.07175460457801819
1732437746506882046,0.07175460457801819
1732437746517124749,0.07175460457801819
1732437746517124749,0.07175460457801819
1732437746527490939,0.07175460457801819
1732437746527490939,0.07175460457801819
1732437746537641655,0.07175460457801819
1732437746537641655,0.07175460457801819
1732437746547864201,0.06799853593111038
1732437746547864201,0.06799853593111038
1732437746558394558,0.06799853593111038
1732437746558394558,0.06799853593111038
1732437746568541123,0.06799853593111038
1732437746568541123,0.06799853593111038
1732437746578660296,0.06799853593111038
1732437746578660296,0.06799853593111038
1732437746588854777,0.06799853593111038
1732437746588854777,0.06799853593111038
1732437746599374259,0.06799853593111038
1732437746599374259,0.06799853593111038
1732437746610870483,0.06799853593111038
1732437746610870483,0.06799853593111038
1732437746621473706,0.06799853593111038
1732437746621473706,0.06799853593111038
1732437746632280268,0.06799853593111038
1732437746632280268,0.06799853593111038
1732437746642645049,0.06799853593111038
1732437746642645049,0.06799853593111038
1732437746653190856,0.06516159325838089
1732437746653190856,0.06516159325838089
1732437746663763893,0.06516159325838089
1732437746663763893,0.06516159325838089
1732437746674401010,0.06516159325838089
1732437746674401010,0.06516159325838089
1732437746684814711,0.06516159325838089
1732437746684814711,0.06516159325838089
1732437746695003314,0.06516159325838089
1732437746695003314,0.06516159325838089
1732437746705601678,0.06516159325838089
1732437746705601678,0.06516159325838089
1732437746716146605,0.06516159325838089
1732437746716146605,0.06516159325838089
1732437746726291055,0.06516159325838089
1732437746726291055,0.06516159325838089
1732437746736838575,0.06516159325838089
1732437746736838575,0.06516159325838089
1732437746747180482,0.061407461762428284
1732437746747180482,0.061407461762428284
1732437746757756285,0.061407461762428284
1732437746757756285,0.061407461762428284
1732437746768231590,0.061407461762428284
1732437746768231590,0.061407461762428284
1732437746778903292,0.061407461762428284
1732437746778903292,0.061407461762428284
1732437746789354123,0.061407461762428284
1732437746789354123,0.061407461762428284
1732437746799804589,0.061407461762428284
1732437746799804589,0.061407461762428284
1732437746810184318,0.061407461762428284
1732437746810184318,0.061407461762428284
1732437746820384605,0.061407461762428284
1732437746820384605,0.061407461762428284
1732437746830508257,0.061407461762428284
1732437746830508257,0.061407461762428284
1732437746840579952,0.061407461762428284
1732437746840579952,0.061407461762428284
1732437746850917282,0.05921807512640953
1732437746945023004,0.05802827700972557
1732437746945023004,0.05802827700972557
1732437746955374760,0.05802827700972557
1732437746955374760,0.05802827700972557
1732437746965856669,0.05802827700972557
1732437746965856669,0.05802827700972557
1732437746976482545,0.05802827700972557
1732437746976482545,0.05802827700972557
1732437746986707906,0.05802827700972557
1732437746986707906,0.05802827700972557
1732437746997109212,0.05802827700972557
1732437746997109212,0.05802827700972557
1732437747007281848,0.05802827700972557
1732437747007281848,0.05802827700972557
1732437747017488524,0.05802827700972557
1732437747017488524,0.05802827700972557
1732437747027723673,0.05802827700972557
1732437747027723673,0.05802827700972557
1732437747038169093,0.05802827700972557
1732437747038169093,0.05802827700972557
1732437747048563749,0.057354383170604706
1732437747048563749,0.057354383170604706
1732437747059041667,0.057354383170604706
1732437747059041667,0.057354383170604706
1732437747069521304,0.057354383170604706
1732437747069521304,0.057354383170604706
1732437747080143062,0.057354383170604706
1732437747080143062,0.057354383170604706
1732437747090341493,0.057354383170604706
1732437747090341493,0.057354383170604706
1732437747100854167,0.057354383170604706
1732437747100854167,0.057354383170604706
1732437747111886389,0.057354383170604706
1732437747111886389,0.057354383170604706
1732437747122583207,0.057354383170604706
1732437747122583207,0.057354383170604706
1732437747133169860,0.057354383170604706
1732437747133169860,0.057354383170604706
1732437747143270339,0.055651020258665085
1732437747143270339,0.055651020258665085
1732437747154043589,0.055651020258665085
1732437747154043589,0.055651020258665085
1732437747164429450,0.055651020258665085
1732437747164429450,0.055651020258665085
1732437747174574040,0.055651020258665085
1732437747174574040,0.055651020258665085
1732437747184849144,0.055651020258665085
1732437747184849144,0.055651020258665085
1732437747195016798,0.055651020258665085
1732437747195016798,0.055651020258665085
1732437747205214969,0.055651020258665085
1732437747205214969,0.055651020258665085
1732437747215378225,0.055651020258665085
1732437747215378225,0.055651020258665085
1732437747226053573,0.055651020258665085
1732437747226053573,0.055651020258665085
1732437747236567802,0.055651020258665085
1732437747236567802,0.055651020258665085
1732437747246854773,0.05598215013742447
1732437747246854773,0.05598215013742447
1732437747257046786,0.05598215013742447
1732437747257046786,0.05598215013742447
1732437747267359100,0.05598215013742447
1732437747267359100,0.05598215013742447
1732437747277803317,0.05598215013742447
1732437747277803317,0.05598215013742447
1732437747288022026,0.05598215013742447
1732437747288022026,0.05598215013742447
1732437747298843536,0.05598215013742447
1732437747298843536,0.05598215013742447
1732437747309168703,0.05598215013742447
1732437747309168703,0.05598215013742447
1732437747319347584,0.05598215013742447
1732437747319347584,0.05598215013742447
1732437747329982190,0.05598215013742447
1732437747329982190,0.05598215013742447
1732437747340563613,0.05598215013742447
1732437747340563613,0.05598215013742447
1732437747449406287,0.055963288992643356
1732437747449406287,0.055963288992643356
1732437747459975107,0.055963288992643356
1732437747459975107,0.055963288992643356
1732437747470676143,0.055963288992643356
1732437747470676143,0.055963288992643356
1732437747480976473,0.055963288992643356
1732437747480976473,0.055963288992643356
1732437747491196946,0.055963288992643356
1732437747491196946,0.055963288992643356
1732437747501668554,0.055963288992643356
1732437747501668554,0.055963288992643356
1732437747511767961,0.055963288992643356
1732437747511767961,0.055963288992643356
1732437747522282490,0.055963288992643356
1732437747522282490,0.055963288992643356
1732437747532699458,0.055963288992643356
1732437747532699458,0.055963288992643356
1732437747543000620,0.055548008531332016
1732437747543000620,0.055548008531332016
1732437747553087152,0.055548008531332016
1732437747553087152,0.055548008531332016
1732437747563614766,0.055548008531332016
1732437747563614766,0.055548008531332016
1732437747574288421,0.055548008531332016
1732437747574288421,0.055548008531332016
1732437747584813309,0.055548008531332016
1732437747584813309,0.055548008531332016
1732437747595474249,0.055548008531332016
1732437747595474249,0.055548008531332016
1732437747605744264,0.055548008531332016
1732437747605744264,0.055548008531332016
1732437747617445780,0.055548008531332016
1732437747617445780,0.055548008531332016
1732437747627810671,0.055548008531332016
1732437747627810671,0.055548008531332016
1732437747637919506,0.055548008531332016
1732437747637919506,0.055548008531332016
1732437747648477355,0.056681420654058456
1732437747648477355,0.056681420654058456
1732437747658984630,0.056681420654058456
1732437747658984630,0.056681420654058456
1732437747669567787,0.056681420654058456
1732437747669567787,0.056681420654058456
1732437747679969406,0.056681420654058456
1732437747679969406,0.056681420654058456
1732437747690446595,0.056681420654058456
1732437747690446595,0.056681420654058456
1732437747700724474,0.056681420654058456
1732437747700724474,0.056681420654058456
1732437747711337657,0.056681420654058456
1732437747711337657,0.056681420654058456
1732437747721593014,0.056681420654058456
1732437747721593014,0.056681420654058456
1732437747731788416,0.056681420654058456
1732437747731788416,0.056681420654058456
1732437747742723289,0.056681420654058456
1732437747742723289,0.056681420654058456
1732437747753230151,0.05647474527359009
1732437747753230151,0.05647474527359009
1732437747764273186,0.05647474527359009
1732437747764273186,0.05647474527359009
1732437747774821888,0.05647474527359009
1732437747774821888,0.05647474527359009
1732437747784887020,0.05647474527359009
1732437747784887020,0.05647474527359009
1732437747795179338,0.05647474527359009
1732437747795179338,0.05647474527359009
1732437747805480679,0.05647474527359009
1732437747805480679,0.05647474527359009
1732437747816130069,0.05647474527359009
1732437747816130069,0.05647474527359009
1732437747826279158,0.05647474527359009
1732437747826279158,0.05647474527359009
1732437747836580361,0.05647474527359009
1732437747836580361,0.05647474527359009
1732437747846969556,0.05688451603055
1732437747846969556,0.05688451603055
1732437747857464930,0.05688451603055
1732437747857464930,0.05688451603055
1732437747867797572,0.05688451603055
1732437747867797572,0.05688451603055
1732437747878126315,0.05688451603055
1732437747878126315,0.05688451603055
1732437747888830035,0.05688451603055
1732437747888830035,0.05688451603055
1732437747898928812,0.05688451603055
1732437747898928812,0.05688451603055
1732437747909350358,0.05688451603055
1732437747909350358,0.05688451603055
1732437747920238882,0.05688451603055
1732437747920238882,0.05688451603055
1732437747930585038,0.05688451603055
1732437747930585038,0.05688451603055
1732437747941113654,0.05688451603055
1732437747941113654,0.05688451603055
1732437747951554165,0.057769984006881714
1732437747951554165,0.057769984006881714
1732437747961804481,0.057769984006881714
1732437747961804481,0.057769984006881714
1732437747972156740,0.057769984006881714
1732437747972156740,0.057769984006881714
1732437747982361769,0.057769984006881714
1732437747982361769,0.057769984006881714
1732437747993023104,0.057769984006881714
1732437747993023104,0.057769984006881714
1732437748003359111,0.057769984006881714
1732437748003359111,0.057769984006881714
1732437748014179861,0.057769984006881714
1732437748014179861,0.057769984006881714
1732437748024566020,0.057769984006881714
1732437748024566020,0.057769984006881714
1732437748035143807,0.057769984006881714
1732437748035143807,0.057769984006881714
1732437748045248093,0.05900299921631813
1732437748045248093,0.05900299921631813
1732437748055686270,0.05900299921631813
1732437748055686270,0.05900299921631813
1732437748065985609,0.05900299921631813
1732437748065985609,0.05900299921631813
1732437748076249432,0.05900299921631813
1732437748076249432,0.05900299921631813
1732437748086943575,0.05900299921631813
1732437748086943575,0.05900299921631813
1732437748097017795,0.05900299921631813
1732437748097017795,0.05900299921631813
1732437748107212961,0.05900299921631813
1732437748107212961,0.05900299921631813
1732437748117319691,0.05900299921631813
1732437748117319691,0.05900299921631813
1732437748127349330,0.05900299921631813
1732437748127349330,0.05900299921631813
1732437748137644841,0.05900299921631813
1732437748137644841,0.05900299921631813
1732437748147733147,0.05926603823900223
1732437748147733147,0.05926603823900223
1732437748157999845,0.05926603823900223
1732437748157999845,0.05926603823900223
1732437748168471495,0.05926603823900223
1732437748168471495,0.05926603823900223
1732437748178850769,0.05926603823900223
1732437748178850769,0.05926603823900223
1732437748189453365,0.05926603823900223
1732437748189453365,0.05926603823900223
1732437748199615769,0.05926603823900223
1732437748199615769,0.05926603823900223
1732437748210208694,0.05926603823900223
1732437748210208694,0.05926603823900223
1732437748220828549,0.05926603823900223
1732437748220828549,0.05926603823900223
1732437748231211911,0.05926603823900223
1732437748231211911,0.05926603823900223
1732437748241463905,0.05926603823900223
1732437748241463905,0.05926603823900223
1732437748251731746,0.05871424078941345
1732437748251731746,0.05871424078941345
1732437748347502706,0.05773279070854187
1732437748347502706,0.05773279070854187
1732437748357723480,0.05773279070854187
1732437748357723480,0.05773279070854187
1732437748367865365,0.05773279070854187
1732437748367865365,0.05773279070854187
1732437748378436831,0.05773279070854187
1732437748378436831,0.05773279070854187
1732437748388962730,0.05773279070854187
1732437748388962730,0.05773279070854187
1732437748399146554,0.05773279070854187
1732437748399146554,0.05773279070854187
1732437748409471572,0.05773279070854187
1732437748409471572,0.05773279070854187
1732437748420064052,0.05773279070854187
1732437748420064052,0.05773279070854187
1732437748430574347,0.05773279070854187
1732437748430574347,0.05773279070854187
1732437748441090729,0.05773279070854187
1732437748441090729,0.05773279070854187
1732437748451748145,0.05796043202280998
1732437748451748145,0.05796043202280998
1732437748462098627,0.05796043202280998
1732437748462098627,0.05796043202280998
1732437748472580656,0.05796043202280998
1732437748472580656,0.05796043202280998
1732437748482703433,0.05796043202280998
1732437748482703433,0.05796043202280998
1732437748492856723,0.05796043202280998
1732437748492856723,0.05796043202280998
1732437748502879800,0.05796043202280998
1732437748502879800,0.05796043202280998
1732437748512992721,0.05796043202280998
1732437748512992721,0.05796043202280998
1732437748523549360,0.05796043202280998
1732437748523549360,0.05796043202280998
1732437748534001572,0.05796043202280998
1732437748534001572,0.05796043202280998
1732437748544154439,0.05939347669482231
1732437748544154439,0.05939347669482231
1732437748554374411,0.05939347669482231
1732437748554374411,0.05939347669482231
1732437748564634466,0.05939347669482231
1732437748564634466,0.05939347669482231
1732437748575046625,0.05939347669482231
1732437748575046625,0.05939347669482231
1732437748585833250,0.05939347669482231
1732437748585833250,0.05939347669482231
1732437748596448146,0.05939347669482231
1732437748596448146,0.05939347669482231
1732437748606762182,0.05939347669482231
1732437748606762182,0.05939347669482231
1732437748617108129,0.05939347669482231
1732437748617108129,0.05939347669482231
1732437748627697466,0.05939347669482231
1732437748627697466,0.05939347669482231
1732437748638039544,0.05939347669482231
1732437748638039544,0.05939347669482231
1732437748648426757,0.05880052223801613
1732437748648426757,0.05880052223801613
1732437748658734881,0.05880052223801613
1732437748658734881,0.05880052223801613
1732437748669189991,0.05880052223801613
1732437748669189991,0.05880052223801613
1732437748679704659,0.05880052223801613
1732437748679704659,0.05880052223801613
1732437748690105738,0.05880052223801613
1732437748690105738,0.05880052223801613
1732437748700189937,0.05880052223801613
1732437748700189937,0.05880052223801613
1732437748710473736,0.05880052223801613
1732437748710473736,0.05880052223801613
1732437748720939405,0.05880052223801613
1732437748720939405,0.05880052223801613
1732437748731948644,0.05880052223801613
1732437748731948644,0.05880052223801613
1732437748742140810,0.05880052223801613
1732437748742140810,0.05880052223801613
1732437748753356968,0.05880052223801613
1732437748753356968,0.05880052223801613
1732437748848957011,0.058310650289058685
1732437748848957011,0.058310650289058685
1732437748859067899,0.058310650289058685
1732437748859067899,0.058310650289058685
1732437748869232819,0.058310650289058685
1732437748869232819,0.058310650289058685
1732437748879722562,0.058310650289058685
1732437748879722562,0.058310650289058685
1732437748889970014,0.058310650289058685
1732437748889970014,0.058310650289058685
1732437748900337500,0.058310650289058685
1732437748900337500,0.058310650289058685
1732437748910851384,0.058310650289058685
1732437748910851384,0.058310650289058685
1732437748921026326,0.058310650289058685
1732437748921026326,0.058310650289058685
1732437748931307651,0.058310650289058685
1732437748931307651,0.058310650289058685
1732437748941832980,0.058310650289058685
1732437748941832980,0.058310650289058685
1732437748951959387,0.06036240980029106
1732437748951959387,0.06036240980029106
1732437748962151958,0.06036240980029106
1732437748962151958,0.06036240980029106
1732437748972393910,0.06036240980029106
1732437748972393910,0.06036240980029106
1732437748982661551,0.06036240980029106
1732437748982661551,0.06036240980029106
1732437748993260507,0.06036240980029106
1732437748993260507,0.06036240980029106
1732437749003384686,0.06036240980029106
1732437749003384686,0.06036240980029106
1732437749013949482,0.06036240980029106
1732437749013949482,0.06036240980029106
1732437749024569156,0.06036240980029106
1732437749024569156,0.06036240980029106
1732437749034822660,0.06036240980029106
1732437749034822660,0.06036240980029106
1732437749045182151,0.06217624992132187
1732437749045182151,0.06217624992132187
1732437749055723470,0.06217624992132187
1732437749055723470,0.06217624992132187
1732437749066020775,0.06217624992132187
1732437749066020775,0.06217624992132187
1732437749076998495,0.06217624992132187
1732437749076998495,0.06217624992132187
1732437749087392902,0.06217624992132187
1732437749087392902,0.06217624992132187
1732437749097753113,0.06217624992132187
1732437749097753113,0.06217624992132187
1732437749108865315,0.06217624992132187
1732437749108865315,0.06217624992132187
1732437749119322236,0.06217624992132187
1732437749119322236,0.06217624992132187
1732437749129714508,0.06217624992132187
1732437749129714508,0.06217624992132187
1732437749140270313,0.06217624992132187
1732437749140270313,0.06217624992132187
1732437749247257219,0.0668817088007927
1732437749247257219,0.0668817088007927
1732437749257550777,0.0668817088007927
1732437749257550777,0.0668817088007927
1732437749267876676,0.0668817088007927
1732437749267876676,0.0668817088007927
1732437749278432322,0.0668817088007927
1732437749278432322,0.0668817088007927
1732437749288899533,0.0668817088007927
1732437749288899533,0.0668817088007927
1732437749299238867,0.0668817088007927
1732437749299238867,0.0668817088007927
1732437749309686932,0.0668817088007927
1732437749309686932,0.0668817088007927
1732437749320428344,0.0668817088007927
1732437749320428344,0.0668817088007927
1732437749330689251,0.0668817088007927
1732437749330689251,0.0668817088007927
1732437749341286043,0.0668817088007927
1732437749341286043,0.0668817088007927
1732437749351501006,0.0688021183013916
1732437749351501006,0.0688021183013916
1732437749361773825,0.0688021183013916
1732437749361773825,0.0688021183013916
1732437749372316958,0.0688021183013916
1732437749372316958,0.0688021183013916
1732437749382539333,0.0688021183013916
1732437749382539333,0.0688021183013916
1732437749392782227,0.0688021183013916
1732437749392782227,0.0688021183013916
1732437749403195638,0.0688021183013916
1732437749403195638,0.0688021183013916
1732437749413538148,0.0688021183013916
1732437749413538148,0.0688021183013916
1732437749424085424,0.0688021183013916
1732437749424085424,0.0688021183013916
1732437749434538823,0.0688021183013916
1732437749434538823,0.0688021183013916
1732437749444877106,0.07423999905586243
1732437749444877106,0.07423999905586243
1732437749455115129,0.07423999905586243
1732437749455115129,0.07423999905586243
1732437749465669944,0.07423999905586243
1732437749465669944,0.07423999905586243
1732437749476211433,0.07423999905586243
1732437749476211433,0.07423999905586243
1732437749486849031,0.07423999905586243
1732437749486849031,0.07423999905586243
1732437749497048766,0.07423999905586243
1732437749497048766,0.07423999905586243
1732437749507138144,0.07423999905586243
1732437749507138144,0.07423999905586243
1732437749517251934,0.07423999905586243
1732437749517251934,0.07423999905586243
1732437749527471669,0.07423999905586243
1732437749527471669,0.07423999905586243
1732437749537685379,0.07423999905586243
1732437749537685379,0.07423999905586243
1732437749548244761,0.07675176858901978
1732437749548244761,0.07675176858901978
1732437749558749211,0.07675176858901978
1732437749558749211,0.07675176858901978
1732437749569034230,0.07675176858901978
1732437749580436701,0.07675176858901978
1732437749580436701,0.07675176858901978
1732437749580436701,0.07675176858901978
1732437749591075461,0.07675176858901978
1732437749601227867,0.07675176858901978
1732437749601227867,0.07675176858901978
1732437749601227867,0.07675176858901978
1732437749611729006,0.07675176858901978
1732437749611729006,0.07675176858901978
1732437749622209651,0.07675176858901978
1732437749622209651,0.07675176858901978
1732437749632853089,0.07675176858901978
1732437749632853089,0.07675176858901978
1732437749643000887,0.07723957300186157
1732437749643000887,0.07723957300186157
1732437749653245374,0.07723957300186157
1732437749653245374,0.07723957300186157
1732437749663450898,0.07723957300186157
1732437749663450898,0.07723957300186157
1732437749674241481,0.07723957300186157
1732437749674241481,0.07723957300186157
1732437749684612594,0.07723957300186157
1732437749684612594,0.07723957300186157
1732437749945481535,0.08638928830623627
1732437749945481535,0.08638928830623627
1732437749955880800,0.08638928830623627
1732437749955880800,0.08638928830623627
1732437749966426667,0.08638928830623627
1732437749966426667,0.08638928830623627
1732437749977227219,0.08638928830623627
1732437749977227219,0.08638928830623627
1732437749987394722,0.08638928830623627
1732437749987394722,0.08638928830623627
1732437749997551086,0.08638928830623627
1732437749997551086,0.08638928830623627
1732437750007677333,0.08638928830623627
1732437750007677333,0.08638928830623627
1732437750018068292,0.08638928830623627
1732437750018068292,0.08638928830623627
1732437750028363253,0.08638928830623627
1732437750028363253,0.08638928830623627
1732437750039010910,0.08638928830623627
1732437750039010910,0.08638928830623627
1732437750049458493,0.08861043304204941
1732437750049458493,0.08861043304204941
1732437750059757834,0.08861043304204941
1732437750059757834,0.08861043304204941
1732437750070240253,0.08861043304204941
1732437750070240253,0.08861043304204941
1732437750080423245,0.08861043304204941
1732437750080423245,0.08861043304204941
1732437750090712843,0.08861043304204941
1732437750090712843,0.08861043304204941
1732437750100965297,0.08861043304204941
1732437750100965297,0.08861043304204941
1732437750111215876,0.08861043304204941
1732437750111215876,0.08861043304204941
1732437750121558405,0.08861043304204941
1732437750121558405,0.08861043304204941
1732437750131971465,0.08861043304204941
1732437750131971465,0.08861043304204941
1732437750142112831,0.08861043304204941
1732437750142112831,0.08861043304204941
1732437750251811821,0.09162642061710358
1732437750251811821,0.09162642061710358
1732437750262152537,0.09162642061710358
1732437750262152537,0.09162642061710358
1732437750272745763,0.09162642061710358
1732437750272745763,0.09162642061710358
1732437750282942020,0.09162642061710358
1732437750282942020,0.09162642061710358
1732437750293338760,0.09162642061710358
1732437750293338760,0.09162642061710358
1732437750303557709,0.09162642061710358
1732437750303557709,0.09162642061710358
1732437750314133029,0.09162642061710358
1732437750314133029,0.09162642061710358
1732437750324421568,0.09162642061710358
1732437750324421568,0.09162642061710358
1732437750334861312,0.09162642061710358
1732437750334861312,0.09162642061710358
1732437750345107302,0.1039571687579155
1732437750345107302,0.1039571687579155
1732437750355564674,0.1039571687579155
1732437750355564674,0.1039571687579155
1732437750366310684,0.1039571687579155
1732437750366310684,0.1039571687579155
1732437750377245074,0.1039571687579155
1732437750377245074,0.1039571687579155
1732437750387323162,0.1039571687579155
1732437750387323162,0.1039571687579155
1732437750397459428,0.1039571687579155
1732437750397459428,0.1039571687579155
1732437750408125379,0.1039571687579155
1732437750408125379,0.1039571687579155
1732437750419315524,0.1039571687579155
1732437750419315524,0.1039571687579155
1732437750429794477,0.1039571687579155
1732437750429794477,0.1039571687579155
1732437750440010041,0.1039571687579155
1732437750440010041,0.1039571687579155
1732437750543634767,0.11151978373527527
1732437750543634767,0.11151978373527527
1732437750554296740,0.11151978373527527
1732437750554296740,0.11151978373527527
1732437750564691546,0.11151978373527527
1732437750564691546,0.11151978373527527
1732437750575269514,0.11151978373527527
1732437750575269514,0.11151978373527527
1732437750585801064,0.11151978373527527
1732437750585801064,0.11151978373527527
1732437750596321375,0.11151978373527527
1732437750596321375,0.11151978373527527
1732437750596321375,0.11151978373527527
1732437750596321375,0.11151978373527527
1732437750617221724,0.11151978373527527
1732437750617221724,0.11151978373527527
1732437750627382456,0.11151978373527527
1732437750627382456,0.11151978373527527
1732437750637504365,0.11151978373527527
1732437750637504365,0.11151978373527527
1732437750647890166,0.12076301127672195
1732437750647890166,0.12076301127672195
1732437750658441132,0.12076301127672195
1732437750658441132,0.12076301127672195
1732437750669074764,0.12076301127672195
1732437750669074764,0.12076301127672195
1732437750679178819,0.12076301127672195
1732437750679178819,0.12076301127672195
1732437750689415482,0.12076301127672195
1732437750689415482,0.12076301127672195
1732437750699585521,0.12076301127672195
1732437750699585521,0.12076301127672195
1732437750710384188,0.12076301127672195
1732437750710384188,0.12076301127672195
1732437750720606565,0.12076301127672195
1732437750720606565,0.12076301127672195
1732437750731327928,0.12076301127672195
1732437750731327928,0.12076301127672195
1732437750741695895,0.12076301127672195
1732437750741695895,0.12076301127672195
1732437750752049805,0.12191678583621979
1732437750752049805,0.12191678583621979
1732437750762344115,0.12191678583621979
1732437750762344115,0.12191678583621979
1732437750772694379,0.12191678583621979
1732437750772694379,0.12191678583621979
1732437750783017062,0.12191678583621979
1732437750783017062,0.12191678583621979
1732437750793094025,0.12191678583621979
1732437750793094025,0.12191678583621979
1732437750803226677,0.12191678583621979
1732437750803226677,0.12191678583621979
1732437750813444365,0.12191678583621979
1732437750813444365,0.12191678583621979
1732437750824006272,0.12191678583621979
1732437750824006272,0.12191678583621979
1732437750834480786,0.12191678583621979
1732437750834480786,0.12191678583621979
1732437750844679328,0.12398339062929153
1732437750844679328,0.12398339062929153
1732437750855274808,0.12398339062929153
1732437750855274808,0.12398339062929153
1732437750949169583,0.13203251361846924
1732437750949169583,0.13203251361846924
1732437750959374326,0.13203251361846924
1732437750959374326,0.13203251361846924
1732437750969774322,0.13203251361846924
1732437750969774322,0.13203251361846924
1732437750980242364,0.13203251361846924
1732437750980242364,0.13203251361846924
1732437750990806056,0.13203251361846924
1732437750990806056,0.13203251361846924
1732437751001167181,0.13203251361846924
1732437751001167181,0.13203251361846924
1732437751011474183,0.13203251361846924
1732437751011474183,0.13203251361846924
1732437751022044717,0.13203251361846924
1732437751022044717,0.13203251361846924
1732437751032542625,0.13203251361846924
1732437751032542625,0.13203251361846924
1732437751043365538,0.13203251361846924
1732437751043365538,0.13203251361846924
1732437751053607931,0.1376171112060547
1732437751053607931,0.1376171112060547
1732437751064073499,0.1376171112060547
1732437751064073499,0.1376171112060547
1732437751074505966,0.1376171112060547
1732437751074505966,0.1376171112060547
1732437751085776492,0.1376171112060547
1732437751085776492,0.1376171112060547
1732437751095957129,0.1376171112060547
1732437751095957129,0.1376171112060547
1732437751106432777,0.1376171112060547
1732437751106432777,0.1376171112060547
1732437751117086897,0.1376171112060547
1732437751117086897,0.1376171112060547
1732437751127631290,0.1376171112060547
1732437751127631290,0.1376171112060547
1732437751138021960,0.1376171112060547
1732437751138021960,0.1376171112060547
1732437751148324595,0.15122537314891815
1732437751148324595,0.15122537314891815
1732437751241407392,0.16426783800125122
1732437751251770368,0.16426783800125122
1732437751251770368,0.16426783800125122
1732437751262273727,0.16426783800125122
1732437751262273727,0.16426783800125122
1732437751272523816,0.16426783800125122
1732437751272523816,0.16426783800125122
1732437751283334496,0.16426783800125122
1732437751283334496,0.16426783800125122
1732437751293903867,0.16426783800125122
1732437751293903867,0.16426783800125122
1732437751304029334,0.16426783800125122
1732437751304029334,0.16426783800125122
1732437751314655170,0.16426783800125122
1732437751314655170,0.16426783800125122
1732437751325117192,0.16426783800125122
1732437751325117192,0.16426783800125122
1732437751335665603,0.16426783800125122
1732437751335665603,0.16426783800125122
1732437751346315785,0.16627241671085358
1732437751346315785,0.16627241671085358
1732437751356708496,0.16627241671085358
1732437751356708496,0.16627241671085358
1732437751367657045,0.16627241671085358
1732437751367657045,0.16627241671085358
1732437751378553454,0.16627241671085358
1732437751378553454,0.16627241671085358
1732437751388822967,0.16627241671085358
1732437751388822967,0.16627241671085358
1732437751399371651,0.16627241671085358
1732437751399371651,0.16627241671085358
1732437751409666423,0.16627241671085358
1732437751409666423,0.16627241671085358
1732437751419954921,0.16627241671085358
1732437751419954921,0.16627241671085358
1732437751430052382,0.16627241671085358
1732437751430052382,0.16627241671085358
1732437751440708147,0.16627241671085358
1732437751440708147,0.16627241671085358
1732437751451481868,0.17256711423397064
1732437751451481868,0.17256711423397064
1732437751544294943,0.17851611971855164
1732437751544294943,0.17851611971855164
1732437751554519012,0.17851611971855164
1732437751554519012,0.17851611971855164
1732437751564908459,0.17851611971855164
1732437751564908459,0.17851611971855164
1732437751575199041,0.17851611971855164
1732437751575199041,0.17851611971855164
1732437751585796645,0.17851611971855164
1732437751585796645,0.17851611971855164
1732437751596142402,0.17851611971855164
1732437751596142402,0.17851611971855164
1732437751607496688,0.17851611971855164
1732437751607496688,0.17851611971855164
1732437751618136364,0.17851611971855164
1732437751618136364,0.17851611971855164
1732437751628293500,0.17851611971855164
1732437751628293500,0.17851611971855164
1732437751638891370,0.17851611971855164
1732437751638891370,0.17851611971855164
1732437751649230136,0.20240499079227448
1732437751649230136,0.20240499079227448
1732437751659644759,0.20240499079227448
1732437751659644759,0.20240499079227448
1732437751670105318,0.20240499079227448
1732437751670105318,0.20240499079227448
1732437751680567571,0.20240499079227448
1732437751680567571,0.20240499079227448
1732437751690963721,0.20240499079227448
1732437751690963721,0.20240499079227448
1732437751701306500,0.20240499079227448
1732437751701306500,0.20240499079227448
1732437751711648078,0.20240499079227448
1732437751711648078,0.20240499079227448
1732437751721877207,0.20240499079227448
1732437751721877207,0.20240499079227448
1732437751732215880,0.20240499079227448
1732437751732215880,0.20240499079227448
1732437751742322491,0.20240499079227448
1732437751742322491,0.20240499079227448
1732437751752804880,0.21858397126197815
1732437751752804880,0.21858397126197815
1732437751763395883,0.21858397126197815
1732437751763395883,0.21858397126197815
1732437751773819482,0.21858397126197815
1732437751773819482,0.21858397126197815
1732437751784343840,0.21858397126197815
1732437751784343840,0.21858397126197815
1732437751794988772,0.21858397126197815
1732437751794988772,0.21858397126197815
1732437751805311995,0.21858397126197815
1732437751805311995,0.21858397126197815
1732437751815826725,0.21858397126197815
1732437751815826725,0.21858397126197815
1732437751826268319,0.21858397126197815
1732437751826268319,0.21858397126197815
1732437751837129252,0.21858397126197815
1732437751837129252,0.21858397126197815
1732437751847285345,0.23857425153255463
1732437751847285345,0.23857425153255463
1732437751857724264,0.23857425153255463
1732437751857724264,0.23857425153255463
1732437751868087953,0.23857425153255463
1732437751868087953,0.23857425153255463
1732437751878377614,0.23857425153255463
1732437751878377614,0.23857425153255463
1732437751888695795,0.23857425153255463
1732437751888695795,0.23857425153255463
1732437751899086558,0.23857425153255463
1732437751899086558,0.23857425153255463
1732437751909582993,0.23857425153255463
1732437751909582993,0.23857425153255463
1732437751919867756,0.23857425153255463
1732437751919867756,0.23857425153255463
1732437751930581496,0.23857425153255463
1732437751930581496,0.23857425153255463
1732437751940982744,0.23857425153255463
1732437751940982744,0.23857425153255463
1732437751954700199,0.2655865252017975
1732437751954700199,0.2655865252017975
1732437752049219807,0.3153400719165802
1732437752049219807,0.3153400719165802
1732437752059986394,0.3153400719165802
1732437752059986394,0.3153400719165802
1732437752070381531,0.3153400719165802
1732437752070381531,0.3153400719165802
1732437752080621260,0.3153400719165802
1732437752080621260,0.3153400719165802
1732437752090915701,0.3153400719165802
1732437752090915701,0.3153400719165802
1732437752101005641,0.3153400719165802
1732437752101005641,0.3153400719165802
1732437752111272849,0.3153400719165802
1732437752111272849,0.3153400719165802
1732437752121539157,0.3153400719165802
1732437752121539157,0.3153400719165802
1732437752131898579,0.3153400719165802
1732437752131898579,0.3153400719165802
1732437752142205803,0.3153400719165802
1732437752142205803,0.3153400719165802
1732437752152722586,0.35748186707496643
1732437752152722586,0.35748186707496643
1732437752162783112,0.35748186707496643
1732437752162783112,0.35748186707496643
1732437752173486353,0.35748186707496643
1732437752173486353,0.35748186707496643
1732437752183679284,0.35748186707496643
1732437752183679284,0.35748186707496643
1732437752194064904,0.35748186707496643
1732437752194064904,0.35748186707496643
1732437752204316124,0.35748186707496643
1732437752204316124,0.35748186707496643
1732437752215385365,0.35748186707496643
1732437752215385365,0.35748186707496643
1732437752226020428,0.35748186707496643
1732437752226020428,0.35748186707496643
1732437752236305993,0.35748186707496643
1732437752236305993,0.35748186707496643
1732437752246710187,0.3764810562133789
1732437752246710187,0.3764810562133789
1732437752259144887,0.3764810562133789
1732437752259144887,0.3764810562133789
1732437752351789256,0.3857100307941437
1732437752351789256,0.3857100307941437
1732437752361933861,0.3857100307941437
1732437752361933861,0.3857100307941437
1732437752373049989,0.3857100307941437
1732437752373049989,0.3857100307941437
1732437752383576651,0.3857100307941437
1732437752383576651,0.3857100307941437
1732437752393769021,0.3857100307941437
1732437752393769021,0.3857100307941437
1732437752403947536,0.3857100307941437
1732437752403947536,0.3857100307941437
1732437752414511818,0.3857100307941437
1732437752414511818,0.3857100307941437
1732437752424764230,0.3857100307941437
1732437752424764230,0.3857100307941437
1732437752435216755,0.3857100307941437
1732437752435216755,0.3857100307941437
1732437752446239660,0.4282250702381134
1732437752446239660,0.4282250702381134
1732437752457056421,0.4282250702381134
1732437752457056421,0.4282250702381134
1732437752467070069,0.4282250702381134
1732437752467070069,0.4282250702381134
1732437752477215720,0.4282250702381134
1732437752477215720,0.4282250702381134
1732437752487409186,0.4282250702381134
1732437752487409186,0.4282250702381134
1732437752497519604,0.4282250702381134
1732437752497519604,0.4282250702381134
1732437752507622529,0.4282250702381134
1732437752507622529,0.4282250702381134
1732437752518581164,0.4282250702381134
1732437752518581164,0.4282250702381134
1732437752528775528,0.4282250702381134
1732437752528775528,0.4282250702381134
1732437752539074727,0.4282250702381134
1732437752539074727,0.4282250702381134
1732437752553157010,0.46225273609161377
1732437752553157010,0.46225273609161377
1732437752563291091,0.46225273609161377
1732437752563291091,0.46225273609161377
1732437752573754726,0.46225273609161377
1732437752573754726,0.46225273609161377
1732437752584370604,0.46225273609161377
1732437752584370604,0.46225273609161377
1732437752594620061,0.46225273609161377
1732437752594620061,0.46225273609161377
1732437752604929279,0.46225273609161377
1732437752604929279,0.46225273609161377
1732437752615331289,0.46225273609161377
1732437752615331289,0.46225273609161377
1732437752625671084,0.46225273609161377
1732437752625671084,0.46225273609161377
1732437752635806439,0.46225273609161377
1732437752635806439,0.46225273609161377
1732437752647019678,0.4997878670692444
1732437752647019678,0.4997878670692444
1732437752657162646,0.4997878670692444
1732437752657162646,0.4997878670692444
1732437752667301737,0.4997878670692444
1732437752667301737,0.4997878670692444
1732437752677304161,0.4997878670692444
1732437752677304161,0.4997878670692444
1732437752687962452,0.4997878670692444
1732437752687962452,0.4997878670692444
1732437752698354253,0.4997878670692444
1732437752698354253,0.4997878670692444
1732437752709050200,0.4997878670692444
1732437752709050200,0.4997878670692444
1732437752719633397,0.4997878670692444
1732437752719633397,0.4997878670692444
1732437752729947204,0.4997878670692444
1732437752729947204,0.4997878670692444
1732437752740413022,0.4997878670692444
1732437752740413022,0.4997878670692444
1732437752751074502,0.5589545369148254
1732437752751074502,0.5589545369148254
1732437752761600056,0.5589545369148254
1732437752761600056,0.5589545369148254
1732437752771939530,0.5589545369148254
1732437752771939530,0.5589545369148254
1732437752782573140,0.5589545369148254
1732437752782573140,0.5589545369148254
1732437752792884342,0.5589545369148254
1732437752792884342,0.5589545369148254
1732437752803357956,0.5589545369148254
1732437752803357956,0.5589545369148254
1732437752814681289,0.5589545369148254
1732437752814681289,0.5589545369148254
1732437752824885533,0.5589545369148254
1732437752824885533,0.5589545369148254
1732437752835470793,0.5589545369148254
1732437752835470793,0.5589545369148254
1732437752846160414,0.6082726120948792
1732437752846160414,0.6082726120948792
1732437752856631467,0.6082726120948792
1732437752856631467,0.6082726120948792
1732437752866833395,0.6082726120948792
1732437752866833395,0.6082726120948792
1732437752876920450,0.6082726120948792
1732437752876920450,0.6082726120948792
1732437752887076363,0.6082726120948792
1732437752887076363,0.6082726120948792
1732437752897091114,0.6082726120948792
1732437752897091114,0.6082726120948792
1732437752907571569,0.6082726120948792
1732437752907571569,0.6082726120948792
1732437752917820735,0.6082726120948792
1732437752917820735,0.6082726120948792
1732437752928208550,0.6082726120948792
1732437752928208550,0.6082726120948792
1732437752938565085,0.6082726120948792
1732437752938565085,0.6082726120948792
1732437752949057763,0.6524335145950317
1732437752949057763,0.6524335145950317
1732437752959567765,0.6524335145950317
1732437752959567765,0.6524335145950317
1732437752969765025,0.6524335145950317
1732437752969765025,0.6524335145950317
1732437752980300673,0.6524335145950317
1732437752980300673,0.6524335145950317
1732437752990744441,0.6524335145950317
1732437752990744441,0.6524335145950317
1732437753001091500,0.6524335145950317
1732437753001091500,0.6524335145950317
1732437753011644340,0.6524335145950317
1732437753011644340,0.6524335145950317
1732437753022170180,0.6524335145950317
1732437753022170180,0.6524335145950317
1732437753032881875,0.6524335145950317
1732437753032881875,0.6524335145950317
1732437753043145849,0.6524335145950317
1732437753043145849,0.6577067971229553
1732437753053474033,0.6577067971229553
1732437753053474033,0.6577067971229553
1732437753064096339,0.6577067971229553
1732437753064096339,0.6577067971229553
1732437753074221495,0.6577067971229553
1732437753074221495,0.6577067971229553
1732437753084901265,0.6577067971229553
1732437753084901265,0.6577067971229553
1732437753095675298,0.6577067971229553
1732437753095675298,0.6577067971229553
1732437753105900960,0.6577067971229553
1732437753105900960,0.6577067971229553
1732437753116522940,0.6577067971229553
1732437753116522940,0.6577067971229553
1732437753127072735,0.6577067971229553
1732437753127072735,0.6577067971229553
1732437753137217208,0.6577067971229553
1732437753137217208,0.6577067971229553
1732437753147734141,0.6780665516853333
1732437753147734141,0.6780665516853333
1732437753158195889,0.6780665516853333
1732437753158195889,0.6780665516853333
1732437753168468192,0.6780665516853333
1732437753168468192,0.6780665516853333
1732437753178646095,0.6780665516853333
1732437753178646095,0.6780665516853333
1732437753188907273,0.6780665516853333
1732437753188907273,0.6780665516853333
1732437753199445407,0.6780665516853333
1732437753199445407,0.6780665516853333
1732437753199445407,0.6780665516853333
1732437753199445407,0.6780665516853333
1732437753219915348,0.6780665516853333
1732437753219915348,0.6780665516853333
1732437753230535283,0.6780665516853333
1732437753230535283,0.6780665516853333
1732437753241078405,0.6780665516853333
1732437753241078405,0.6780665516853333
1732437753251657326,0.7164143919944763
1732437753251657326,0.7164143919944763
1732437753261853239,0.7164143919944763
1732437753261853239,0.7164143919944763
1732437753272286801,0.7164143919944763
1732437753272286801,0.7164143919944763
1732437753282491695,0.7164143919944763
1732437753282491695,0.7164143919944763
1732437753292913473,0.7164143919944763
1732437753292913473,0.7164143919944763
1732437753303178940,0.7164143919944763
1732437753303178940,0.7164143919944763
1732437753313562667,0.7164143919944763
1732437753313562667,0.7164143919944763
1732437753324178864,0.7164143919944763
1732437753324178864,0.7164143919944763
1732437753334861787,0.7164143919944763
1732437753334861787,0.7164143919944763
1732437753345016995,0.7477368116378784
1732437753345016995,0.7477368116378784
1732437753355919510,0.7477368116378784
1732437753355919510,0.7477368116378784
1732437753366112581,0.7477368116378784
1732437753366112581,0.7477368116378784
1732437753376427249,0.7477368116378784
1732437753376427249,0.7477368116378784
1732437753387208145,0.7477368116378784
1732437753387208145,0.7477368116378784
1732437753398219899,0.7477368116378784
1732437753398219899,0.7477368116378784
1732437753408680217,0.7477368116378784
1732437753408680217,0.7477368116378784
1732437753419348182,0.7477368116378784
1732437753419348182,0.7477368116378784
1732437753429583683,0.7477368116378784
1732437753429583683,0.7477368116378784
1732437753440235764,0.7477368116378784
1732437753440235764,0.7477368116378784
1732437753450594665,0.760572075843811
1732437753450594665,0.760572075843811
1732437753461183576,0.760572075843811
1732437753461183576,0.760572075843811
1732437753471437661,0.760572075843811
1732437753471437661,0.760572075843811
1732437753481965446,0.760572075843811
1732437753481965446,0.760572075843811
1732437753492405046,0.760572075843811
1732437753492405046,0.760572075843811
1732437753503364741,0.760572075843811
1732437753503364741,0.760572075843811
1732437753513607188,0.760572075843811
1732437753513607188,0.760572075843811
1732437753523715251,0.760572075843811
1732437753523715251,0.760572075843811
1732437753533897964,0.760572075843811
1732437753533897964,0.760572075843811
1732437753544149034,0.7625777125358582
1732437753544149034,0.7625777125358582
1732437753554685200,0.7625777125358582
1732437753554685200,0.7625777125358582
1732437753565038333,0.7625777125358582
1732437753565038333,0.7625777125358582
1732437753575240944,0.7625777125358582
1732437753575240944,0.7625777125358582
1732437753585939986,0.7625777125358582
1732437753585939986,0.7625777125358582
1732437753596750818,0.7625777125358582
1732437753596750818,0.7625777125358582
1732437753606867568,0.7625777125358582
1732437753606867568,0.7625777125358582
1732437753617054307,0.7625777125358582
1732437753617054307,0.7625777125358582
1732437753627131293,0.7625777125358582
1732437753627131293,0.7625777125358582
1732437753637156683,0.7625777125358582
1732437753637156683,0.7625777125358582
1732437753647546291,0.7703521251678467
1732437753647546291,0.7703521251678467
1732437753658523370,0.7703521251678467
1732437753658523370,0.7703521251678467
1732437753669105556,0.7703521251678467
1732437753669105556,0.7703521251678467
1732437753743419017,0.779121994972229
1732437753743419017,0.779121994972229
1732437753753780011,0.779121994972229
1732437753753780011,0.779121994972229
1732437753764284763,0.779121994972229
1732437753764284763,0.779121994972229
1732437753774589172,0.779121994972229
1732437753774589172,0.779121994972229
1732437753785211070,0.779121994972229
1732437753785211070,0.779121994972229
1732437753795884135,0.779121994972229
1732437753795884135,0.779121994972229
1732437753806110690,0.779121994972229
1732437753806110690,0.779121994972229
1732437753816800050,0.779121994972229
1732437753816800050,0.779121994972229
1732437753826964583,0.779121994972229
1732437753826964583,0.779121994972229
1732437753837017955,0.779121994972229
1732437753837017955,0.779121994972229
1732437753847369923,0.7847456932067871
1732437753847369923,0.7847456932067871
1732437753857604682,0.7847456932067871
1732437753857604682,0.7847456932067871
1732437753868038482,0.7847456932067871
1732437753868038482,0.7847456932067871
1732437753878626478,0.7847456932067871
1732437753878626478,0.7847456932067871
1732437753888793923,0.7847456932067871
1732437753888793923,0.7847456932067871
1732437753899054490,0.7847456932067871
1732437753899054490,0.7847456932067871
1732437753909606848,0.7847456932067871
1732437753909606848,0.7847456932067871
1732437753919786272,0.7847456932067871
1732437753919786272,0.7847456932067871
1732437753930308961,0.7847456932067871
1732437753930308961,0.7847456932067871
1732437753940726240,0.7847456932067871
1732437753940726240,0.7847456932067871
1732437753951151694,0.7945005893707275
1732437753951151694,0.7945005893707275
1732437753961631134,0.7945005893707275
1732437753961631134,0.7945005893707275
1732437753972283013,0.7945005893707275
1732437753972283013,0.7945005893707275
1732437753982667391,0.7945005893707275
1732437753982667391,0.7945005893707275
1732437753992873346,0.7945005893707275
1732437753992873346,0.7945005893707275
1732437754002967214,0.7945005893707275
1732437754002967214,0.7945005893707275
1732437754013149897,0.7945005893707275
1732437754013149897,0.7945005893707275
1732437754023298096,0.7945005893707275
1732437754023298096,0.7945005893707275
1732437754034303919,0.7945005893707275
1732437754034303919,0.7945005893707275
1732437754045178077,0.7997320890426636
1732437754045178077,0.7997320890426636
1732437754055510909,0.7997320890426636
1732437754055510909,0.7997320890426636
1732437754066032091,0.7997320890426636
1732437754066032091,0.7997320890426636
1732437754076489514,0.7997320890426636
1732437754076489514,0.7997320890426636
1732437754086808650,0.7997320890426636
1732437754086808650,0.7997320890426636
1732437754097295439,0.7997320890426636
1732437754097295439,0.7997320890426636
1732437754107501095,0.7997320890426636
1732437754107501095,0.7997320890426636
1732437754117764689,0.7997320890426636
1732437754117764689,0.7997320890426636
1732437754127845010,0.7997320890426636
1732437754127845010,0.7997320890426636
1732437754138167392,0.7997320890426636
1732437754138167392,0.7997320890426636
1732437754149022806,0.8130385875701904
1732437754149022806,0.8130385875701904
1732437754159416943,0.8130385875701904
1732437754159416943,0.8130385875701904
1732437754169587670,0.8130385875701904
1732437754169587670,0.8130385875701904
1732437754180132148,0.8130385875701904
1732437754180132148,0.8130385875701904
1732437754190556470,0.8130385875701904
1732437754190556470,0.8130385875701904
1732437754201237550,0.8130385875701904
1732437754201237550,0.8130385875701904
1732437754211739837,0.8130385875701904
1732437754211739837,0.8130385875701904
1732437754222196466,0.8130385875701904
1732437754222196466,0.8130385875701904
1732437754232867197,0.8130385875701904
1732437754232867197,0.8130385875701904
1732437754242909528,0.8130385875701904
1732437754242909528,0.8290340304374695
1732437754253142357,0.8290340304374695
1732437754253142357,0.8290340304374695
1732437754263687033,0.8290340304374695
1732437754263687033,0.8290340304374695
1732437754273850811,0.8290340304374695
1732437754273850811,0.8290340304374695
1732437754284106349,0.8290340304374695
1732437754284106349,0.8290340304374695
1732437754294367588,0.8290340304374695
1732437754294367588,0.8290340304374695
1732437754304563245,0.8290340304374695
1732437754304563245,0.8290340304374695
1732437754315357715,0.8290340304374695
1732437754315357715,0.8290340304374695
1732437754325840536,0.8290340304374695
1732437754325840536,0.8290340304374695
1732437754336503142,0.8290340304374695
1732437754336503142,0.8290340304374695
1732437754346826996,0.8530390858650208
1732437754346826996,0.8530390858650208
1732437754356966149,0.8530390858650208
1732437754356966149,0.8530390858650208
1732437754367060607,0.8530390858650208
1732437754367060607,0.8530390858650208
1732437754377126472,0.8530390858650208
1732437754377126472,0.8530390858650208
1732437754387298766,0.8530390858650208
1732437754387298766,0.8530390858650208
1732437754397626468,0.8530390858650208
1732437754397626468,0.8530390858650208
1732437754407907946,0.8530390858650208
1732437754407907946,0.8530390858650208
1732437754418349940,0.8530390858650208
1732437754418349940,0.8530390858650208
1732437754428883444,0.8530390858650208
1732437754428883444,0.8530390858650208
1732437754439425225,0.8530390858650208
1732437754439425225,0.8530390858650208
1732437754450049649,0.8675609230995178
1732437754450049649,0.8675609230995178
1732437754460394303,0.8675609230995178
1732437754460394303,0.8675609230995178
1732437754470600185,0.8675609230995178
1732437754470600185,0.8675609230995178
1732437754480937771,0.8675609230995178
1732437754480937771,0.8675609230995178
1732437754491144969,0.8675609230995178
1732437754491144969,0.8675609230995178
1732437754501700433,0.8675609230995178
1732437754501700433,0.8675609230995178
1732437754511923578,0.8675609230995178
1732437754511923578,0.8675609230995178
1732437754522596727,0.8675609230995178
1732437754522596727,0.8675609230995178
1732437754532841826,0.8675609230995178
1732437754532841826,0.8675609230995178
1732437754543619644,0.8823323249816895
1732437754543619644,0.8823323249816895
1732437754554119978,0.8823323249816895
1732437754554119978,0.8823323249816895
1732437754564626422,0.8823323249816895
1732437754564626422,0.8823323249816895
1732437754574998438,0.8823323249816895
1732437754574998438,0.8823323249816895
1732437754585587977,0.8823323249816895
1732437754585587977,0.8823323249816895
1732437754596423893,0.8823323249816895
1732437754596423893,0.8823323249816895
1732437754607066362,0.8823323249816895
1732437754607066362,0.8823323249816895
1732437754617112300,0.8823323249816895
1732437754617112300,0.8823323249816895
1732437754627246643,0.8823323249816895
1732437754627246643,0.8823323249816895
1732437754637323900,0.8823323249816895
1732437754637323900,0.8823323249816895
1732437754647842888,0.8963748216629028
1732437754647842888,0.8963748216629028
1732437754659009300,0.8963748216629028
1732437754659009300,0.8963748216629028
1732437754754175172,0.9132943749427795
1732437754754175172,0.9132943749427795
1732437754764975854,0.9132943749427795
1732437754764975854,0.9132943749427795
1732437754775624383,0.9132943749427795
1732437754775624383,0.9132943749427795
1732437754785998829,0.9132943749427795
1732437754785998829,0.9132943749427795
1732437754796447971,0.9132943749427795
1732437754796447971,0.9132943749427795
1732437754807200172,0.9132943749427795
1732437754807200172,0.9132943749427795
1732437754817295614,0.9132943749427795
1732437754817295614,0.9132943749427795
1732437754827557713,0.9132943749427795
1732437754827557713,0.9132943749427795
1732437754837941540,0.9132943749427795
1732437754837941540,0.9132943749427795
1732437754848112902,0.9194578528404236
1732437754848112902,0.9194578528404236
1732437754858761972,0.9194578528404236
1732437754858761972,0.9194578528404236
1732437754869049359,0.9194578528404236
1732437754869049359,0.9194578528404236
1732437754879234796,0.9194578528404236
1732437754879234796,0.9194578528404236
1732437754889856365,0.9194578528404236
1732437754889856365,0.9194578528404236
1732437754900503332,0.9194578528404236
1732437754900503332,0.9194578528404236
1732437754910935638,0.9194578528404236
1732437754910935638,0.9194578528404236
1732437754921375500,0.9194578528404236
1732437754921375500,0.9194578528404236
1732437754932015107,0.9194578528404236
1732437754932015107,0.9194578528404236
1732437754942861529,0.9278045892715454
1732437754942861529,0.9278045892715454
1732437754952944195,0.9278045892715454
1732437754952944195,0.9278045892715454
1732437754963185998,0.9278045892715454
1732437754963185998,0.9278045892715454
1732437754973600271,0.9278045892715454
1732437754973600271,0.9278045892715454
1732437754983768277,0.9278045892715454
1732437754983768277,0.9278045892715454
1732437754994207948,0.9278045892715454
1732437754994207948,0.9278045892715454
1732437755004531892,0.9278045892715454
1732437755004531892,0.9278045892715454
1732437755014762183,0.9278045892715454
1732437755014762183,0.9278045892715454
1732437755025416032,0.9278045892715454
1732437755025416032,0.9278045892715454
1732437755035684966,0.9278045892715454
1732437755035684966,0.9278045892715454
1732437755046204155,0.9368751049041748
1732437755046204155,0.9368751049041748
1732437755056860868,0.9368751049041748
1732437755056860868,0.9368751049041748
1732437755067008036,0.9368751049041748
1732437755067008036,0.9368751049041748
1732437755077043704,0.9368751049041748
1732437755077043704,0.9368751049041748
1732437755087447639,0.9368751049041748
1732437755087447639,0.9368751049041748
1732437755097933435,0.9368751049041748
1732437755097933435,0.9368751049041748
1732437755108308646,0.9368751049041748
1732437755108308646,0.9368751049041748
1732437755118891313,0.9368751049041748
1732437755118891313,0.9368751049041748
1732437755129409330,0.9368751049041748
1732437755129409330,0.9368751049041748
1732437755139576202,0.9368751049041748
1732437755139576202,0.9368751049041748
1732437755150226585,0.9415011405944824
1732437755150226585,0.9415011405944824
1732437755160589072,0.9415011405944824
1732437755160589072,0.9415011405944824
1732437755171050810,0.9415011405944824
1732437755171050810,0.9415011405944824
1732437755181184175,0.9415011405944824
1732437755181184175,0.9415011405944824
1732437755191667027,0.9415011405944824
1732437755191667027,0.9415011405944824
1732437755202246764,0.9415011405944824
1732437755202246764,0.9415011405944824
1732437755213299655,0.9415011405944824
1732437755213299655,0.9415011405944824
1732437755223405368,0.9415011405944824
1732437755223405368,0.9415011405944824
1732437755233932862,0.9415011405944824
1732437755233932862,0.9415011405944824
1732437755244533613,0.9445745348930359
1732437755244533613,0.9445745348930359
1732437755351942861,0.9395718574523926
1732437755351942861,0.9395718574523926
1732437755362507223,0.9395718574523926
1732437755362507223,0.9395718574523926
1732437755372849935,0.9395718574523926
1732437755372849935,0.9395718574523926
1732437755383316815,0.9395718574523926
1732437755383316815,0.9395718574523926
1732437755393495009,0.9395718574523926
1732437755393495009,0.9395718574523926
1732437755403571175,0.9395718574523926
1732437755403571175,0.9395718574523926
1732437755413759448,0.9395718574523926
1732437755413759448,0.9395718574523926
1732437755424096097,0.9395718574523926
1732437755424096097,0.9395718574523926
1732437755434571023,0.9395718574523926
1732437755434571023,0.9395718574523926
1732437755444794913,0.9385871291160583
1732437755444794913,0.9385871291160583
1732437755454919037,0.9385871291160583
1732437755454919037,0.9385871291160583
1732437755465830876,0.9385871291160583
1732437755465830876,0.9385871291160583
1732437755476466782,0.9385871291160583
1732437755476466782,0.9385871291160583
1732437755487110481,0.9385871291160583
1732437755487110481,0.9385871291160583
1732437755497238562,0.9385871291160583
1732437755497238562,0.9385871291160583
1732437755507521462,0.9385871291160583
1732437755507521462,0.9385871291160583
1732437755517835950,0.9385871291160583
1732437755517835950,0.9385871291160583
1732437755528065149,0.9385871291160583
1732437755528065149,0.9385871291160583
1732437755538264734,0.9385871291160583
1732437755538264734,0.9385871291160583
1732437755548422921,0.9384905099868774
1732437755548422921,0.9384905099868774
1732437755558706011,0.9384905099868774
1732437755558706011,0.9384905099868774
1732437755569231692,0.9384905099868774
1732437755569231692,0.9384905099868774
1732437755579879889,0.9384905099868774
1732437755579879889,0.9384905099868774
1732437755590188698,0.9384905099868774
1732437755590188698,0.9384905099868774
1732437755601030636,0.9384905099868774
1732437755601030636,0.9384905099868774
1732437755611465388,0.9384905099868774
1732437755611465388,0.9384905099868774
1732437755621828796,0.9384905099868774
1732437755621828796,0.9384905099868774
1732437755631954173,0.9384905099868774
1732437755631954173,0.9384905099868774
1732437755642995622,0.9325190186500549
1732437755642995622,0.9325190186500549
1732437755653087587,0.9325190186500549
1732437755653087587,0.9325190186500549
1732437755663542215,0.9325190186500549
1732437755663542215,0.9325190186500549
1732437755673661881,0.9325190186500549
1732437755673661881,0.9325190186500549
1732437755684208149,0.9325190186500549
1732437755684208149,0.9325190186500549
1732437755694365856,0.9325190186500549
1732437755694365856,0.9325190186500549
1732437755704595616,0.9325190186500549
1732437755704595616,0.9325190186500549
1732437755714998805,0.9325190186500549
1732437755714998805,0.9325190186500549
1732437755725489114,0.9325190186500549
1732437755725489114,0.9325190186500549
1732437755735842134,0.9325190186500549
1732437755735842134,0.9325190186500549
1732437755746285422,0.9314997792243958
1732437755746285422,0.9314997792243958
1732437755762267547,0.9314997792243958
1732437755762267547,0.9314997792243958
1732437755772758784,0.9314997792243958
1732437755772758784,0.9314997792243958
1732437755783539516,0.9314997792243958
1732437755783539516,0.9314997792243958
1732437755794297321,0.9314997792243958
1732437755794297321,0.9314997792243958
1732437755804780750,0.9314997792243958
1732437755804780750,0.9314997792243958
1732437755815355355,0.9314997792243958
1732437755815355355,0.9314997792243958
1732437755825513822,0.9314997792243958
1732437755825513822,0.9314997792243958
1732437755835988930,0.9314997792243958
1732437755835988930,0.9314997792243958
1732437755846843692,0.9219907522201538
1732437755846843692,0.9219907522201538
1732437755857222198,0.9219907522201538
1732437755857222198,0.9219907522201538
1732437755867359417,0.9219907522201538
1732437755867359417,0.9219907522201538
1732437755877750268,0.9219907522201538
1732437755877750268,0.9219907522201538
1732437755888112514,0.9219907522201538
1732437755888112514,0.9219907522201538
1732437755898914618,0.9219907522201538
1732437755898914618,0.9219907522201538
1732437755909390567,0.9219907522201538
1732437755909390567,0.9219907522201538
1732437755919847499,0.9219907522201538
1732437755919847499,0.9219907522201538
1732437755931090783,0.9219907522201538
1732437755931090783,0.9219907522201538
1732437755941276703,0.9219907522201538
1732437755941276703,0.9219907522201538
1732437755951795130,0.9223784804344177
1732437755951795130,0.9223784804344177
1732437755962203332,0.9223784804344177
1732437755962203332,0.9223784804344177
1732437755973165305,0.9223784804344177
1732437755973165305,0.9223784804344177
1732437755983693098,0.9223784804344177
1732437755983693098,0.9223784804344177
1732437755993909575,0.9223784804344177
1732437755993909575,0.9223784804344177
1732437756004336260,0.9223784804344177
1732437756004336260,0.9223784804344177
1732437756014669069,0.9223784804344177
1732437756014669069,0.9223784804344177
1732437756014669069,0.9223784804344177
1732437756014669069,0.9223784804344177
1732437756035605771,0.9223784804344177
1732437756035605771,0.9223784804344177
1732437756045695893,0.9269202947616577
1732437756045695893,0.9269202947616577
1732437756056971567,0.9269202947616577
1732437756056971567,0.9269202947616577
1732437756067319968,0.9269202947616577
1732437756067319968,0.9269202947616577
1732437756077960953,0.9269202947616577
1732437756077960953,0.9269202947616577
1732437756088245671,0.9269202947616577
1732437756088245671,0.9269202947616577
1732437756098407827,0.9269202947616577
1732437756098407827,0.9269202947616577
1732437756109115719,0.9269202947616577
1732437756109115719,0.9269202947616577
1732437756119502091,0.9269202947616577
1732437756119502091,0.9269202947616577
1732437756129833270,0.9269202947616577
1732437756129833270,0.9269202947616577
1732437756140069563,0.9269202947616577
1732437756140069563,0.9269202947616577
1732437756250182696,0.9151255488395691
1732437756250182696,0.9151255488395691
1732437756260663867,0.9151255488395691
1732437756260663867,0.9151255488395691
1732437756271129877,0.9151255488395691
1732437756271129877,0.9151255488395691
1732437756281411865,0.9151255488395691
1732437756281411865,0.9151255488395691
1732437756291641155,0.9151255488395691
1732437756291641155,0.9151255488395691
1732437756301970711,0.9151255488395691
1732437756301970711,0.9151255488395691
1732437756312157642,0.9151255488395691
1732437756312157642,0.9151255488395691
1732437756322528365,0.9151255488395691
1732437756322528365,0.9151255488395691
1732437756333112735,0.9151255488395691
1732437756333112735,0.9151255488395691
1732437756343813140,0.9031068086624146
1732437756343813140,0.9031068086624146
1732437756354450168,0.9031068086624146
1732437756354450168,0.9031068086624146
1732437756364723981,0.9031068086624146
1732437756364723981,0.9031068086624146
1732437756375097147,0.9031068086624146
1732437756375097147,0.9031068086624146
1732437756385267648,0.9031068086624146
1732437756385267648,0.9031068086624146
1732437756396171112,0.9031068086624146
1732437756396171112,0.9031068086624146
1732437756406264058,0.9031068086624146
1732437756406264058,0.9031068086624146
1732437756416983480,0.9031068086624146
1732437756416983480,0.9031068086624146
1732437756427286976,0.9031068086624146
1732437756427286976,0.9031068086624146
1732437756437890683,0.9031068086624146
1732437756437890683,0.9031068086624146
1732437756448174983,0.8912491798400879
1732437756448174983,0.8912491798400879
1732437756458442144,0.8912491798400879
1732437756458442144,0.8912491798400879
1732437756468568502,0.8912491798400879
1732437756468568502,0.8912491798400879
1732437756479620562,0.8912491798400879
1732437756479620562,0.8912491798400879
1732437756490138137,0.8912491798400879
1732437756490138137,0.8912491798400879
1732437756500764345,0.8912491798400879
1732437756500764345,0.8912491798400879
1732437756511101976,0.8912491798400879
1732437756511101976,0.8912491798400879
1732437756521437189,0.8912491798400879
1732437756521437189,0.8912491798400879
1732437756531710074,0.8912491798400879
1732437756531710074,0.8912491798400879
1732437756541909648,0.8912491798400879
1732437756541909648,0.8912491798400879
1732437756646937981,0.8513547778129578
1732437756646937981,0.8513547778129578
1732437756657323281,0.8513547778129578
1732437756657323281,0.8513547778129578
1732437756667516022,0.8513547778129578
1732437756667516022,0.8513547778129578
1732437756677714967,0.8513547778129578
1732437756677714967,0.8513547778129578
1732437756687961287,0.8513547778129578
1732437756687961287,0.8513547778129578
1732437756698385029,0.8513547778129578
1732437756698385029,0.8513547778129578
1732437756708720075,0.8513547778129578
1732437756708720075,0.8513547778129578
1732437756719154927,0.8513547778129578
1732437756719154927,0.8513547778129578
1732437756729680767,0.8513547778129578
1732437756729680767,0.8513547778129578
1732437756740044717,0.8513547778129578
1732437756740044717,0.8513547778129578
1732437756750769578,0.830800473690033
1732437756750769578,0.830800473690033
1732437756761364938,0.830800473690033
1732437756761364938,0.830800473690033
1732437756771890900,0.830800473690033
1732437756771890900,0.830800473690033
1732437756782187475,0.830800473690033
1732437756782187475,0.830800473690033
1732437756792815335,0.830800473690033
1732437756792815335,0.830800473690033
1732437756803143469,0.830800473690033
1732437756803143469,0.830800473690033
1732437756813772953,0.830800473690033
1732437756813772953,0.830800473690033
1732437756824249953,0.830800473690033
1732437756824249953,0.830800473690033
1732437756834546565,0.830800473690033
1732437756834546565,0.830800473690033
1732437756845138709,0.821707546710968
1732437756845138709,0.821707546710968
1732437756855554179,0.821707546710968
1732437756855554179,0.821707546710968
1732437756865796392,0.821707546710968
1732437756865796392,0.821707546710968
1732437756876382947,0.821707546710968
1732437756876382947,0.821707546710968
1732437756887029432,0.821707546710968
1732437756887029432,0.821707546710968
1732437756898177440,0.821707546710968
1732437756898177440,0.821707546710968
1732437756908743825,0.821707546710968
1732437756908743825,0.821707546710968
1732437756918986982,0.821707546710968
1732437756918986982,0.821707546710968
1732437756929279158,0.821707546710968
1732437756929279158,0.821707546710968
1732437756939653107,0.821707546710968
1732437756939653107,0.821707546710968
1732437756950133223,0.8027588129043579
1732437756950133223,0.8027588129043579
1732437756960687316,0.8027588129043579
1732437756960687316,0.8027588129043579
1732437756970840665,0.8027588129043579
1732437756970840665,0.8027588129043579
1732437756981485066,0.8027588129043579
1732437756981485066,0.8027588129043579
1732437756991876207,0.8027588129043579
1732437756991876207,0.8027588129043579
1732437757002282936,0.8027588129043579
1732437757002282936,0.8027588129043579
1732437757012628302,0.8027588129043579
1732437757012628302,0.8027588129043579
1732437757022912793,0.8027588129043579
1732437757022912793,0.8027588129043579
1732437757033371991,0.8027588129043579
1732437757033371991,0.8027588129043579
1732437757043872655,0.7790714502334595
1732437757043872655,0.7790714502334595
1732437757151735144,0.7637479305267334
1732437757151735144,0.7637479305267334
1732437757161893617,0.7637479305267334
1732437757161893617,0.7637479305267334
1732437757172442902,0.7637479305267334
1732437757172442902,0.7637479305267334
1732437757182968973,0.7637479305267334
1732437757182968973,0.7637479305267334
1732437757193088269,0.7637479305267334
1732437757193088269,0.7637479305267334
1732437757203314673,0.7637479305267334
1732437757203314673,0.7637479305267334
1732437757213415454,0.7637479305267334
1732437757213415454,0.7637479305267334
1732437757223600332,0.7637479305267334
1732437757223600332,0.7637479305267334
1732437757233932703,0.7637479305267334
1732437757233932703,0.7637479305267334
1732437757244122800,0.7326529026031494
1732437757244122800,0.7326529026031494
1732437757254671710,0.7326529026031494
1732437757254671710,0.7326529026031494
1732437757265067443,0.7326529026031494
1732437757265067443,0.7326529026031494
1732437757275726492,0.7326529026031494
1732437757275726492,0.7326529026031494
1732437757286027425,0.7326529026031494
1732437757286027425,0.7326529026031494
1732437757297097999,0.7326529026031494
1732437757297097999,0.7326529026031494
1732437757307494449,0.7326529026031494
1732437757307494449,0.7326529026031494
1732437757318150372,0.7326529026031494
1732437757318150372,0.7326529026031494
1732437757328669861,0.7326529026031494
1732437757328669861,0.7326529026031494
1732437757339330213,0.7326529026031494
1732437757339330213,0.7326529026031494
1732437757443357676,0.6204307079315186
1732437757443357676,0.6204307079315186
1732437757453684907,0.6204307079315186
1732437757453684907,0.6204307079315186
1732437757464130970,0.6204307079315186
1732437757464130970,0.6204307079315186
1732437757474279019,0.6204307079315186
1732437757474279019,0.6204307079315186
1732437757484891276,0.6204307079315186
1732437757484891276,0.6204307079315186
1732437757495231357,0.6204307079315186
1732437757495231357,0.6204307079315186
1732437757505984290,0.6204307079315186
1732437757505984290,0.6204307079315186
1732437757516140560,0.6204307079315186
1732437757516140560,0.6204307079315186
1732437757526778574,0.6204307079315186
1732437757526778574,0.6204307079315186
1732437757537198078,0.6204307079315186
1732437757537198078,0.6204307079315186
1732437757547755186,0.5763750076293945
1732437757547755186,0.5763750076293945
1732437757558399448,0.5763750076293945
1732437757558399448,0.5763750076293945
1732437757568700158,0.5763750076293945
1732437757568700158,0.5763750076293945
1732437757579209051,0.5763750076293945
1732437757579209051,0.5763750076293945
1732437757589870704,0.5763750076293945
1732437757589870704,0.5763750076293945
1732437757600086590,0.5763750076293945
1732437757600086590,0.5763750076293945
1732437757611280419,0.5763750076293945
1732437757611280419,0.5763750076293945
1732437757621402122,0.5763750076293945
1732437757621402122,0.5763750076293945
1732437757631782199,0.5763750076293945
1732437757631782199,0.5763750076293945
1732437757641908731,0.5763750076293945
1732437757641908731,0.5763750076293945
1732437757748541468,0.4807931184768677
1732437757748541468,0.4807931184768677
1732437757758700277,0.4807931184768677
1732437757758700277,0.4807931184768677
1732437757768957358,0.4807931184768677
1732437757768957358,0.4807931184768677
1732437757779442474,0.4807931184768677
1732437757779442474,0.4807931184768677
1732437757790193239,0.4807931184768677
1732437757790193239,0.4807931184768677
1732437757800529291,0.4807931184768677
1732437757800529291,0.4807931184768677
1732437757810966547,0.4807931184768677
1732437757810966547,0.4807931184768677
1732437757821157145,0.4807931184768677
1732437757821157145,0.4807931184768677
1732437757831743749,0.4807931184768677
1732437757831743749,0.4807931184768677
1732437757842108580,0.4332689642906189
1732437757842108580,0.4332689642906189
1732437757852286415,0.4332689642906189
1732437757852286415,0.4332689642906189
1732437757862598709,0.4332689642906189
1732437757862598709,0.4332689642906189
1732437757873078451,0.4332689642906189
1732437757873078451,0.4332689642906189
1732437757883610267,0.4332689642906189
1732437757883610267,0.4332689642906189
1732437757893977764,0.4332689642906189
1732437757893977764,0.4332689642906189
1732437757904233653,0.4332689642906189
1732437757904233653,0.4332689642906189
1732437757914838191,0.4332689642906189
1732437757914838191,0.4332689642906189
1732437757925092477,0.4332689642906189
1732437757925092477,0.4332689642906189
1732437757935488046,0.4332689642906189
1732437757935488046,0.4332689642906189
1732437757945685377,0.4058675467967987
1732437757945685377,0.4058675467967987
1732437757955879391,0.4058675467967987
1732437757955879391,0.4058675467967987
1732437757966427775,0.4058675467967987
1732437757966427775,0.4058675467967987
1732437757977229148,0.4058675467967987
1732437757977229148,0.4058675467967987
1732437757987704952,0.4058675467967987
1732437757987704952,0.4058675467967987
1732437757997956487,0.4058675467967987
1732437757997956487,0.4058675467967987
1732437758009363357,0.4058675467967987
1732437758009363357,0.4058675467967987
1732437758019538726,0.4058675467967987
1732437758019538726,0.4058675467967987
1732437758029909359,0.4058675467967987
1732437758029909359,0.4058675467967987
1732437758040318734,0.4058675467967987
1732437758040318734,0.4058675467967987
1732437758050456743,0.37804844975471497
1732437758050456743,0.37804844975471497
1732437758060786727,0.37804844975471497
1732437758060786727,0.37804844975471497
1732437758146045155,0.3533952534198761
1732437758146045155,0.3533952534198761
1732437758156442458,0.3533952534198761
1732437758156442458,0.3533952534198761
1732437758448831694,0.30253028869628906
1732437758448831694,0.30253028869628906
1732437758552457171,0.29324501752853394
1732437758552457171,0.29324501752853394
1732437758562961122,0.29324501752853394
1732437758562961122,0.29324501752853394
1732437758573214937,0.29324501752853394
1732437758573214937,0.29324501752853394
1732437758583784736,0.29324501752853394
1732437758583784736,0.29324501752853394
1732437758594508279,0.29324501752853394
1732437758594508279,0.29324501752853394
1732437758604658912,0.29324501752853394
1732437758604658912,0.29324501752853394
1732437758617515517,0.29324501752853394
1732437758617515517,0.29324501752853394
1732437758627649561,0.29324501752853394
1732437758627649561,0.29324501752853394
1732437758637919344,0.29324501752853394
1732437758637919344,0.29324501752853394
1732437758648487144,0.27397292852401733
1732437758648487144,0.27397292852401733
1732437758659014359,0.27397292852401733
1732437758659014359,0.27397292852401733
1732437758669390051,0.27397292852401733
1732437758669390051,0.27397292852401733
1732437758679978379,0.27397292852401733
1732437758679978379,0.27397292852401733
1732437758690299680,0.27397292852401733
1732437758690299680,0.27397292852401733
1732437758700601233,0.27397292852401733
1732437758700601233,0.27397292852401733
1732437758711289377,0.27397292852401733
1732437758711289377,0.27397292852401733
1732437758721889486,0.27397292852401733
1732437758721889486,0.27397292852401733
1732437758732260438,0.27397292852401733
1732437758732260438,0.27397292852401733
1732437758742520035,0.27397292852401733
1732437758742520035,0.27397292852401733
1732437758847561074,0.2568899095058441
1732437758847561074,0.2568899095058441
1732437758857971391,0.2568899095058441
1732437758857971391,0.2568899095058441
1732437758868159504,0.2568899095058441
1732437758868159504,0.2568899095058441
1732437758878379818,0.2568899095058441
1732437758878379818,0.2568899095058441
1732437758888575085,0.2568899095058441
1732437758888575085,0.2568899095058441
1732437758899534553,0.2568899095058441
1732437758899534553,0.2568899095058441
1732437758910046398,0.2568899095058441
1732437758910046398,0.2568899095058441
1732437758920606603,0.2568899095058441
1732437758920606603,0.2568899095058441
1732437758930844425,0.2568899095058441
1732437758930844425,0.2568899095058441
1732437758941194893,0.2568899095058441
1732437758941194893,0.2568899095058441
1732437758952333543,0.24309256672859192
1732437758952333543,0.24309256672859192
1732437758962906582,0.24309256672859192
1732437758962906582,0.24309256672859192
1732437758973137546,0.24309256672859192
1732437758973137546,0.24309256672859192
1732437758983482210,0.24309256672859192
1732437758983482210,0.24309256672859192
1732437758994719625,0.24309256672859192
1732437758994719625,0.24309256672859192
1732437759005079508,0.24309256672859192
1732437759005079508,0.24309256672859192
1732437759015434270,0.24309256672859192
1732437759015434270,0.24309256672859192
1732437759025782752,0.24309256672859192
1732437759025782752,0.24309256672859192
1732437759036435409,0.24309256672859192
1732437759036435409,0.24309256672859192
1732437759046921346,0.23061951994895935
1732437759046921346,0.23061951994895935
1732437759057222860,0.23061951994895935
1732437759057222860,0.23061951994895935
1732437759067738032,0.23061951994895935
1732437759067738032,0.23061951994895935
1732437759078380730,0.23061951994895935
1732437759078380730,0.23061951994895935
1732437759089527101,0.23061951994895935
1732437759089527101,0.23061951994895935
1732437759100148795,0.23061951994895935
1732437759100148795,0.23061951994895935
1732437759110746009,0.23061951994895935
1732437759110746009,0.23061951994895935
1732437759120996609,0.23061951994895935
1732437759120996609,0.23061951994895935
1732437759131306118,0.23061951994895935
1732437759131306118,0.23061951994895935
1732437759141804328,0.23061951994895935
1732437759141804328,0.23061951994895935
1732437759246820348,0.21241483092308044
1732437759246820348,0.21241483092308044
1732437759256988699,0.21241483092308044
1732437759256988699,0.21241483092308044
1732437759267205946,0.21241483092308044
1732437759267205946,0.21241483092308044
1732437759277408747,0.21241483092308044
1732437759277408747,0.21241483092308044
1732437759287693810,0.21241483092308044
1732437759287693810,0.21241483092308044
1732437759298224380,0.21241483092308044
1732437759298224380,0.21241483092308044
1732437759308642451,0.21241483092308044
1732437759308642451,0.21241483092308044
1732437759318866910,0.21241483092308044
1732437759318866910,0.21241483092308044
1732437759329421067,0.21241483092308044
1732437759329421067,0.21241483092308044
1732437759339699639,0.21241483092308044
1732437759339699639,0.21241483092308044
1732437759350146133,0.2257726639509201
1732437759350146133,0.2257726639509201
1732437759360337869,0.2257726639509201
1732437759360337869,0.2257726639509201
1732437759370623909,0.2257726639509201
1732437759370623909,0.2257726639509201
1732437759381259395,0.2257726639509201
1732437759381259395,0.2257726639509201
1732437759391609850,0.2257726639509201
1732437759391609850,0.2257726639509201
1732437759402073846,0.2257726639509201
1732437759402073846,0.2257726639509201
1732437759412556917,0.2257726639509201
1732437759412556917,0.2257726639509201
1732437759422866055,0.2257726639509201
1732437759422866055,0.2257726639509201
1732437759433370528,0.2257726639509201
1732437759433370528,0.2257726639509201
1732437759443563771,0.2119637429714203
1732437759545214278,0.19997118413448334
1732437759545214278,0.19997118413448334
1732437759555788699,0.19997118413448334
1732437759555788699,0.19997118413448334
1732437759566383318,0.19997118413448334
1732437759566383318,0.19997118413448334
1732437759577210009,0.19997118413448334
1732437759577210009,0.19997118413448334
1732437759587449377,0.19997118413448334
1732437759587449377,0.19997118413448334
1732437759597932829,0.19997118413448334
1732437759597932829,0.19997118413448334
1732437759608073054,0.19997118413448334
1732437759608073054,0.19997118413448334
1732437759618321911,0.19997118413448334
1732437759618321911,0.19997118413448334
1732437759628768896,0.19997118413448334
1732437759628768896,0.19997118413448334
1732437759639245435,0.19997118413448334
1732437759639245435,0.19997118413448334
1732437759649747900,0.19193358719348907
1732437759649747900,0.19193358719348907
1732437759660042805,0.19193358719348907
1732437759660042805,0.19193358719348907
1732437759670814564,0.19193358719348907
1732437759670814564,0.19193358719348907
1732437759681004241,0.19193358719348907
1732437759681004241,0.19193358719348907
1732437759691606725,0.19193358719348907
1732437759691606725,0.19193358719348907
1732437759701857731,0.19193358719348907
1732437759701857731,0.19193358719348907
1732437759713806682,0.19193358719348907
1732437759713806682,0.19193358719348907
1732437759724186893,0.19193358719348907
1732437759724186893,0.19193358719348907
1732437759734414536,0.19193358719348907
1732437759734414536,0.19193358719348907
1732437759849072668,0.16986137628555298
1732437759849072668,0.16986137628555298
1732437759859396413,0.16986137628555298
1732437759859396413,0.16986137628555298
1732437759869748867,0.16986137628555298
1732437759869748867,0.16986137628555298
1732437759880055140,0.16986137628555298
1732437759880055140,0.16986137628555298
1732437759890573257,0.16986137628555298
1732437759890573257,0.16986137628555298
1732437759901210856,0.16986137628555298
1732437759901210856,0.16986137628555298
1732437759911441147,0.16986137628555298
1732437759911441147,0.16986137628555298
1732437759921718506,0.16986137628555298
1732437759921718506,0.16986137628555298
1732437759932072798,0.16986137628555298
1732437759932072798,0.16986137628555298
1732437759942101616,0.16986137628555298
1732437759942101616,0.16986137628555298
1732437759953019186,0.17236872017383575
1732437759953019186,0.17236872017383575
1732437759963528407,0.17236872017383575
1732437759963528407,0.17236872017383575
1732437759973824371,0.17236872017383575
1732437759973824371,0.17236872017383575
1732437759984200454,0.17236872017383575
1732437759984200454,0.17236872017383575
1732437759995316793,0.17236872017383575
1732437759995316793,0.17236872017383575
1732437760005515576,0.17236872017383575
1732437760005515576,0.17236872017383575
1732437760016156422,0.17236872017383575
1732437760016156422,0.17236872017383575
1732437760016156422,0.17236872017383575
1732437760026715806,0.17236872017383575
1732437760037125591,0.17236872017383575
1732437760037125591,0.17236872017383575
1732437760047335886,0.16464576125144958
1732437760047335886,0.16464576125144958
1732437760057553394,0.16464576125144958
1732437760057553394,0.16464576125144958
1732437760067731368,0.16464576125144958
1732437760067731368,0.16464576125144958
1732437760077955750,0.16464576125144958
1732437760077955750,0.16464576125144958
1732437760088201952,0.16464576125144958
1732437760088201952,0.16464576125144958
1732437760098521028,0.16464576125144958
1732437760098521028,0.16464576125144958
1732437760108832871,0.16464576125144958
1732437760108832871,0.16464576125144958
1732437760119306727,0.16464576125144958
1732437760119306727,0.16464576125144958
1732437760129653486,0.16464576125144958
1732437760129653486,0.16464576125144958
1732437760140306273,0.16464576125144958
1732437760140306273,0.16464576125144958
1732437760150359846,0.15728728473186493
1732437760150359846,0.15728728473186493
1732437760245067253,0.16344694793224335
1732437760245067253,0.16344694793224335
1732437760255550426,0.16344694793224335
1732437760255550426,0.16344694793224335
1732437760265739431,0.16344694793224335
1732437760265739431,0.16344694793224335
1732437760275888021,0.16344694793224335
1732437760275888021,0.16344694793224335
1732437760286184235,0.16344694793224335
1732437760286184235,0.16344694793224335
1732437760296490218,0.16344694793224335
1732437760296490218,0.16344694793224335
1732437760306714741,0.16344694793224335
1732437760306714741,0.16344694793224335
1732437760317267943,0.16344694793224335
1732437760317267943,0.16344694793224335
1732437760328040583,0.16344694793224335
1732437760328040583,0.16344694793224335
1732437760338270343,0.16344694793224335
1732437760338270343,0.16344694793224335
1732437760349491930,0.16233614087104797
1732437760349491930,0.16233614087104797
1732437760359929758,0.16233614087104797
1732437760359929758,0.16233614087104797
1732437760370307593,0.16233614087104797
1732437760370307593,0.16233614087104797
1732437760380935134,0.16233614087104797
1732437760380935134,0.16233614087104797
1732437760391385695,0.16233614087104797
1732437760391385695,0.16233614087104797
1732437760401735279,0.16233614087104797
1732437760401735279,0.16233614087104797
1732437760412381525,0.16233614087104797
1732437760412381525,0.16233614087104797
1732437760422619942,0.16233614087104797
1732437760422619942,0.16233614087104797
1732437760432665219,0.16233614087104797
1732437760432665219,0.16233614087104797
1732437760442970582,0.16233614087104797
1732437760442970582,0.16233614087104797
1732437760453060903,0.16272540390491486
1732437760453060903,0.16272540390491486
1732437760463392624,0.16272540390491486
1732437760463392624,0.16272540390491486
1732437760473967016,0.16272540390491486
1732437760473967016,0.16272540390491486
1732437760484079008,0.16272540390491486
1732437760484079008,0.16272540390491486
1732437760494826602,0.16272540390491486
1732437760494826602,0.16272540390491486
1732437760505057484,0.16272540390491486
1732437760505057484,0.16272540390491486
1732437760515475425,0.16272540390491486
1732437760515475425,0.16272540390491486
1732437760526231906,0.16272540390491486
1732437760526231906,0.16272540390491486
1732437760536803153,0.16272540390491486
1732437760536803153,0.16272540390491486
1732437760546905686,0.1558874249458313
1732437760546905686,0.1558874249458313
1732437760557314821,0.1558874249458313
1732437760557314821,0.1558874249458313
1732437760567354669,0.1558874249458313
1732437760567354669,0.1558874249458313
1732437760577818896,0.1558874249458313
1732437760577818896,0.1558874249458313
1732437760587999195,0.1558874249458313
1732437760587999195,0.1558874249458313
1732437760598146793,0.1558874249458313
1732437760598146793,0.1558874249458313
1732437760608690107,0.1558874249458313
1732437760608690107,0.1558874249458313
1732437760619197586,0.1558874249458313
1732437760619197586,0.1558874249458313
1732437760629282036,0.1558874249458313
1732437760629282036,0.1558874249458313
1732437760639759487,0.1558874249458313
1732437760639759487,0.1558874249458313
1732437760747641391,0.16349337995052338
1732437760747641391,0.16349337995052338
1732437760757743624,0.16349337995052338
1732437760757743624,0.16349337995052338
1732437760768345669,0.16349337995052338
1732437760768345669,0.16349337995052338
1732437760778729055,0.16349337995052338
1732437760778729055,0.16349337995052338
1732437760788947444,0.16349337995052338
1732437760788947444,0.16349337995052338
1732437760799497962,0.16349337995052338
1732437760799497962,0.16349337995052338
1732437760812091588,0.16349337995052338
1732437760812091588,0.16349337995052338
1732437760822531480,0.16349337995052338
1732437760822531480,0.16349337995052338
1732437760832910538,0.16349337995052338
1732437760832910538,0.16349337995052338
1732437760843201423,0.16349337995052338
1732437760843201423,0.16349337995052338
1732437760853408752,0.15901227295398712
1732437760853408752,0.15901227295398712
1732437760863919035,0.15901227295398712
1732437760863919035,0.15901227295398712
1732437760874158705,0.15901227295398712
1732437760874158705,0.15901227295398712
1732437760884370943,0.15901227295398712
1732437760884370943,0.15901227295398712
1732437760894800085,0.15901227295398712
1732437760894800085,0.15901227295398712
1732437760905073317,0.15901227295398712
1732437760905073317,0.15901227295398712
1732437760915299512,0.15901227295398712
1732437760915299512,0.15901227295398712
1732437760925728633,0.15901227295398712
1732437760925728633,0.15901227295398712
1732437760936066725,0.15901227295398712
1732437760936066725,0.15901227295398712
1732437760946563994,0.1532275378704071
1732437760946563994,0.1532275378704071
1732437760957010228,0.1532275378704071
1732437760957010228,0.1532275378704071
1732437760967312534,0.1532275378704071
1732437760967312534,0.1532275378704071
1732437760977403576,0.1532275378704071
1732437760977403576,0.1532275378704071
1732437760987585489,0.1532275378704071
1732437760987585489,0.1532275378704071
1732437760998065896,0.1532275378704071
1732437760998065896,0.1532275378704071
1732437761008865848,0.1532275378704071
1732437761008865848,0.1532275378704071
1732437761019269371,0.1532275378704071
1732437761019269371,0.1532275378704071
1732437761030022345,0.1532275378704071
1732437761030022345,0.1532275378704071
1732437761040534470,0.1532275378704071
1732437761040534470,0.1532275378704071
1732437761050767549,0.14477239549160004
1732437761050767549,0.14477239549160004
1732437761060847711,0.14477239549160004
1732437761060847711,0.14477239549160004
1732437761071090412,0.14477239549160004
1732437761071090412,0.14477239549160004
1732437761081713349,0.14477239549160004
1732437761081713349,0.14477239549160004
1732437761091869112,0.14477239549160004
1732437761091869112,0.14477239549160004
1732437761102131383,0.14477239549160004
1732437761102131383,0.14477239549160004
1732437761112622270,0.14477239549160004
1732437761112622270,0.14477239549160004
1732437761123206556,0.14477239549160004
1732437761123206556,0.14477239549160004
1732437761133802042,0.14477239549160004
1732437761133802042,0.14477239549160004
1732437761144056098,0.14639000594615936
1732437761144056098,0.14639000594615936
1732437761154214546,0.14639000594615936
1732437761154214546,0.14639000594615936
1732437761164573497,0.14639000594615936
1732437761164573497,0.14639000594615936
1732437761175138662,0.14639000594615936
1732437761175138662,0.14639000594615936
1732437761185415930,0.14639000594615936
1732437761185415930,0.14639000594615936
1732437761195648318,0.14639000594615936
1732437761195648318,0.14639000594615936
1732437761206057432,0.14639000594615936
1732437761206057432,0.14639000594615936
1732437761216263719,0.14639000594615936
1732437761216263719,0.14639000594615936
1732437761226581284,0.14639000594615936
1732437761226581284,0.14639000594615936
1732437761237018301,0.14639000594615936
1732437761237018301,0.14639000594615936
1732437761247159407,0.15194979310035706
1732437761247159407,0.15194979310035706
1732437761257383809,0.15194979310035706
1732437761257383809,0.15194979310035706
1732437761267734014,0.15194979310035706
1732437761267734014,0.15194979310035706
1732437761278138629,0.15194979310035706
1732437761278138629,0.15194979310035706
1732437761288634776,0.15194979310035706
1732437761288634776,0.15194979310035706
1732437761299196374,0.15194979310035706
1732437761299196374,0.15194979310035706
1732437761311545666,0.15194979310035706
1732437761311545666,0.15194979310035706
1732437761321910084,0.15194979310035706
1732437761321910084,0.15194979310035706
1732437761332569487,0.15194979310035706
1732437761332569487,0.15194979310035706
1732437761342778971,0.15194979310035706
1732437761342778971,0.15194979310035706
1732437761352895181,0.15291103720664978
1732437761352895181,0.15291103720664978
1732437761363492065,0.15291103720664978
1732437761363492065,0.15291103720664978
1732437761374100600,0.15291103720664978
1732437761374100600,0.15291103720664978
1732437761384330622,0.15291103720664978
1732437761384330622,0.15291103720664978
1732437761394888172,0.15291103720664978
1732437761394888172,0.15291103720664978
1732437761405100612,0.15291103720664978
1732437761405100612,0.15291103720664978
1732437761415474627,0.15291103720664978
1732437761415474627,0.15291103720664978
1732437761426071104,0.15291103720664978
1732437761426071104,0.15291103720664978
1732437761436540169,0.15291103720664978
1732437761436540169,0.15291103720664978
1732437761545759282,0.1527487337589264
1732437761545759282,0.1527487337589264
1732437761556212518,0.1527487337589264
1732437761556212518,0.1527487337589264
1732437761566742579,0.1527487337589264
1732437761566742579,0.1527487337589264
1732437761577369428,0.1527487337589264
1732437761577369428,0.1527487337589264
1732437761587666884,0.1527487337589264
1732437761587666884,0.1527487337589264
1732437761597837433,0.1527487337589264
1732437761597837433,0.1527487337589264
1732437761608143749,0.1527487337589264
1732437761608143749,0.1527487337589264
1732437761618450323,0.1527487337589264
1732437761618450323,0.1527487337589264
1732437761629423698,0.1527487337589264
1732437761629423698,0.1527487337589264
1732437761639721275,0.1527487337589264
1732437761639721275,0.1527487337589264
1732437761650149264,0.14663687348365784
1732437761650149264,0.14663687348365784
1732437761660786322,0.14663687348365784
1732437761660786322,0.14663687348365784
1732437761671161675,0.14663687348365784
1732437761671161675,0.14663687348365784
1732437761681749969,0.14663687348365784
1732437761681749969,0.14663687348365784
1732437761692395336,0.14663687348365784
1732437761692395336,0.14663687348365784
1732437761703228870,0.14663687348365784
1732437761703228870,0.14663687348365784
1732437761715137724,0.14663687348365784
1732437761715137724,0.14663687348365784
1732437761725775564,0.14663687348365784
1732437761725775564,0.14663687348365784
1732437761725775564,0.14663687348365784
1732437761725775564,0.14663687348365784
1732437761746330604,0.14854483306407928
1732437761746330604,0.14854483306407928
1732437761756950200,0.14854483306407928
1732437761756950200,0.14854483306407928
1732437761767479608,0.14854483306407928
1732437761767479608,0.14854483306407928
1732437761778270934,0.14854483306407928
1732437761778270934,0.14854483306407928
1732437761788441574,0.14854483306407928
1732437761788441574,0.14854483306407928
1732437761798983356,0.14854483306407928
1732437761798983356,0.14854483306407928
1732437761809715339,0.14854483306407928
1732437761809715339,0.14854483306407928
1732437761820349514,0.14854483306407928
1732437761820349514,0.14854483306407928
1732437761830954101,0.14854483306407928
1732437761830954101,0.14854483306407928
1732437761841442844,0.14854483306407928
1732437761841442844,0.14854483306407928
1732437761853315276,0.14276237785816193
1732437761853315276,0.14276237785816193
1732437761948605812,0.13979655504226685
1732437761948605812,0.13979655504226685
1732437761958884022,0.13979655504226685
1732437761958884022,0.13979655504226685
1732437761969183204,0.13979655504226685
1732437761969183204,0.13979655504226685
1732437761979835140,0.13979655504226685
1732437761979835140,0.13979655504226685
1732437761990187217,0.13979655504226685
1732437761990187217,0.13979655504226685
1732437762000747953,0.13979655504226685
1732437762000747953,0.13979655504226685
1732437762011037497,0.13979655504226685
1732437762011037497,0.13979655504226685
1732437762021406927,0.13979655504226685
1732437762021406927,0.13979655504226685
1732437762031558594,0.13979655504226685
1732437762031558594,0.13979655504226685
1732437762042167897,0.13979655504226685
1732437762042167897,0.13979655504226685
1732437762052458315,0.13782840967178345
1732437762052458315,0.13782840967178345
1732437762062962636,0.13782840967178345
1732437762062962636,0.13782840967178345
1732437762073193941,0.13782840967178345
1732437762073193941,0.13782840967178345
1732437762083402078,0.13782840967178345
1732437762083402078,0.13782840967178345
1732437762093840871,0.13782840967178345
1732437762093840871,0.13782840967178345
1732437762104329212,0.13782840967178345
1732437762104329212,0.13782840967178345
1732437762114724362,0.13782840967178345
1732437762114724362,0.13782840967178345
1732437762124913668,0.13782840967178345
1732437762124913668,0.13782840967178345
1732437762135582366,0.13782840967178345
1732437762135582366,0.13782840967178345
1732437762249569834,0.127159982919693
1732437762249569834,0.127159982919693
1732437762260768587,0.127159982919693
1732437762260768587,0.127159982919693
1732437762271119063,0.127159982919693
1732437762271119063,0.127159982919693
1732437762281857000,0.127159982919693
1732437762281857000,0.127159982919693
1732437762291997334,0.127159982919693
1732437762291997334,0.127159982919693
1732437762302268132,0.127159982919693
1732437762302268132,0.127159982919693
1732437762312639447,0.127159982919693
1732437762312639447,0.127159982919693
1732437762323142555,0.127159982919693
1732437762323142555,0.127159982919693
1732437762333703864,0.127159982919693
1732437762333703864,0.127159982919693
1732437762343971766,0.11704114824533463
1732437762343971766,0.11704114824533463
1732437762354416266,0.11704114824533463
1732437762354416266,0.11704114824533463
1732437762364940286,0.11704114824533463
1732437762364940286,0.11704114824533463
1732437762375473120,0.11704114824533463
1732437762375473120,0.11704114824533463
1732437762386049675,0.11704114824533463
1732437762386049675,0.11704114824533463
1732437762396188365,0.11704114824533463
1732437762396188365,0.11704114824533463
1732437762406392628,0.11704114824533463
1732437762406392628,0.11704114824533463
1732437762416930746,0.11704114824533463
1732437762416930746,0.11704114824533463
1732437762427268058,0.11704114824533463
1732437762427268058,0.11704114824533463
1732437762437678996,0.11704114824533463
1732437762437678996,0.11704114824533463
1732437762437678996,0.10762748122215271
1732437762437678996,0.10762748122215271
1732437762551943630,0.09979633241891861
1732437762551943630,0.09979633241891861
1732437762562039493,0.09979633241891861
1732437762562039493,0.09979633241891861
1732437762572338372,0.09979633241891861
1732437762572338372,0.09979633241891861
1732437762582722171,0.09979633241891861
1732437762582722171,0.09979633241891861
1732437762592994461,0.09979633241891861
1732437762592994461,0.09979633241891861
1732437762603117674,0.09979633241891861
1732437762603117674,0.09979633241891861
1732437762613487776,0.09979633241891861
1732437762613487776,0.09979633241891861
1732437762623968484,0.09979633241891861
1732437762623968484,0.09979633241891861
1732437762634610882,0.09979633241891861
1732437762634610882,0.09979633241891861
1732437762644695735,0.09117425233125687
1732437762644695735,0.09117425233125687
1732437762655027696,0.09117425233125687
1732437762655027696,0.09117425233125687
1732437762665581188,0.09117425233125687
1732437762665581188,0.09117425233125687
1732437762675794089,0.09117425233125687
1732437762675794089,0.09117425233125687
1732437762686258687,0.09117425233125687
1732437762686258687,0.09117425233125687
1732437762696751346,0.09117425233125687
1732437762696751346,0.09117425233125687
1732437762707214222,0.09117425233125687
1732437762707214222,0.09117425233125687
1732437762717938432,0.09117425233125687
1732437762717938432,0.09117425233125687
1732437762728064791,0.09117425233125687
1732437762728064791,0.09117425233125687
1732437762738661054,0.09117425233125687
1732437762738661054,0.09117425233125687
1732437762749258799,0.08441321551799774
1732437762749258799,0.08441321551799774
1732437762759674116,0.08441321551799774
1732437762759674116,0.08441321551799774
1732437762770130759,0.08441321551799774
1732437762770130759,0.08441321551799774
1732437762780658293,0.08441321551799774
1732437762780658293,0.08441321551799774
1732437762791011275,0.08441321551799774
1732437762791011275,0.08441321551799774
1732437762801220587,0.08441321551799774
1732437762801220587,0.08441321551799774
1732437762813624520,0.08441321551799774
1732437762813624520,0.08441321551799774
1732437762824160733,0.08441321551799774
1732437762824160733,0.08441321551799774
1732437762834424587,0.08441321551799774
1732437762834424587,0.08441321551799774
1732437762844530848,0.07714135199785233
1732437762844530848,0.07714135199785233
1732437762953138825,0.07270197570323944
1732437762953138825,0.07270197570323944
1732437762963434695,0.07270197570323944
1732437762963434695,0.07270197570323944
1732437762973982131,0.07270197570323944
1732437762973982131,0.07270197570323944
1732437762984362161,0.07270197570323944
1732437762984362161,0.07270197570323944
1732437762994717315,0.07270197570323944
1732437762994717315,0.07270197570323944
1732437763005101414,0.07270197570323944
1732437763005101414,0.07270197570323944
1732437763015199169,0.07270197570323944
1732437763015199169,0.07270197570323944
1732437763025528075,0.07270197570323944
1732437763025528075,0.07270197570323944
1732437763035960814,0.07270197570323944
1732437763035960814,0.07270197570323944
1732437763046137557,0.0698728933930397
1732437763046137557,0.0698728933930397
1732437763056196818,0.0698728933930397
1732437763056196818,0.0698728933930397
1732437763066388208,0.0698728933930397
1732437763066388208,0.0698728933930397
1732437763076849052,0.0698728933930397
1732437763076849052,0.0698728933930397
1732437763086878632,0.0698728933930397
1732437763086878632,0.0698728933930397
1732437763097371842,0.0698728933930397
1732437763097371842,0.0698728933930397
1732437763107459195,0.0698728933930397
1732437763107459195,0.0698728933930397
1732437763117958101,0.0698728933930397
1732437763117958101,0.0698728933930397
1732437763128923399,0.0698728933930397
1732437763128923399,0.0698728933930397
1732437763139365617,0.0698728933930397
1732437763139365617,0.0698728933930397
1732437763247183154,0.06167726591229439
1732437763247183154,0.06167726591229439
1732437763257435006,0.06167726591229439
1732437763257435006,0.06167726591229439
1732437763267653117,0.06167726591229439
1732437763267653117,0.06167726591229439
1732437763278175622,0.06167726591229439
1732437763278175622,0.06167726591229439
1732437763288557818,0.06167726591229439
1732437763288557818,0.06167726591229439
1732437763298943979,0.06167726591229439
1732437763298943979,0.06167726591229439
1732437763309107328,0.06167726591229439
1732437763309107328,0.06167726591229439
1732437763319282046,0.06167726591229439
1732437763319282046,0.06167726591229439
1732437763329901001,0.06167726591229439
1732437763329901001,0.06167726591229439
1732437763340286953,0.06167726591229439
1732437763340286953,0.06167726591229439
1732437763350606420,0.05710041522979736
1732437763350606420,0.05710041522979736
1732437763361278806,0.05710041522979736
1732437763361278806,0.05710041522979736
1732437763371754634,0.05710041522979736
1732437763371754634,0.05710041522979736
1732437763382227188,0.05710041522979736
1732437763382227188,0.05710041522979736
1732437763392971466,0.05710041522979736
1732437763392971466,0.05710041522979736
1732437763403165349,0.05710041522979736
1732437763403165349,0.05710041522979736
1732437763413612074,0.05710041522979736
1732437763413612074,0.05710041522979736
1732437763424054120,0.05710041522979736
1732437763424054120,0.05710041522979736
1732437763435267010,0.05710041522979736
1732437763435267010,0.05710041522979736
1732437763445785728,0.0529346689581871
1732437763445785728,0.0529346689581871
1732437763548916951,0.05042928829789162
1732437763548916951,0.05042928829789162
1732437763559375910,0.05042928829789162
1732437763559375910,0.05042928829789162
1732437763569722047,0.05042928829789162
1732437763569722047,0.05042928829789162
1732437763580218191,0.05042928829789162
1732437763580218191,0.05042928829789162
1732437763590580612,0.05042928829789162
1732437763590580612,0.05042928829789162
1732437763600714012,0.05042928829789162
1732437763600714012,0.05042928829789162
1732437763611080470,0.05042928829789162
1732437763611080470,0.05042928829789162
1732437763621600161,0.05042928829789162
1732437763621600161,0.05042928829789162
1732437763632047256,0.05042928829789162
1732437763632047256,0.05042928829789162
1732437763642407149,0.05042928829789162
1732437763642407149,0.05042928829789162
1732437763652969109,0.04761115834116936
1732437763652969109,0.04761115834116936
1732437763663131614,0.04761115834116936
1732437763663131614,0.04761115834116936
1732437763673719773,0.04761115834116936
1732437763673719773,0.04761115834116936
1732437763684076430,0.04761115834116936
1732437763684076430,0.04761115834116936
1732437763694828904,0.04761115834116936
1732437763694828904,0.04761115834116936
1732437763705128325,0.04761115834116936
1732437763705128325,0.04761115834116936
1732437763715722924,0.04761115834116936
1732437763715722924,0.04761115834116936
1732437763729816707,0.04761115834116936
1732437763729816707,0.04761115834116936
1732437763740073291,0.04761115834116936
1732437763740073291,0.04761115834116936
1732437763750607750,0.04612408205866814
1732437763750607750,0.04612408205866814
1732437763761200302,0.04612408205866814
1732437763761200302,0.04612408205866814
1732437763771220636,0.04612408205866814
1732437763771220636,0.04612408205866814
1732437763781669065,0.04612408205866814
1732437763781669065,0.04612408205866814
1732437763792210292,0.04612408205866814
1732437763792210292,0.04612408205866814
1732437763802864737,0.04612408205866814
1732437763802864737,0.04612408205866814
1732437763813464206,0.04612408205866814
1732437763813464206,0.04612408205866814
1732437763823860797,0.04612408205866814
1732437763823860797,0.04612408205866814
1732437763834291482,0.04612408205866814
1732437763834291482,0.04612408205866814
1732437763844678235,0.04409162700176239
1732437763844678235,0.04409162700176239
1732437763854915711,0.04409162700176239
1732437763854915711,0.04409162700176239
1732437763865554893,0.04409162700176239
1732437763865554893,0.04409162700176239
1732437763875710424,0.04409162700176239
1732437763875710424,0.04409162700176239
1732437763886055082,0.04409162700176239
1732437763886055082,0.04409162700176239
1732437763896757970,0.04409162700176239
1732437763896757970,0.04409162700176239
1732437763907467744,0.04409162700176239
1732437763907467744,0.04409162700176239
1732437763917656121,0.04409162700176239
1732437763917656121,0.04409162700176239
1732437763927745412,0.04409162700176239
1732437763927745412,0.04409162700176239
1732437763938125933,0.04409162700176239
1732437763938125933,0.04409162700176239
1732437763948403435,0.04233381524682045
1732437763948403435,0.04233381524682045
1732437763959060309,0.04233381524682045
1732437763959060309,0.04233381524682045
1732437763969760356,0.04233381524682045
1732437763969760356,0.04233381524682045
1732437763979978513,0.04233381524682045
1732437763979978513,0.04233381524682045
1732437763990185923,0.04233381524682045
1732437763990185923,0.04233381524682045
1732437764000676108,0.04233381524682045
1732437764000676108,0.04233381524682045
1732437764011112333,0.04233381524682045
1732437764011112333,0.04233381524682045
1732437764021660407,0.04233381524682045
1732437764021660407,0.04233381524682045
1732437764032221234,0.04233381524682045
1732437764032221234,0.04233381524682045
1732437764042473467,0.04233381524682045
1732437764042473467,0.04233381524682045
1732437764149755420,0.03839585557579994
1732437764149755420,0.03839585557579994
1732437764160434768,0.03839585557579994
1732437764160434768,0.03839585557579994
1732437764170719942,0.03839585557579994
1732437764170719942,0.03839585557579994
1732437764181017710,0.03839585557579994
1732437764181017710,0.03839585557579994
1732437764191477278,0.03839585557579994
1732437764191477278,0.03839585557579994
1732437764202464739,0.03839585557579994
1732437764202464739,0.03839585557579994
1732437764212917866,0.03839585557579994
1732437764212917866,0.03839585557579994
1732437764223341287,0.03839585557579994
1732437764223341287,0.03839585557579994
1732437764233511127,0.03839585557579994
1732437764233511127,0.03839585557579994
1732437764243873306,0.03714064881205559
1732437764243873306,0.03714064881205559
1732437764254248997,0.03714064881205559
1732437764254248997,0.03714064881205559
1732437764264704268,0.03714064881205559
1732437764264704268,0.03714064881205559
1732437764274897551,0.03714064881205559
1732437764274897551,0.03714064881205559
1732437764285234669,0.03714064881205559
1732437764285234669,0.03714064881205559
1732437764295401356,0.03714064881205559
1732437764295401356,0.03714064881205559
1732437764306012888,0.03714064881205559
1732437764306012888,0.03714064881205559
1732437764316544099,0.03714064881205559
1732437764316544099,0.03714064881205559
1732437764327719809,0.03714064881205559
1732437764327719809,0.03714064881205559
1732437764337822214,0.03714064881205559
1732437764337822214,0.03714064881205559
1732437764348309766,0.03571651503443718
1732437764348309766,0.03571651503443718
1732437764358910333,0.03571651503443718
1732437764358910333,0.03571651503443718
1732437764369205430,0.03571651503443718
1732437764369205430,0.03571651503443718
1732437764379587434,0.03571651503443718
1732437764379587434,0.03571651503443718
1732437764390370636,0.03571651503443718
1732437764390370636,0.03571651503443718
1732437764400828320,0.03571651503443718
1732437764400828320,0.03571651503443718
1732437764411227927,0.03571651503443718
1732437764411227927,0.03571651503443718
1732437764421713114,0.03571651503443718
1732437764421713114,0.03571651503443718
1732437764432131676,0.03571651503443718
1732437764432131676,0.03571651503443718
1732437764442807758,0.03571651503443718
1732437764442807758,0.03571651503443718
1732437764453186066,0.03468441590666771
1732437764453186066,0.03468441590666771
1732437764548600583,0.033815570175647736
1732437764548600583,0.033815570175647736
1732437764558815343,0.033815570175647736
1732437764558815343,0.033815570175647736
1732437764569229881,0.033815570175647736
1732437764569229881,0.033815570175647736
1732437764579807649,0.033815570175647736
1732437764579807649,0.033815570175647736
1732437764590360312,0.033815570175647736
1732437764590360312,0.033815570175647736
1732437764600669831,0.033815570175647736
1732437764600669831,0.033815570175647736
1732437764611201885,0.033815570175647736
1732437764611201885,0.033815570175647736
1732437764621386552,0.033815570175647736
1732437764621386552,0.033815570175647736
1732437764631745514,0.033815570175647736
1732437764631745514,0.033815570175647736
1732437764642253994,0.033815570175647736
1732437764642253994,0.033815570175647736
1732437764653207572,0.03360797464847565
1732437764653207572,0.03360797464847565
1732437764663427825,0.03360797464847565
1732437764663427825,0.03360797464847565
1732437764674013318,0.03360797464847565
1732437764674013318,0.03360797464847565
1732437764684280178,0.03360797464847565
1732437764684280178,0.03360797464847565
1732437764694712333,0.03360797464847565
1732437764694712333,0.03360797464847565
1732437764704848654,0.03360797464847565
1732437764704848654,0.03360797464847565
1732437764714958684,0.03360797464847565
1732437764714958684,0.03360797464847565
1732437764725466432,0.03360797464847565
1732437764725466432,0.03360797464847565
1732437764736123548,0.03360797464847565
1732437764736123548,0.03360797464847565
1732437764736123548,0.03342997655272484
1732437764746515712,0.03342997655272484
1732437764756977945,0.03342997655272484
1732437764756977945,0.03342997655272484
1732437764767101359,0.03342997655272484
1732437764767101359,0.03342997655272484
1732437764777364904,0.03342997655272484
1732437764777364904,0.03342997655272484
1732437764787834831,0.03342997655272484
1732437764787834831,0.03342997655272484
1732437764798068030,0.03342997655272484
1732437764798068030,0.03342997655272484
1732437764808631527,0.03342997655272484
1732437764808631527,0.03342997655272484
1732437764819050592,0.03342997655272484
1732437764819050592,0.03342997655272484
1732437764829434713,0.03342997655272484
1732437764829434713,0.03342997655272484
1732437764839686776,0.03342997655272484
1732437764839686776,0.03342997655272484
1732437764946429316,0.03333571180701256
1732437764946429316,0.03333571180701256
1732437764956805641,0.03333571180701256
1732437764956805641,0.03333571180701256
1732437764966833684,0.03333571180701256
1732437764966833684,0.03333571180701256
1732437764977234486,0.03333571180701256
1732437764977234486,0.03333571180701256
1732437764987844983,0.03333571180701256
1732437764987844983,0.03333571180701256
1732437764998293543,0.03333571180701256
1732437764998293543,0.03333571180701256
1732437765008374830,0.03333571180701256
1732437765008374830,0.03333571180701256
1732437765018672226,0.03333571180701256
1732437765018672226,0.03333571180701256
1732437765028835986,0.03333571180701256
1732437765028835986,0.03333571180701256
1732437765039363861,0.03333571180701256
1732437765039363861,0.03333571180701256
1732437765049549050,0.034271907061338425
1732437765049549050,0.034271907061338425
1732437765059969877,0.034271907061338425
1732437765059969877,0.034271907061338425
1732437765070412935,0.034271907061338425
1732437765070412935,0.034271907061338425
1732437765080558389,0.034271907061338425
1732437765080558389,0.034271907061338425
1732437765091106062,0.034271907061338425
1732437765091106062,0.034271907061338425
1732437765101686675,0.034271907061338425
1732437765101686675,0.034271907061338425
1732437765112199675,0.034271907061338425
1732437765112199675,0.034271907061338425
1732437765122504706,0.034271907061338425
1732437765122504706,0.034271907061338425
1732437765132874828,0.034271907061338425
1732437765132874828,0.034271907061338425
1732437765142964260,0.034271907061338425
1732437765142964260,0.034271907061338425
1732437765153083665,0.0340551882982254
1732437765153083665,0.0340551882982254
1732437765163588690,0.0340551882982254
1732437765163588690,0.0340551882982254
1732437765174318921,0.0340551882982254
1732437765174318921,0.0340551882982254
1732437765184826716,0.0340551882982254
1732437765184826716,0.0340551882982254
1732437765195478446,0.0340551882982254
1732437765195478446,0.0340551882982254
1732437765205904863,0.0340551882982254
1732437765205904863,0.0340551882982254
1732437765216307758,0.0340551882982254
1732437765216307758,0.0340551882982254
1732437765227448849,0.0340551882982254
1732437765227448849,0.0340551882982254
1732437765237552110,0.0340551882982254
1732437765237552110,0.0340551882982254
1732437765247764047,0.03414405882358551
1732437765247764047,0.03414405882358551
1732437765257947022,0.03414405882358551
1732437765257947022,0.03414405882358551
1732437765268336680,0.03414405882358551
1732437765268336680,0.03414405882358551
1732437765278663783,0.03414405882358551
1732437765278663783,0.03414405882358551
1732437765288921618,0.03414405882358551
1732437765288921618,0.03414405882358551
1732437765299364030,0.03414405882358551
1732437765299364030,0.03414405882358551
1732437765310725560,0.03414405882358551
1732437765310725560,0.03414405882358551
1732437765321140973,0.03414405882358551
1732437765321140973,0.03414405882358551
1732437765331713646,0.03414405882358551
1732437765331713646,0.03414405882358551
1732437765342429551,0.03461325541138649
1732437765342429551,0.03461325541138649
1732437765352675203,0.03461325541138649
1732437765352675203,0.03461325541138649
1732437765363168064,0.03461325541138649
1732437765363168064,0.03461325541138649
1732437765373793841,0.03461325541138649
1732437765373793841,0.03461325541138649
1732437765384368375,0.03461325541138649
1732437765384368375,0.03461325541138649
1732437765394540569,0.03461325541138649
1732437765394540569,0.03461325541138649
1732437765404736498,0.03461325541138649
1732437765404736498,0.03461325541138649
1732437765415065283,0.03461325541138649
1732437765415065283,0.03461325541138649
1732437765425492132,0.03461325541138649
1732437765425492132,0.03461325541138649
1732437765436159757,0.03461325541138649
1732437765436159757,0.03461325541138649
1732437765446507919,0.035269878804683685
1732437765446507919,0.035269878804683685
1732437765456791922,0.035269878804683685
1732437765456791922,0.035269878804683685
1732437765467179135,0.035269878804683685
1732437765467179135,0.035269878804683685
1732437765477372721,0.035269878804683685
1732437765477372721,0.035269878804683685
1732437765487517623,0.035269878804683685
1732437765487517623,0.035269878804683685
1732437765497629266,0.035269878804683685
1732437765497629266,0.035269878804683685
1732437765508692773,0.035269878804683685
1732437765508692773,0.035269878804683685
1732437765518961582,0.035269878804683685
1732437765518961582,0.035269878804683685
1732437765529139287,0.035269878804683685
1732437765529139287,0.035269878804683685
1732437765539578157,0.035269878804683685
1732437765539578157,0.035269878804683685
1732437765550359315,0.035956770181655884
1732437765550359315,0.035956770181655884
1732437765646380881,0.03769296780228615
1732437765646380881,0.03769296780228615
1732437765656898777,0.03769296780228615
1732437765656898777,0.03769296780228615
1732437765667561344,0.03769296780228615
1732437765667561344,0.03769296780228615
1732437765677887133,0.03769296780228615
1732437765677887133,0.03769296780228615
1732437765688017230,0.03769296780228615
1732437765688017230,0.03769296780228615
1732437765698734188,0.03769296780228615
1732437765698734188,0.03769296780228615
1732437765708824841,0.03769296780228615
1732437765708824841,0.03769296780228615
1732437765719065404,0.03769296780228615
1732437765719065404,0.03769296780228615
1732437765729175171,0.03769296780228615
1732437765729175171,0.03769296780228615
1732437765739624201,0.03769296780228615
1732437765739624201,0.03769296780228615
1732437765749869290,0.03709167242050171
1732437765749869290,0.03709167242050171
1732437765760312369,0.03709167242050171
1732437765760312369,0.03709167242050171
1732437765770688242,0.03709167242050171
1732437765770688242,0.03709167242050171
1732437765781532798,0.03709167242050171
1732437765781532798,0.03709167242050171
1732437765791720942,0.03709167242050171
1732437765791720942,0.03709167242050171
1732437765802688925,0.03709167242050171
1732437765802688925,0.03709167242050171
1732437765812850411,0.03709167242050171
1732437765812850411,0.03709167242050171
1732437765823228046,0.03709167242050171
1732437765823228046,0.03709167242050171
1732437765833430718,0.03709167242050171
1732437765833430718,0.03709167242050171
1732437765843526401,0.03865908458828926
1732437765843526401,0.03865908458828926
1732437765854085424,0.03865908458828926
1732437765854085424,0.03865908458828926
1732437765864184233,0.03865908458828926
1732437765864184233,0.03865908458828926
1732437765874751502,0.03865908458828926
1732437765874751502,0.03865908458828926
1732437765885151381,0.03865908458828926
1732437765885151381,0.03865908458828926
1732437765895471068,0.03865908458828926
1732437765895471068,0.03865908458828926
1732437765906125230,0.03865908458828926
1732437765906125230,0.03865908458828926
1732437765916816448,0.03865908458828926
1732437765916816448,0.03865908458828926
1732437765927070743,0.03865908458828926
1732437765927070743,0.03865908458828926
1732437765937271986,0.03865908458828926
1732437765937271986,0.03865908458828926
1732437765947536371,0.03816063702106476
1732437765947536371,0.03816063702106476
1732437765958024343,0.03816063702106476
1732437765958024343,0.03816063702106476
1732437765969400736,0.03816063702106476
1732437765969400736,0.03816063702106476
1732437765979665984,0.03816063702106476
1732437765979665984,0.03816063702106476
1732437765989909612,0.03816063702106476
1732437765989909612,0.03816063702106476
1732437766000225012,0.03816063702106476
1732437766000225012,0.03816063702106476
1732437766010564659,0.03816063702106476
1732437766010564659,0.03816063702106476
1732437766021163005,0.03816063702106476
1732437766021163005,0.03816063702106476
1732437766031400382,0.03816063702106476
1732437766031400382,0.03816063702106476
1732437766041662218,0.03816063702106476
1732437766041662218,0.03851000592112541
1732437766052019768,0.03851000592112541
1732437766052019768,0.03851000592112541
1732437766062410373,0.03851000592112541
1732437766062410373,0.03851000592112541
1732437766073408983,0.03851000592112541
1732437766073408983,0.03851000592112541
1732437766083681065,0.03851000592112541
1732437766083681065,0.03851000592112541
1732437766094023715,0.03851000592112541
1732437766094023715,0.03851000592112541
1732437766104272663,0.03851000592112541
1732437766104272663,0.03851000592112541
1732437766116538259,0.03851000592112541
1732437766116538259,0.03851000592112541
1732437766116538259,0.03851000592112541
1732437766127279980,0.03851000592112541
1732437766137530896,0.03851000592112541
1732437766137530896,0.03851000592112541
1732437766147710482,0.038295552134513855
1732437766147710482,0.038295552134513855
1732437766158083531,0.038295552134513855
1732437766158083531,0.038295552134513855
1732437766168633166,0.038295552134513855
1732437766168633166,0.038295552134513855
1732437766179020843,0.038295552134513855
1732437766179020843,0.038295552134513855
1732437766189108060,0.038295552134513855
1732437766189108060,0.038295552134513855
1732437766199403693,0.038295552134513855
1732437766199403693,0.038295552134513855
1732437766213256042,0.038295552134513855
1732437766213256042,0.038295552134513855
1732437766223405844,0.038295552134513855
1732437766223405844,0.038295552134513855
1732437766233608205,0.038295552134513855
1732437766233608205,0.038295552134513855
1732437766243831616,0.039071306586265564
1732437766243831616,0.039071306586265564
1732437766254721804,0.039071306586265564
1732437766254721804,0.039071306586265564
1732437766264815544,0.039071306586265564
1732437766264815544,0.039071306586265564
1732437766275003027,0.039071306586265564
1732437766275003027,0.039071306586265564
1732437766285387736,0.039071306586265564
1732437766285387736,0.039071306586265564
1732437766295645350,0.039071306586265564
1732437766295645350,0.039071306586265564
1732437766306014161,0.039071306586265564
1732437766306014161,0.039071306586265564
1732437766316473277,0.039071306586265564
1732437766316473277,0.039071306586265564
1732437766326982980,0.039071306586265564
1732437766326982980,0.039071306586265564
1732437766337160285,0.039071306586265564
1732437766337160285,0.039071306586265564
1732437766347460086,0.03899184986948967
1732437766347460086,0.03899184986948967
1732437766358456093,0.03899184986948967
1732437766358456093,0.03899184986948967
1732437766368713214,0.03899184986948967
1732437766368713214,0.03899184986948967
1732437766379390429,0.03899184986948967
1732437766379390429,0.03899184986948967
1732437766389798042,0.03899184986948967
1732437766389798042,0.03899184986948967
1732437766400518244,0.03899184986948967
1732437766400518244,0.03899184986948967
1732437766410679790,0.03899184986948967
1732437766410679790,0.03899184986948967
1732437766421064411,0.03899184986948967
1732437766421064411,0.03899184986948967
1732437766431195468,0.03899184986948967
1732437766431195468,0.03899184986948967
1732437766442322439,0.03899184986948967
1732437766442322439,0.03899184986948967
1732437766550893120,0.038921091705560684
1732437766550893120,0.038921091705560684
1732437766561217618,0.038921091705560684
1732437766561217618,0.038921091705560684
1732437766571753568,0.038921091705560684
1732437766571753568,0.038921091705560684
1732437766582269294,0.038921091705560684
1732437766582269294,0.038921091705560684
1732437766592891465,0.038921091705560684
1732437766592891465,0.038921091705560684
1732437766603134690,0.038921091705560684
1732437766603134690,0.038921091705560684
1732437766613284995,0.038921091705560684
1732437766613284995,0.038921091705560684
1732437766623933024,0.038921091705560684
1732437766623933024,0.038921091705560684
1732437766634612863,0.038921091705560684
1732437766634612863,0.038921091705560684
1732437766645418006,0.038708463311195374
1732437766645418006,0.038708463311195374
1732437766655615907,0.038708463311195374
1732437766655615907,0.038708463311195374
1732437766665874692,0.038708463311195374
1732437766665874692,0.038708463311195374
1732437766676326288,0.038708463311195374
1732437766676326288,0.038708463311195374
1732437766687017025,0.038708463311195374
1732437766687017025,0.038708463311195374
1732437766697270712,0.038708463311195374
1732437766697270712,0.038708463311195374
1732437766707652596,0.038708463311195374
1732437766707652596,0.038708463311195374
1732437766717864645,0.038708463311195374
1732437766717864645,0.038708463311195374
1732437766728319897,0.038708463311195374
1732437766728319897,0.038708463311195374
1732437766739003468,0.038708463311195374
1732437766739003468,0.038708463311195374
1732437766749260374,0.04037047550082207
1732437766749260374,0.04037047550082207
1732437766759815662,0.04037047550082207
1732437766759815662,0.04037047550082207
1732437766770059639,0.04037047550082207
1732437766770059639,0.04037047550082207
1732437766780199741,0.04037047550082207
1732437766780199741,0.04037047550082207
1732437766793056812,0.04037047550082207
1732437766793056812,0.04037047550082207
1732437766803469002,0.04037047550082207
1732437766803469002,0.04037047550082207
1732437766813903896,0.04037047550082207
1732437766813903896,0.04037047550082207
1732437766824348757,0.04037047550082207
1732437766824348757,0.04037047550082207
1732437766834959878,0.04037047550082207
1732437766834959878,0.04037047550082207
1732437766845268227,0.040376223623752594
1732437766845268227,0.040376223623752594
1732437766855536760,0.040376223623752594
1732437766855536760,0.040376223623752594
1732437766866107276,0.040376223623752594
1732437766866107276,0.040376223623752594
1732437766876462331,0.040376223623752594
1732437766876462331,0.040376223623752594
1732437766887286016,0.040376223623752594
1732437766887286016,0.040376223623752594
1732437766897589746,0.040376223623752594
1732437766897589746,0.040376223623752594
1732437766907777108,0.040376223623752594
1732437766907777108,0.040376223623752594
1732437766918304570,0.040376223623752594
1732437766918304570,0.040376223623752594
1732437766928427658,0.040376223623752594
1732437766928427658,0.040376223623752594
1732437766938959951,0.040376223623752594
1732437766938959951,0.040376223623752594
1732437766949055674,0.04179827868938446
1732437766949055674,0.04179827868938446
1732437766959218773,0.04179827868938446
1732437766959218773,0.04179827868938446
1732437766969627766,0.04179827868938446
1732437766969627766,0.04179827868938446
1732437766980105861,0.04179827868938446
1732437766980105861,0.04179827868938446
1732437766990771362,0.04179827868938446
1732437766990771362,0.04179827868938446
1732437767001219089,0.04179827868938446
1732437767001219089,0.04179827868938446
1732437767012557002,0.04179827868938446
1732437767012557002,0.04179827868938446
1732437767023116736,0.04179827868938446
1732437767023116736,0.04179827868938446
1732437767033595768,0.04179827868938446
1732437767033595768,0.04179827868938446
1732437767044200832,0.045520246028900146
1732437767057329293,0.045520246028900146
1732437767151152794,0.046342216432094574
1732437767151152794,0.046342216432094574
1732437767161563903,0.046342216432094574
1732437767161563903,0.046342216432094574
1732437767171979612,0.046342216432094574
1732437767171979612,0.046342216432094574
1732437767182423347,0.046342216432094574
1732437767182423347,0.046342216432094574
1732437767193006680,0.046342216432094574
1732437767193006680,0.046342216432094574
1732437767203351266,0.046342216432094574
1732437767203351266,0.046342216432094574
1732437767213797339,0.046342216432094574
1732437767213797339,0.046342216432094574
1732437767224247060,0.046342216432094574
1732437767224247060,0.046342216432094574
1732437767235343444,0.046342216432094574
1732437767235343444,0.046342216432094574
1732437767246572003,0.04740768298506737
1732437767246572003,0.04740768298506737
1732437767257062038,0.04740768298506737
1732437767257062038,0.04740768298506737
1732437767267253019,0.04740768298506737
1732437767267253019,0.04740768298506737
1732437767277545187,0.04740768298506737
1732437767277545187,0.04740768298506737
1732437767287680973,0.04740768298506737
1732437767287680973,0.04740768298506737
1732437767298029967,0.04740768298506737
1732437767298029967,0.04740768298506737
1732437767308681463,0.04740768298506737
1732437767308681463,0.04740768298506737
1732437767319095687,0.04740768298506737
1732437767319095687,0.04740768298506737
1732437767329344425,0.04740768298506737
1732437767329344425,0.04740768298506737
1732437767339895786,0.04740768298506737
1732437767339895786,0.04740768298506737
1732437767350215956,0.047911789268255234
1732437767350215956,0.047911789268255234
1732437767360455444,0.047911789268255234
1732437767360455444,0.047911789268255234
1732437767370736673,0.047911789268255234
1732437767370736673,0.047911789268255234
1732437767381191554,0.047911789268255234
1732437767381191554,0.047911789268255234
1732437767391441181,0.047911789268255234
1732437767391441181,0.047911789268255234
1732437767401977363,0.047911789268255234
1732437767401977363,0.047911789268255234
1732437767412167923,0.047911789268255234
1732437767412167923,0.047911789268255234
1732437767422866485,0.047911789268255234
1732437767422866485,0.047911789268255234
1732437767433085137,0.047911789268255234
1732437767433085137,0.047911789268255234
1732437767443408083,0.05261329188942909
1732437767443408083,0.05261329188942909
1732437767453722913,0.05261329188942909
1732437767453722913,0.05261329188942909
1732437767464396820,0.05261329188942909
1732437767464396820,0.05261329188942909
1732437767474823568,0.05261329188942909
1732437767474823568,0.05261329188942909
1732437767484972838,0.05261329188942909
1732437767484972838,0.05261329188942909
1732437767495547313,0.05261329188942909
1732437767495547313,0.05261329188942909
1732437767505825275,0.05261329188942909
1732437767505825275,0.05261329188942909
1732437767516019311,0.05261329188942909
1732437767516019311,0.05261329188942909
1732437767527873142,0.05261329188942909
1732437767527873142,0.05261329188942909
1732437767538719330,0.05261329188942909
1732437767538719330,0.05261329188942909
1732437767548823799,0.05932321771979332
1732437767548823799,0.05932321771979332
1732437767559133590,0.05932321771979332
1732437767559133590,0.05932321771979332
1732437767569303510,0.05932321771979332
1732437767569303510,0.05932321771979332
1732437767579555864,0.05932321771979332
1732437767579555864,0.05932321771979332
1732437767590148100,0.05932321771979332
1732437767590148100,0.05932321771979332
1732437767600820244,0.05932321771979332
1732437767600820244,0.05932321771979332
1732437767611132747,0.05932321771979332
1732437767611132747,0.05932321771979332
1732437767621348076,0.05932321771979332
1732437767621348076,0.05932321771979332
1732437767631493139,0.05932321771979332
1732437767631493139,0.05932321771979332
1732437767642368889,0.05932321771979332
1732437767642368889,0.05932321771979332
1732437767653037961,0.05843708664178848
1732437767653037961,0.05843708664178848
1732437767663491068,0.05843708664178848
1732437767663491068,0.05843708664178848
1732437767674147563,0.05843708664178848
1732437767674147563,0.05843708664178848
1732437767684546861,0.05843708664178848
1732437767684546861,0.05843708664178848
1732437767694717022,0.05843708664178848
1732437767694717022,0.05843708664178848
1732437767705067259,0.05843708664178848
1732437767705067259,0.05843708664178848
1732437767715601156,0.05843708664178848
1732437767715601156,0.05843708664178848
1732437767725938840,0.05843708664178848
1732437767725938840,0.05843708664178848
1732437767736496590,0.05843708664178848
1732437767736496590,0.05843708664178848
1732437767746884066,0.05676703155040741
1732437767746884066,0.05676703155040741
1732437767757235204,0.05676703155040741
1732437767757235204,0.05676703155040741
1732437767842339751,0.06548688560724258
1732437767853241024,0.06548688560724258
1732437767853241024,0.06548688560724258
1732437767948128882,0.0640203058719635
1732437767948128882,0.0640203058719635
1732437768044363529,0.06277158111333847
1732437768044363529,0.06277158111333847
1732437768255445058,0.07287154346704483
1732437768255445058,0.07287154346704483
1732437768265700838,0.07287154346704483
1732437768265700838,0.07287154346704483
1732437768276117818,0.07287154346704483
1732437768276117818,0.07287154346704483
1732437768286729331,0.07287154346704483
1732437768286729331,0.07287154346704483
1732437768296869677,0.07287154346704483
1732437768296869677,0.07287154346704483
1732437768307310570,0.07287154346704483
1732437768307310570,0.07287154346704483
1732437768317458891,0.07287154346704483
1732437768317458891,0.07287154346704483
1732437768327658377,0.07287154346704483
1732437768327658377,0.07287154346704483
1732437768337888299,0.07287154346704483
1732437768337888299,0.07287154346704483
1732437768348131555,0.07626837491989136
1732437768348131555,0.07626837491989136
1732437768358449201,0.07626837491989136
1732437768358449201,0.07626837491989136
1732437768368668785,0.07626837491989136
1732437768368668785,0.07626837491989136
1732437768379180401,0.07626837491989136
1732437768379180401,0.07626837491989136
1732437768389638075,0.07626837491989136
1732437768389638075,0.07626837491989136
1732437768399859352,0.07626837491989136
1732437768399859352,0.07626837491989136
1732437768410297292,0.07626837491989136
1732437768410297292,0.07626837491989136
1732437768420904235,0.07626837491989136
1732437768420904235,0.07626837491989136
1732437768431447149,0.07626837491989136
1732437768431447149,0.07626837491989136
1732437768441821640,0.07626837491989136
1732437768441821640,0.07222909480333328
1732437768452405411,0.07222909480333328
1732437768452405411,0.07222909480333328
1732437768462877720,0.07222909480333328
1732437768462877720,0.07222909480333328
1732437768473098259,0.07222909480333328
1732437768473098259,0.07222909480333328
1732437768483326637,0.07222909480333328
1732437768483326637,0.07222909480333328
1732437768494526764,0.07222909480333328
1732437768494526764,0.07222909480333328
1732437768504743752,0.07222909480333328
1732437768504743752,0.07222909480333328
1732437768515176071,0.07222909480333328
1732437768515176071,0.07222909480333328
1732437768525295649,0.07222909480333328
1732437768525295649,0.07222909480333328
1732437768535965068,0.07222909480333328
1732437768535965068,0.07222909480333328
1732437768642250044,0.07985620200634003
1732437768652799671,0.07985620200634003
1732437768652799671,0.07985620200634003
1732437768663139226,0.07985620200634003
1732437768663139226,0.07985620200634003
1732437768673575702,0.07985620200634003
1732437768673575702,0.07985620200634003
1732437768684223432,0.07985620200634003
1732437768684223432,0.07985620200634003
1732437768694453815,0.07985620200634003
1732437768694453815,0.07985620200634003
1732437768704722087,0.07985620200634003
1732437768704722087,0.07985620200634003
1732437768715055723,0.07985620200634003
1732437768715055723,0.07985620200634003
1732437768725546200,0.07985620200634003
1732437768725546200,0.07985620200634003
1732437768735750832,0.07985620200634003
1732437768735750832,0.07985620200634003
1732437768746263253,0.07406709343194962
1732437768746263253,0.07406709343194962
1732437768756954653,0.07406709343194962
1732437768756954653,0.07406709343194962
1732437768767315098,0.07406709343194962
1732437768767315098,0.07406709343194962
1732437768777325693,0.07406709343194962
1732437768777325693,0.07406709343194962
1732437768788176050,0.07406709343194962
1732437768788176050,0.07406709343194962
1732437768798403666,0.07406709343194962
1732437768798403666,0.07406709343194962
1732437768808666991,0.07406709343194962
1732437768808666991,0.07406709343194962
1732437768819108036,0.07406709343194962
1732437768819108036,0.07406709343194962
1732437768829349330,0.07406709343194962
1732437768829349330,0.07406709343194962
1732437768839831970,0.07406709343194962
1732437768839831970,0.07406709343194962
1732437768850402567,0.08139060437679291
1732437768850402567,0.08139060437679291
1732437768860847890,0.08139060437679291
1732437768860847890,0.08139060437679291
1732437768871348636,0.08139060437679291
1732437768871348636,0.08139060437679291
1732437768881793087,0.08139060437679291
1732437768881793087,0.08139060437679291
1732437768892058465,0.08139060437679291
1732437768892058465,0.08139060437679291
1732437768902643949,0.08139060437679291
1732437768902643949,0.08139060437679291
1732437768912805204,0.08139060437679291
1732437768912805204,0.08139060437679291
1732437768923112760,0.08139060437679291
1732437768923112760,0.08139060437679291
1732437768933337342,0.08139060437679291
1732437768933337342,0.08139060437679291
1732437768943929428,0.08186415582895279
1732437768943929428,0.08186415582895279
1732437768954394118,0.08186415582895279
1732437768954394118,0.08186415582895279
1732437768965366179,0.08186415582895279
1732437768965366179,0.08186415582895279
1732437768975909354,0.08186415582895279
1732437768975909354,0.08186415582895279
1732437768986249772,0.08186415582895279
1732437768986249772,0.08186415582895279
1732437768996505022,0.08186415582895279
1732437768996505022,0.08186415582895279
1732437769006898348,0.08186415582895279
1732437769006898348,0.08186415582895279
1732437769017025378,0.08186415582895279
1732437769017025378,0.08186415582895279
1732437769027053722,0.08186415582895279
1732437769027053722,0.08186415582895279
1732437769037315076,0.08186415582895279
1732437769037315076,0.08186415582895279
1732437769144305043,0.07805364578962326
1732437769144305043,0.07805364578962326
1732437769154563628,0.07805364578962326
1732437769154563628,0.07805364578962326
1732437769165543061,0.07805364578962326
1732437769165543061,0.07805364578962326
1732437769175783714,0.07805364578962326
1732437769175783714,0.07805364578962326
1732437769186982047,0.07805364578962326
1732437769186982047,0.07805364578962326
1732437769197207342,0.07805364578962326
1732437769197207342,0.07805364578962326
1732437769207502796,0.07805364578962326
1732437769207502796,0.07805364578962326
1732437769217683297,0.07805364578962326
1732437769217683297,0.07805364578962326
1732437769228264541,0.07805364578962326
1732437769228264541,0.07805364578962326
1732437769239206588,0.07805364578962326
1732437769239206588,0.07805364578962326
1732437769249774850,0.08049353212118149
1732437769249774850,0.08049353212118149
1732437769260276588,0.08049353212118149
1732437769260276588,0.08049353212118149
1732437769270592751,0.08049353212118149
1732437769270592751,0.08049353212118149
1732437769280835648,0.08049353212118149
1732437769280835648,0.08049353212118149
1732437769291146441,0.08049353212118149
1732437769291146441,0.08049353212118149
1732437769301759677,0.08049353212118149
1732437769301759677,0.08049353212118149
1732437769311993493,0.08049353212118149
1732437769311993493,0.08049353212118149
1732437769322398084,0.08049353212118149
1732437769322398084,0.08049353212118149
1732437769332784965,0.08049353212118149
1732437769332784965,0.08049353212118149
1732437769343117512,0.07571065425872803
1732437769343117512,0.07571065425872803
1732437769353604843,0.07571065425872803
1732437769353604843,0.07571065425872803
1732437769364209327,0.07571065425872803
1732437769364209327,0.07571065425872803
1732437769374628615,0.07571065425872803
1732437769374628615,0.07571065425872803
1732437769385244366,0.07571065425872803
1732437769385244366,0.07571065425872803
1732437769395565959,0.07571065425872803
1732437769395565959,0.07571065425872803
1732437769406123671,0.07571065425872803
1732437769406123671,0.07571065425872803
1732437769416806313,0.07571065425872803
1732437769416806313,0.07571065425872803
1732437769427566813,0.07571065425872803
1732437769427566813,0.07571065425872803
1732437769437749367,0.07571065425872803
1732437769437749367,0.07571065425872803
1732437769448029293,0.08155055344104767
1732437769448029293,0.08155055344104767
1732437769448029293,0.08155055344104767
1732437769448029293,0.08155055344104767
1732437769468589635,0.08155055344104767
1732437769468589635,0.08155055344104767
1732437769479125446,0.08155055344104767
1732437769479125446,0.08155055344104767
1732437769490309231,0.08155055344104767
1732437769490309231,0.08155055344104767
1732437769500799635,0.08155055344104767
1732437769500799635,0.08155055344104767
1732437769510951396,0.08155055344104767
1732437769510951396,0.08155055344104767
1732437769521003989,0.08155055344104767
1732437769521003989,0.08155055344104767
1732437769531827997,0.08155055344104767
1732437769531827997,0.08155055344104767
1732437769542072024,0.08155055344104767
1732437769542072024,0.08155055344104767
1732437769552706675,0.0775771513581276
1732437769552706675,0.0775771513581276
1732437769563343559,0.0775771513581276
1732437769563343559,0.0775771513581276
1732437769573500135,0.0775771513581276
1732437769573500135,0.0775771513581276
1732437769583714639,0.0775771513581276
1732437769583714639,0.0775771513581276
1732437769594347261,0.0775771513581276
1732437769594347261,0.0775771513581276
1732437769604843286,0.0775771513581276
1732437769604843286,0.0775771513581276
1732437769615377625,0.0775771513581276
1732437769615377625,0.0775771513581276
1732437769625879153,0.0775771513581276
1732437769625879153,0.0775771513581276
1732437769636211035,0.0775771513581276
1732437769636211035,0.0775771513581276
1732437769646630390,0.08770043402910233
1732437769646630390,0.08770043402910233
1732437769657464225,0.08770043402910233
1732437769657464225,0.08770043402910233
1732437769667560488,0.08770043402910233
1732437769667560488,0.08770043402910233
1732437769677845052,0.08770043402910233
1732437769677845052,0.08770043402910233
1732437769688069725,0.08770043402910233
1732437769688069725,0.08770043402910233
1732437769698169566,0.08770043402910233
1732437769698169566,0.08770043402910233
1732437769708511316,0.08770043402910233
1732437769708511316,0.08770043402910233
1732437769718728576,0.08770043402910233
1732437769718728576,0.08770043402910233
1732437769729107974,0.08770043402910233
1732437769729107974,0.08770043402910233
1732437769739470844,0.08770043402910233
1732437769739470844,0.08770043402910233
1732437769749955270,0.08007227629423141
1732437769749955270,0.08007227629423141
1732437769760558938,0.08007227629423141
1732437769760558938,0.08007227629423141
1732437769770799581,0.08007227629423141
1732437769770799581,0.08007227629423141
1732437769781114330,0.08007227629423141
1732437769781114330,0.08007227629423141
1732437769791516302,0.08007227629423141
1732437769791516302,0.08007227629423141
1732437769801752326,0.08007227629423141
1732437769801752326,0.08007227629423141
1732437769813155309,0.08007227629423141
1732437769813155309,0.08007227629423141
1732437769823425247,0.08007227629423141
1732437769823425247,0.08007227629423141
1732437769833908771,0.08007227629423141
1732437769833908771,0.08007227629423141
1732437769844172457,0.08604563772678375
1732437769844172457,0.08604563772678375
1732437769854631073,0.08604563772678375
1732437769854631073,0.08604563772678375
1732437769865130366,0.08604563772678375
1732437769865130366,0.08604563772678375
1732437769875504687,0.08604563772678375
1732437769875504687,0.08604563772678375
1732437769886179177,0.08604563772678375
1732437769886179177,0.08604563772678375
1732437769897093312,0.08604563772678375
1732437769897093312,0.08604563772678375
1732437769907509381,0.08604563772678375
1732437769907509381,0.08604563772678375
1732437769917756504,0.08604563772678375
1732437769917756504,0.08604563772678375
1732437769927971679,0.08604563772678375
1732437769927971679,0.08604563772678375
1732437769938232800,0.08604563772678375
1732437769938232800,0.08604563772678375
1732437769948599737,0.07886766642332077
1732437769948599737,0.07886766642332077
1732437770041736683,0.07579808682203293
1732437770052327006,0.07579808682203293
1732437770052327006,0.07579808682203293
1732437770063488420,0.07579808682203293
1732437770063488420,0.07579808682203293
1732437770073832706,0.07579808682203293
1732437770073832706,0.07579808682203293
1732437770084270645,0.07579808682203293
1732437770084270645,0.07579808682203293
1732437770094898969,0.07579808682203293
1732437770094898969,0.07579808682203293
1732437770105467079,0.07579808682203293
1732437770105467079,0.07579808682203293
1732437770116182220,0.07579808682203293
1732437770116182220,0.07579808682203293
1732437770126392967,0.07579808682203293
1732437770126392967,0.07579808682203293
1732437770136910398,0.07579808682203293
1732437770136910398,0.07579808682203293
1732437770147051967,0.07050079107284546
1732437770147051967,0.07050079107284546
1732437770157085904,0.07050079107284546
1732437770157085904,0.07050079107284546
1732437770167567432,0.07050079107284546
1732437770167567432,0.07050079107284546
1732437770177609749,0.07050079107284546
1732437770177609749,0.07050079107284546
1732437770187814575,0.07050079107284546
1732437770187814575,0.07050079107284546
1732437770197924094,0.07050079107284546
1732437770197924094,0.07050079107284546
1732437770208060792,0.07050079107284546
1732437770208060792,0.07050079107284546
1732437770218361185,0.07050079107284546
1732437770218361185,0.07050079107284546
1732437770228999948,0.07050079107284546
1732437770228999948,0.07050079107284546
1732437770239789812,0.07050079107284546
1732437770239789812,0.07050079107284546
1732437770251642683,0.07247905433177948
1732437770251642683,0.07247905433177948
1732437770261834885,0.07247905433177948
1732437770261834885,0.07247905433177948
1732437770272299825,0.07247905433177948
1732437770272299825,0.07247905433177948
1732437770282523916,0.07247905433177948
1732437770282523916,0.07247905433177948
1732437770292910441,0.07247905433177948
1732437770292910441,0.07247905433177948
1732437770303198341,0.07247905433177948
1732437770303198341,0.07247905433177948
1732437770314212711,0.07247905433177948
1732437770314212711,0.07247905433177948
1732437770324518324,0.07247905433177948
1732437770324518324,0.07247905433177948
1732437770334719654,0.07247905433177948
1732437770334719654,0.07247905433177948
1732437770344913830,0.06962645053863525
1732437770453757422,0.07977300882339478
1732437770453757422,0.07977300882339478
1732437770464132756,0.07977300882339478
1732437770464132756,0.07977300882339478
1732437770474530611,0.07977300882339478
1732437770474530611,0.07977300882339478
1732437770485592510,0.07977300882339478
1732437770485592510,0.07977300882339478
1732437770495883045,0.07977300882339478
1732437770495883045,0.07977300882339478
1732437770506384774,0.07977300882339478
1732437770506384774,0.07977300882339478
1732437770516502247,0.07977300882339478
1732437770516502247,0.07977300882339478
1732437770527080246,0.07977300882339478
1732437770527080246,0.07977300882339478
1732437770537511012,0.07977300882339478
1732437770537511012,0.07977300882339478
1732437770548064577,0.07986882328987122
1732437770548064577,0.07986882328987122
1732437770558459906,0.07986882328987122
1732437770558459906,0.07986882328987122
1732437770569059487,0.07986882328987122
1732437770569059487,0.07986882328987122
1732437770579742973,0.07986882328987122
1732437770579742973,0.07986882328987122
1732437770590153718,0.07986882328987122
1732437770590153718,0.07986882328987122
1732437770600645602,0.07986882328987122
1732437770600645602,0.07986882328987122
1732437770610906683,0.07986882328987122
1732437770610906683,0.07986882328987122
1732437770621127725,0.07986882328987122
1732437770621127725,0.07986882328987122
1732437770631342498,0.07986882328987122
1732437770631342498,0.07986882328987122
1732437770641568306,0.07986882328987122
1732437770641568306,0.07986882328987122
1732437770652112423,0.07692644000053406
1732437770652112423,0.07692644000053406
1732437770662708477,0.07692644000053406
1732437770662708477,0.07692644000053406
1732437770673150294,0.07692644000053406
1732437770673150294,0.07692644000053406
1732437770683439376,0.07692644000053406
1732437770683439376,0.07692644000053406
1732437770693714413,0.07692644000053406
1732437770693714413,0.07692644000053406
1732437770704010468,0.07692644000053406
1732437770704010468,0.07692644000053406
1732437770714193214,0.07692644000053406
1732437770714193214,0.07692644000053406
1732437770724369175,0.07692644000053406
1732437770724369175,0.07692644000053406
1732437770734869979,0.07692644000053406
1732437770734869979,0.07692644000053406
1732437770745443731,0.07914626598358154
1732437770745443731,0.07914626598358154
1732437770852086771,0.07848197966814041
1732437770852086771,0.07848197966814041
1732437770862528869,0.07848197966814041
1732437770862528869,0.07848197966814041
1732437770872859639,0.07848197966814041
1732437770872859639,0.07848197966814041
1732437770882959570,0.07848197966814041
1732437770882959570,0.07848197966814041
1732437770893385247,0.07848197966814041
1732437770893385247,0.07848197966814041
1732437770903974107,0.07848197966814041
1732437770903974107,0.07848197966814041
1732437770914684082,0.07848197966814041
1732437770914684082,0.07848197966814041
1732437770925086816,0.07848197966814041
1732437770925086816,0.07848197966814041
1732437770935546293,0.07848197966814041
1732437770935546293,0.07848197966814041
1732437770945934670,0.09396465122699738
1732437770945934670,0.09396465122699738
1732437770956122174,0.09396465122699738
1732437770956122174,0.09396465122699738
1732437770966743094,0.09396465122699738
1732437770966743094,0.09396465122699738
1732437770977121091,0.09396465122699738
1732437770977121091,0.09396465122699738
1732437770987347357,0.09396465122699738
1732437770987347357,0.09396465122699738
1732437770997874142,0.09396465122699738
1732437770997874142,0.09396465122699738
1732437771008020148,0.09396465122699738
1732437771008020148,0.09396465122699738
1732437771018204363,0.09396465122699738
1732437771018204363,0.09396465122699738
1732437771028686985,0.09396465122699738
1732437771028686985,0.09396465122699738
1732437771039378087,0.09396465122699738
1732437771039378087,0.09396465122699738
1732437771049788031,0.09978315234184265
1732437771049788031,0.09978315234184265
1732437771060239519,0.09978315234184265
1732437771060239519,0.09978315234184265
1732437771070535395,0.09978315234184265
1732437771070535395,0.09978315234184265
1732437771081123574,0.09978315234184265
1732437771081123574,0.09978315234184265
1732437771091584225,0.09978315234184265
1732437771091584225,0.09978315234184265
1732437771101935373,0.09978315234184265
1732437771101935373,0.09978315234184265
1732437771113043729,0.09978315234184265
1732437771113043729,0.09978315234184265
1732437771123610054,0.09978315234184265
1732437771123610054,0.09978315234184265
1732437771133836120,0.09978315234184265
1732437771133836120,0.09978315234184265
1732437771249117629,0.08818013966083527
1732437771249117629,0.08818013966083527
1732437771259807708,0.08818013966083527
1732437771259807708,0.08818013966083527
1732437771270559911,0.08818013966083527
1732437771270559911,0.08818013966083527
1732437771280912078,0.08818013966083527
1732437771280912078,0.08818013966083527
1732437771291323752,0.08818013966083527
1732437771291323752,0.08818013966083527
1732437771301952516,0.08818013966083527
1732437771301952516,0.08818013966083527
1732437771312162058,0.08818013966083527
1732437771312162058,0.08818013966083527
1732437771322948279,0.08818013966083527
1732437771322948279,0.08818013966083527
1732437771333096208,0.08818013966083527
1732437771333096208,0.08818013966083527
1732437771343166852,0.08818013966083527
1732437771343166852,0.09012703597545624
1732437771353508746,0.09012703597545624
1732437771353508746,0.09012703597545624
1732437771364015373,0.09012703597545624
1732437771364015373,0.09012703597545624
1732437771374419390,0.09012703597545624
1732437771374419390,0.09012703597545624
1732437771384673056,0.09012703597545624
1732437771384673056,0.09012703597545624
1732437771395082433,0.09012703597545624
1732437771395082433,0.09012703597545624
1732437771405537855,0.09012703597545624
1732437771405537855,0.09012703597545624
1732437771415842177,0.09012703597545624
1732437771415842177,0.09012703597545624
1732437771426312365,0.09012703597545624
1732437771426312365,0.09012703597545624
1732437771437201083,0.09012703597545624
1732437771437201083,0.09012703597545624
1732437771447283191,0.09075064212083817
1732437771447283191,0.09075064212083817
1732437771457434387,0.09075064212083817
1732437771457434387,0.09075064212083817
1732437771467604479,0.09075064212083817
1732437771467604479,0.09075064212083817
1732437771477961277,0.09075064212083817
1732437771477961277,0.09075064212083817
1732437771488655133,0.09075064212083817
1732437771488655133,0.09075064212083817
1732437771498935489,0.09075064212083817
1732437771498935489,0.09075064212083817
1732437771509010118,0.09075064212083817
1732437771509010118,0.09075064212083817
1732437771519467726,0.09075064212083817
1732437771519467726,0.09075064212083817
1732437771529547329,0.09075064212083817
1732437771529547329,0.09075064212083817
1732437771539838184,0.09075064212083817
1732437771539838184,0.09075064212083817
1732437771550507895,0.0931926891207695
1732437771550507895,0.0931926891207695
1732437771561058705,0.0931926891207695
1732437771561058705,0.0931926891207695
1732437771571370049,0.0931926891207695
1732437771571370049,0.0931926891207695
1732437771581952086,0.0931926891207695
1732437771581952086,0.0931926891207695
1732437771592307522,0.0931926891207695
1732437771592307522,0.0931926891207695
1732437771602861037,0.0931926891207695
1732437771602861037,0.0931926891207695
1732437771613391979,0.0931926891207695
1732437771613391979,0.0931926891207695
1732437771623615931,0.0931926891207695
1732437771623615931,0.0931926891207695
1732437771633896368,0.0931926891207695
1732437771633896368,0.0931926891207695
1732437771644285556,0.08668240159749985
1732437771644285556,0.08668240159749985
1732437771654417647,0.08668240159749985
1732437771654417647,0.08668240159749985
1732437771664830089,0.08668240159749985
1732437771664830089,0.08668240159749985
1732437771675166019,0.08668240159749985
1732437771675166019,0.08668240159749985
1732437771685230594,0.08668240159749985
1732437771685230594,0.08668240159749985
1732437771695355021,0.08668240159749985
1732437771695355021,0.08668240159749985
1732437771705621702,0.08668240159749985
1732437771705621702,0.08668240159749985
1732437771716178051,0.08668240159749985
1732437771716178051,0.08668240159749985
1732437771726357780,0.08668240159749985
1732437771726357780,0.08668240159749985
1732437771736481146,0.08668240159749985
1732437771736481146,0.08668240159749985
1732437771746729743,0.08306898176670074
1732437771746729743,0.08306898176670074
1732437771757146603,0.08306898176670074
1732437771757146603,0.08306898176670074
1732437771767503628,0.08306898176670074
1732437771767503628,0.08306898176670074
1732437771777639460,0.08306898176670074
1732437771777639460,0.08306898176670074
1732437771787891644,0.08306898176670074
1732437771787891644,0.08306898176670074
1732437771798193711,0.08306898176670074
1732437771798193711,0.08306898176670074
1732437771808322696,0.08306898176670074
1732437771808322696,0.08306898176670074
1732437771818788627,0.08306898176670074
1732437771818788627,0.08306898176670074
1732437771829847151,0.08306898176670074
1732437771829847151,0.08306898176670074
1732437771840450658,0.08306898176670074
1732437771840450658,0.08306898176670074
1732437771851131479,0.08004479110240936
1732437771851131479,0.08004479110240936
1732437771861563107,0.08004479110240936
1732437771861563107,0.08004479110240936
1732437771872215746,0.08004479110240936
1732437771872215746,0.08004479110240936
1732437771882404589,0.08004479110240936
1732437771882404589,0.08004479110240936
1732437771892538046,0.08004479110240936
1732437771892538046,0.08004479110240936
1732437771902630372,0.08004479110240936
1732437771902630372,0.08004479110240936
1732437771913262750,0.08004479110240936
1732437771913262750,0.08004479110240936
1732437771923576752,0.08004479110240936
1732437771923576752,0.08004479110240936
1732437771934373890,0.08004479110240936
1732437771934373890,0.08004479110240936
1732437771944724507,0.07889457046985626
1732437771944724507,0.07889457046985626
1732437771954880733,0.07889457046985626
1732437771954880733,0.07889457046985626
1732437771965146843,0.07889457046985626
1732437771965146843,0.07889457046985626
1732437771975780807,0.07889457046985626
1732437771975780807,0.07889457046985626
1732437771986090748,0.07889457046985626
1732437771986090748,0.07889457046985626
1732437771996736504,0.07889457046985626
1732437771996736504,0.07889457046985626
1732437772006811258,0.07889457046985626
1732437772006811258,0.07889457046985626
1732437772016935645,0.07889457046985626
1732437772016935645,0.07889457046985626
1732437772029587170,0.07889457046985626
1732437772029587170,0.07889457046985626
1732437772040134714,0.07889457046985626
1732437772040134714,0.07889457046985626
1732437772050485621,0.07770607620477676
1732437772050485621,0.07770607620477676
1732437772060832862,0.07770607620477676
1732437772060832862,0.07770607620477676
1732437772070990922,0.07770607620477676
1732437772070990922,0.07770607620477676
1732437772081165942,0.07770607620477676
1732437772081165942,0.07770607620477676
1732437772091582191,0.07770607620477676
1732437772091582191,0.07770607620477676
1732437772101900692,0.07770607620477676
1732437772101900692,0.07770607620477676
1732437772112174186,0.07770607620477676
1732437772112174186,0.07770607620477676
1732437772122754045,0.07770607620477676
1732437772122754045,0.07770607620477676
1732437772133238505,0.07770607620477676
1732437772133238505,0.07770607620477676
1732437772143902034,0.08065187931060791
1732437772143902034,0.08065187931060791
1732437772154215362,0.08065187931060791
1732437772154215362,0.08065187931060791
1732437772164398988,0.08065187931060791
1732437772164398988,0.08065187931060791
1732437772175009298,0.08065187931060791
1732437772175009298,0.08065187931060791
1732437772185562091,0.08065187931060791
1732437772185562091,0.08065187931060791
1732437772196699051,0.08065187931060791
1732437772196699051,0.08065187931060791
1732437772206888798,0.08065187931060791
1732437772206888798,0.08065187931060791
1732437772217279497,0.08065187931060791
1732437772217279497,0.08065187931060791
1732437772227574971,0.08065187931060791
1732437772227574971,0.08065187931060791
1732437772238378684,0.08065187931060791
1732437772238378684,0.08065187931060791
1732437772248769346,0.0874437615275383
1732437772248769346,0.0874437615275383
1732437772259215902,0.0874437615275383
1732437772259215902,0.0874437615275383
1732437772270093779,0.0874437615275383
1732437772270093779,0.0874437615275383
1732437772280294628,0.0874437615275383
1732437772280294628,0.0874437615275383
1732437772290796086,0.0874437615275383
1732437772290796086,0.0874437615275383
1732437772301108271,0.0874437615275383
1732437772301108271,0.0874437615275383
1732437772311397504,0.0874437615275383
1732437772311397504,0.0874437615275383
1732437772321764883,0.0874437615275383
1732437772321764883,0.0874437615275383
1732437772331989825,0.0874437615275383
1732437772331989825,0.0874437615275383
1732437772342885476,0.0874437615275383
1732437772342885476,0.0874437615275383
1732437772448801290,0.09029365330934525
1732437772448801290,0.09029365330934525
1732437772459403745,0.09029365330934525
1732437772459403745,0.09029365330934525
1732437772469609072,0.09029365330934525
1732437772469609072,0.09029365330934525
1732437772479784083,0.09029365330934525
1732437772479784083,0.09029365330934525
1732437772489972659,0.09029365330934525
1732437772489972659,0.09029365330934525
1732437772500327504,0.09029365330934525
1732437772500327504,0.09029365330934525
1732437772510394113,0.09029365330934525
1732437772510394113,0.09029365330934525
1732437772520949577,0.09029365330934525
1732437772520949577,0.09029365330934525
1732437772531406576,0.09029365330934525
1732437772531406576,0.09029365330934525
1732437772541644043,0.09029365330934525
1732437772541644043,0.09029365330934525
1732437772552322950,0.08593807369470596
1732437772552322950,0.08593807369470596
1732437772563247124,0.08593807369470596
1732437772563247124,0.08593807369470596
1732437772573696992,0.08593807369470596
1732437772573696992,0.08593807369470596
1732437772583964638,0.08593807369470596
1732437772583964638,0.08593807369470596
1732437772594700803,0.08593807369470596
1732437772594700803,0.08593807369470596
1732437772605027375,0.08593807369470596
1732437772605027375,0.08593807369470596
1732437772615671417,0.08593807369470596
1732437772615671417,0.08593807369470596
1732437772625979135,0.08593807369470596
1732437772625979135,0.08593807369470596
1732437772636398881,0.08593807369470596
1732437772636398881,0.08593807369470596
1732437772646508316,0.08430065214633942
1732437772646508316,0.08430065214633942
1732437772656752759,0.08430065214633942
1732437772656752759,0.08430065214633942
1732437772667236483,0.08430065214633942
1732437772667236483,0.08430065214633942
1732437772677613306,0.08430065214633942
1732437772677613306,0.08430065214633942
1732437772687875031,0.08430065214633942
1732437772687875031,0.08430065214633942
1732437772698150659,0.08430065214633942
1732437772698150659,0.08430065214633942
1732437772710581183,0.08430065214633942
1732437772710581183,0.08430065214633942
1732437772720838066,0.08430065214633942
1732437772720838066,0.08430065214633942
1732437772731144121,0.08430065214633942
1732437772731144121,0.08430065214633942
1732437772741760674,0.08430065214633942
1732437772741760674,0.08430065214633942
1732437772752027617,0.07865699380636215
1732437772752027617,0.07865699380636215
1732437772762375696,0.07865699380636215
1732437772762375696,0.07865699380636215
1732437772772803367,0.07865699380636215
1732437772772803367,0.07865699380636215
1732437772782952804,0.07865699380636215
1732437772782952804,0.07865699380636215
1732437772793176594,0.07865699380636215
1732437772793176594,0.07865699380636215
1732437772803893579,0.07865699380636215
1732437772803893579,0.07865699380636215
1732437772814102116,0.07865699380636215
1732437772814102116,0.07865699380636215
1732437772824771946,0.07865699380636215
1732437772824771946,0.07865699380636215
1732437772835726807,0.07865699380636215
1732437772835726807,0.07865699380636215
1732437772846054893,0.07639646530151367
1732437772846054893,0.07639646530151367
1732437772856465801,0.07639646530151367
1732437772856465801,0.07639646530151367
1732437772866998938,0.07639646530151367
1732437772866998938,0.07639646530151367
1732437772877595754,0.07639646530151367
1732437772877595754,0.07639646530151367
1732437772887714339,0.07639646530151367
1732437772887714339,0.07639646530151367
1732437772897874883,0.07639646530151367
1732437772897874883,0.07639646530151367
1732437772908208188,0.07639646530151367
1732437772908208188,0.07639646530151367
1732437772918471462,0.07639646530151367
1732437772918471462,0.07639646530151367
1732437772929125424,0.07639646530151367
1732437772929125424,0.07639646530151367
1732437772939280564,0.07639646530151367
1732437772939280564,0.07639646530151367
1732437772949316239,0.0726461410522461
1732437772949316239,0.0726461410522461
1732437772959799543,0.0726461410522461
1732437772959799543,0.0726461410522461
1732437772970346090,0.0726461410522461
1732437772970346090,0.0726461410522461
1732437772980654042,0.0726461410522461
1732437772980654042,0.0726461410522461
1732437772990950234,0.0726461410522461
1732437772990950234,0.0726461410522461
1732437773001081006,0.0726461410522461
1732437773001081006,0.0726461410522461
1732437773012543200,0.0726461410522461
1732437773012543200,0.0726461410522461
1732437773022869128,0.0726461410522461
1732437773022869128,0.0726461410522461
1732437773033216963,0.0726461410522461
1732437773033216963,0.0726461410522461
1732437773044352420,0.0693727433681488
1732437773044352420,0.0693727433681488
1732437773054938675,0.0693727433681488
1732437773054938675,0.0693727433681488
1732437773065457745,0.0693727433681488
1732437773065457745,0.0693727433681488
1732437773076034435,0.0693727433681488
1732437773076034435,0.0693727433681488
1732437773086582499,0.0693727433681488
1732437773086582499,0.0693727433681488
1732437773097342739,0.0693727433681488
1732437773097342739,0.0693727433681488
1732437773107435135,0.0693727433681488
1732437773107435135,0.0693727433681488
1732437773118024105,0.0693727433681488
1732437773118024105,0.0693727433681488
1732437773128137141,0.0693727433681488
1732437773128137141,0.0693727433681488
1732437773138696035,0.0693727433681488
1732437773138696035,0.0693727433681488
1732437773148768415,0.06849921494722366
1732437773148768415,0.06849921494722366
1732437773159237883,0.06849921494722366
1732437773159237883,0.06849921494722366
1732437773169845277,0.06849921494722366
1732437773169845277,0.06849921494722366
1732437773180216219,0.06849921494722366
1732437773180216219,0.06849921494722366
1732437773190729281,0.06849921494722366
1732437773190729281,0.06849921494722366
1732437773200999227,0.06849921494722366
1732437773200999227,0.06849921494722366
1732437773211663460,0.06849921494722366
1732437773211663460,0.06849921494722366
1732437773221771026,0.06849921494722366
1732437773221771026,0.06849921494722366
1732437773232157460,0.06849921494722366
1732437773232157460,0.06849921494722366
1732437773242570963,0.06849921494722366
1732437773242570963,0.06849921494722366
1732437773252779466,0.08999843150377274
1732437773252779466,0.08999843150377274
1732437773263258593,0.08999843150377274
1732437773263258593,0.08999843150377274
1732437773273872379,0.08999843150377274
1732437773273872379,0.08999843150377274
1732437773284200584,0.08999843150377274
1732437773284200584,0.08999843150377274
1732437773294557003,0.08999843150377274
1732437773294557003,0.08999843150377274
1732437773304854618,0.08999843150377274
1732437773304854618,0.08999843150377274
1732437773315247926,0.08999843150377274
1732437773315247926,0.08999843150377274
1732437773325749667,0.08999843150377274
1732437773325749667,0.08999843150377274
1732437773336167589,0.08999843150377274
1732437773336167589,0.08999843150377274
1732437773346531842,0.15070243179798126
1732437773453624396,0.17688734829425812
1732437773453624396,0.17688734829425812
1732437773464419800,0.17688734829425812
1732437773464419800,0.17688734829425812
1732437773474649382,0.17688734829425812
1732437773474649382,0.17688734829425812
1732437773485401737,0.17688734829425812
1732437773485401737,0.17688734829425812
1732437773496059635,0.17688734829425812
1732437773496059635,0.17688734829425812
1732437773506627807,0.17688734829425812
1732437773506627807,0.17688734829425812
1732437773519209774,0.17688734829425812
1732437773519209774,0.17688734829425812
1732437773529698340,0.17688734829425812
1732437773529698340,0.17688734829425812
1732437773540198456,0.17688734829425812
1732437773540198456,0.17688734829425812
1732437773550318935,0.24313315749168396
1732437773550318935,0.24313315749168396
1732437773560943582,0.24313315749168396
1732437773560943582,0.24313315749168396
1732437773571561485,0.24313315749168396
1732437773571561485,0.24313315749168396
1732437773582237998,0.24313315749168396
1732437773582237998,0.24313315749168396
1732437773592547699,0.24313315749168396
1732437773592547699,0.24313315749168396
1732437773602894841,0.24313315749168396
1732437773602894841,0.24313315749168396
1732437773614767247,0.24313315749168396
1732437773614767247,0.24313315749168396
1732437773625294392,0.24313315749168396
1732437773625294392,0.24313315749168396
1732437773635469363,0.24313315749168396
1732437773635469363,0.24313315749168396
1732437773645848062,0.24838845431804657
1732437773645848062,0.24838845431804657
1732437773656335254,0.24838845431804657
1732437773656335254,0.24838845431804657
1732437773666563539,0.24838845431804657
1732437773666563539,0.24838845431804657
1732437773677074435,0.24838845431804657
1732437773677074435,0.24838845431804657
1732437773687375479,0.24838845431804657
1732437773687375479,0.24838845431804657
1732437773697639679,0.24838845431804657
1732437773697639679,0.24838845431804657
1732437773707923749,0.24838845431804657
1732437773707923749,0.24838845431804657
1732437773718602660,0.24838845431804657
1732437773718602660,0.24838845431804657
1732437773729071694,0.24838845431804657
1732437773729071694,0.24838845431804657
1732437773739342260,0.24838845431804657
1732437773739342260,0.24838845431804657
1732437773749714718,0.2878715693950653
1732437773749714718,0.2878715693950653
1732437773760411628,0.2878715693950653
1732437773760411628,0.2878715693950653
1732437773771186785,0.2878715693950653
1732437773771186785,0.2878715693950653
1732437773781583177,0.2878715693950653
1732437773781583177,0.2878715693950653
1732437773792292923,0.2878715693950653
1732437773792292923,0.2878715693950653
1732437773803984523,0.2878715693950653
1732437773803984523,0.2878715693950653
1732437773814321972,0.2878715693950653
1732437773814321972,0.2878715693950653
1732437773824888966,0.2878715693950653
1732437773824888966,0.2878715693950653
1732437773835342163,0.2878715693950653
1732437773835342163,0.2878715693950653
1732437773845908261,0.2929742932319641
1732437773845908261,0.2929742932319641
1732437773856418174,0.2929742932319641
1732437773856418174,0.2929742932319641
1732437773867043723,0.2929742932319641
1732437773867043723,0.2929742932319641
1732437773877210638,0.2929742932319641
1732437773877210638,0.2929742932319641
1732437773887390344,0.2929742932319641
1732437773887390344,0.2929742932319641
1732437773897956195,0.2929742932319641
1732437773897956195,0.2929742932319641
1732437773908517253,0.2929742932319641
1732437773908517253,0.2929742932319641
1732437773919080465,0.2929742932319641
1732437773919080465,0.2929742932319641
1732437773929207046,0.2929742932319641
1732437773929207046,0.2929742932319641
1732437773939694424,0.2929742932319641
1732437773939694424,0.2929742932319641
1732437773950232993,0.2547205984592438
1732437773950232993,0.2547205984592438
1732437773960625102,0.2547205984592438
1732437773960625102,0.2547205984592438
1732437773971027906,0.2547205984592438
1732437773971027906,0.2547205984592438
1732437773981226281,0.2547205984592438
1732437773981226281,0.2547205984592438
1732437773991636679,0.2547205984592438
1732437773991636679,0.2547205984592438
1732437774002386494,0.2547205984592438
1732437774002386494,0.2547205984592438
1732437774013039458,0.2547205984592438
1732437774013039458,0.2547205984592438
1732437774023502744,0.2547205984592438
1732437774023502744,0.2547205984592438
1732437774034019259,0.2547205984592438
1732437774034019259,0.2547205984592438
1732437774044347896,0.24208340048789978
1732437774044347896,0.24208340048789978
1732437774054614126,0.24208340048789978
1732437774054614126,0.24208340048789978
1732437774064925691,0.24208340048789978
1732437774064925691,0.24208340048789978
1732437774075444210,0.24208340048789978
1732437774075444210,0.24208340048789978
1732437774085994468,0.24208340048789978
1732437774085994468,0.24208340048789978
1732437774096769321,0.24208340048789978
1732437774096769321,0.24208340048789978
1732437774107393480,0.24208340048789978
1732437774107393480,0.24208340048789978
1732437774117757092,0.24208340048789978
1732437774117757092,0.24208340048789978
1732437774131335901,0.24208340048789978
1732437774131335901,0.24208340048789978
1732437774141608187,0.24208340048789978
1732437774141608187,0.24208340048789978
1732437774152338570,0.2371671050786972
1732437774152338570,0.2371671050786972
1732437774162678948,0.2371671050786972
1732437774162678948,0.2371671050786972
1732437774173166220,0.2371671050786972
1732437774173166220,0.2371671050786972
1732437774183287269,0.2371671050786972
1732437774183287269,0.2371671050786972
1732437774194323411,0.2371671050786972
1732437774194323411,0.2371671050786972
1732437774204652589,0.2371671050786972
1732437774204652589,0.2371671050786972
1732437774216190723,0.2371671050786972
1732437774216190723,0.2371671050786972
1732437774226787378,0.2371671050786972
1732437774226787378,0.2371671050786972
1732437774237443590,0.2371671050786972
1732437774237443590,0.2371671050786972
1732437774247771739,0.21971575915813446
1732437774247771739,0.21971575915813446
1732437774258789957,0.21971575915813446
1732437774258789957,0.21971575915813446
1732437774269090023,0.21971575915813446
1732437774269090023,0.21971575915813446
1732437774279763530,0.21971575915813446
1732437774279763530,0.21971575915813446
1732437774290244339,0.21971575915813446
1732437774290244339,0.21971575915813446
1732437774300670377,0.21971575915813446
1732437774300670377,0.21971575915813446
1732437774310986990,0.21971575915813446
1732437774310986990,0.21971575915813446
1732437774321228015,0.21971575915813446
1732437774321228015,0.21971575915813446
1732437774331649654,0.21971575915813446
1732437774331649654,0.21971575915813446
1732437774341863286,0.21971575915813446
1732437774341863286,0.21971575915813446
1732437774352507950,0.20462188124656677
1732437774352507950,0.20462188124656677
1732437774362896948,0.20462188124656677
1732437774362896948,0.20462188124656677
1732437774373314410,0.20462188124656677
1732437774373314410,0.20462188124656677
1732437774383773428,0.20462188124656677
1732437774383773428,0.20462188124656677
1732437774394215118,0.20462188124656677
1732437774394215118,0.20462188124656677
1732437774404818564,0.20462188124656677
1732437774404818564,0.20462188124656677
1732437774415207783,0.20462188124656677
1732437774415207783,0.20462188124656677
1732437774425326289,0.20462188124656677
1732437774425326289,0.20462188124656677
1732437774435963669,0.20462188124656677
1732437774435963669,0.20462188124656677
1732437774446249747,0.21014614403247833
1732437774550728020,0.25867876410484314
1732437774550728020,0.25867876410484314
1732437774560894375,0.25867876410484314
1732437774560894375,0.25867876410484314
1732437774571255030,0.25867876410484314
1732437774571255030,0.25867876410484314
1732437774581425043,0.25867876410484314
1732437774581425043,0.25867876410484314
1732437774581425043,0.25867876410484314
1732437774581425043,0.25867876410484314
1732437774602636616,0.25867876410484314
1732437774602636616,0.25867876410484314
1732437774612935678,0.25867876410484314
1732437774612935678,0.25867876410484314
1732437774623512876,0.25867876410484314
1732437774623512876,0.25867876410484314
1732437774633557421,0.25867876410484314
1732437774633557421,0.25867876410484314
1732437774643853371,0.2927651107311249
1732437774643853371,0.2927651107311249
1732437774654204549,0.2927651107311249
1732437774654204549,0.2927651107311249
1732437774664631689,0.2927651107311249
1732437774664631689,0.2927651107311249
1732437774675127035,0.2927651107311249
1732437774675127035,0.2927651107311249
1732437774685371445,0.2927651107311249
1732437774685371445,0.2927651107311249
1732437774695869566,0.2927651107311249
1732437774695869566,0.2927651107311249
1732437774706342681,0.2927651107311249
1732437774706342681,0.2927651107311249
1732437774716594753,0.2927651107311249
1732437774716594753,0.2927651107311249
1732437774726787607,0.2927651107311249
1732437774726787607,0.2927651107311249
1732437774737104174,0.2927651107311249
1732437774737104174,0.2927651107311249
1732437774747579734,0.2548114061355591
1732437774747579734,0.2548114061355591
1732437774844078208,0.22365708649158478
1732437774844078208,0.22365708649158478
1732437774854548163,0.22365708649158478
1732437774854548163,0.22365708649158478
1732437774864734930,0.22365708649158478
1732437774864734930,0.22365708649158478
1732437774875050822,0.22365708649158478
1732437774875050822,0.22365708649158478
1732437774885229990,0.22365708649158478
1732437774885229990,0.22365708649158478
1732437774895763788,0.22365708649158478
1732437774895763788,0.22365708649158478
1732437774905864112,0.22365708649158478
1732437774905864112,0.22365708649158478
1732437774916478781,0.22365708649158478
1732437774916478781,0.22365708649158478
1732437774927052813,0.22365708649158478
1732437774927052813,0.22365708649158478
1732437774937459976,0.22365708649158478
1732437774937459976,0.22365708649158478
1732437774948061018,0.20100939273834229
1732437774948061018,0.20100939273834229
1732437774958608191,0.20100939273834229
1732437774958608191,0.20100939273834229
1732437774969158052,0.20100939273834229
1732437774969158052,0.20100939273834229
1732437774979936686,0.20100939273834229
1732437774979936686,0.20100939273834229
1732437774990297792,0.20100939273834229
1732437774990297792,0.20100939273834229
1732437775000451994,0.20100939273834229
1732437775000451994,0.20100939273834229
1732437775010772071,0.20100939273834229
1732437775010772071,0.20100939273834229
1732437775021156945,0.20100939273834229
1732437775021156945,0.20100939273834229
1732437775032872270,0.20100939273834229
1732437775032872270,0.20100939273834229
1732437775043007376,0.1878747045993805
1732437775043007376,0.1878747045993805
1732437775053396895,0.1878747045993805
1732437775053396895,0.1878747045993805
1732437775063949729,0.1878747045993805
1732437775063949729,0.1878747045993805
1732437775074413076,0.1878747045993805
1732437775074413076,0.1878747045993805
1732437775085103876,0.1878747045993805
1732437775085103876,0.1878747045993805
1732437775095431843,0.1878747045993805
1732437775095431843,0.1878747045993805
1732437775106020995,0.1878747045993805
1732437775106020995,0.1878747045993805
1732437775116522553,0.1878747045993805
1732437775116522553,0.1878747045993805
1732437775127230695,0.1878747045993805
1732437775127230695,0.1878747045993805
1732437775137355582,0.1878747045993805
1732437775137355582,0.1878747045993805
1732437775147731693,0.1792992353439331
1732437775147731693,0.1792992353439331
1732437775158382422,0.1792992353439331
1732437775158382422,0.1792992353439331
1732437775168599380,0.1792992353439331
1732437775168599380,0.1792992353439331
1732437775178891058,0.1792992353439331
1732437775178891058,0.1792992353439331
1732437775189136531,0.1792992353439331
1732437775189136531,0.1792992353439331
1732437775199630946,0.1792992353439331
1732437775199630946,0.1792992353439331
1732437775210105864,0.1792992353439331
1732437775210105864,0.1792992353439331
1732437775220296584,0.1792992353439331
1732437775220296584,0.1792992353439331
1732437775230787142,0.1792992353439331
1732437775230787142,0.1792992353439331
1732437775241381263,0.1792992353439331
1732437775241381263,0.1792992353439331
1732437775348795156,0.1659853756427765
1732437775348795156,0.1659853756427765
1732437775359220211,0.1659853756427765
1732437775359220211,0.1659853756427765
1732437775369659896,0.1659853756427765
1732437775369659896,0.1659853756427765
1732437775380127480,0.1659853756427765
1732437775380127480,0.1659853756427765
1732437775390324924,0.1659853756427765
1732437775390324924,0.1659853756427765
1732437775400722698,0.1659853756427765
1732437775400722698,0.1659853756427765
1732437775411253982,0.1659853756427765
1732437775411253982,0.1659853756427765
1732437775421715608,0.1659853756427765
1732437775421715608,0.1659853756427765
1732437775432346547,0.1659853756427765
1732437775432346547,0.1659853756427765
1732437775443768536,0.1636892557144165
1732437775443768536,0.1636892557144165
1732437775454287416,0.1636892557144165
1732437775454287416,0.1636892557144165
1732437775464783720,0.1636892557144165
1732437775464783720,0.1636892557144165
1732437775475264052,0.1636892557144165
1732437775475264052,0.1636892557144165
1732437775485693876,0.1636892557144165
1732437775485693876,0.1636892557144165
1732437775496299959,0.1636892557144165
1732437775496299959,0.1636892557144165
1732437775507275320,0.1636892557144165
1732437775507275320,0.1636892557144165
1732437775517311752,0.1636892557144165
1732437775517311752,0.1636892557144165
1732437775527548898,0.1636892557144165
1732437775527548898,0.1636892557144165
1732437775537735270,0.1636892557144165
1732437775537735270,0.1636892557144165
1732437775547843436,0.1603775918483734
1732437775547843436,0.1603775918483734
1732437775558764115,0.1603775918483734
1732437775558764115,0.1603775918483734
1732437775569114178,0.1603775918483734
1732437775569114178,0.1603775918483734
1732437775579489164,0.1603775918483734
1732437775579489164,0.1603775918483734
1732437775590367963,0.1603775918483734
1732437775590367963,0.1603775918483734
1732437775600486990,0.1603775918483734
1732437775600486990,0.1603775918483734
1732437775610719988,0.1603775918483734
1732437775610719988,0.1603775918483734
1732437775621138962,0.1603775918483734
1732437775621138962,0.1603775918483734
1732437775631754863,0.1603775918483734
1732437775631754863,0.1603775918483734
1732437775641963498,0.1603775918483734
1732437775641963498,0.1603775918483734
1732437775749375257,0.16079051792621613
1732437775749375257,0.16079051792621613
1732437775759795453,0.16079051792621613
1732437775759795453,0.16079051792621613
1732437775770006000,0.16079051792621613
1732437775770006000,0.16079051792621613
1732437775780289754,0.16079051792621613
1732437775780289754,0.16079051792621613
1732437775790747751,0.16079051792621613
1732437775790747751,0.16079051792621613
1732437775801319606,0.16079051792621613
1732437775801319606,0.16079051792621613
1732437775811665137,0.16079051792621613
1732437775811665137,0.16079051792621613
1732437775822169891,0.16079051792621613
1732437775822169891,0.16079051792621613
1732437775832813535,0.16079051792621613
1732437775832813535,0.16079051792621613
1732437775843385073,0.16079051792621613
1732437775843385073,0.16079051792621613
1732437775853658272,0.16150730848312378
1732437775853658272,0.16150730848312378
1732437775863857462,0.16150730848312378
1732437775863857462,0.16150730848312378
1732437775874081164,0.16150730848312378
1732437775874081164,0.16150730848312378
1732437775884348186,0.16150730848312378
1732437775884348186,0.16150730848312378
1732437775894737101,0.16150730848312378
1732437775894737101,0.16150730848312378
1732437775904882790,0.16150730848312378
1732437775904882790,0.16150730848312378
1732437775915055519,0.16150730848312378
1732437775915055519,0.16150730848312378
1732437775925533933,0.16150730848312378
1732437775925533933,0.16150730848312378
1732437775935895721,0.16150730848312378
1732437775935895721,0.16150730848312378
1732437776040810437,0.15420781075954437
1732437776051108507,0.15420781075954437
1732437776051108507,0.15420781075954437
1732437776061491645,0.15420781075954437
1732437776061491645,0.15420781075954437
1732437776071882055,0.15420781075954437
1732437776071882055,0.15420781075954437
1732437776082058405,0.15420781075954437
1732437776082058405,0.15420781075954437
1732437776092242596,0.15420781075954437
1732437776092242596,0.15420781075954437
1732437776102472139,0.15420781075954437
1732437776102472139,0.15420781075954437
1732437776113082760,0.15420781075954437
1732437776113082760,0.15420781075954437
1732437776123589728,0.15420781075954437
1732437776123589728,0.15420781075954437
1732437776133985490,0.15420781075954437
1732437776133985490,0.15420781075954437
1732437776144548905,0.16055484116077423
1732437776144548905,0.16055484116077423
1732437776154987166,0.16055484116077423
1732437776154987166,0.16055484116077423
1732437776165296246,0.16055484116077423
1732437776165296246,0.16055484116077423
1732437776175565080,0.16055484116077423
1732437776175565080,0.16055484116077423
1732437776186077939,0.16055484116077423
1732437776186077939,0.16055484116077423
1732437776196206484,0.16055484116077423
1732437776196206484,0.16055484116077423
1732437776206656116,0.16055484116077423
1732437776206656116,0.16055484116077423
1732437776216890257,0.16055484116077423
1732437776216890257,0.16055484116077423
1732437776227197664,0.16055484116077423
1732437776227197664,0.16055484116077423
1732437776237716354,0.16055484116077423
1732437776237716354,0.16055484116077423
1732437776352712949,0.16359004378318787
1732437776352712949,0.16359004378318787
1732437776363194280,0.16359004378318787
1732437776363194280,0.16359004378318787
1732437776373613193,0.16359004378318787
1732437776373613193,0.16359004378318787
1732437776384196435,0.16359004378318787
1732437776384196435,0.16359004378318787
1732437776394565998,0.16359004378318787
1732437776394565998,0.16359004378318787
1732437776404913689,0.16359004378318787
1732437776404913689,0.16359004378318787
1732437776415309160,0.16359004378318787
1732437776415309160,0.16359004378318787
1732437776425928004,0.16359004378318787
1732437776425928004,0.16359004378318787
1732437776436042556,0.16359004378318787
1732437776436042556,0.16359004378318787
1732437776446217105,0.16268737614154816
1732437776446217105,0.16268737614154816
1732437776457127622,0.16268737614154816
1732437776457127622,0.16268737614154816
1732437776467153548,0.16268737614154816
1732437776467153548,0.16268737614154816
1732437776477388441,0.16268737614154816
1732437776477388441,0.16268737614154816
1732437776487696190,0.16268737614154816
1732437776487696190,0.16268737614154816
1732437776497894841,0.16268737614154816
1732437776497894841,0.16268737614154816
1732437776508053945,0.16268737614154816
1732437776508053945,0.16268737614154816
1732437776518543461,0.16268737614154816
1732437776518543461,0.16268737614154816
1732437776529158140,0.16268737614154816
1732437776529158140,0.16268737614154816
1732437776539756138,0.16268737614154816
1732437776539756138,0.16268737614154816
1732437776550780678,0.16600334644317627
1732437776550780678,0.16600334644317627
1732437776561207619,0.16600334644317627
1732437776561207619,0.16600334644317627
1732437776571466685,0.16600334644317627
1732437776571466685,0.16600334644317627
1732437776581880480,0.16600334644317627
1732437776581880480,0.16600334644317627
1732437776592115019,0.16600334644317627
1732437776592115019,0.16600334644317627
1732437776602937107,0.16600334644317627
1732437776602937107,0.16600334644317627
1732437776613830304,0.16600334644317627
1732437776613830304,0.16600334644317627
1732437776624549616,0.16600334644317627
1732437776624549616,0.16600334644317627
1732437776634705042,0.16600334644317627
1732437776634705042,0.16600334644317627
1732437776645176353,0.17047293484210968
1732437776645176353,0.17047293484210968
1732437776753490882,0.1749936044216156
1732437776753490882,0.1749936044216156
1732437776763998681,0.1749936044216156
1732437776763998681,0.1749936044216156
1732437776774426824,0.1749936044216156
1732437776774426824,0.1749936044216156
1732437776785094942,0.1749936044216156
1732437776785094942,0.1749936044216156
1732437776795582633,0.1749936044216156
1732437776795582633,0.1749936044216156
1732437776805987684,0.1749936044216156
1732437776805987684,0.1749936044216156
1732437776816334133,0.1749936044216156
1732437776816334133,0.1749936044216156
1732437776826750963,0.1749936044216156
1732437776826750963,0.1749936044216156
1732437776837315869,0.1749936044216156
1732437776837315869,0.1749936044216156
1732437776847437522,0.17802190780639648
1732437776847437522,0.17802190780639648
1732437776857647898,0.17802190780639648
1732437776857647898,0.17802190780639648
1732437776867944532,0.17802190780639648
1732437776867944532,0.17802190780639648
1732437776878577686,0.17802190780639648
1732437776878577686,0.17802190780639648
1732437776889197838,0.17802190780639648
1732437776889197838,0.17802190780639648
1732437776899453268,0.17802190780639648
1732437776899453268,0.17802190780639648
1732437776909647551,0.17802190780639648
1732437776909647551,0.17802190780639648
1732437776919933974,0.17802190780639648
1732437776919933974,0.17802190780639648
1732437776930058327,0.17802190780639648
1732437776930058327,0.17802190780639648
1732437776940517018,0.17802190780639648
1732437776940517018,0.17802190780639648
1732437777047222430,0.1939927041530609
1732437777047222430,0.1939927041530609
1732437777057514774,0.1939927041530609
1732437777057514774,0.1939927041530609
1732437777067863578,0.1939927041530609
1732437777067863578,0.1939927041530609
1732437777077895403,0.1939927041530609
1732437777077895403,0.1939927041530609
1732437777088009321,0.1939927041530609
1732437777088009321,0.1939927041530609
1732437777098401065,0.1939927041530609
1732437777098401065,0.1939927041530609
1732437777108633268,0.1939927041530609
1732437777108633268,0.1939927041530609
1732437777119080530,0.1939927041530609
1732437777119080530,0.1939927041530609
1732437777129295435,0.1939927041530609
1732437777129295435,0.1939927041530609
1732437777139655270,0.1939927041530609
1732437777139655270,0.1939927041530609
1732437777149886366,0.1853637993335724
1732437777149886366,0.1853637993335724
1732437777160275395,0.1853637993335724
1732437777160275395,0.1853637993335724
1732437777170541795,0.1853637993335724
1732437777170541795,0.1853637993335724
1732437777180703423,0.1853637993335724
1732437777180703423,0.1853637993335724
1732437777190979310,0.1853637993335724
1732437777190979310,0.1853637993335724
1732437777201028478,0.1853637993335724
1732437777201028478,0.1853637993335724
1732437777211545468,0.1853637993335724
1732437777211545468,0.1853637993335724
1732437777222042016,0.1853637993335724
1732437777222042016,0.1853637993335724
1732437777232711075,0.1853637993335724
1732437777232711075,0.1853637993335724
1732437777243000589,0.1853637993335724
1732437777243000589,0.1853637993335724
1732437777346910968,0.18638446927070618
1732437777346910968,0.18638446927070618
1732437777357074848,0.18638446927070618
1732437777357074848,0.18638446927070618
1732437777367111351,0.18638446927070618
1732437777367111351,0.18638446927070618
1732437777377178111,0.18638446927070618
1732437777377178111,0.18638446927070618
1732437777387414317,0.18638446927070618
1732437777387414317,0.18638446927070618
1732437777397742944,0.18638446927070618
1732437777397742944,0.18638446927070618
1732437777408169673,0.18638446927070618
1732437777408169673,0.18638446927070618
1732437777418551208,0.18638446927070618
1732437777418551208,0.18638446927070618
1732437777428949063,0.18638446927070618
1732437777428949063,0.18638446927070618
1732437777439197963,0.18638446927070618
1732437777439197963,0.18638446927070618
1732437777449774580,0.19340872764587402
1732437777449774580,0.19340872764587402
1732437777460249969,0.19340872764587402
1732437777460249969,0.19340872764587402
1732437777470675678,0.19340872764587402
1732437777470675678,0.19340872764587402
1732437777480965352,0.19340872764587402
1732437777480965352,0.19340872764587402
1732437777491607410,0.19340872764587402
1732437777491607410,0.19340872764587402
1732437777502231368,0.19340872764587402
1732437777502231368,0.19340872764587402
1732437777512604798,0.19340872764587402
1732437777512604798,0.19340872764587402
1732437777522832116,0.19340872764587402
1732437777522832116,0.19340872764587402
1732437777533231866,0.19340872764587402
1732437777533231866,0.19340872764587402
1732437777543580008,0.19326674938201904
1732437777543580008,0.19326674938201904
1732437777554014322,0.19326674938201904
1732437777554014322,0.19326674938201904
1732437777564388833,0.19326674938201904
1732437777564388833,0.19326674938201904
1732437777574542395,0.19326674938201904
1732437777574542395,0.19326674938201904
1732437777585170770,0.19326674938201904
1732437777585170770,0.19326674938201904
1732437777595714506,0.19326674938201904
1732437777595714506,0.19326674938201904
1732437777606131617,0.19326674938201904
1732437777606131617,0.19326674938201904
1732437777617059910,0.19326674938201904
1732437777617059910,0.19326674938201904
1732437777627277360,0.19326674938201904
1732437777627277360,0.19326674938201904
1732437777637460846,0.19326674938201904
1732437777637460846,0.19326674938201904
1732437777743019698,0.1989220827817917
1732437777753151392,0.1989220827817917
1732437777753151392,0.1989220827817917
1732437777763384072,0.1989220827817917
1732437777763384072,0.1989220827817917
1732437777773804328,0.1989220827817917
1732437777773804328,0.1989220827817917
1732437777784347935,0.1989220827817917
1732437777784347935,0.1989220827817917
1732437777794588558,0.1989220827817917
1732437777794588558,0.1989220827817917
1732437777804904451,0.1989220827817917
1732437777804904451,0.1989220827817917
1732437777815460942,0.1989220827817917
1732437777815460942,0.1989220827817917
1732437777826081030,0.1989220827817917
1732437777826081030,0.1989220827817917
1732437777836602125,0.1989220827817917
1732437777836602125,0.1989220827817917
1732437777847065614,0.20594419538974762
1732437777847065614,0.20594419538974762
1732437777857336292,0.20594419538974762
1732437777857336292,0.20594419538974762
1732437777868031300,0.20594419538974762
1732437777868031300,0.20594419538974762
1732437777878351582,0.20594419538974762
1732437777878351582,0.20594419538974762
1732437777888991678,0.20594419538974762
1732437777888991678,0.20594419538974762
1732437777899559680,0.20594419538974762
1732437777899559680,0.20594419538974762
1732437777909917712,0.20594419538974762
1732437777909917712,0.20594419538974762
1732437777920771956,0.20594419538974762
1732437777920771956,0.20594419538974762
1732437777931102347,0.20594419538974762
1732437777931102347,0.20594419538974762
1732437777941795230,0.20594419538974762
1732437777941795230,0.20594419538974762
1732437778050268866,0.21785873174667358
1732437778050268866,0.21785873174667358
1732437778060598965,0.21785873174667358
1732437778060598965,0.21785873174667358
1732437778070760832,0.21785873174667358
1732437778070760832,0.21785873174667358
1732437778080883146,0.21785873174667358
1732437778080883146,0.21785873174667358
1732437778091614390,0.21785873174667358
1732437778091614390,0.21785873174667358
1732437778102325989,0.21785873174667358
1732437778102325989,0.21785873174667358
1732437778112563177,0.21785873174667358
1732437778112563177,0.21785873174667358
1732437778123111020,0.21785873174667358
1732437778123111020,0.21785873174667358
1732437778133415444,0.21785873174667358
1732437778133415444,0.21785873174667358
1732437778143717941,0.2237023115158081
1732437778143717941,0.2237023115158081
1732437778154096261,0.2237023115158081
1732437778154096261,0.2237023115158081
1732437778164972727,0.2237023115158081
1732437778164972727,0.2237023115158081
1732437778175191871,0.2237023115158081
1732437778175191871,0.2237023115158081
1732437778185399793,0.2237023115158081
1732437778185399793,0.2237023115158081
1732437778196266410,0.2237023115158081
1732437778196266410,0.2237023115158081
1732437778206830545,0.2237023115158081
1732437778206830545,0.2237023115158081
1732437778217230976,0.2237023115158081
1732437778217230976,0.2237023115158081
1732437778227440822,0.2237023115158081
1732437778227440822,0.2237023115158081
1732437778237951858,0.2237023115158081
1732437778237951858,0.2237023115158081
1732437778248056710,0.2304682433605194
1732437778248056710,0.2304682433605194
1732437778258138517,0.2304682433605194
1732437778258138517,0.2304682433605194
1732437778268605361,0.2304682433605194
1732437778268605361,0.2304682433605194
1732437778278791694,0.2304682433605194
1732437778278791694,0.2304682433605194
1732437778289365637,0.2304682433605194
1732437778289365637,0.2304682433605194
1732437778299649901,0.2304682433605194
1732437778299649901,0.2304682433605194
1732437778309906464,0.2304682433605194
1732437778309906464,0.2304682433605194
1732437778320473991,0.2304682433605194
1732437778320473991,0.2304682433605194
1732437778331165889,0.2304682433605194
1732437778331165889,0.2304682433605194
1732437778341414796,0.2304682433605194
1732437778341414796,0.2304682433605194
1732437778446396550,0.2290039360523224
1732437778446396550,0.2290039360523224
1732437778457065750,0.2290039360523224
1732437778457065750,0.2290039360523224
1732437778467506165,0.2290039360523224
1732437778467506165,0.2290039360523224
1732437778477957942,0.2290039360523224
1732437778477957942,0.2290039360523224
1732437778488578781,0.2290039360523224
1732437778488578781,0.2290039360523224
1732437778498721423,0.2290039360523224
1732437778498721423,0.2290039360523224
1732437778508955544,0.2290039360523224
1732437778508955544,0.2290039360523224
1732437778519479264,0.2290039360523224
1732437778519479264,0.2290039360523224
1732437778530053077,0.2290039360523224
1732437778530053077,0.2290039360523224
1732437778540677984,0.2290039360523224
1732437778540677984,0.2290039360523224
1732437778551301440,0.23222368955612183
1732437778551301440,0.23222368955612183
1732437778561693134,0.23222368955612183
1732437778561693134,0.23222368955612183
1732437778572192829,0.23222368955612183
1732437778572192829,0.23222368955612183
1732437778582306777,0.23222368955612183
1732437778582306777,0.23222368955612183
1732437778582306777,0.23222368955612183
1732437778582306777,0.23222368955612183
1732437778604911803,0.23222368955612183
1732437778604911803,0.23222368955612183
1732437778615534046,0.23222368955612183
1732437778615534046,0.23222368955612183
1732437778625877120,0.23222368955612183
1732437778625877120,0.23222368955612183
1732437778635985586,0.23222368955612183
1732437778635985586,0.23222368955612183
1732437778646215147,0.22744370996952057
1732437778646215147,0.22744370996952057
1732437778656891353,0.22744370996952057
1732437778656891353,0.22744370996952057
1732437778666925272,0.22744370996952057
1732437778666925272,0.22744370996952057
1732437778676982405,0.22744370996952057
1732437778676982405,0.22744370996952057
1732437778687117942,0.22744370996952057
1732437778687117942,0.22744370996952057
1732437778697289508,0.22744370996952057
1732437778697289508,0.22744370996952057
1732437778707330980,0.22744370996952057
1732437778707330980,0.22744370996952057
1732437778717382319,0.22744370996952057
1732437778717382319,0.22744370996952057
1732437778727610602,0.22744370996952057
1732437778727610602,0.22744370996952057
1732437778738146515,0.22744370996952057
1732437778738146515,0.22744370996952057
1732437778748916853,0.23398418724536896
1732437778748916853,0.23398418724536896
1732437778759386582,0.23398418724536896
1732437778759386582,0.23398418724536896
1732437778769867183,0.23398418724536896
1732437778769867183,0.23398418724536896
1732437778780536052,0.23398418724536896
1732437778780536052,0.23398418724536896
1732437778790857276,0.23398418724536896
1732437778790857276,0.23398418724536896
1732437778801194909,0.23398418724536896
1732437778801194909,0.23398418724536896
1732437778812553492,0.23398418724536896
1732437778812553492,0.23398418724536896
1732437778823068795,0.23398418724536896
1732437778823068795,0.23398418724536896
1732437778833626885,0.23398418724536896
1732437778833626885,0.23398418724536896
1732437778844359267,0.23801963031291962
1732437778844359267,0.23801963031291962
1732437778854922680,0.23801963031291962
1732437778854922680,0.23801963031291962
1732437779053869148,0.23295149207115173
1732437779053869148,0.23295149207115173
1732437779064418757,0.23295149207115173
1732437779064418757,0.23295149207115173
1732437779150008670,0.22860215604305267
1732437779150008670,0.22860215604305267
1732437779160579447,0.22860215604305267
1732437779160579447,0.22860215604305267
1732437779244307127,0.22513671219348907
1732437779244307127,0.22513671219348907
1732437779254740238,0.22513671219348907
1732437779254740238,0.22513671219348907
1732437779265135826,0.22513671219348907
1732437779265135826,0.22513671219348907
1732437779275425191,0.22513671219348907
1732437779275425191,0.22513671219348907
1732437779286056353,0.22513671219348907
1732437779286056353,0.22513671219348907
1732437779297128534,0.22513671219348907
1732437779297128534,0.22513671219348907
1732437779307337858,0.22513671219348907
1732437779307337858,0.22513671219348907
1732437779317916450,0.22513671219348907
1732437779317916450,0.22513671219348907
1732437779328901829,0.22513671219348907
1732437779328901829,0.22513671219348907
1732437779339202213,0.22513671219348907
1732437779339202213,0.22513671219348907
1732437779448733408,0.22914408147335052
1732437779448733408,0.22914408147335052
1732437779459136473,0.22914408147335052
1732437779459136473,0.22914408147335052
1732437779469285787,0.22914408147335052
1732437779469285787,0.22914408147335052
1732437779479834342,0.22914408147335052
1732437779479834342,0.22914408147335052
1732437779490318400,0.22914408147335052
1732437779490318400,0.22914408147335052
1732437779500931495,0.22914408147335052
1732437779500931495,0.22914408147335052
1732437779511417356,0.22914408147335052
1732437779511417356,0.22914408147335052
1732437779521820359,0.22914408147335052
1732437779521820359,0.22914408147335052
1732437779532144619,0.22914408147335052
1732437779532144619,0.22914408147335052
1732437779542320552,0.22914408147335052
1732437779542320552,0.22914408147335052
1732437779552986207,0.21689371764659882
1732437779552986207,0.21689371764659882
1732437779563383280,0.21689371764659882
1732437779563383280,0.21689371764659882
1732437779573797558,0.21689371764659882
1732437779573797558,0.21689371764659882
1732437779583972628,0.21689371764659882
1732437779583972628,0.21689371764659882
1732437779594212040,0.21689371764659882
1732437779594212040,0.21689371764659882
1732437779604501003,0.21689371764659882
1732437779604501003,0.21689371764659882
1732437779615198382,0.21689371764659882
1732437779615198382,0.21689371764659882
1732437779625320109,0.21689371764659882
1732437779625320109,0.21689371764659882
1732437779635814093,0.21689371764659882
1732437779635814093,0.21689371764659882
1732437779646179088,0.21568702161312103
1732437779646179088,0.21568702161312103
1732437779656883132,0.21568702161312103
1732437779656883132,0.21568702161312103
1732437779667002090,0.21568702161312103
1732437779667002090,0.21568702161312103
1732437779677615838,0.21568702161312103
1732437779677615838,0.21568702161312103
1732437779687876775,0.21568702161312103
1732437779687876775,0.21568702161312103
1732437779704281756,0.21568702161312103
1732437779704281756,0.21568702161312103
1732437779704281756,0.21568702161312103
1732437779714983065,0.21568702161312103
1732437779725430695,0.21568702161312103
1732437779725430695,0.21568702161312103
1732437779735708176,0.21568702161312103
1732437779735708176,0.21568702161312103
1732437779746362540,0.21609678864479065
1732437779746362540,0.21609678864479065
1732437779850725509,0.20906634628772736
1732437779850725509,0.20906634628772736
1732437779860908509,0.20906634628772736
1732437779860908509,0.20906634628772736
1732437779871361166,0.20906634628772736
1732437779871361166,0.20906634628772736
1732437779881862114,0.20906634628772736
1732437779881862114,0.20906634628772736
1732437779892291710,0.20906634628772736
1732437779892291710,0.20906634628772736
1732437779902881461,0.20906634628772736
1732437779902881461,0.20906634628772736
1732437779913406304,0.20906634628772736
1732437779913406304,0.20906634628772736
1732437779923953076,0.20906634628772736
1732437779923953076,0.20906634628772736
1732437779934084186,0.20906634628772736
1732437779934084186,0.20906634628772736
1732437779944540160,0.21161536872386932
1732437779944540160,0.21161536872386932
1732437779955193871,0.21161536872386932
1732437779955193871,0.21161536872386932
1732437779965550801,0.21161536872386932
1732437779965550801,0.21161536872386932
1732437779975857788,0.21161536872386932
1732437779975857788,0.21161536872386932
1732437779985924324,0.21161536872386932
1732437779985924324,0.21161536872386932
1732437779996210775,0.21161536872386932
1732437779996210775,0.21161536872386932
1732437780006650079,0.21161536872386932
1732437780006650079,0.21161536872386932
1732437780017053401,0.21161536872386932
1732437780017053401,0.21161536872386932
1732437780027141676,0.21161536872386932
1732437780027141676,0.21161536872386932
1732437780037332936,0.21161536872386932
1732437780037332936,0.21161536872386932
1732437780047405037,0.21874204277992249
1732437780047405037,0.21874204277992249
1732437780057523092,0.21874204277992249
1732437780057523092,0.21874204277992249
1732437780067815773,0.21874204277992249
1732437780067815773,0.21874204277992249
1732437780078024392,0.21874204277992249
1732437780078024392,0.21874204277992249
1732437780088225016,0.21874204277992249
1732437780088225016,0.21874204277992249
1732437780098625506,0.21874204277992249
1732437780098625506,0.21874204277992249
1732437780108826957,0.21874204277992249
1732437780108826957,0.21874204277992249
1732437780119414485,0.21874204277992249
1732437780119414485,0.21874204277992249
1732437780129699088,0.21874204277992249
1732437780129699088,0.21874204277992249
1732437780140058226,0.21874204277992249
1732437780140058226,0.21874204277992249
1732437780245267042,0.2280612587928772
1732437780245267042,0.2280612587928772
1732437780255901889,0.2280612587928772
1732437780255901889,0.2280612587928772
1732437780266206511,0.2280612587928772
1732437780266206511,0.2280612587928772
1732437780277052161,0.2280612587928772
1732437780277052161,0.2280612587928772
1732437780287064699,0.2280612587928772
1732437780287064699,0.2280612587928772
1732437780297452999,0.2280612587928772
1732437780297452999,0.2280612587928772
1732437780308422032,0.2280612587928772
1732437780308422032,0.2280612587928772
1732437780318796138,0.2280612587928772
1732437780318796138,0.2280612587928772
1732437780328941665,0.2280612587928772
1732437780328941665,0.2280612587928772
1732437780339340689,0.2280612587928772
1732437780339340689,0.2280612587928772
1732437780349749850,0.26374566555023193
1732437780349749850,0.26374566555023193
1732437780360299157,0.26374566555023193
1732437780360299157,0.26374566555023193
1732437780370849487,0.26374566555023193
1732437780370849487,0.26374566555023193
1732437780381207789,0.26374566555023193
1732437780381207789,0.26374566555023193
1732437780391697797,0.26374566555023193
1732437780391697797,0.26374566555023193
1732437780402042560,0.26374566555023193
1732437780402042560,0.26374566555023193
1732437780412289950,0.26374566555023193
1732437780412289950,0.26374566555023193
1732437780422597308,0.26374566555023193
1732437780422597308,0.26374566555023193
1732437780432961752,0.26374566555023193
1732437780432961752,0.26374566555023193
1732437780443459142,0.256706565618515
1732437780443459142,0.256706565618515
1732437780550658151,0.2549319565296173
1732437780550658151,0.2549319565296173
1732437780561121055,0.2549319565296173
1732437780561121055,0.2549319565296173
1732437780571723755,0.2549319565296173
1732437780571723755,0.2549319565296173
1732437780581969067,0.2549319565296173
1732437780581969067,0.2549319565296173
1732437780593083737,0.2549319565296173
1732437780593083737,0.2549319565296173
1732437780603168409,0.2549319565296173
1732437780603168409,0.2549319565296173
1732437780613756540,0.2549319565296173
1732437780613756540,0.2549319565296173
1732437780623926982,0.2549319565296173
1732437780623926982,0.2549319565296173
1732437780634513871,0.2549319565296173
1732437780634513871,0.2549319565296173
1732437780644823822,0.25101137161254883
1732437780644823822,0.25101137161254883
1732437780655409859,0.25101137161254883
1732437780655409859,0.25101137161254883
1732437780665502045,0.25101137161254883
1732437780665502045,0.25101137161254883
1732437780675907843,0.25101137161254883
1732437780675907843,0.25101137161254883
1732437780686636738,0.25101137161254883
1732437780686636738,0.25101137161254883
1732437780696884354,0.25101137161254883
1732437780696884354,0.25101137161254883
1732437780707317056,0.25101137161254883
1732437780707317056,0.25101137161254883
1732437780718131887,0.25101137161254883
1732437780718131887,0.25101137161254883
1732437780728744062,0.25101137161254883
1732437780728744062,0.25101137161254883
1732437780739124845,0.25101137161254883
1732437780739124845,0.25101137161254883
1732437780845089449,0.26065266132354736
1732437780845089449,0.26065266132354736
1732437780855549141,0.26065266132354736
1732437780855549141,0.26065266132354736
1732437780866081296,0.26065266132354736
1732437780866081296,0.26065266132354736
1732437780876374825,0.26065266132354736
1732437780876374825,0.26065266132354736
1732437780886640437,0.26065266132354736
1732437780886640437,0.26065266132354736
1732437780897047692,0.26065266132354736
1732437780897047692,0.26065266132354736
1732437780907286992,0.26065266132354736
1732437780907286992,0.26065266132354736
1732437780917604219,0.26065266132354736
1732437780917604219,0.26065266132354736
1732437780927710168,0.26065266132354736
1732437780927710168,0.26065266132354736
1732437780938036235,0.26065266132354736
1732437780938036235,0.26065266132354736
1732437780948243777,0.26457005739212036
1732437780948243777,0.26457005739212036
1732437780958442142,0.26457005739212036
1732437780958442142,0.26457005739212036
1732437780969243389,0.26457005739212036
1732437780969243389,0.26457005739212036
1732437780979486917,0.26457005739212036
1732437780979486917,0.26457005739212036
1732437780990297090,0.26457005739212036
1732437780990297090,0.26457005739212036
1732437781000577286,0.26457005739212036
1732437781000577286,0.26457005739212036
1732437781011154587,0.26457005739212036
1732437781011154587,0.26457005739212036
1732437781021230964,0.26457005739212036
1732437781021230964,0.26457005739212036
1732437781031961178,0.26457005739212036
1732437781031961178,0.26457005739212036
1732437781042280878,0.26457005739212036
1732437781042280878,0.26457005739212036
1732437781052491256,0.27111420035362244
1732437781052491256,0.27111420035362244
1732437781062636072,0.27111420035362244
1732437781062636072,0.27111420035362244
1732437781072844976,0.27111420035362244
1732437781072844976,0.27111420035362244
1732437781083433677,0.27111420035362244
1732437781083433677,0.27111420035362244
1732437781093698365,0.27111420035362244
1732437781093698365,0.27111420035362244
1732437781104277769,0.27111420035362244
1732437781104277769,0.27111420035362244
1732437781114728643,0.27111420035362244
1732437781114728643,0.27111420035362244
1732437781125009923,0.27111420035362244
1732437781125009923,0.27111420035362244
1732437781135481286,0.27111420035362244
1732437781135481286,0.27111420035362244
1732437781146094181,0.2770209014415741
1732437781146094181,0.2770209014415741
1732437781156337781,0.2770209014415741
1732437781156337781,0.2770209014415741
1732437781166915731,0.2770209014415741
1732437781166915731,0.2770209014415741
1732437781176934713,0.2770209014415741
1732437781176934713,0.2770209014415741
1732437781187531670,0.2770209014415741
1732437781187531670,0.2770209014415741
1732437781197680068,0.2770209014415741
1732437781197680068,0.2770209014415741
1732437781207765717,0.2770209014415741
1732437781207765717,0.2770209014415741
1732437781218067044,0.2770209014415741
1732437781218067044,0.2770209014415741
1732437781228372848,0.2770209014415741
1732437781228372848,0.2770209014415741
1732437781238988200,0.2770209014415741
1732437781238988200,0.2770209014415741
1732437781249310214,0.25847166776657104
1732437781249310214,0.25847166776657104
1732437781259770567,0.25847166776657104
1732437781259770567,0.25847166776657104
1732437781270083993,0.25847166776657104
1732437781270083993,0.25847166776657104
1732437781280588330,0.25847166776657104
1732437781280588330,0.25847166776657104
1732437781290873948,0.25847166776657104
1732437781290873948,0.25847166776657104
1732437781301179062,0.25847166776657104
1732437781301179062,0.25847166776657104
1732437781311603206,0.25847166776657104
1732437781311603206,0.25847166776657104
1732437781322221342,0.25847166776657104
1732437781322221342,0.25847166776657104
1732437781332424291,0.25847166776657104
1732437781332424291,0.25847166776657104
1732437781342894145,0.25508207082748413
1732437781353381148,0.25508207082748413
1732437781446712838,0.24789592623710632
1732437781446712838,0.24789592623710632
1732437781456997034,0.24789592623710632
1732437781456997034,0.24789592623710632
1732437781467084800,0.24789592623710632
1732437781467084800,0.24789592623710632
1732437781477363287,0.24789592623710632
1732437781477363287,0.24789592623710632
1732437781487701132,0.24789592623710632
1732437781487701132,0.24789592623710632
1732437781498152557,0.24789592623710632
1732437781498152557,0.24789592623710632
1732437781508658024,0.24789592623710632
1732437781508658024,0.24789592623710632
1732437781518917683,0.24789592623710632
1732437781518917683,0.24789592623710632
1732437781529089228,0.24789592623710632
1732437781529089228,0.24789592623710632
1732437781539661399,0.24789592623710632
1732437781539661399,0.24789592623710632
1732437781550084641,0.2545383870601654
1732437781550084641,0.2545383870601654
1732437781560510319,0.2545383870601654
1732437781560510319,0.2545383870601654
1732437781571320212,0.2545383870601654
1732437781571320212,0.2545383870601654
1732437781582191688,0.2545383870601654
1732437781582191688,0.2545383870601654
1732437781593407055,0.2545383870601654
1732437781593407055,0.2545383870601654
1732437781603519611,0.2545383870601654
1732437781603519611,0.2545383870601654
1732437781613913790,0.2545383870601654
1732437781613913790,0.2545383870601654
1732437781624096245,0.2545383870601654
1732437781624096245,0.2545383870601654
1732437781634596351,0.2545383870601654
1732437781634596351,0.2545383870601654
1732437781644797432,0.25231194496154785
1732437781644797432,0.25231194496154785
1732437781655349986,0.25231194496154785
1732437781655349986,0.25231194496154785
1732437781665725219,0.25231194496154785
1732437781665725219,0.25231194496154785
1732437781676066601,0.25231194496154785
1732437781676066601,0.25231194496154785
1732437781686578759,0.25231194496154785
1732437781686578759,0.25231194496154785
1732437781697226471,0.25231194496154785
1732437781697226471,0.25231194496154785
1732437781707457893,0.25231194496154785
1732437781707457893,0.25231194496154785
1732437781717734477,0.25231194496154785
1732437781717734477,0.25231194496154785
1732437781728081119,0.25231194496154785
1732437781728081119,0.25231194496154785
1732437781738502669,0.25231194496154785
1732437781738502669,0.25231194496154785
1732437781748985822,0.2539204955101013
1732437781748985822,0.2539204955101013
1732437781759366738,0.2539204955101013
1732437781759366738,0.2539204955101013
1732437781769934890,0.2539204955101013
1732437781769934890,0.2539204955101013
1732437781780579575,0.2539204955101013
1732437781780579575,0.2539204955101013
1732437781791104268,0.2539204955101013
1732437781791104268,0.2539204955101013
1732437781801268217,0.2539204955101013
1732437781801268217,0.2539204955101013
1732437781811822726,0.2539204955101013
1732437781811822726,0.2539204955101013
1732437781822083196,0.2539204955101013
1732437781822083196,0.2539204955101013
1732437781832247838,0.2539204955101013
1732437781832247838,0.2539204955101013
1732437781842710546,0.2539204955101013
1732437781842710546,0.2539204955101013
1732437781948067385,0.24911756813526154
1732437781948067385,0.24911756813526154
1732437781958588615,0.24911756813526154
1732437781958588615,0.24911756813526154
1732437781969030208,0.24911756813526154
1732437781969030208,0.24911756813526154
1732437781979238446,0.24911756813526154
1732437781979238446,0.24911756813526154
1732437781989905369,0.24911756813526154
1732437781989905369,0.24911756813526154
1732437782000192592,0.24911756813526154
1732437782000192592,0.24911756813526154
1732437782010744255,0.24911756813526154
1732437782010744255,0.24911756813526154
1732437782021011437,0.24911756813526154
1732437782021011437,0.24911756813526154
1732437782031614295,0.24911756813526154
1732437782031614295,0.24911756813526154
1732437782042290599,0.24911756813526154
1732437782042290599,0.24911756813526154
1732437782052625217,0.2754732370376587
1732437782052625217,0.2754732370376587
1732437782063224568,0.2754732370376587
1732437782063224568,0.2754732370376587
1732437782073874420,0.2754732370376587
1732437782073874420,0.2754732370376587
1732437782084198712,0.2754732370376587
1732437782084198712,0.2754732370376587
1732437782094732802,0.2754732370376587
1732437782094732802,0.2754732370376587
1732437782104891722,0.2754732370376587
1732437782104891722,0.2754732370376587
1732437782115569419,0.2754732370376587
1732437782115569419,0.2754732370376587
1732437782126201222,0.2754732370376587
1732437782126201222,0.2754732370376587
1732437782136398595,0.2754732370376587
1732437782136398595,0.2754732370376587
1732437782147066352,0.28545689582824707
1732437782147066352,0.28545689582824707
1732437782157336341,0.28545689582824707
1732437782157336341,0.28545689582824707
1732437782167699623,0.28545689582824707
1732437782167699623,0.28545689582824707
1732437782178167328,0.28545689582824707
1732437782178167328,0.28545689582824707
1732437782188245761,0.28545689582824707
1732437782188245761,0.28545689582824707
1732437782198519496,0.28545689582824707
1732437782198519496,0.28545689582824707
1732437782208811104,0.28545689582824707
1732437782208811104,0.28545689582824707
1732437782219286715,0.28545689582824707
1732437782219286715,0.28545689582824707
1732437782229844008,0.28545689582824707
1732437782229844008,0.28545689582824707
1732437782240110459,0.28545689582824707
1732437782240110459,0.28545689582824707
1732437782349281769,0.3403398096561432
1732437782349281769,0.3403398096561432
1732437782359519245,0.3403398096561432
1732437782359519245,0.3403398096561432
1732437782370297189,0.3403398096561432
1732437782370297189,0.3403398096561432
1732437782380880962,0.3403398096561432
1732437782380880962,0.3403398096561432
1732437782391211441,0.3403398096561432
1732437782391211441,0.3403398096561432
1732437782401389440,0.3403398096561432
1732437782401389440,0.3403398096561432
1732437782417681134,0.3403398096561432
1732437782417681134,0.3403398096561432
1732437782427789965,0.3403398096561432
1732437782427789965,0.3403398096561432
1732437782437886109,0.3403398096561432
1732437782437886109,0.3403398096561432
1732437782448063816,0.3719162940979004
1732437782448063816,0.3719162940979004
1732437782458581522,0.3719162940979004
1732437782458581522,0.3719162940979004
1732437782469021769,0.3719162940979004
1732437782469021769,0.3719162940979004
1732437782479917258,0.3719162940979004
1732437782479917258,0.3719162940979004
1732437782490261038,0.3719162940979004
1732437782490261038,0.3719162940979004
1732437782500426821,0.3719162940979004
1732437782500426821,0.3719162940979004
1732437782510791596,0.3719162940979004
1732437782510791596,0.3719162940979004
1732437782521385919,0.3719162940979004
1732437782521385919,0.3719162940979004
1732437782531761924,0.3719162940979004
1732437782531761924,0.3719162940979004
1732437782542750588,0.3719162940979004
1732437782542750588,0.3719162940979004
1732437782554380346,0.3767523765563965
1732437782554380346,0.3767523765563965
1732437782564916159,0.3767523765563965
1732437782564916159,0.3767523765563965
1732437782575974723,0.3767523765563965
1732437782575974723,0.3767523765563965
1732437782586236536,0.3767523765563965
1732437782586236536,0.3767523765563965
1732437782597322493,0.3767523765563965
1732437782597322493,0.3767523765563965
1732437782608079146,0.3767523765563965
1732437782608079146,0.3767523765563965
1732437782618390822,0.3767523765563965
1732437782618390822,0.3767523765563965
1732437782629006834,0.3767523765563965
1732437782629006834,0.3767523765563965
1732437782639196228,0.3767523765563965
1732437782639196228,0.3767523765563965
1732437782649247935,0.4210701286792755
1732437782649247935,0.4210701286792755
1732437782749146029,0.43728041648864746
1732437782749146029,0.43728041648864746
1732437782759571934,0.43728041648864746
1732437782759571934,0.43728041648864746
1732437782769793055,0.43728041648864746
1732437782769793055,0.43728041648864746
1732437782780328367,0.43728041648864746
1732437782780328367,0.43728041648864746
1732437782790953215,0.43728041648864746
1732437782790953215,0.43728041648864746
1732437782801468450,0.43728041648864746
1732437782801468450,0.43728041648864746
1732437782815867416,0.43728041648864746
1732437782815867416,0.43728041648864746
1732437782826800348,0.43728041648864746
1732437782826800348,0.43728041648864746
1732437782837347783,0.43728041648864746
1732437782837347783,0.43728041648864746
1732437782847823764,0.4821690022945404
1732437782847823764,0.4821690022945404
1732437782857926371,0.4821690022945404
1732437782857926371,0.4821690022945404
1732437782868201850,0.4821690022945404
1732437782868201850,0.4821690022945404
1732437782878357956,0.4821690022945404
1732437782878357956,0.4821690022945404
1732437782888615342,0.4821690022945404
1732437782888615342,0.4821690022945404
1732437782899162055,0.4821690022945404
1732437782899162055,0.4821690022945404
1732437782909474141,0.4821690022945404
1732437782909474141,0.4821690022945404
1732437782909474141,0.4821690022945404
1732437782909474141,0.4821690022945404
1732437782930018296,0.4821690022945404
1732437782930018296,0.4821690022945404
1732437782940276431,0.4821690022945404
1732437782940276431,0.4821690022945404
1732437782952249918,0.529487669467926
1732437782952249918,0.529487669467926
1732437783047518113,0.585984468460083
1732437783047518113,0.585984468460083
1732437783057675321,0.585984468460083
1732437783057675321,0.585984468460083
1732437783068167452,0.585984468460083
1732437783068167452,0.585984468460083
1732437783078604972,0.585984468460083
1732437783078604972,0.585984468460083
1732437783088858560,0.585984468460083
1732437783088858560,0.585984468460083
1732437783099293746,0.585984468460083
1732437783099293746,0.585984468460083
1732437783109689849,0.585984468460083
1732437783109689849,0.585984468460083
1732437783120283108,0.585984468460083
1732437783120283108,0.585984468460083
1732437783130837336,0.585984468460083
1732437783130837336,0.585984468460083
1732437783140982082,0.585984468460083
1732437783140982082,0.585984468460083
1732437783151359209,0.630032479763031
1732437783151359209,0.630032479763031
1732437783161912404,0.630032479763031
1732437783161912404,0.630032479763031
1732437783172187652,0.630032479763031
1732437783172187652,0.630032479763031
1732437783182629552,0.630032479763031
1732437783182629552,0.630032479763031
1732437783192797341,0.630032479763031
1732437783192797341,0.630032479763031
1732437783202942596,0.630032479763031
1732437783202942596,0.630032479763031
1732437783213224306,0.630032479763031
1732437783213224306,0.630032479763031
1732437783223760631,0.630032479763031
1732437783223760631,0.630032479763031
1732437783233975175,0.630032479763031
1732437783233975175,0.630032479763031
1732437783244298363,0.6766815185546875
1732437783244298363,0.6766815185546875
1732437783254441927,0.6766815185546875
1732437783254441927,0.6766815185546875
1732437783349213598,0.7171175479888916
1732437783349213598,0.7171175479888916
1732437783360063325,0.7171175479888916
1732437783360063325,0.7171175479888916
1732437783370641978,0.7171175479888916
1732437783370641978,0.7171175479888916
1732437783381086240,0.7171175479888916
1732437783381086240,0.7171175479888916
1732437783391418014,0.7171175479888916
1732437783391418014,0.7171175479888916
1732437783402026372,0.7171175479888916
1732437783402026372,0.7171175479888916
1732437783412526657,0.7171175479888916
1732437783412526657,0.7171175479888916
1732437783423271229,0.7171175479888916
1732437783423271229,0.7171175479888916
1732437783433482879,0.7171175479888916
1732437783433482879,0.7171175479888916
1732437783443612828,0.7171175479888916
1732437783443612828,0.7171175479888916
1732437783453940392,0.7554405927658081
1732437783453940392,0.7554405927658081
1732437783464625272,0.7554405927658081
1732437783464625272,0.7554405927658081
1732437783474934164,0.7554405927658081
1732437783474934164,0.7554405927658081
1732437783485515622,0.7554405927658081
1732437783485515622,0.7554405927658081
1732437783495911293,0.7554405927658081
1732437783495911293,0.7554405927658081
1732437783495911293,0.7554405927658081
1732437783495911293,0.7554405927658081
1732437783516833231,0.7554405927658081
1732437783516833231,0.7554405927658081
1732437783527458300,0.7554405927658081
1732437783527458300,0.7554405927658081
1732437783537937878,0.7554405927658081
1732437783537937878,0.7554405927658081
1732437783548601769,0.7718925476074219
1732437783548601769,0.7718925476074219
1732437783558820894,0.7718925476074219
1732437783558820894,0.7718925476074219
1732437783569048905,0.7718925476074219
1732437783569048905,0.7718925476074219
1732437783579181717,0.7718925476074219
1732437783579181717,0.7718925476074219
1732437783589399109,0.7718925476074219
1732437783589399109,0.7718925476074219
1732437783599880470,0.7718925476074219
1732437783599880470,0.7718925476074219
1732437783610660426,0.7718925476074219
1732437783610660426,0.7718925476074219
1732437783620931336,0.7718925476074219
1732437783620931336,0.7718925476074219
1732437783631318470,0.7718925476074219
1732437783631318470,0.7718925476074219
1732437783642220007,0.7718925476074219
1732437783642220007,0.7718925476074219
1732437783743128510,0.8186957836151123
1732437783743128510,0.8186957836151123
1732437783754128938,0.8186957836151123
1732437783754128938,0.8186957836151123
1732437783764901100,0.8186957836151123
1732437783764901100,0.8186957836151123
1732437783775462591,0.8186957836151123
1732437783775462591,0.8186957836151123
1732437783786033328,0.8186957836151123
1732437783786033328,0.8186957836151123
1732437783796951909,0.8186957836151123
1732437783796951909,0.8186957836151123
1732437783807572043,0.8186957836151123
1732437783807572043,0.8186957836151123
1732437783817697572,0.8186957836151123
1732437783817697572,0.8186957836151123
1732437783828391167,0.8186957836151123
1732437783828391167,0.8186957836151123
1732437783838666297,0.8186957836151123
1732437783838666297,0.8186957836151123
1732437783848868990,0.8276964426040649
1732437783848868990,0.8276964426040649
1732437783859041658,0.8276964426040649
1732437783859041658,0.8276964426040649
1732437783869551341,0.8276964426040649
1732437783869551341,0.8276964426040649
1732437783880102152,0.8276964426040649
1732437783880102152,0.8276964426040649
1732437783890569087,0.8276964426040649
1732437783890569087,0.8276964426040649
1732437783901316753,0.8276964426040649
1732437783901316753,0.8276964426040649
1732437783911541178,0.8276964426040649
1732437783911541178,0.8276964426040649
1732437783921771723,0.8276964426040649
1732437783921771723,0.8276964426040649
1732437783932521534,0.8276964426040649
1732437783932521534,0.8276964426040649
1732437783943351634,0.8276964426040649
1732437783943351634,0.8276964426040649
1732437784043899026,0.854128897190094
1732437784043899026,0.854128897190094
1732437784054603413,0.854128897190094
1732437784054603413,0.854128897190094
1732437784064985499,0.854128897190094
1732437784064985499,0.854128897190094
1732437784075313997,0.854128897190094
1732437784075313997,0.854128897190094
1732437784086128194,0.854128897190094
1732437784086128194,0.854128897190094
1732437784096310633,0.854128897190094
1732437784096310633,0.854128897190094
1732437784106919178,0.854128897190094
1732437784106919178,0.854128897190094
1732437784117197686,0.854128897190094
1732437784117197686,0.854128897190094
1732437784127312927,0.854128897190094
1732437784127312927,0.854128897190094
1732437784137430553,0.854128897190094
1732437784137430553,0.854128897190094
1732437784147566091,0.867944598197937
1732437784147566091,0.867944598197937
1732437784157814068,0.867944598197937
1732437784157814068,0.867944598197937
1732437784168182390,0.867944598197937
1732437784168182390,0.867944598197937
1732437784178611815,0.867944598197937
1732437784178611815,0.867944598197937
1732437784188941586,0.867944598197937
1732437784188941586,0.867944598197937
1732437784199449156,0.867944598197937
1732437784199449156,0.867944598197937
1732437784210196321,0.867944598197937
1732437784210196321,0.867944598197937
1732437784220407530,0.867944598197937
1732437784220407530,0.867944598197937
1732437784232928335,0.867944598197937
1732437784232928335,0.867944598197937
1732437784243149152,0.8669750094413757
1732437784243149152,0.8669750094413757
1732437784254189644,0.8669750094413757
1732437784254189644,0.8669750094413757
1732437784346407137,0.8710178732872009
1732437784346407137,0.8710178732872009
1732437784357071800,0.8710178732872009
1732437784357071800,0.8710178732872009
1732437784367330207,0.8710178732872009
1732437784367330207,0.8710178732872009
1732437784377557261,0.8710178732872009
1732437784377557261,0.8710178732872009
1732437784387632161,0.8710178732872009
1732437784387632161,0.8710178732872009
1732437784397729115,0.8710178732872009
1732437784397729115,0.8710178732872009
1732437784408035816,0.8710178732872009
1732437784408035816,0.8710178732872009
1732437784418304201,0.8710178732872009
1732437784418304201,0.8710178732872009
1732437784428659850,0.8710178732872009
1732437784428659850,0.8710178732872009
1732437784439257856,0.8710178732872009
1732437784439257856,0.8710178732872009
1732437784449412001,0.8616249561309814
1732437784449412001,0.8616249561309814
1732437784459720241,0.8616249561309814
1732437784459720241,0.8616249561309814
1732437784470135921,0.8616249561309814
1732437784470135921,0.8616249561309814
1732437784480737345,0.8616249561309814
1732437784480737345,0.8616249561309814
1732437784491314505,0.8616249561309814
1732437784491314505,0.8616249561309814
1732437784501521115,0.8616249561309814
1732437784501521115,0.8616249561309814
1732437784512054834,0.8616249561309814
1732437784512054834,0.8616249561309814
1732437784522494840,0.8616249561309814
1732437784522494840,0.8616249561309814
1732437784533204533,0.8616249561309814
1732437784533204533,0.8616249561309814
1732437784543658717,0.8506414890289307
1732437784543658717,0.8506414890289307
1732437784554621164,0.8506414890289307
1732437784554621164,0.8506414890289307
1732437784564896753,0.8506414890289307
1732437784564896753,0.8506414890289307
1732437784575451661,0.8506414890289307
1732437784575451661,0.8506414890289307
1732437784586498144,0.8506414890289307
1732437784586498144,0.8506414890289307
1732437784596911921,0.8506414890289307
1732437784596911921,0.8506414890289307
1732437784607211954,0.8506414890289307
1732437784607211954,0.8506414890289307
1732437784617780068,0.8506414890289307
1732437784617780068,0.8506414890289307
1732437784627932928,0.8506414890289307
1732437784627932928,0.8506414890289307
1732437784641304844,0.8506414890289307
1732437784641304844,0.8506414890289307
1732437784641304844,0.8506414890289307
1732437784641304844,0.8506414890289307
1732437784662196386,0.8350850939750671
1732437784662196386,0.8350850939750671
1732437784672535895,0.8350850939750671
1732437784672535895,0.8350850939750671
1732437784683118465,0.8350850939750671
1732437784683118465,0.8350850939750671
1732437784693849029,0.8350850939750671
1732437784693849029,0.8350850939750671
1732437784704907565,0.8350850939750671
1732437784704907565,0.8350850939750671
1732437784715303317,0.8350850939750671
1732437784715303317,0.8350850939750671
1732437784725786843,0.8350850939750671
1732437784725786843,0.8350850939750671
1732437784736274016,0.8350850939750671
1732437784736274016,0.8350850939750671
1732437784746816471,0.84494948387146
1732437784746816471,0.84494948387146
1732437784850544970,0.8246147632598877
1732437784850544970,0.8246147632598877
1732437784860750990,0.8246147632598877
1732437784860750990,0.8246147632598877
1732437784871390175,0.8246147632598877
1732437784871390175,0.8246147632598877
1732437784881895261,0.8246147632598877
1732437784881895261,0.8246147632598877
1732437784892452073,0.8246147632598877
1732437784892452073,0.8246147632598877
1732437784902645419,0.8246147632598877
1732437784902645419,0.8246147632598877
1732437784912927640,0.8246147632598877
1732437784912927640,0.8246147632598877
1732437784923127398,0.8246147632598877
1732437784923127398,0.8246147632598877
1732437784933860985,0.8246147632598877
1732437784933860985,0.8246147632598877
1732437784944326031,0.808826744556427
1732437784944326031,0.808826744556427
1732437784954586280,0.808826744556427
1732437784954586280,0.808826744556427
1732437784965226808,0.808826744556427
1732437784965226808,0.808826744556427
1732437784975839504,0.808826744556427
1732437784975839504,0.808826744556427
1732437784985949174,0.808826744556427
1732437784985949174,0.808826744556427
1732437784996339288,0.808826744556427
1732437784996339288,0.808826744556427
1732437785007202540,0.808826744556427
1732437785007202540,0.808826744556427
1732437785017582161,0.808826744556427
1732437785017582161,0.808826744556427
1732437785028167106,0.808826744556427
1732437785028167106,0.808826744556427
1732437785038673894,0.808826744556427
1732437785038673894,0.808826744556427
1732437785049393370,0.7652299404144287
1732437785049393370,0.7652299404144287
1732437785060042784,0.7652299404144287
1732437785060042784,0.7652299404144287
1732437785070420273,0.7652299404144287
1732437785070420273,0.7652299404144287
1732437785081016978,0.7652299404144287
1732437785081016978,0.7652299404144287
1732437785091312764,0.7652299404144287
1732437785091312764,0.7652299404144287
1732437785101476282,0.7652299404144287
1732437785101476282,0.7652299404144287
1732437785112005867,0.7652299404144287
1732437785112005867,0.7652299404144287
1732437785122429542,0.7652299404144287
1732437785122429542,0.7652299404144287
1732437785132707115,0.7652299404144287
1732437785132707115,0.7652299404144287
1732437785142915229,0.7531306147575378
1732437785142915229,0.7531306147575378
1732437785248056024,0.7088448405265808
1732437785248056024,0.7088448405265808
1732437785258387168,0.7088448405265808
1732437785258387168,0.7088448405265808
1732437785268874270,0.7088448405265808
1732437785268874270,0.7088448405265808
1732437785279045476,0.7088448405265808
1732437785279045476,0.7088448405265808
1732437785289102297,0.7088448405265808
1732437785289102297,0.7088448405265808
1732437785299770057,0.7088448405265808
1732437785299770057,0.7088448405265808
1732437785310463723,0.7088448405265808
1732437785310463723,0.7088448405265808
1732437785321008403,0.7088448405265808
1732437785321008403,0.7088448405265808
1732437785331465440,0.7088448405265808
1732437785331465440,0.7088448405265808
1732437785342266686,0.7088448405265808
1732437785342266686,0.7088448405265808
1732437785352537295,0.6918554902076721
1732437785352537295,0.6918554902076721
1732437785362931665,0.6918554902076721
1732437785362931665,0.6918554902076721
1732437785373465165,0.6918554902076721
1732437785373465165,0.6918554902076721
1732437785384033549,0.6918554902076721
1732437785384033549,0.6918554902076721
1732437785394464096,0.6918554902076721
1732437785394464096,0.6918554902076721
1732437785404522181,0.6918554902076721
1732437785404522181,0.6918554902076721
1732437785414748498,0.6918554902076721
1732437785414748498,0.6918554902076721
1732437785425281051,0.6918554902076721
1732437785425281051,0.6918554902076721
1732437785435610674,0.6918554902076721
1732437785435610674,0.6918554902076721
1732437785445980298,0.6671767830848694
1732437785445980298,0.6671767830848694
1732437785550674845,0.6355084180831909
1732437785550674845,0.6355084180831909
1732437785560950585,0.6355084180831909
1732437785560950585,0.6355084180831909
1732437785571109237,0.6355084180831909
1732437785571109237,0.6355084180831909
1732437785581925828,0.6355084180831909
1732437785581925828,0.6355084180831909
1732437785592361117,0.6355084180831909
1732437785592361117,0.6355084180831909
1732437785603039105,0.6355084180831909
1732437785603039105,0.6355084180831909
1732437785613573896,0.6355084180831909
1732437785613573896,0.6355084180831909
1732437785624330800,0.6355084180831909
1732437785624330800,0.6355084180831909
1732437785634598896,0.6355084180831909
1732437785634598896,0.6355084180831909
1732437785644826757,0.5956569314002991
1732437785644826757,0.5956569314002991
1732437785655421070,0.5956569314002991
1732437785655421070,0.5956569314002991
1732437785665735350,0.5956569314002991
1732437785665735350,0.5956569314002991
1732437785676008515,0.5956569314002991
1732437785676008515,0.5956569314002991
1732437785686143532,0.5956569314002991
1732437785686143532,0.5956569314002991
1732437785696331949,0.5956569314002991
1732437785696331949,0.5956569314002991
1732437785706483648,0.5956569314002991
1732437785706483648,0.5956569314002991
1732437785717212657,0.5956569314002991
1732437785717212657,0.5956569314002991
1732437785727318852,0.5956569314002991
1732437785727318852,0.5956569314002991
1732437785737733780,0.5956569314002991
1732437785737733780,0.5956569314002991
1732437785748040842,0.5842169523239136
1732437785748040842,0.5842169523239136
1732437785758391729,0.5842169523239136
1732437785758391729,0.5842169523239136
1732437785768842325,0.5842169523239136
1732437785768842325,0.5842169523239136
1732437785778916679,0.5842169523239136
1732437785778916679,0.5842169523239136
1732437785789497257,0.5842169523239136
1732437785789497257,0.5842169523239136
1732437785799934285,0.5842169523239136
1732437785799934285,0.5842169523239136
1732437785810455102,0.5842169523239136
1732437785810455102,0.5842169523239136
1732437785820833592,0.5842169523239136
1732437785820833592,0.5842169523239136
1732437785831311416,0.5842169523239136
1732437785831311416,0.5842169523239136
1732437785842460990,0.5842169523239136
1732437785842460990,0.5842169523239136
1732437785950380020,0.5382009744644165
1732437785950380020,0.5382009744644165
1732437785960485348,0.5382009744644165
1732437785960485348,0.5382009744644165
1732437785970841983,0.5382009744644165
1732437785970841983,0.5382009744644165
1732437785981084504,0.5382009744644165
1732437785981084504,0.5382009744644165
1732437785991999032,0.5382009744644165
1732437785991999032,0.5382009744644165
1732437786002537299,0.5382009744644165
1732437786002537299,0.5382009744644165
1732437786012701131,0.5382009744644165
1732437786012701131,0.5382009744644165
1732437786022989364,0.5382009744644165
1732437786022989364,0.5382009744644165
1732437786033088662,0.5382009744644165
1732437786033088662,0.5382009744644165
1732437786043528900,0.5061402320861816
1732437786043528900,0.5061402320861816
1732437786053805301,0.5061402320861816
1732437786053805301,0.5061402320861816
1732437786064219077,0.5061402320861816
1732437786064219077,0.5061402320861816
1732437786074452458,0.5061402320861816
1732437786074452458,0.5061402320861816
1732437786084915746,0.5061402320861816
1732437786084915746,0.5061402320861816
1732437786095141022,0.5061402320861816
1732437786095141022,0.5061402320861816
1732437786105969550,0.5061402320861816
1732437786105969550,0.5061402320861816
1732437786116340453,0.5061402320861816
1732437786116340453,0.5061402320861816
1732437786127382491,0.5061402320861816
1732437786127382491,0.5061402320861816
1732437786137528309,0.5061402320861816
1732437786137528309,0.5061402320861816
1732437786148448436,0.48273852467536926
1732437786148448436,0.48273852467536926
1732437786158959704,0.48273852467536926
1732437786158959704,0.48273852467536926
1732437786169146778,0.48273852467536926
1732437786169146778,0.48273852467536926
1732437786179649000,0.48273852467536926
1732437786179649000,0.48273852467536926
1732437786190241317,0.48273852467536926
1732437786190241317,0.48273852467536926
1732437786200885492,0.48273852467536926
1732437786200885492,0.48273852467536926
1732437786211423779,0.48273852467536926
1732437786211423779,0.48273852467536926
1732437786221781763,0.48273852467536926
1732437786221781763,0.48273852467536926
1732437786232657959,0.48273852467536926
1732437786232657959,0.48273852467536926
1732437786243224699,0.4779379963874817
1732437786243224699,0.4779379963874817
1732437786341059040,0.4625433683395386
1732437786351228051,0.4625433683395386
1732437786351228051,0.4625433683395386
1732437786361776017,0.4625433683395386
1732437786361776017,0.4625433683395386
1732437786371876070,0.4625433683395386
1732437786371876070,0.4625433683395386
1732437786382690779,0.4625433683395386
1732437786382690779,0.4625433683395386
1732437786393201339,0.4625433683395386
1732437786393201339,0.4625433683395386
1732437786403536498,0.4625433683395386
1732437786403536498,0.4625433683395386
1732437786415087199,0.4625433683395386
1732437786415087199,0.4625433683395386
1732437786425670010,0.4625433683395386
1732437786425670010,0.4625433683395386
1732437786436171990,0.4625433683395386
1732437786436171990,0.4625433683395386
1732437786446476061,0.4712773263454437
1732437786446476061,0.4712773263454437
1732437786457352169,0.4712773263454437
1732437786457352169,0.4712773263454437
1732437786467478170,0.4712773263454437
1732437786467478170,0.4712773263454437
1732437786477754246,0.4712773263454437
1732437786477754246,0.4712773263454437
1732437786489211616,0.4712773263454437
1732437786489211616,0.4712773263454437
1732437786500000862,0.4712773263454437
1732437786500000862,0.4712773263454437
1732437786510639466,0.4712773263454437
1732437786510639466,0.4712773263454437
1732437786521298838,0.4712773263454437
1732437786521298838,0.4712773263454437
1732437786531960756,0.4712773263454437
1732437786531960756,0.4712773263454437
1732437786542125198,0.4712773263454437
1732437786542125198,0.4712773263454437
1732437786542125198,0.47446465492248535
1732437786542125198,0.47446465492248535
1732437786643300790,0.4773887097835541
1732437786643300790,0.4773887097835541
1732437786653366351,0.4773887097835541
1732437786653366351,0.4773887097835541
1732437786663806697,0.4773887097835541
1732437786663806697,0.4773887097835541
1732437786674115097,0.4773887097835541
1732437786674115097,0.4773887097835541
1732437786684279880,0.4773887097835541
1732437786684279880,0.4773887097835541
1732437786694858062,0.4773887097835541
1732437786694858062,0.4773887097835541
1732437786704927739,0.4773887097835541
1732437786704927739,0.4773887097835541
1732437786715412317,0.4773887097835541
1732437786715412317,0.4773887097835541
1732437786725807139,0.4773887097835541
1732437786725807139,0.4773887097835541
1732437786737246041,0.4773887097835541
1732437786737246041,0.4773887097835541
1732437786747736270,0.465250700712204
1732437786747736270,0.465250700712204
1732437786758264429,0.465250700712204
1732437786758264429,0.465250700712204
1732437786769077418,0.465250700712204
1732437786769077418,0.465250700712204
1732437786779324764,0.465250700712204
1732437786779324764,0.465250700712204
1732437786789793663,0.465250700712204
1732437786789793663,0.465250700712204
1732437786800109256,0.465250700712204
1732437786800109256,0.465250700712204
1732437786810527771,0.465250700712204
1732437786810527771,0.465250700712204
1732437786820748738,0.465250700712204
1732437786820748738,0.465250700712204
1732437786831101412,0.465250700712204
1732437786831101412,0.465250700712204
1732437786841600766,0.465250700712204
1732437786841600766,0.465250700712204
1732437786851813960,0.43757665157318115
1732437786851813960,0.43757665157318115
1732437786862365659,0.43757665157318115
1732437786862365659,0.43757665157318115
1732437787148182300,0.3507498800754547
1732437787158786060,0.3507498800754547
1732437787158786060,0.3507498800754547
1732437787169307035,0.3507498800754547
1732437787169307035,0.3507498800754547
1732437787179529016,0.3507498800754547
1732437787179529016,0.3507498800754547
1732437787189782684,0.3507498800754547
1732437787200780706,0.3507498800754547
1732437787200780706,0.3507498800754547
1732437787241828831,0.3271345794200897
1732437787241828831,0.3271345794200897
1732437787347133028,0.29360494017601013
1732437787347133028,0.29360494017601013
1732437787357218234,0.29360494017601013
1732437787357218234,0.29360494017601013
1732437787367394979,0.29360494017601013
1732437787367394979,0.29360494017601013
1732437787377675768,0.29360494017601013
1732437787377675768,0.29360494017601013
1732437787387832447,0.29360494017601013
1732437787387832447,0.29360494017601013
1732437787398025481,0.29360494017601013
1732437787398025481,0.29360494017601013
1732437787408657826,0.29360494017601013
1732437787408657826,0.29360494017601013
1732437787419072353,0.29360494017601013
1732437787419072353,0.29360494017601013
1732437787429130016,0.29360494017601013
1732437787429130016,0.29360494017601013
1732437787439784721,0.29360494017601013
1732437787439784721,0.29360494017601013
1732437787450049910,0.2737017273902893
1732437787450049910,0.2737017273902893
1732437787460489185,0.2737017273902893
1732437787460489185,0.2737017273902893
1732437787470672462,0.2737017273902893
1732437787470672462,0.2737017273902893
1732437787481264508,0.2737017273902893
1732437787481264508,0.2737017273902893
1732437787491776930,0.2737017273902893
1732437787491776930,0.2737017273902893
1732437787502497116,0.2737017273902893
1732437787502497116,0.2737017273902893
1732437787512720459,0.2737017273902893
1732437787512720459,0.2737017273902893
1732437787523392955,0.2737017273902893
1732437787523392955,0.2737017273902893
1732437787533778901,0.2737017273902893
1732437787533778901,0.2737017273902893
1732437787543867091,0.24701595306396484
1732437787543867091,0.24701595306396484
1732437787648379759,0.2184738665819168
1732437787648379759,0.2184738665819168
1732437787658637128,0.2184738665819168
1732437787658637128,0.2184738665819168
1732437787668851313,0.2184738665819168
1732437787668851313,0.2184738665819168
1732437787679059125,0.2184738665819168
1732437787679059125,0.2184738665819168
1732437787689396210,0.2184738665819168
1732437787689396210,0.2184738665819168
1732437787699469112,0.2184738665819168
1732437787699469112,0.2184738665819168
1732437787709692895,0.2184738665819168
1732437787709692895,0.2184738665819168
1732437787719841986,0.2184738665819168
1732437787719841986,0.2184738665819168
1732437787730289818,0.2184738665819168
1732437787730289818,0.2184738665819168
1732437787741048357,0.2184738665819168
1732437787741048357,0.19974085688591003
1732437787751542011,0.19974085688591003
1732437787751542011,0.19974085688591003
1732437787762107009,0.19974085688591003
1732437787762107009,0.19974085688591003
1732437787772363323,0.19974085688591003
1732437787772363323,0.19974085688591003
1732437787782748114,0.19974085688591003
1732437787782748114,0.19974085688591003
1732437787793380288,0.19974085688591003
1732437787793380288,0.19974085688591003
1732437787803788233,0.19974085688591003
1732437787803788233,0.19974085688591003
1732437787814208943,0.19974085688591003
1732437787814208943,0.19974085688591003
1732437787824707987,0.19974085688591003
1732437787824707987,0.19974085688591003
1732437787835141901,0.19974085688591003
1732437787835141901,0.19974085688591003
1732437787845570525,0.18171937763690948
1732437787845570525,0.18171937763690948
1732437787855795991,0.18171937763690948
1732437787855795991,0.18171937763690948
1732437787865988373,0.18171937763690948
1732437787865988373,0.18171937763690948
1732437787876287970,0.18171937763690948
1732437787876287970,0.18171937763690948
1732437787887017343,0.18171937763690948
1732437787887017343,0.18171937763690948
1732437787897300266,0.18171937763690948
1732437787897300266,0.18171937763690948
1732437787907305222,0.18171937763690948
1732437787907305222,0.18171937763690948
1732437787917487358,0.18171937763690948
1732437787917487358,0.18171937763690948
1732437787927771353,0.18171937763690948
1732437787927771353,0.18171937763690948
1732437787938092107,0.18171937763690948
1732437787938092107,0.18171937763690948
1732437788048155059,0.1524755209684372
1732437788048155059,0.1524755209684372
1732437788058577141,0.1524755209684372
1732437788058577141,0.1524755209684372
1732437788069002328,0.1524755209684372
1732437788069002328,0.1524755209684372
1732437788079470365,0.1524755209684372
1732437788079470365,0.1524755209684372
1732437788089765060,0.1524755209684372
1732437788089765060,0.1524755209684372
1732437788100104709,0.1524755209684372
1732437788100104709,0.1524755209684372
1732437788110650417,0.1524755209684372
1732437788110650417,0.1524755209684372
1732437788120968349,0.1524755209684372
1732437788120968349,0.1524755209684372
1732437788131564365,0.1524755209684372
1732437788131564365,0.1524755209684372
1732437788141822813,0.1524755209684372
1732437788141822813,0.1524755209684372
1732437788152512242,0.14102043211460114
1732437788152512242,0.14102043211460114
1732437788162930015,0.14102043211460114
1732437788162930015,0.14102043211460114
1732437788173106681,0.14102043211460114
1732437788173106681,0.14102043211460114
1732437788183386057,0.14102043211460114
1732437788183386057,0.14102043211460114
1732437788193939253,0.14102043211460114
1732437788193939253,0.14102043211460114
1732437788204171142,0.14102043211460114
1732437788204171142,0.14102043211460114
1732437788214521279,0.14102043211460114
1732437788214521279,0.14102043211460114
1732437788224894931,0.14102043211460114
1732437788224894931,0.14102043211460114
1732437788235203923,0.14102043211460114
1732437788235203923,0.14102043211460114
1732437788245452061,0.12916839122772217
1732437788245452061,0.12916839122772217
1732437788245452061,0.12916839122772217
1732437788350735096,0.11756361275911331
1732437788350735096,0.11756361275911331
1732437788361215867,0.11756361275911331
1732437788361215867,0.11756361275911331
1732437788371616198,0.11756361275911331
1732437788371616198,0.11756361275911331
1732437788382400815,0.11756361275911331
1732437788382400815,0.11756361275911331
1732437788382400815,0.11756361275911331
1732437788382400815,0.11756361275911331
1732437788403145473,0.11756361275911331
1732437788403145473,0.11756361275911331
1732437788413244604,0.11756361275911331
1732437788413244604,0.11756361275911331
1732437788423375616,0.11756361275911331
1732437788423375616,0.11756361275911331
1732437788433981981,0.11756361275911331
1732437788433981981,0.11756361275911331
1732437788444261367,0.10809751600027084
1732437788444261367,0.10809751600027084
1732437788454787322,0.10809751600027084
1732437788454787322,0.10809751600027084
1732437788465397984,0.10809751600027084
1732437788465397984,0.10809751600027084
1732437788475968212,0.10809751600027084
1732437788475968212,0.10809751600027084
1732437788486575077,0.10809751600027084
1732437788486575077,0.10809751600027084
1732437788497429644,0.10809751600027084
1732437788497429644,0.10809751600027084
1732437788507584505,0.10809751600027084
1732437788507584505,0.10809751600027084
1732437788517865818,0.10809751600027084
1732437788517865818,0.10809751600027084
1732437788529673067,0.10809751600027084
1732437788529673067,0.10809751600027084
1732437788540247483,0.10809751600027084
1732437788540247483,0.10809751600027084
1732437788550527299,0.10120570659637451
1732437788550527299,0.10120570659637451
1732437788648469443,0.09530914574861526
1732437788648469443,0.09530914574861526
1732437788658931910,0.09530914574861526
1732437788658931910,0.09530914574861526
1732437788669055257,0.09530914574861526
1732437788669055257,0.09530914574861526
1732437788679792985,0.09530914574861526
1732437788679792985,0.09530914574861526
1732437788690031295,0.09530914574861526
1732437788690031295,0.09530914574861526
1732437788700345286,0.09530914574861526
1732437788700345286,0.09530914574861526
1732437788711615095,0.09530914574861526
1732437788711615095,0.09530914574861526
1732437788722107437,0.09530914574861526
1732437788722107437,0.09530914574861526
1732437788733026870,0.09530914574861526
1732437788733026870,0.09530914574861526
1732437788743893133,0.09004014730453491
1732437788743893133,0.09004014730453491
1732437788754178566,0.09004014730453491
1732437788754178566,0.09004014730453491
1732437788764512735,0.09004014730453491
1732437788764512735,0.09004014730453491
1732437788774798667,0.09004014730453491
1732437788774798667,0.09004014730453491
1732437788785195884,0.09004014730453491
1732437788785195884,0.09004014730453491
1732437788795732645,0.09004014730453491
1732437788795732645,0.09004014730453491
1732437788806236893,0.09004014730453491
1732437788806236893,0.09004014730453491
1732437788817063567,0.09004014730453491
1732437788817063567,0.09004014730453491
1732437788827283554,0.09004014730453491
1732437788827283554,0.09004014730453491
1732437788837921617,0.09004014730453491
1732437788837921617,0.09004014730453491
1732437788848374806,0.0819176509976387
1732437788848374806,0.0819176509976387
1732437788859492209,0.0819176509976387
1732437788859492209,0.0819176509976387
1732437788869757752,0.0819176509976387
1732437788869757752,0.0819176509976387
1732437788880193971,0.0819176509976387
1732437788880193971,0.0819176509976387
1732437788890374614,0.0819176509976387
1732437788890374614,0.0819176509976387
1732437788900935134,0.0819176509976387
1732437788900935134,0.0819176509976387
1732437788911722434,0.0819176509976387
1732437788911722434,0.0819176509976387
1732437788922245444,0.0819176509976387
1732437788922245444,0.0819176509976387
1732437788932451824,0.0819176509976387
1732437788932451824,0.0819176509976387
1732437788942786290,0.07741552591323853
1732437788953065520,0.07741552591323853
1732437788953065520,0.07741552591323853
1732437788953065520,0.07741552591323853
1732437789049965174,0.0725671574473381
1732437789049965174,0.0725671574473381
1732437789060116963,0.0725671574473381
1732437789060116963,0.0725671574473381
1732437789070224029,0.0725671574473381
1732437789070224029,0.0725671574473381
1732437789081106106,0.0725671574473381
1732437789081106106,0.0725671574473381
1732437789091355787,0.0725671574473381
1732437789091355787,0.0725671574473381
1732437789101809648,0.0725671574473381
1732437789101809648,0.0725671574473381
1732437789112278625,0.0725671574473381
1732437789112278625,0.0725671574473381
1732437789122672988,0.0725671574473381
1732437789122672988,0.0725671574473381
1732437789132949550,0.0725671574473381
1732437789132949550,0.0725671574473381
1732437789142950208,0.0725671574473381
1732437789142950208,0.0725671574473381
1732437789153082712,0.07039390504360199
1732437789153082712,0.07039390504360199
1732437789163561690,0.07039390504360199
1732437789163561690,0.07039390504360199
1732437789174074120,0.07039390504360199
1732437789174074120,0.07039390504360199
1732437789184393060,0.07039390504360199
1732437789184393060,0.07039390504360199
1732437789194527086,0.07039390504360199
1732437789194527086,0.07039390504360199
1732437789204775316,0.07039390504360199
1732437789204775316,0.07039390504360199
1732437789215258300,0.07039390504360199
1732437789215258300,0.07039390504360199
1732437789225797701,0.07039390504360199
1732437789225797701,0.07039390504360199
1732437789236267812,0.07039390504360199
1732437789236267812,0.07039390504360199
1732437789246574590,0.06774859130382538
1732437789246574590,0.06774859130382538
1732437789350161912,0.0655214786529541
1732437789350161912,0.0655214786529541
1732437789360461968,0.0655214786529541
1732437789360461968,0.0655214786529541
1732437789371002198,0.0655214786529541
1732437789371002198,0.0655214786529541
1732437789381279472,0.0655214786529541
1732437789381279472,0.0655214786529541
1732437789391514236,0.0655214786529541
1732437789391514236,0.0655214786529541
1732437789401668299,0.0655214786529541
1732437789401668299,0.0655214786529541
1732437789411877835,0.0655214786529541
1732437789411877835,0.0655214786529541
1732437789422503656,0.0655214786529541
1732437789422503656,0.0655214786529541
1732437789433157399,0.0655214786529541
1732437789433157399,0.0655214786529541
1732437789444287299,0.0595349557697773
1732437789444287299,0.0595349557697773
1732437789454573919,0.0595349557697773
1732437789454573919,0.0595349557697773
1732437789465461426,0.0595349557697773
1732437789465461426,0.0595349557697773
1732437789475814660,0.0595349557697773
1732437789475814660,0.0595349557697773
1732437789486463403,0.0595349557697773
1732437789486463403,0.0595349557697773
1732437789497094560,0.0595349557697773
1732437789497094560,0.0595349557697773
1732437789507234532,0.0595349557697773
1732437789507234532,0.0595349557697773
1732437789517276817,0.0595349557697773
1732437789517276817,0.0595349557697773
1732437789528204546,0.0595349557697773
1732437789528204546,0.0595349557697773
1732437789538568263,0.0595349557697773
1732437789538568263,0.0595349557697773
1732437789548668137,0.05639246106147766
1732437789548668137,0.05639246106147766
1732437789558981446,0.05639246106147766
1732437789558981446,0.05639246106147766
1732437789649800079,0.05246610939502716
1732437789649800079,0.05246610939502716
1732437789660098183,0.05246610939502716
1732437789660098183,0.05246610939502716
1732437789670487885,0.05246610939502716
1732437789670487885,0.05246610939502716
1732437789681040400,0.05246610939502716
1732437789681040400,0.05246610939502716
1732437789691302054,0.05246610939502716
1732437789691302054,0.05246610939502716
1732437789701440479,0.05246610939502716
1732437789701440479,0.05246610939502716
1732437789712035612,0.05246610939502716
1732437789712035612,0.05246610939502716
1732437789722730201,0.05246610939502716
1732437789722730201,0.05246610939502716
1732437789732937714,0.05246610939502716
1732437789732937714,0.05246610939502716
1732437789743158853,0.04859764873981476
1732437789743158853,0.04859764873981476
1732437789753223440,0.04859764873981476
1732437789753223440,0.04859764873981476
1732437789763681819,0.04859764873981476
1732437789763681819,0.04859764873981476
1732437789773805797,0.04859764873981476
1732437789773805797,0.04859764873981476
1732437789784135698,0.04859764873981476
1732437789784135698,0.04859764873981476
1732437789794708591,0.04859764873981476
1732437789794708591,0.04859764873981476
1732437789805306048,0.04859764873981476
1732437789805306048,0.04859764873981476
1732437789815797730,0.04859764873981476
1732437789815797730,0.04859764873981476
1732437789825996827,0.04859764873981476
1732437789825996827,0.04859764873981476
1732437789836135392,0.04859764873981476
1732437789836135392,0.04859764873981476
1732437789846680643,0.04504880681633949
1732437789846680643,0.04504880681633949
1732437789857029230,0.04504880681633949
1732437789857029230,0.04504880681633949
1732437789857029230,0.04504880681633949
1732437789857029230,0.04504880681633949
1732437789877286862,0.04504880681633949
1732437789877286862,0.04504880681633949
1732437789887294203,0.04504880681633949
1732437789887294203,0.04504880681633949
1732437789897298959,0.04504880681633949
1732437789897298959,0.04504880681633949
1732437789907431232,0.04504880681633949
1732437789907431232,0.04504880681633949
1732437789917531846,0.04504880681633949
1732437789917531846,0.04504880681633949
1732437789927742835,0.04504880681633949
1732437789927742835,0.04504880681633949
1732437789937881991,0.04504880681633949
1732437789937881991,0.04504880681633949
1732437789948111075,0.042339518666267395
1732437789948111075,0.042339518666267395
1732437789958581126,0.042339518666267395
1732437789958581126,0.042339518666267395
1732437790045074369,0.03995777294039726
1732437790045074369,0.03995777294039726
1732437790055424316,0.03995777294039726
1732437790055424316,0.03995777294039726
1732437790065522897,0.03995777294039726
1732437790065522897,0.03995777294039726
1732437790075934819,0.03995777294039726
1732437790075934819,0.03995777294039726
1732437790086236418,0.03995777294039726
1732437790086236418,0.03995777294039726
1732437790099204645,0.03995777294039726
1732437790099204645,0.03995777294039726
1732437790109639991,0.03995777294039726
1732437790109639991,0.03995777294039726
1732437790119762757,0.03995777294039726
1732437790119762757,0.03995777294039726
1732437790130514122,0.03995777294039726
1732437790130514122,0.03995777294039726
1732437790141131628,0.03995777294039726
1732437790141131628,0.03995777294039726
1732437790151338008,0.03959418088197708
1732437790151338008,0.03959418088197708
1732437790161575146,0.03959418088197708
1732437790161575146,0.03959418088197708
1732437790172358420,0.03959418088197708
1732437790172358420,0.03959418088197708
1732437790182760943,0.03959418088197708
1732437790182760943,0.03959418088197708
1732437790193154286,0.03959418088197708
1732437790193154286,0.03959418088197708
1732437790203354612,0.03959418088197708
1732437790203354612,0.03959418088197708
1732437790214116229,0.03959418088197708
1732437790214116229,0.03959418088197708
1732437790224459314,0.03959418088197708
1732437790224459314,0.03959418088197708
1732437790235023832,0.03959418088197708
1732437790235023832,0.03959418088197708
1732437790245683577,0.04155630245804787
1732437790245683577,0.04155630245804787
1732437790267215339,0.04155630245804787
1732437790267215339,0.04155630245804787
1732437790344017279,0.040259651839733124
1732437790344017279,0.040259651839733124
1732437790355624396,0.040259651839733124
1732437790355624396,0.040259651839733124
1732437790366456550,0.040259651839733124
1732437790366456550,0.040259651839733124
1732437790377132475,0.040259651839733124
1732437790377132475,0.040259651839733124
1732437790387538157,0.040259651839733124
1732437790387538157,0.040259651839733124
1732437790387538157,0.040259651839733124
1732437790397832571,0.040259651839733124
1732437790408326257,0.040259651839733124
1732437790408326257,0.040259651839733124
1732437790419028796,0.040259651839733124
1732437790419028796,0.040259651839733124
1732437790429226425,0.040259651839733124
1732437790429226425,0.040259651839733124
1732437790439771576,0.040259651839733124
1732437790439771576,0.040259651839733124
1732437790450416933,0.040312979370355606
1732437790450416933,0.040312979370355606
1732437790460565786,0.040312979370355606
1732437790460565786,0.040312979370355606
1732437790471086452,0.040312979370355606
1732437790471086452,0.040312979370355606
1732437790481366100,0.040312979370355606
1732437790481366100,0.040312979370355606
1732437790491770799,0.040312979370355606
1732437790491770799,0.040312979370355606
1732437790502250960,0.040312979370355606
1732437790502250960,0.040312979370355606
1732437790512411796,0.040312979370355606
1732437790512411796,0.040312979370355606
1732437790523022269,0.040312979370355606
1732437790523022269,0.040312979370355606
1732437790533478224,0.040312979370355606
1732437790533478224,0.040312979370355606
1732437790543742282,0.03982637822628021
1732437790543742282,0.03982637822628021
1732437790554013253,0.03982637822628021
1732437790554013253,0.03982637822628021
1732437790564742626,0.03982637822628021
1732437790649681280,0.040661394596099854
1732437790649681280,0.040661394596099854
1732437790660232281,0.040661394596099854
1732437790660232281,0.040661394596099854
1732437790670850535,0.040661394596099854
1732437790670850535,0.040661394596099854
1732437790681133463,0.040661394596099854
1732437790681133463,0.040661394596099854
1732437790691634548,0.040661394596099854
1732437790691634548,0.040661394596099854
1732437790702139218,0.040661394596099854
1732437790702139218,0.040661394596099854
1732437790712729482,0.040661394596099854
1732437790712729482,0.040661394596099854
1732437790723266208,0.040661394596099854
1732437790723266208,0.040661394596099854
1732437790733903751,0.040661394596099854
1732437790733903751,0.040661394596099854
1732437790744492793,0.04315664991736412
1732437790744492793,0.04315664991736412
1732437790754653318,0.04315664991736412
1732437790754653318,0.04315664991736412
1732437790765075721,0.04315664991736412
1732437790765075721,0.04315664991736412
1732437790775440717,0.04315664991736412
1732437790775440717,0.04315664991736412
1732437790785744430,0.04315664991736412
1732437790785744430,0.04315664991736412
1732437790796209552,0.04315664991736412
1732437790796209552,0.04315664991736412
1732437790807746627,0.04315664991736412
1732437790807746627,0.04315664991736412
1732437790818238378,0.04315664991736412
1732437790818238378,0.04315664991736412
1732437790828514099,0.04315664991736412
1732437790828514099,0.04315664991736412
1732437790838970836,0.04315664991736412
1732437790838970836,0.04315664991736412
1732437790849136191,0.04295245558023453
1732437790849136191,0.04295245558023453
1732437790859678216,0.04295245558023453
1732437790859678216,0.04295245558023453
1732437790870404633,0.04295245558023453
1732437790870404633,0.04295245558023453
1732437790880644517,0.04295245558023453
1732437790880644517,0.04295245558023453
1732437790890873200,0.04295245558023453
1732437790890873200,0.04295245558023453
1732437790901241428,0.04295245558023453
1732437790901241428,0.04295245558023453
1732437790911462249,0.04295245558023453
1732437790911462249,0.04295245558023453
1732437790921919215,0.04295245558023453
1732437790921919215,0.04295245558023453
1732437790932490416,0.04295245558023453
1732437790932490416,0.04295245558023453
1732437790943172201,0.04457048326730728
1732437790943172201,0.04457048326730728
1732437790954184882,0.04457048326730728
1732437790954184882,0.04457048326730728
1732437790967331481,0.04457048326730728
1732437790967331481,0.04457048326730728
1732437790978982398,0.04457048326730728
1732437790978982398,0.04457048326730728
1732437790989972247,0.04457048326730728
1732437790989972247,0.04457048326730728
1732437791049041769,0.04550342261791229
1732437791049041769,0.04550342261791229
1732437791153012257,0.04531990736722946
1732437791153012257,0.04531990736722946
1732437791163330406,0.04531990736722946
1732437791163330406,0.04531990736722946
1732437791173663373,0.04531990736722946
1732437791173663373,0.04531990736722946
1732437791184279866,0.04531990736722946
1732437791184279866,0.04531990736722946
1732437791194723659,0.04531990736722946
1732437791194723659,0.04531990736722946
1732437791205224148,0.04531990736722946
1732437791205224148,0.04531990736722946
1732437791215805366,0.04531990736722946
1732437791215805366,0.04531990736722946
1732437791226220986,0.04531990736722946
1732437791226220986,0.04531990736722946
1732437791236576525,0.04531990736722946
1732437791236576525,0.04531990736722946
1732437791247448343,0.04449775815010071
1732437791247448343,0.04449775815010071
1732437791261085434,0.04449775815010071
1732437791261085434,0.04449775815010071
1732437791271807435,0.04449775815010071
1732437791271807435,0.04449775815010071
1732437791349818816,0.044708698987960815
1732437791349818816,0.044708698987960815
1732437791361067225,0.044708698987960815
1732437791361067225,0.044708698987960815
1732437791372133457,0.044708698987960815
1732437791372133457,0.044708698987960815
1732437791382851978,0.044708698987960815
1732437791382851978,0.044708698987960815
1732437791395465637,0.044708698987960815
1732437791395465637,0.044708698987960815
1732437791406076761,0.044708698987960815
1732437791406076761,0.044708698987960815
1732437791418484415,0.044708698987960815
1732437791418484415,0.044708698987960815
1732437791432514728,0.044708698987960815
1732437791432514728,0.044708698987960815
1732437791442571982,0.044708698987960815
1732437791442571982,0.044708698987960815
1732437791452787090,0.04563506692647934
1732437791452787090,0.04563506692647934
1732437791463225161,0.04563506692647934
1732437791463225161,0.04563506692647934
1732437791473687569,0.04563506692647934
1732437791473687569,0.04563506692647934
1732437791484549589,0.04563506692647934
1732437791484549589,0.04563506692647934
1732437791494808488,0.04563506692647934
1732437791494808488,0.04563506692647934
1732437791505285953,0.04563506692647934
1732437791505285953,0.04563506692647934
1732437791515808752,0.04563506692647934
1732437791515808752,0.04563506692647934
1732437791526826022,0.04563506692647934
1732437791526826022,0.04563506692647934
1732437791537057940,0.04563506692647934
1732437791537057940,0.04563506692647934
1732437791547265553,0.045600324869155884
1732437791547265553,0.045600324869155884
1732437791557425828,0.045600324869155884
1732437791557425828,0.045600324869155884
1732437791567605350,0.045600324869155884
1732437791567605350,0.045600324869155884
1732437791578294449,0.045600324869155884
1732437791578294449,0.045600324869155884
1732437791589279725,0.045600324869155884
1732437791589279725,0.045600324869155884
1732437791599708544,0.045600324869155884
1732437791599708544,0.045600324869155884
1732437791609951122,0.045600324869155884
1732437791609951122,0.045600324869155884
1732437791620382672,0.045600324869155884
1732437791620382672,0.045600324869155884
1732437791631087296,0.045600324869155884
1732437791631087296,0.045600324869155884
1732437791641407842,0.045600324869155884
1732437791641407842,0.045600324869155884
1732437791651682811,0.0461321659386158
1732437791651682811,0.0461321659386158
1732437791662151100,0.0461321659386158
1732437791662151100,0.0461321659386158
1732437791672756974,0.0461321659386158
1732437791672756974,0.0461321659386158
1732437791683347419,0.0461321659386158
1732437791683347419,0.0461321659386158
1732437791694004459,0.0461321659386158
1732437791694004459,0.0461321659386158
1732437791704440346,0.0461321659386158
1732437791704440346,0.0461321659386158
1732437791714639293,0.0461321659386158
1732437791714639293,0.0461321659386158
1732437791725542642,0.0461321659386158
1732437791725542642,0.0461321659386158
1732437791736241869,0.0461321659386158
1732437791736241869,0.0461321659386158
1732437791751804802,0.048766180872917175
1732437791751804802,0.048766180872917175
1732437791762575714,0.048766180872917175
1732437791762575714,0.048766180872917175
1732437791773545644,0.048766180872917175
1732437791773545644,0.048766180872917175
1732437791783856039,0.048766180872917175
1732437791783856039,0.048766180872917175
1732437791847583993,0.04944031313061714
1732437791847583993,0.04944031313061714
1732437791857836994,0.04944031313061714
1732437791857836994,0.04944031313061714
1732437791868337963,0.04944031313061714
1732437791868337963,0.04944031313061714
1732437791878461861,0.04944031313061714
1732437791878461861,0.04944031313061714
1732437791878461861,0.04944031313061714
1732437791878461861,0.04944031313061714
1732437791899182655,0.04944031313061714
1732437791899182655,0.04944031313061714
1732437791909722066,0.04944031313061714
1732437791909722066,0.04944031313061714
1732437791919900342,0.04944031313061714
1732437791919900342,0.04944031313061714
1732437791930460886,0.04944031313061714
1732437791930460886,0.04944031313061714
1732437791941063263,0.04944031313061714
1732437791941063263,0.04944031313061714
1732437791951372286,0.048999276012182236
1732437791951372286,0.048999276012182236
1732437791961497946,0.048999276012182236
1732437791961497946,0.048999276012182236
1732437791971951307,0.048999276012182236
1732437791971951307,0.048999276012182236
1732437791982617142,0.048999276012182236
1732437791982617142,0.048999276012182236
1732437791992909283,0.048999276012182236
1732437791992909283,0.048999276012182236
1732437792003130141,0.048999276012182236
1732437792003130141,0.048999276012182236
1732437792013280018,0.048999276012182236
1732437792013280018,0.048999276012182236
1732437792023649472,0.048999276012182236
1732437792023649472,0.048999276012182236
1732437792034469103,0.048999276012182236
1732437792034469103,0.048999276012182236
1732437792034469103,0.05218396335840225
1732437792034469103,0.05218396335840225
1732437792055812877,0.05218396335840225
1732437792055812877,0.05218396335840225
1732437792066618322,0.05218396335840225
1732437792066618322,0.05218396335840225
1732437792077350982,0.05218396335840225
1732437792077350982,0.05218396335840225
1732437792087412685,0.05218396335840225
1732437792087412685,0.05218396335840225
1732437792097895079,0.05218396335840225
1732437792097895079,0.05218396335840225
1732437792108384175,0.05218396335840225
1732437792108384175,0.05218396335840225
1732437792118831405,0.05218396335840225
1732437792118831405,0.05218396335840225
1732437792128861349,0.05218396335840225
1732437792128861349,0.05218396335840225
1732437792139456562,0.05218396335840225
1732437792139456562,0.05218396335840225
1732437792149711223,0.05102025344967842
1732437792149711223,0.05102025344967842
1732437792160446639,0.05102025344967842
1732437792160446639,0.05102025344967842
1732437792171677945,0.05102025344967842
1732437792171677945,0.05102025344967842
1732437792181940471,0.05102025344967842
1732437792181940471,0.05102025344967842
1732437792192351854,0.05102025344967842
1732437792192351854,0.05102025344967842
1732437792202732760,0.05102025344967842
1732437792202732760,0.05102025344967842
1732437792213181010,0.05102025344967842
1732437792213181010,0.05102025344967842
1732437792223382513,0.05102025344967842
1732437792223382513,0.05102025344967842
1732437792233626714,0.05102025344967842
1732437792233626714,0.05102025344967842
1732437792243981862,0.0512901209294796
1732437792243981862,0.0512901209294796
1732437792254585182,0.0512901209294796
1732437792254585182,0.0512901209294796
1732437792347028903,0.052538271993398666
1732437792347028903,0.052538271993398666
1732437792357261493,0.052538271993398666
1732437792357261493,0.052538271993398666
1732437792367426517,0.052538271993398666
1732437792367426517,0.052538271993398666
1732437792377584127,0.052538271993398666
1732437792377584127,0.052538271993398666
1732437792388436150,0.052538271993398666
1732437792388436150,0.052538271993398666
1732437792398619314,0.052538271993398666
1732437792398619314,0.052538271993398666
1732437792409356192,0.052538271993398666
1732437792409356192,0.052538271993398666
1732437792419756678,0.052538271993398666
1732437792419756678,0.052538271993398666
1732437792430120964,0.052538271993398666
1732437792430120964,0.052538271993398666
1732437792440824168,0.052538271993398666
1732437792440824168,0.0522126667201519
1732437792451282304,0.0522126667201519
1732437792451282304,0.0522126667201519
1732437792461911943,0.0522126667201519
1732437792461911943,0.0522126667201519
1732437792472402116,0.0522126667201519
1732437792472402116,0.0522126667201519
1732437792482914066,0.0522126667201519
1732437792482914066,0.0522126667201519
1732437792493188553,0.0522126667201519
1732437792493188553,0.0522126667201519
1732437792503699532,0.0522126667201519
1732437792503699532,0.0522126667201519
1732437792514204508,0.0522126667201519
1732437792514204508,0.0522126667201519
1732437792524360044,0.0522126667201519
1732437792524360044,0.0522126667201519
1732437792535067167,0.0522126667201519
1732437792535067167,0.0522126667201519
1732437792545618329,0.0553363673388958
1732437792545618329,0.0553363673388958
1732437792556168259,0.0553363673388958
1732437792556168259,0.0553363673388958
1732437792566888326,0.0553363673388958
1732437792566888326,0.0553363673388958
1732437792577542721,0.0553363673388958
1732437792577542721,0.0553363673388958
1732437792588272785,0.0553363673388958
1732437792588272785,0.0553363673388958
1732437792598426528,0.0553363673388958
1732437792598426528,0.0553363673388958
1732437792608708170,0.0553363673388958
1732437792608708170,0.0553363673388958
1732437792619123536,0.0553363673388958
1732437792619123536,0.0553363673388958
1732437792629473558,0.0553363673388958
1732437792629473558,0.0553363673388958
1732437792640259689,0.0553363673388958
1732437792640259689,0.0553363673388958
1732437792650491165,0.054531265050172806
1732437792650491165,0.054531265050172806
1732437792660967779,0.054531265050172806
1732437792660967779,0.054531265050172806
1732437792671200300,0.054531265050172806
1732437792671200300,0.054531265050172806
1732437792745180303,0.05671409144997597
1732437792745180303,0.05671409144997597
1732437792755389670,0.05671409144997597
1732437792755389670,0.05671409144997597
1732437792765903463,0.05671409144997597
1732437792765903463,0.05671409144997597
1732437792776557696,0.05671409144997597
1732437792776557696,0.05671409144997597
1732437792787137343,0.05671409144997597
1732437792787137343,0.05671409144997597
1732437792797447858,0.05671409144997597
1732437792797447858,0.05671409144997597
1732437792807633158,0.05671409144997597
1732437792807633158,0.05671409144997597
1732437792818634519,0.05671409144997597
1732437792818634519,0.05671409144997597
1732437792834144493,0.05671409144997597
1732437792834144493,0.05671409144997597
1732437792845929080,0.05874745920300484
1732437792845929080,0.05874745920300484
1732437792856074256,0.05874745920300484
1732437792856074256,0.05874745920300484
1732437792866337473,0.05874745920300484
1732437792866337473,0.05874745920300484
1732437792878179576,0.05874745920300484
1732437792878179576,0.05874745920300484
1732437792888388101,0.05874745920300484
1732437792888388101,0.05874745920300484
1732437792898683819,0.05874745920300484
1732437792898683819,0.05874745920300484
1732437792909058032,0.05874745920300484
1732437792909058032,0.05874745920300484
1732437792919515237,0.05874745920300484
1732437792919515237,0.05874745920300484
1732437792930153685,0.05874745920300484
1732437792930153685,0.05874745920300484
1732437792940834589,0.05874745920300484
1732437792940834589,0.05874745920300484
1732437792951145876,0.06085046008229256
1732437792951145876,0.06085046008229256
1732437792961394927,0.06085046008229256
1732437792961394927,0.06085046008229256
1732437792972132025,0.06085046008229256
1732437792972132025,0.06085046008229256
1732437792982659914,0.06085046008229256
1732437792982659914,0.06085046008229256
1732437792992998451,0.06085046008229256
1732437792992998451,0.06085046008229256
1732437793003690456,0.06085046008229256
1732437793003690456,0.06085046008229256
1732437793014935147,0.06085046008229256
1732437793014935147,0.06085046008229256
1732437793025460499,0.06085046008229256
1732437793025460499,0.06085046008229256
1732437793035841659,0.06085046008229256
1732437793035841659,0.06085046008229256
1732437793046217445,0.06233926862478256
1732437793046217445,0.06233926862478256
1732437793057096227,0.06233926862478256
1732437793057096227,0.06233926862478256
1732437793067309249,0.06233926862478256
1732437793067309249,0.06233926862478256
1732437793077338733,0.06233926862478256
1732437793077338733,0.06233926862478256
1732437793087765393,0.06233926862478256
1732437793087765393,0.06233926862478256
1732437793099608849,0.06233926862478256
1732437793099608849,0.06233926862478256
1732437793109929022,0.06233926862478256
1732437793109929022,0.06233926862478256
1732437793120142638,0.06233926862478256
1732437793120142638,0.06233926862478256
1732437793120142638,0.06233926862478256
1732437793120142638,0.06233926862478256
1732437793140517100,0.06233926862478256
1732437793140517100,0.06233926862478256
1732437793151403134,0.06230703368782997
1732437793151403134,0.06230703368782997
1732437793161835937,0.06230703368782997
1732437793161835937,0.06230703368782997
1732437793172351223,0.06230703368782997
1732437793172351223,0.06230703368782997
1732437793182647752,0.06230703368782997
1732437793182647752,0.06230703368782997
1732437793192811094,0.06230703368782997
1732437793192811094,0.06230703368782997
1732437793202914182,0.06230703368782997
1732437793202914182,0.06230703368782997
1732437793213288565,0.06230703368782997
1732437793213288565,0.06230703368782997
1732437793223601916,0.06230703368782997
1732437793223601916,0.06230703368782997
1732437793233907011,0.06230703368782997
1732437793233907011,0.06230703368782997
1732437793244251189,0.06414912641048431
1732437793244251189,0.06414912641048431
1732437793255010257,0.06414912641048431
1732437793266021226,0.06414912641048431
1732437793266021226,0.06414912641048431
1732437793266021226,0.06414912641048431
1732437793350770118,0.07006441801786423
1732437793350770118,0.07006441801786423
1732437793361016995,0.07006441801786423
1732437793361016995,0.07006441801786423
1732437793371453945,0.07006441801786423
1732437793371453945,0.07006441801786423
1732437793381877400,0.07006441801786423
1732437793381877400,0.07006441801786423
1732437793392539939,0.07006441801786423
1732437793392539939,0.07006441801786423
1732437793402577266,0.07006441801786423
1732437793402577266,0.07006441801786423
1732437793413425191,0.07006441801786423
1732437793413425191,0.07006441801786423
1732437793423589305,0.07006441801786423
1732437793423589305,0.07006441801786423
1732437793433893337,0.07006441801786423
1732437793433893337,0.07006441801786423
1732437793444248145,0.07108154892921448
1732437793444248145,0.07108154892921448
1732437793454926754,0.07108154892921448
1732437793454926754,0.07108154892921448
1732437793465264631,0.07108154892921448
1732437793465264631,0.07108154892921448
1732437793475914698,0.07108154892921448
1732437793475914698,0.07108154892921448
1732437793486174418,0.07108154892921448
1732437793486174418,0.07108154892921448
1732437793496403170,0.07108154892921448
1732437793496403170,0.07108154892921448
1732437793506957309,0.07108154892921448
1732437793506957309,0.07108154892921448
1732437793517061236,0.07108154892921448
1732437793517061236,0.07108154892921448
1732437793527164890,0.07108154892921448
1732437793527164890,0.07108154892921448
1732437793537442094,0.07108154892921448
1732437793537442094,0.07108154892921448
1732437793547698186,0.0803181529045105
1732437793547698186,0.0803181529045105
1732437793557833074,0.0803181529045105
1732437793557833074,0.0803181529045105
1732437793568078219,0.0803181529045105
1732437793568078219,0.0803181529045105
1732437793579296518,0.0803181529045105
1732437793579296518,0.0803181529045105
1732437793589670875,0.0803181529045105
1732437793589670875,0.0803181529045105
1732437793600182846,0.0803181529045105
1732437793600182846,0.0803181529045105
1732437793610818075,0.0803181529045105
1732437793610818075,0.0803181529045105
1732437793621191697,0.0803181529045105
1732437793621191697,0.0803181529045105
1732437793632039550,0.0803181529045105
1732437793632039550,0.0803181529045105
1732437793642158199,0.0803181529045105
1732437793642158199,0.0803181529045105
1732437793652590953,0.07689365744590759
1732437793652590953,0.07689365744590759
1732437793663096977,0.07689365744590759
1732437793663096977,0.07689365744590759
1732437793673206412,0.07689365744590759
1732437793673206412,0.07689365744590759
1732437793683354491,0.07689365744590759
1732437793683354491,0.07689365744590759
1732437793693993540,0.07689365744590759
1732437793693993540,0.07689365744590759
1732437793704425641,0.07689365744590759
1732437793704425641,0.07689365744590759
1732437793718317909,0.07689365744590759
1732437793718317909,0.07689365744590759
1732437793728529880,0.07689365744590759
1732437793728529880,0.07689365744590759
1732437793739214200,0.07689365744590759
1732437793739214200,0.07689365744590759
1732437793750084315,0.07241767644882202
1732437793750084315,0.07241767644882202
1732437793760207642,0.07241767644882202
1732437793760207642,0.07241767644882202
1732437793770740696,0.07241767644882202
1732437793770740696,0.07241767644882202
1732437793781147876,0.07241767644882202
1732437793781147876,0.07241767644882202
1732437793791493452,0.07241767644882202
1732437793791493452,0.07241767644882202
1732437793802116028,0.07241767644882202
1732437793802116028,0.07241767644882202
1732437793814342028,0.07241767644882202
1732437793814342028,0.07241767644882202
1732437793824741399,0.07241767644882202
1732437793824741399,0.07241767644882202
1732437793835301595,0.07241767644882202
1732437793835301595,0.07241767644882202
1732437793845974197,0.08119554817676544
1732437793845974197,0.08119554817676544
1732437793856167984,0.08119554817676544
1732437793856167984,0.08119554817676544
1732437793866820445,0.08119554817676544
1732437793866820445,0.08119554817676544
1732437793877091157,0.08119554817676544
1732437793877091157,0.08119554817676544
1732437793887904325,0.08119554817676544
1732437793887904325,0.08119554817676544
1732437793898550465,0.08119554817676544
1732437793898550465,0.08119554817676544
1732437793908949023,0.08119554817676544
1732437793908949023,0.08119554817676544
1732437793919165775,0.08119554817676544
1732437793919165775,0.08119554817676544
1732437793929650554,0.08119554817676544
1732437793929650554,0.08119554817676544
1732437793939838119,0.08119554817676544
1732437793939838119,0.08119554817676544
1732437793950578600,0.08216620236635208
1732437793950578600,0.08216620236635208
1732437793960936858,0.08216620236635208
1732437793960936858,0.08216620236635208
1732437793973258113,0.08216620236635208
1732437793973258113,0.08216620236635208
1732437793983526048,0.08216620236635208
1732437793983526048,0.08216620236635208
1732437794047020813,0.07523272931575775
1732437794047020813,0.07523272931575775
1732437794057253233,0.07523272931575775
1732437794057253233,0.07523272931575775
1732437794067424418,0.07523272931575775
1732437794067424418,0.07523272931575775
1732437794077959401,0.07523272931575775
1732437794077959401,0.07523272931575775
1732437794088065787,0.07523272931575775
1732437794088065787,0.07523272931575775
1732437794098602132,0.07523272931575775
1732437794098602132,0.07523272931575775
1732437794108757615,0.07523272931575775
1732437794108757615,0.07523272931575775
1732437794119168651,0.07523272931575775
1732437794119168651,0.07523272931575775
1732437794119168651,0.07523272931575775
1732437794119168651,0.07523272931575775
1732437794139535989,0.07523272931575775
1732437794139535989,0.07523272931575775
1732437794149762748,0.07217248529195786
1732437794149762748,0.07217248529195786
1732437794160220324,0.07217248529195786
1732437794160220324,0.07217248529195786
1732437794170433191,0.07217248529195786
1732437794170433191,0.07217248529195786
1732437794181162104,0.07217248529195786
1732437794181162104,0.07217248529195786
1732437794191513716,0.07217248529195786
1732437794191513716,0.07217248529195786
1732437794202123908,0.07217248529195786
1732437794202123908,0.07217248529195786
1732437794213284674,0.07217248529195786
1732437794213284674,0.07217248529195786
1732437794223802705,0.07217248529195786
1732437794223802705,0.07217248529195786
1732437794234305038,0.07217248529195786
1732437794234305038,0.07217248529195786
1732437794244427329,0.08290180563926697
1732437794244427329,0.08290180563926697
1732437794257539457,0.08290180563926697
1732437794257539457,0.08290180563926697
1732437794267793889,0.08290180563926697
1732437794267793889,0.08290180563926697
1732437794351229218,0.08459003269672394
1732437794351229218,0.08459003269672394
1732437794361832938,0.08459003269672394
1732437794361832938,0.08459003269672394
1732437794372210615,0.08459003269672394
1732437794372210615,0.08459003269672394
1732437794382811814,0.08459003269672394
1732437794382811814,0.08459003269672394
1732437794392926685,0.08459003269672394
1732437794392926685,0.08459003269672394
1732437794403131895,0.08459003269672394
1732437794403131895,0.08459003269672394
1732437794413515405,0.08459003269672394
1732437794413515405,0.08459003269672394
1732437794423712059,0.08459003269672394
1732437794423712059,0.08459003269672394
1732437794434126177,0.08459003269672394
1732437794434126177,0.08459003269672394
1732437794444403891,0.09239386767148972
1732437794444403891,0.09239386767148972
1732437794454659564,0.09239386767148972
1732437794454659564,0.09239386767148972
1732437794464976176,0.09239386767148972
1732437794464976176,0.09239386767148972
1732437794475304579,0.09239386767148972
1732437794475304579,0.09239386767148972
1732437794485906175,0.09239386767148972
1732437794485906175,0.09239386767148972
1732437794496465523,0.09239386767148972
1732437794496465523,0.09239386767148972
1732437794507238138,0.09239386767148972
1732437794507238138,0.09239386767148972
1732437794517454779,0.09239386767148972
1732437794517454779,0.09239386767148972
1732437794527905935,0.09239386767148972
1732437794527905935,0.09239386767148972
1732437794538087230,0.09239386767148972
1732437794538087230,0.09239386767148972
1732437794538087230,0.09578360617160797
1732437794538087230,0.09578360617160797
1732437794548840779,0.09578360617160797
1732437794548840779,0.09578360617160797
1732437794572009998,0.09578360617160797
1732437794572009998,0.09578360617160797
1732437794647090251,0.09443829208612442
1732437794647090251,0.09443829208612442
1732437794657114453,0.09443829208612442
1732437794657114453,0.09443829208612442
1732437794667326755,0.09443829208612442
1732437794667326755,0.09443829208612442
1732437794677496228,0.09443829208612442
1732437794677496228,0.09443829208612442
1732437794687618934,0.09443829208612442
1732437794687618934,0.09443829208612442
1732437794697762689,0.09443829208612442
1732437794697762689,0.09443829208612442
1732437794708323489,0.09443829208612442
1732437794708323489,0.09443829208612442
1732437794718921760,0.09443829208612442
1732437794718921760,0.09443829208612442
1732437794729966641,0.09443829208612442
1732437794729966641,0.09443829208612442
1732437794740633730,0.09443829208612442
1732437794740633730,0.09443829208612442
1732437794751091409,0.09666524827480316
1732437794751091409,0.09666524827480316
1732437794761414357,0.09666524827480316
1732437794761414357,0.09666524827480316
1732437794771628723,0.09666524827480316
1732437794771628723,0.09666524827480316
1732437794782120915,0.09666524827480316
1732437794782120915,0.09666524827480316
1732437794792257357,0.09666524827480316
1732437794792257357,0.09666524827480316
1732437794802467997,0.09666524827480316
1732437794802467997,0.09666524827480316
1732437794813315992,0.09666524827480316
1732437794813315992,0.09666524827480316
1732437794813315992,0.09666524827480316
1732437794813315992,0.09666524827480316
1732437794834294788,0.09666524827480316
1732437794834294788,0.09666524827480316
1732437794844464200,0.09796303510665894
1732437794844464200,0.09796303510665894
1732437794854900469,0.09796303510665894
1732437794854900469,0.09796303510665894
1732437794869350594,0.09796303510665894
1732437794869350594,0.09796303510665894
1732437795052767075,0.11594592779874802
1732437795052767075,0.11594592779874802
1732437795146974059,0.11232004314661026
1732437795146974059,0.11232004314661026
1732437795343449901,0.13130922615528107
1732437795343449901,0.13130922615528107
1732437795353978612,0.13130922615528107
1732437795353978612,0.13130922615528107
1732437795364588142,0.13130922615528107
1732437795364588142,0.13130922615528107
1732437795374922663,0.13130922615528107
1732437795374922663,0.13130922615528107
1732437795385255980,0.13130922615528107
1732437795385255980,0.13130922615528107
1732437795396159028,0.13130922615528107
1732437795396159028,0.13130922615528107
1732437795406535275,0.13130922615528107
1732437795406535275,0.13130922615528107
1732437795417231347,0.13130922615528107
1732437795417231347,0.13130922615528107
1732437795427576767,0.13130922615528107
1732437795427576767,0.13130922615528107
1732437795438891551,0.13130922615528107
1732437795438891551,0.13130922615528107
1732437795449477539,0.12283984571695328
1732437795449477539,0.12283984571695328
1732437795460090105,0.12283984571695328
1732437795460090105,0.12283984571695328
1732437795543389113,0.11236760020256042
1732437795543389113,0.11236760020256042
1732437795553669312,0.11236760020256042
1732437795553669312,0.11236760020256042
1732437795563722950,0.11236760020256042
1732437795563722950,0.11236760020256042
1732437795648037546,0.1214396134018898
1732437795648037546,0.1214396134018898
1732437795658360925,0.1214396134018898
1732437795658360925,0.1214396134018898
1732437795668515210,0.1214396134018898
1732437795668515210,0.1214396134018898
1732437795678924739,0.1214396134018898
1732437795678924739,0.1214396134018898
1732437795689007071,0.1214396134018898
1732437795689007071,0.1214396134018898
1732437795699481600,0.1214396134018898
1732437795699481600,0.1214396134018898
1732437795709995292,0.1214396134018898
1732437795709995292,0.1214396134018898
1732437795720333059,0.1214396134018898
1732437795720333059,0.1214396134018898
1732437795730520585,0.1214396134018898
1732437795730520585,0.1214396134018898
1732437795741160123,0.1214396134018898
1732437795741160123,0.1214396134018898
1732437795751797956,0.11033575236797333
1732437795751797956,0.11033575236797333
1732437795762163134,0.11033575236797333
1732437795762163134,0.11033575236797333
1732437795772584625,0.11033575236797333
1732437795772584625,0.11033575236797333
1732437795783088941,0.11033575236797333
1732437795783088941,0.11033575236797333
1732437795793622001,0.11033575236797333
1732437795793622001,0.11033575236797333
1732437795804278218,0.11033575236797333
1732437795804278218,0.11033575236797333
1732437795814970594,0.11033575236797333
1732437795814970594,0.11033575236797333
1732437795825517849,0.11033575236797333
1732437795825517849,0.11033575236797333
1732437795835823866,0.11033575236797333
1732437795835823866,0.11033575236797333
1732437795846165480,0.12335347384214401
1732437795846165480,0.12335347384214401
1732437795856797333,0.12335347384214401
1732437795856797333,0.12335347384214401
1732437795867100775,0.12335347384214401
1732437795867100775,0.12335347384214401
1732437795877231115,0.12335347384214401
1732437795877231115,0.12335347384214401
1732437795887503660,0.12335347384214401
1732437795887503660,0.12335347384214401
1732437795897793286,0.12335347384214401
1732437795897793286,0.12335347384214401
1732437795907943260,0.12335347384214401
1732437795907943260,0.12335347384214401
1732437795918139776,0.12335347384214401
1732437795918139776,0.12335347384214401
1732437795929488712,0.12335347384214401
1732437795929488712,0.12335347384214401
1732437795939652976,0.12335347384214401
1732437795939652976,0.12335347384214401
1732437795950288625,0.12522713840007782
1732437795950288625,0.12522713840007782
1732437795960860928,0.12522713840007782
1732437795960860928,0.12522713840007782
1732437795971485908,0.12522713840007782
1732437795971485908,0.12522713840007782
1732437795982088808,0.12522713840007782
1732437795982088808,0.12522713840007782
1732437795992709409,0.12522713840007782
1732437795992709409,0.12522713840007782
1732437796044483337,0.11096490919589996
1732437796044483337,0.11096490919589996
1732437796054918444,0.11096490919589996
1732437796054918444,0.11096490919589996
1732437796065412316,0.11096490919589996
1732437796065412316,0.11096490919589996
1732437796076007294,0.11096490919589996
1732437796076007294,0.11096490919589996
1732437796086351352,0.11096490919589996
1732437796086351352,0.11096490919589996
1732437796097999785,0.11096490919589996
1732437796097999785,0.11096490919589996
1732437796108554125,0.11096490919589996
1732437796108554125,0.11096490919589996
1732437796119069722,0.11096490919589996
1732437796119069722,0.11096490919589996
1732437796129240123,0.11096490919589996
1732437796129240123,0.11096490919589996
1732437796139343296,0.11096490919589996
1732437796139343296,0.11096490919589996
1732437796149924915,0.09933183342218399
1732437796149924915,0.09933183342218399
1732437796160036452,0.09933183342218399
1732437796160036452,0.09933183342218399
1732437796170612139,0.09933183342218399
1732437796170612139,0.09933183342218399
1732437796180757878,0.09933183342218399
1732437796180757878,0.09933183342218399
1732437796191356699,0.09933183342218399
1732437796191356699,0.09933183342218399
1732437796201747084,0.09933183342218399
1732437796201747084,0.09933183342218399
1732437796212210373,0.09933183342218399
1732437796212210373,0.09933183342218399
1732437796222445739,0.09933183342218399
1732437796222445739,0.09933183342218399
1732437796232872410,0.09933183342218399
1732437796232872410,0.09933183342218399
1732437796243091532,0.09933183342218399
1732437796243091532,0.08836924284696579
1732437796253213141,0.08836924284696579
1732437796253213141,0.08836924284696579
1732437796263685626,0.08836924284696579
1732437796263685626,0.08836924284696579
1732437796274123129,0.08836924284696579
1732437796274123129,0.08836924284696579
1732437796284380915,0.08836924284696579
1732437796284380915,0.08836924284696579
1732437796294870605,0.08836924284696579
1732437796294870605,0.08836924284696579
1732437796305274813,0.08836924284696579
1732437796305274813,0.08836924284696579
1732437796315688892,0.08836924284696579
1732437796315688892,0.08836924284696579
1732437796326063015,0.08836924284696579
1732437796326063015,0.08836924284696579
1732437796336378099,0.08836924284696579
1732437796336378099,0.08836924284696579
1732437796347831661,0.07992693036794662
1732437796347831661,0.07992693036794662
1732437796358496174,0.07992693036794662
1732437796358496174,0.07992693036794662
1732437796368806459,0.07992693036794662
1732437796368806459,0.07992693036794662
1732437796379309629,0.07992693036794662
1732437796379309629,0.07992693036794662
1732437796389766046,0.07992693036794662
1732437796389766046,0.07992693036794662
1732437796400592965,0.07992693036794662
1732437796400592965,0.07992693036794662
1732437796413083475,0.07992693036794662
1732437796413083475,0.07992693036794662
1732437796423621514,0.07992693036794662
1732437796423621514,0.07992693036794662
1732437796434439342,0.07992693036794662
1732437796434439342,0.07992693036794662
1732437796444579401,0.0734637901186943
1732437796444579401,0.0734637901186943
1732437796454703669,0.0734637901186943
1732437796454703669,0.0734637901186943
1732437796548894875,0.06767977029085159
1732437796548894875,0.06767977029085159
1732437796559074698,0.06767977029085159
1732437796559074698,0.06767977029085159
1732437796569462242,0.06767977029085159
1732437796569462242,0.06767977029085159
1732437796580057310,0.06767977029085159
1732437796580057310,0.06767977029085159
1732437796590412769,0.06767977029085159
1732437796590412769,0.06767977029085159
1732437796601119291,0.06767977029085159
1732437796601119291,0.06767977029085159
1732437796611331544,0.06767977029085159
1732437796611331544,0.06767977029085159
1732437796621790876,0.06767977029085159
1732437796621790876,0.06767977029085159
1732437796632498360,0.06767977029085159
1732437796632498360,0.06767977029085159
1732437796643076142,0.06275253742933273
1732437796643076142,0.06275253742933273
1732437796653342275,0.06275253742933273
1732437796653342275,0.06275253742933273
1732437796663848565,0.06275253742933273
1732437796663848565,0.06275253742933273
1732437796674440604,0.06275253742933273
1732437796674440604,0.06275253742933273
1732437796685083457,0.06275253742933273
1732437796685083457,0.06275253742933273
1732437796695385587,0.06275253742933273
1732437796695385587,0.06275253742933273
1732437796705594463,0.06275253742933273
1732437796705594463,0.06275253742933273
1732437796717237613,0.06275253742933273
1732437796717237613,0.06275253742933273
1732437796728197520,0.06275253742933273
1732437796728197520,0.06275253742933273
1732437796738280161,0.06275253742933273
1732437796738280161,0.06275253742933273
1732437796753210939,0.05761495232582092
1732437796753210939,0.05761495232582092
1732437796763713501,0.05761495232582092
1732437796763713501,0.05761495232582092
1732437796774065313,0.05761495232582092
1732437796774065313,0.05761495232582092
1732437796784307601,0.05761495232582092
1732437796784307601,0.05761495232582092
1732437796794915220,0.05761495232582092
1732437796794915220,0.05761495232582092
1732437796805382858,0.05761495232582092
1732437796805382858,0.05761495232582092
1732437796815629955,0.05761495232582092
1732437796815629955,0.05761495232582092
1732437796826241661,0.05761495232582092
1732437796826241661,0.05761495232582092
1732437796836948333,0.05761495232582092
1732437796836948333,0.05761495232582092
1732437796847267975,0.05335986986756325
1732437796847267975,0.05335986986756325
1732437796857521024,0.05335986986756325
1732437796857521024,0.05335986986756325
1732437796867671602,0.05335986986756325
1732437796867671602,0.05335986986756325
1732437796877788818,0.05335986986756325
1732437796877788818,0.05335986986756325
1732437796888022711,0.05335986986756325
1732437796888022711,0.05335986986756325
1732437796898159440,0.05335986986756325
1732437796898159440,0.05335986986756325
1732437796908292989,0.05335986986756325
1732437796908292989,0.05335986986756325
1732437796918650723,0.05335986986756325
1732437796918650723,0.05335986986756325
1732437796928700229,0.05335986986756325
1732437796928700229,0.05335986986756325
1732437796938807671,0.05335986986756325
1732437796938807671,0.05335986986756325
1732437796949171675,0.04984798654913902
1732437796949171675,0.04984798654913902
1732437796960155500,0.04984798654913902
1732437796960155500,0.04984798654913902
1732437796970748330,0.04984798654913902
1732437796970748330,0.04984798654913902
1732437796980794827,0.04984798654913902
1732437796980794827,0.04984798654913902
1732437796991025491,0.04984798654913902
1732437796991025491,0.04984798654913902
1732437797001540220,0.04984798654913902
1732437797001540220,0.04984798654913902
1732437797011744077,0.04984798654913902
1732437797011744077,0.04984798654913902
1732437797022326197,0.04984798654913902
1732437797022326197,0.04984798654913902
1732437797032528632,0.04984798654913902
1732437797032528632,0.04984798654913902
1732437797042834789,0.046653978526592255
1732437797042834789,0.046653978526592255
1732437797052977640,0.046653978526592255
1732437797052977640,0.046653978526592255
1732437797063387061,0.046653978526592255
1732437797063387061,0.046653978526592255
1732437797073884876,0.046653978526592255
1732437797073884876,0.046653978526592255
1732437797084125072,0.046653978526592255
1732437797084125072,0.046653978526592255
1732437797094494923,0.046653978526592255
1732437797094494923,0.046653978526592255
1732437797104744830,0.046653978526592255
1732437797104744830,0.046653978526592255
1732437797115189283,0.046653978526592255
1732437797115189283,0.046653978526592255
1732437797125583264,0.046653978526592255
1732437797125583264,0.046653978526592255
1732437797136249241,0.046653978526592255
1732437797136249241,0.046653978526592255
1732437797149188035,0.045391786843538284
1732437797149188035,0.045391786843538284
1732437797165070121,0.045391786843538284
1732437797165070121,0.045391786843538284
1732437797175900694,0.045391786843538284
1732437797175900694,0.045391786843538284
1732437797186498464,0.045391786843538284
1732437797186498464,0.045391786843538284
1732437797197269055,0.045391786843538284
1732437797197269055,0.045391786843538284
1732437797207478021,0.045391786843538284
1732437797207478021,0.045391786843538284
1732437797217753813,0.045391786843538284
1732437797217753813,0.045391786843538284
1732437797228370287,0.045391786843538284
1732437797228370287,0.045391786843538284
1732437797238937420,0.045391786843538284
1732437797238937420,0.045391786843538284
1732437797249031222,0.04397478699684143
1732437797249031222,0.04397478699684143
1732437797259202906,0.04397478699684143
1732437797259202906,0.04397478699684143
1732437797269422957,0.04397478699684143
1732437797269422957,0.04397478699684143
1732437797279542467,0.04397478699684143
1732437797279542467,0.04397478699684143
1732437797290089774,0.04397478699684143
1732437797290089774,0.04397478699684143
1732437797300395319,0.04397478699684143
1732437797300395319,0.04397478699684143
1732437797310691969,0.04397478699684143
1732437797310691969,0.04397478699684143
1732437797321117590,0.04397478699684143
1732437797321117590,0.04397478699684143
1732437797331808451,0.04397478699684143
1732437797331808451,0.04397478699684143
1732437797342424876,0.04397478699684143
1732437797342424876,0.04397478699684143
1732437797352834984,0.04232114180922508
1732437797352834984,0.04232114180922508
1732437797363410045,0.04232114180922508
1732437797363410045,0.04232114180922508
1732437797373902048,0.04232114180922508
1732437797373902048,0.04232114180922508
1732437797384447020,0.04232114180922508
1732437797384447020,0.04232114180922508
1732437797397640413,0.04232114180922508
1732437797397640413,0.04232114180922508
1732437797407828473,0.04232114180922508
1732437797407828473,0.04232114180922508
1732437797418197779,0.04232114180922508
1732437797418197779,0.04232114180922508
1732437797428800629,0.04232114180922508
1732437797428800629,0.04232114180922508
1732437797439113554,0.04232114180922508
1732437797439113554,0.04232114180922508
1732437797449222920,0.04130946099758148
1732437797449222920,0.04130946099758148
1732437797459708237,0.04130946099758148
1732437797459708237,0.04130946099758148
1732437797469968222,0.04130946099758148
1732437797469968222,0.04130946099758148
1732437797480713967,0.04130946099758148
1732437797480713967,0.04130946099758148
1732437797491262020,0.04130946099758148
1732437797491262020,0.04130946099758148
1732437797502247494,0.04130946099758148
1732437797502247494,0.04130946099758148
1732437797512915905,0.04130946099758148
1732437797512915905,0.04130946099758148
1732437797523221061,0.04130946099758148
1732437797523221061,0.04130946099758148
1732437797533505277,0.04130946099758148
1732437797533505277,0.04130946099758148
1732437797543614699,0.0402076281607151
1732437797543614699,0.0402076281607151
1732437797554097785,0.0402076281607151
1732437797554097785,0.0402076281607151
1732437797564766203,0.0402076281607151
1732437797564766203,0.0402076281607151
1732437797575268258,0.0402076281607151
1732437797575268258,0.0402076281607151
1732437797585910096,0.0402076281607151
1732437797585910096,0.0402076281607151
1732437797597008540,0.0402076281607151
1732437797597008540,0.0402076281607151
1732437797607159629,0.0402076281607151
1732437797607159629,0.0402076281607151
1732437797617212936,0.0402076281607151
1732437797617212936,0.0402076281607151
1732437797627894501,0.0402076281607151
1732437797627894501,0.0402076281607151
1732437797638751633,0.0402076281607151
1732437797638751633,0.0402076281607151
1732437797662361413,0.03980911523103714
1732437797662361413,0.03980911523103714
1732437797673111387,0.03980911523103714
1732437797673111387,0.03980911523103714
1732437797683350198,0.03980911523103714
1732437797683350198,0.03980911523103714
1732437797694133262,0.03980911523103714
1732437797694133262,0.03980911523103714
1732437797704299269,0.03980911523103714
1732437797704299269,0.03980911523103714
1732437797714525748,0.03980911523103714
1732437797714525748,0.03980911523103714
1732437797724930900,0.03980911523103714
1732437797724930900,0.03980911523103714
1732437797735565665,0.03980911523103714
1732437797735565665,0.03980911523103714
1732437797746112953,0.03918217867612839
1732437797746112953,0.03918217867612839
1732437797756443226,0.03918217867612839
1732437797756443226,0.03918217867612839
1732437797767122608,0.03918217867612839
1732437797767122608,0.03918217867612839
1732437797777620952,0.03918217867612839
1732437797777620952,0.03918217867612839
1732437797787853983,0.03918217867612839
1732437797787853983,0.03918217867612839
1732437797798154832,0.03918217867612839
1732437797798154832,0.03918217867612839
1732437797808379537,0.03918217867612839
1732437797808379537,0.03918217867612839
1732437797818812661,0.03918217867612839
1732437797818812661,0.03918217867612839
1732437797829370256,0.03918217867612839
1732437797829370256,0.03918217867612839
1732437797839930936,0.03918217867612839
1732437797839930936,0.03918217867612839
1732437797850238296,0.03921281173825264
1732437797850238296,0.03921281173825264
1732437797860660309,0.03921281173825264
1732437797860660309,0.03921281173825264
1732437797871303864,0.03921281173825264
1732437797871303864,0.03921281173825264
1732437797881702122,0.03921281173825264
1732437797881702122,0.03921281173825264
1732437797892265135,0.03921281173825264
1732437797892265135,0.03921281173825264
1732437797902602974,0.03921281173825264
1732437797902602974,0.03921281173825264
1732437797913256568,0.03921281173825264
1732437797913256568,0.03921281173825264
1732437797923696023,0.03921281173825264
1732437797923696023,0.03921281173825264
1732437797934255238,0.03921281173825264
1732437797934255238,0.03921281173825264
1732437797944414285,0.038893043994903564
1732437797944414285,0.038893043994903564
1732437798041535992,0.04029759019613266
1732437798052004892,0.04029759019613266
1732437798052004892,0.04029759019613266
1732437798062592543,0.04029759019613266
1732437798062592543,0.04029759019613266
1732437798072826045,0.04029759019613266
1732437798072826045,0.04029759019613266
1732437798083012029,0.04029759019613266
1732437798083012029,0.04029759019613266
1732437798093130798,0.04029759019613266
1732437798093130798,0.04029759019613266
1732437798103550656,0.04029759019613266
1732437798103550656,0.04029759019613266
1732437798113859024,0.04029759019613266
1732437798113859024,0.04029759019613266
1732437798124087992,0.04029759019613266
1732437798124087992,0.04029759019613266
1732437798134817908,0.04029759019613266
1732437798134817908,0.04029759019613266
1732437798145195790,0.04068901017308235
1732437798145195790,0.04068901017308235
1732437798155510172,0.04068901017308235
1732437798155510172,0.04068901017308235
1732437798165880989,0.04068901017308235
1732437798165880989,0.04068901017308235
1732437798176275501,0.04068901017308235
1732437798176275501,0.04068901017308235
1732437798187508302,0.04068901017308235
1732437798187508302,0.04068901017308235
1732437798197899487,0.04068901017308235
1732437798197899487,0.04068901017308235
1732437798208007557,0.04068901017308235
1732437798208007557,0.04068901017308235
1732437798218369938,0.04068901017308235
1732437798218369938,0.04068901017308235
1732437798229181385,0.04068901017308235
1732437798229181385,0.04068901017308235
1732437798239500167,0.04068901017308235
1732437798239500167,0.04068901017308235
1732437798250335639,0.040598321706056595
1732437798250335639,0.040598321706056595
1732437798260501295,0.040598321706056595
1732437798260501295,0.040598321706056595
1732437798270817472,0.040598321706056595
1732437798270817472,0.040598321706056595
1732437798280993637,0.040598321706056595
1732437798280993637,0.040598321706056595
1732437798291159894,0.040598321706056595
1732437798291159894,0.040598321706056595
1732437798301563603,0.040598321706056595
1732437798301563603,0.040598321706056595
1732437798301563603,0.040598321706056595
1732437798301563603,0.040598321706056595
1732437798322762058,0.040598321706056595
1732437798322762058,0.040598321706056595
1732437798333372491,0.040598321706056595
1732437798333372491,0.040598321706056595
1732437798343814421,0.04139823839068413
1732437798343814421,0.04139823839068413
1732437798354327675,0.04139823839068413
1732437798354327675,0.04139823839068413
1732437798364818526,0.04139823839068413
1732437798364818526,0.04139823839068413
1732437798375055755,0.04139823839068413
1732437798375055755,0.04139823839068413
1732437798385317590,0.04139823839068413
1732437798385317590,0.04139823839068413
1732437798395739833,0.04139823839068413
1732437798395739833,0.04139823839068413
1732437798406300384,0.04139823839068413
1732437798406300384,0.04139823839068413
1732437798416751661,0.04139823839068413
1732437798416751661,0.04139823839068413
1732437798430063078,0.04139823839068413
1732437798430063078,0.04139823839068413
1732437798440444605,0.04139823839068413
1732437798440444605,0.04139823839068413
1732437798453118346,0.04162123426795006
1732437798453118346,0.04162123426795006
1732437798463650364,0.04162123426795006
1732437798463650364,0.04162123426795006
1732437798473999942,0.04162123426795006
1732437798473999942,0.04162123426795006
1732437798484553670,0.04162123426795006
1732437798484553670,0.04162123426795006
1732437798494900693,0.04162123426795006
1732437798494900693,0.04162123426795006
1732437798505110030,0.04162123426795006
1732437798505110030,0.04162123426795006
1732437798515273091,0.04162123426795006
1732437798515273091,0.04162123426795006
1732437798525705454,0.04162123426795006
1732437798525705454,0.04162123426795006
1732437798536332859,0.04162123426795006
1732437798536332859,0.04162123426795006
1732437798551211257,0.04187750071287155
1732437798551211257,0.04187750071287155
1732437798561543748,0.04187750071287155
1732437798561543748,0.04187750071287155
1732437798571712871,0.04187750071287155
1732437798571712871,0.04187750071287155
1732437798581987919,0.04187750071287155
1732437798581987919,0.04187750071287155
1732437798592155569,0.04187750071287155
1732437798592155569,0.04187750071287155
1732437798602392347,0.04187750071287155
1732437798602392347,0.04187750071287155
1732437798612598198,0.04187750071287155
1732437798612598198,0.04187750071287155
1732437798623180910,0.04187750071287155
1732437798623180910,0.04187750071287155
1732437798633623872,0.04187750071287155
1732437798633623872,0.04187750071287155
1732437798643874125,0.041425906121730804
1732437798643874125,0.041425906121730804
1732437798654381968,0.041425906121730804
1732437798654381968,0.041425906121730804
1732437798664734182,0.041425906121730804
1732437798664734182,0.041425906121730804
1732437798675108426,0.041425906121730804
1732437798675108426,0.041425906121730804
1732437798685617150,0.041425906121730804
1732437798685617150,0.041425906121730804
1732437798696070822,0.041425906121730804
1732437798696070822,0.041425906121730804
1732437798707151940,0.041425906121730804
1732437798707151940,0.041425906121730804
1732437798717181693,0.041425906121730804
1732437798717181693,0.041425906121730804
1732437798727299661,0.041425906121730804
1732437798727299661,0.041425906121730804
1732437798737337118,0.041425906121730804
1732437798737337118,0.041425906121730804
1732437798747737892,0.041522011160850525
1732437798747737892,0.041522011160850525
1732437798758073024,0.041522011160850525
1732437798758073024,0.041522011160850525
1732437798768353544,0.041522011160850525
1732437798768353544,0.041522011160850525
1732437798778494424,0.041522011160850525
1732437798778494424,0.041522011160850525
1732437798789204232,0.041522011160850525
1732437798789204232,0.041522011160850525
1732437798799435189,0.041522011160850525
1732437798799435189,0.041522011160850525
1732437798809851501,0.041522011160850525
1732437798809851501,0.041522011160850525
1732437798820184599,0.041522011160850525
1732437798820184599,0.041522011160850525
1732437798830326126,0.041522011160850525
1732437798830326126,0.041522011160850525
1732437798840789450,0.041522011160850525
1732437798840789450,0.041522011160850525
1732437798851197427,0.043577760457992554
1732437798851197427,0.043577760457992554
1732437798861885275,0.043577760457992554
1732437798861885275,0.043577760457992554
1732437798872383871,0.043577760457992554
1732437798872383871,0.043577760457992554
1732437798882672426,0.043577760457992554
1732437798882672426,0.043577760457992554
1732437798892911197,0.043577760457992554
1732437798892911197,0.043577760457992554
1732437798903553356,0.043577760457992554
1732437798903553356,0.043577760457992554
1732437798913921783,0.043577760457992554
1732437798913921783,0.043577760457992554
1732437798924055249,0.043577760457992554
1732437798924055249,0.043577760457992554
1732437798934677083,0.043577760457992554
1732437798934677083,0.043577760457992554
1732437798944851335,0.043562840670347214
1732437798944851335,0.043562840670347214
1732437798955306100,0.043562840670347214
1732437798955306100,0.043562840670347214
1732437798965703858,0.043562840670347214
1732437798965703858,0.043562840670347214
1732437798975975982,0.043562840670347214
1732437798975975982,0.043562840670347214
1732437798986917642,0.043562840670347214
1732437798986917642,0.043562840670347214
1732437798996919664,0.043562840670347214
1732437798996919664,0.043562840670347214
1732437799007283929,0.043562840670347214
1732437799007283929,0.043562840670347214
1732437799017933525,0.043562840670347214
1732437799017933525,0.043562840670347214
1732437799028494196,0.043562840670347214
1732437799028494196,0.043562840670347214
1732437799038646176,0.043562840670347214
1732437799038646176,0.043562840670347214
1732437799048703841,0.04507528990507126
1732437799048703841,0.04507528990507126
1732437799059167769,0.04507528990507126
1732437799059167769,0.04507528990507126
1732437799069338338,0.04507528990507126
1732437799069338338,0.04507528990507126
1732437799079854847,0.04507528990507126
1732437799079854847,0.04507528990507126
1732437799090547103,0.04507528990507126
1732437799090547103,0.04507528990507126
1732437799100864090,0.04507528990507126
1732437799100864090,0.04507528990507126
1732437799111470886,0.04507528990507126
1732437799111470886,0.04507528990507126
1732437799121622506,0.04507528990507126
1732437799121622506,0.04507528990507126
1732437799131944474,0.04507528990507126
1732437799131944474,0.04507528990507126
1732437799142151707,0.04507528990507126
1732437799142151707,0.04507528990507126
1732437799152465009,0.04520811140537262
1732437799152465009,0.04520811140537262
1732437799162849432,0.04520811140537262
1732437799162849432,0.04520811140537262
1732437799173342376,0.04520811140537262
1732437799173342376,0.04520811140537262
1732437799183848907,0.04520811140537262
1732437799183848907,0.04520811140537262
1732437799194117402,0.04520811140537262
1732437799194117402,0.04520811140537262
1732437799204347271,0.04520811140537262
1732437799204347271,0.04520811140537262
1732437799214720894,0.04520811140537262
1732437799214720894,0.04520811140537262
1732437799225284069,0.04520811140537262
1732437799225284069,0.04520811140537262
1732437799235923386,0.04520811140537262
1732437799235923386,0.04520811140537262
1732437799248823699,0.04603651538491249
1732437799248823699,0.04603651538491249
1732437799260694326,0.04603651538491249
1732437799260694326,0.04603651538491249
1732437799270808072,0.04603651538491249
1732437799270808072,0.04603651538491249
1732437799281087352,0.04603651538491249
1732437799281087352,0.04603651538491249
1732437799291427535,0.04603651538491249
1732437799291427535,0.04603651538491249
1732437799301606946,0.04603651538491249
1732437799301606946,0.04603651538491249
1732437799312155595,0.04603651538491249
1732437799312155595,0.04603651538491249
1732437799322347219,0.04603651538491249
1732437799322347219,0.04603651538491249
1732437799332875018,0.04603651538491249
1732437799332875018,0.04603651538491249
1732437799343049027,0.0461328849196434
1732437799343049027,0.0461328849196434
1732437799353380045,0.0461328849196434
1732437799353380045,0.0461328849196434
1732437799363540001,0.0461328849196434
1732437799363540001,0.0461328849196434
1732437799373942016,0.0461328849196434
1732437799373942016,0.0461328849196434
1732437799384175599,0.0461328849196434
1732437799384175599,0.0461328849196434
1732437799394307692,0.0461328849196434
1732437799394307692,0.0461328849196434
1732437799404804124,0.0461328849196434
1732437799404804124,0.0461328849196434
1732437799414877751,0.0461328849196434
1732437799414877751,0.0461328849196434
1732437799425245702,0.0461328849196434
1732437799425245702,0.0461328849196434
1732437799435494904,0.0461328849196434
1732437799435494904,0.0461328849196434
1732437799445903041,0.04677892103791237
1732437799445903041,0.04677892103791237
1732437799456492094,0.04677892103791237
1732437799456492094,0.04677892103791237
1732437799467172408,0.04677892103791237
1732437799467172408,0.04677892103791237
1732437799477458355,0.04677892103791237
1732437799477458355,0.04677892103791237
1732437799487747955,0.04677892103791237
1732437799487747955,0.04677892103791237
1732437799497863067,0.04677892103791237
1732437799497863067,0.04677892103791237
1732437799508117508,0.04677892103791237
1732437799508117508,0.04677892103791237
1732437799518401805,0.04677892103791237
1732437799518401805,0.04677892103791237
1732437799530122053,0.04677892103791237
1732437799530122053,0.04677892103791237
1732437799540524386,0.04677892103791237
1732437799540524386,0.04677892103791237
1732437799551030510,0.046585943549871445
1732437799551030510,0.046585943549871445
1732437799561381079,0.046585943549871445
1732437799561381079,0.046585943549871445
1732437799571625592,0.046585943549871445
1732437799571625592,0.046585943549871445
1732437799582002360,0.046585943549871445
1732437799582002360,0.046585943549871445
1732437799592256702,0.046585943549871445
1732437799592256702,0.046585943549871445
1732437799602633041,0.046585943549871445
1732437799602633041,0.046585943549871445
1732437799612907259,0.046585943549871445
1732437799612907259,0.046585943549871445
1732437799623412246,0.046585943549871445
1732437799623412246,0.046585943549871445
1732437799633849698,0.046585943549871445
1732437799633849698,0.046585943549871445
1732437799645772371,0.04743218794465065
1732437799645772371,0.04743218794465065
1732437799656467052,0.04743218794465065
1732437799656467052,0.04743218794465065
1732437799666859831,0.04743218794465065
1732437799666859831,0.04743218794465065
1732437799677055494,0.04743218794465065
1732437799677055494,0.04743218794465065
1732437799687078675,0.04743218794465065
1732437799687078675,0.04743218794465065
1732437799697300765,0.04743218794465065
1732437799697300765,0.04743218794465065
1732437799707748516,0.04743218794465065
1732437799707748516,0.04743218794465065
1732437799718306222,0.04743218794465065
1732437799718306222,0.04743218794465065
1732437799728736139,0.04743218794465065
1732437799728736139,0.04743218794465065
1732437799740155998,0.04743218794465065
1732437799740155998,0.04743218794465065
1732437799750497762,0.04734717309474945
1732437799750497762,0.04734717309474945
1732437799760695108,0.04734717309474945
1732437799760695108,0.04734717309474945
1732437799770894226,0.04734717309474945
1732437799770894226,0.04734717309474945
1732437799781473892,0.04734717309474945
1732437799781473892,0.04734717309474945
1732437799791684352,0.04734717309474945
1732437799791684352,0.04734717309474945
1732437799802323139,0.04734717309474945
1732437799802323139,0.04734717309474945
1732437799812797550,0.04734717309474945
1732437799812797550,0.04734717309474945
1732437799823234921,0.04734717309474945
1732437799823234921,0.04734717309474945
1732437799833891209,0.04734717309474945
1732437799833891209,0.04734717309474945
1732437799844008335,0.04747265204787254
1732437799844008335,0.04747265204787254
1732437799854398986,0.04747265204787254
1732437799854398986,0.04747265204787254
1732437799864975590,0.04747265204787254
1732437799864975590,0.04747265204787254
1732437799875183566,0.04747265204787254
1732437799875183566,0.04747265204787254
1732437799885372295,0.04747265204787254
1732437799885372295,0.04747265204787254
1732437799895921776,0.04747265204787254
1732437799895921776,0.04747265204787254
1732437799906981605,0.04747265204787254
1732437799906981605,0.04747265204787254
1732437799917354105,0.04747265204787254
1732437799917354105,0.04747265204787254
1732437799927693942,0.04747265204787254
1732437799927693942,0.04747265204787254
1732437799937936415,0.04747265204787254
1732437799937936415,0.04747265204787254
1732437799948563476,0.047757674008607864
1732437799948563476,0.047757674008607864
1732437799959195643,0.047757674008607864
1732437799959195643,0.047757674008607864
1732437799969691323,0.047757674008607864
1732437799969691323,0.047757674008607864
1732437799980241153,0.047757674008607864
1732437799980241153,0.047757674008607864
1732437799990674648,0.047757674008607864
1732437799990674648,0.047757674008607864
1732437800001164719,0.047757674008607864
1732437800001164719,0.047757674008607864
1732437800012969423,0.047757674008607864
1732437800012969423,0.047757674008607864
1732437800023142463,0.047757674008607864
1732437800023142463,0.047757674008607864
1732437800033735400,0.047757674008607864
1732437800033735400,0.047757674008607864
1732437800043918993,0.048353418707847595
1732437800043918993,0.048353418707847595
1732437800054590356,0.048353418707847595
1732437800054590356,0.048353418707847595
1732437800064802331,0.048353418707847595
1732437800064802331,0.048353418707847595
1732437800076067664,0.048353418707847595
1732437800076067664,0.048353418707847595
1732437800086479979,0.048353418707847595
1732437800086479979,0.048353418707847595
1732437800097166935,0.048353418707847595
1732437800097166935,0.048353418707847595
1732437800107236963,0.048353418707847595
1732437800107236963,0.048353418707847595
1732437800117330385,0.048353418707847595
1732437800117330385,0.048353418707847595
1732437800127744864,0.048353418707847595
1732437800127744864,0.048353418707847595
1732437800138050692,0.048353418707847595
1732437800138050692,0.048353418707847595
1732437800148751153,0.04895610734820366
1732437800148751153,0.04895610734820366
